tender_id,state,department,winning_supplier,award_value,estimated_value,number_of_bidders,contract_duration,flags_str,prelim_risk_score,risk_stratum,value_bucket,source_dataset
CEN-CE-2021-01229,CENTRAL,INDIAN RAILWAYS,SHREE BALAJI ENTERPRISE,4364763.73,4959958.79,1,6.0,"RF-1, RF-4, RF-6",55,HIGH_RISK,MEDIUM (10L-50L),CENTRAL_CPPP
2018_PWD_19280_1,HIMACHAL PRADESH,EXECUTIVE ENGINEER,DEEPAK ATTRI,638427.0,494227.0,6,8.958333333333334,RF-6,15,MEDIUM_RISK,SMALL (<10L),HIMACHAL_PRADESH
2017_HPIPH_17188_1,HIMACHAL PRADESH,EXECUTIVE ENGINEER,GOPAL MAHAJAN,7552380.0,7552380.0,2,24.80208333333333,RF-6,15,MEDIUM_RISK,LARGE (50L-5Cr),HIMACHAL_PRADESH
2017_UDDHP_15578_1,HIMACHAL PRADESH,EXECUTIVE OFFICER MC SOLAN,BHUPENDER SINGH THAKUR,225448.0,150000.0,2,8.083333333333334,"RF-5, RF-6",35,HIGH_RISK,SMALL (<10L),HIMACHAL_PRADESH
2019_HPIPH_31379_1-1135,HIMACHAL PRADESH,EXECUTIVE ENGINEER IRRIGATION AND PUBLIC HEALTH DIVISION BARSAR,RAMAN KUMAR,2317352.36,1539605.0,4,17.791666666666668,"RF-5, RF-6",35,HIGH_RISK,MEDIUM (10L-50L),HIMACHAL_PRADESH
2017_PWD_15116_1,HIMACHAL PRADESH,EXECUTIVE ENGINEER,SARWAR SHAH,2340984.0,3212251.0,13,21.041666666666668,RF-6,15,MEDIUM_RISK,MEDIUM (10L-50L),HIMACHAL_PRADESH
2017_PWD_15909_1,HIMACHAL PRADESH,EXECUTIVE ENGINEER,NISHA KUMARI,944221.0,609698.0,6,11.916666666666666,"RF-5, RF-6",35,HIGH_RISK,SMALL (<10L),HIMACHAL_PRADESH
KAR-KA-2021-01220,KARNATAKA,BANGALORE METRO RAIL CORP,SHARMA ENGINEERING WORKS,315793880.54,309601843.67,1,4.0,"RF-1, RF-4, RF-6",55,HIGH_RISK,MEGA (>5Cr),KARNATAKA
CEN-CE-2021-01336,CENTRAL,MINISTRY OF HEALTH FAMILY WELFARE,SHARMA ENGINEERING WORKS,278559490.55,293220516.37,2,4.0,"RF-4, RF-6",30,HIGH_RISK,MEGA (>5Cr),CENTRAL_CPPP
2020_PWD_37341_4,HIMACHAL PRADESH,EXECUTIVE ENGINEER,PREM SINGH,6864089.0,4861757.0,3,6.708333333333333,"RF-4, RF-5",35,HIGH_RISK,LARGE (50L-5Cr),HIMACHAL_PRADESH
2017_MC_17725_4,HIMACHAL PRADESH,EXECUTIVE ENGINEER,AKASH SAINI,4790097.0,3450000.0,3,8.729166666666666,"RF-3, RF-5, RF-6",55,HIGH_RISK,MEDIUM (10L-50L),HIMACHAL_PRADESH
CEN-CE-2021-01206,CENTRAL,CENTRAL PUBLIC WORKS DEPARTMENT,KNR CONSTRUCTION,52384734.08,59528106.91,3,6.0,"RF-4, RF-6",30,HIGH_RISK,MEGA (>5Cr),CENTRAL_CPPP
2018_HPIPH_20881_1,HIMACHAL PRADESH,EXECUTIVE ENGINEER,ASHWANI KUMAR,980624.0,1278855.0,9,6.875,"RF-4, RF-6",30,HIGH_RISK,SMALL (<10L),HIMACHAL_PRADESH
2017_PWD_16725_1,HIMACHAL PRADESH,EXECUTIVE ENGINEER,KAMAL THAKUR,20042633.0,13129986.0,2,21.041666666666668,"RF-5, RF-6",35,HIGH_RISK,LARGE (50L-5Cr),HIMACHAL_PRADESH
2017_UDDHP_18182_1,HIMACHAL PRADESH,EXECUTIVE OFFICER MC SOLAN,PARMINDER DHIMAN,601710.0,300000.0,3,6.333333333333333,"RF-4, RF-5, RF-6",50,HIGH_RISK,SMALL (<10L),HIMACHAL_PRADESH
CEN-CE-2021-01289,CENTRAL,CENTRAL PUBLIC WORKS DEPARTMENT,SHREE BALAJI ENTERPRISE,4694534.15,4602484.46,1,14.0,"RF-1, RF-3, RF-6",60,HIGH_RISK,MEDIUM (10L-50L),CENTRAL_CPPP
2017_UDDHP_15567_1,HIMACHAL PRADESH,EXECUTIVE OFFICER MC SOLAN,NAIN SINGH,351816.0,196424.0,3,8.083333333333334,"RF-5, RF-6",35,HIGH_RISK,SMALL (<10L),HIMACHAL_PRADESH
2017_PWD_17350_3,HIMACHAL PRADESH,EXECUTIVE ENGINEER HIMACHAL PRADESH PUBLIC WORKS DEPARTMENT DIVISION SANGRAH,JAGAT SINGH,1494493.0,1546590.0,2,19.916666666666668,NONE,0,LOW_RISK,MEDIUM (10L-50L),HIMACHAL_PRADESH
2020_HPIPH_34568_1,HIMACHAL PRADESH,EXECUTIVE ENGINEER,PUNJAB IRRIGATION AND FARM SOLUTIONS,106563241.0,92712104.0,4,13.25,NONE,0,LOW_RISK,MEGA (>5Cr),HIMACHAL_PRADESH
2018_PWD_19648_10-945,HIMACHAL PRADESH,EXECUTIVE ENGINEER CHAMBA DIVISION HIMACHAL PRADESH PUBLIC WORKS DEPARTMENT CHAMBA,DES RAJ AND COMPANY,2891768.0,2190859.0,2,18.041666666666668,"RF-5, RF-6",35,HIGH_RISK,MEDIUM (10L-50L),HIMACHAL_PRADESH
CEN-CE-2021-01042,CENTRAL,NHAI HIGHWAYS,SHARMA ENGINEERING WORKS,5646570.65,4910061.44,1,21.0,"RF-1, RF-6",40,HIGH_RISK,LARGE (50L-5Cr),CENTRAL_CPPP
2017_PWD_14982_11,HIMACHAL PRADESH,EXECUTIVE ENGINEER,D S THAKUR,2044708.0,1721381.0,1,21.041666666666668,"RF-1, RF-6",40,HIGH_RISK,MEDIUM (10L-50L),HIMACHAL_PRADESH
2017_PWD_15556_3,HIMACHAL PRADESH,EXECUTIVE ENGINEER JUBBAL,RAVINDER CHAUHAN,2727663.0,2233010.0,1,11.114583333333334,"RF-1, RF-6",40,HIGH_RISK,MEDIUM (10L-50L),HIMACHAL_PRADESH
2017_PWD_16759_2,HIMACHAL PRADESH,EXECUTIVE ENGINEER CHAMBA DIVISION HIMACHAL PRADESH PUBLIC WORKS DEPARTMENT CHAMBA,GOVERNMENT CONTRACTOR,1230880.0,826860.0,3,19.70833333333333,"RF-5, RF-6",35,HIGH_RISK,MEDIUM (10L-50L),HIMACHAL_PRADESH
2019_HPIPH_27040_1,HIMACHAL PRADESH,EXECUTIVE ENGINEER MANDI,GULZARI LAL,1105068.0,1035315.0,2,12.975694444444445,NONE,0,LOW_RISK,MEDIUM (10L-50L),HIMACHAL_PRADESH
2017_PWD_16854_1,HIMACHAL PRADESH,EXECUTIVE ENGINEER,NISHA KUMARI,652510.0,587500.0,2,14.666666666666666,RF-6,15,MEDIUM_RISK,SMALL (<10L),HIMACHAL_PRADESH
MAH-MA-2021-01105,MAHARASHTRA,MSEDCL POWER DISTRIBUTION,NCC LIMITED INFRASTRUCTURE,73460810.33,54415415.06,2,6.0,"RF-4, RF-5, RF-6",50,HIGH_RISK,MEGA (>5Cr),MAHARASHTRA
RAJ-RA-2021-01091,RAJASTHAN,PUBLIC HEALTH ENGINEERING DEPT RAJASTHAN,AHLUWALIA CONTRACTS INDIA LIMITED,8212063.08,7603762.11,2,14.0,RF-6,15,MEDIUM_RISK,LARGE (50L-5Cr),RAJASTHAN
CEN-CE-2021-01332,CENTRAL,CENTRAL PUBLIC WORKS DEPARTMENT,ZENITH INFRASTRUCTURE PROJECTS,6737053.36,4990409.9,3,4.0,"RF-4, RF-5, RF-6",50,HIGH_RISK,LARGE (50L-5Cr),CENTRAL_CPPP
KAR-KA-2021-01123,KARNATAKA,BRUHAT BENGALURU MAHANAGARA PALIKE BBMP,SHARMA ENGINEERING WORKS,7027687.8,7986008.86,4,4.0,"RF-4, RF-6",30,HIGH_RISK,LARGE (50L-5Cr),KARNATAKA
UTT-UT-2021-01088,UTTAR PRADESH,UTTAR PRADESH PUBLIC WORKS DEPARTMENT,BHARAT DIAGNOSTIC SYSTEMS,10088855.17,9341532.57,3,6.0,"RF-4, RF-6",30,HIGH_RISK,LARGE (50L-5Cr),UTTAR_PRADESH
KAR-KA-2021-01097,KARNATAKA,KARNATAKA PUBLIC WORKS PORTS INLAND WATER,AHLUWALIA CONTRACTS INDIA LIMITED,345037737.38,255583509.17,1,14.0,"RF-1, RF-5, RF-6",60,HIGH_RISK,MEGA (>5Cr),KARNATAKA
2017_UDDHP_15249_1,HIMACHAL PRADESH,EXECUTIVE OFFICER MC SOLAN,GURU DEV SINGH,602880.0,354802.0,3,7.0625,"RF-5, RF-6",35,HIGH_RISK,SMALL (<10L),HIMACHAL_PRADESH
2018_HPIPH_24330_1-2099,HIMACHAL PRADESH,EXECUTIVE ENGINEER IRRIGATION AND PUBLIC HEALTH DIVISION BARSAR,SUNIL VERMA,2799214.23,2029579.0,4,9.916666666666666,"RF-5, RF-6",35,HIGH_RISK,MEDIUM (10L-50L),HIMACHAL_PRADESH
2019_HPIPH_31482_1,HIMACHAL PRADESH,EXECUTIVE ENGINEER,DOGRA CONSTRUCTION COMPANY PRIVATE LIMITED,5074502.0,3035671.0,5,14.75,"RF-5, RF-6",35,HIGH_RISK,LARGE (50L-5Cr),HIMACHAL_PRADESH
RAJ-RA-2021-01065,RAJASTHAN,PUBLIC HEALTH ENGINEERING DEPT RAJASTHAN,SHREE BALAJI ENTERPRISE,16342379.72,18570886.04,1,30.0,"RF-1, RF-6",40,HIGH_RISK,LARGE (50L-5Cr),RAJASTHAN
2017_PWD_15616_1,HIMACHAL PRADESH,EXECUTIVE ENGINEER PUBLIC WORKS DEPARTMENT PAONTA SAHIB,S S ASSOCIATES,2579577.0,2355273.0,1,21.14583333333333,"RF-1, RF-6",40,HIGH_RISK,MEDIUM (10L-50L),HIMACHAL_PRADESH
2019_HPIPH_27732_1,HIMACHAL PRADESH,EXECUTIVE ENGINEER IRRIGATION AND PUBLIC HEALTH DIVISION THURAL,DOGRA CONSTRUCTION COMPANY PRIVATE LIMITED,22584581.31,17038843.0,3,12.0,RF-5,20,MEDIUM_RISK,LARGE (50L-5Cr),HIMACHAL_PRADESH
KAR-KA-2021-01203,KARNATAKA,KARNATAKA RURAL INFRASTRUCTURE,AFCONS INFRASTRUCTURE LIMITED,3023939.02,2964646.1,1,4.0,"RF-1, RF-4, RF-6",55,HIGH_RISK,MEDIUM (10L-50L),KARNATAKA
RAJ-RA-2021-01205,RAJASTHAN,RAJASTHAN PUBLIC WORKS DEPARTMENT,AHLUWALIA CONTRACTS INDIA LIMITED,2986234.0,2212025.19,5,6.0,"RF-4, RF-5, RF-6",50,HIGH_RISK,MEDIUM (10L-50L),RAJASTHAN
2018_MC_22410_1,HIMACHAL PRADESH,EXECUTIVE ENGINEER,SURENDAR HANSRETTA,1118707.0,902006.0,4,15.75,RF-6,15,MEDIUM_RISK,MEDIUM (10L-50L),HIMACHAL_PRADESH
KAR-KA-2021-01205,KARNATAKA,KARNATAKA RURAL INFRASTRUCTURE,SHREE BALAJI ENTERPRISE,1176090.1,871177.86,2,21.0,"RF-5, RF-6",35,HIGH_RISK,MEDIUM (10L-50L),KARNATAKA
2018_HPIPH_22260_1,HIMACHAL PRADESH,EXECUTIVE ENGINEER IRRIGATION AND PUBLIC HEALTH DIVISION NO 1 UNA HP,OM PARKASH GOVT CONTRATOR,503823.0,653753.0,7,21.08333333333333,NONE,0,LOW_RISK,SMALL (<10L),HIMACHAL_PRADESH
2018_HPIPH_22738_1,HIMACHAL PRADESH,EXECUTIVE ENGINEER,VIJAY KUMAR C O VASUDEVA ELECTRICALS,1540000.0,652500.0,6,17.791666666666668,"RF-5, RF-6",35,HIGH_RISK,MEDIUM (10L-50L),HIMACHAL_PRADESH
2020_HPIPH_35637_1,HIMACHAL PRADESH,EXECUTIVE ENGINEER,PAWAN KUMAR,3974845.0,2837977.0,3,14.75,"RF-5, RF-6",35,HIGH_RISK,MEDIUM (10L-50L),HIMACHAL_PRADESH
CEN-CE-2021-01262,CENTRAL,NHAI HIGHWAYS,NCC LIMITED INFRASTRUCTURE,102059113.26,75599343.15,3,14.0,"RF-5, RF-6",35,HIGH_RISK,MEGA (>5Cr),CENTRAL_CPPP
2017_PWD_17327_1,HIMACHAL PRADESH,EXECUTIVE ENGINEER,D S THAKUR,1227797.0,906098.0,4,21.041666666666668,"RF-5, RF-6",35,HIGH_RISK,MEDIUM (10L-50L),HIMACHAL_PRADESH
2017_PWD_17482_1,HIMACHAL PRADESH,EXECUTIVE ENGINEER,LEKH RAM,2229971.0,1991540.0,7,20.875,NONE,0,LOW_RISK,MEDIUM (10L-50L),HIMACHAL_PRADESH
MAH-MA-2021-01267,MAHARASHTRA,PUBLIC HEALTH DEPT MUMBAI,TATA PROJECTS LIMITED,1803242.79,1568037.21,4,30.0,RF-6,15,MEDIUM_RISK,MEDIUM (10L-50L),MAHARASHTRA
MAH-MA-2021-01118,MAHARASHTRA,WATER RESOURCES DEPARTMENT MAHARASHTRA,TATA PROJECTS LIMITED,144265170.64,163937693.91,2,4.0,"RF-4, RF-6",30,HIGH_RISK,MEGA (>5Cr),MAHARASHTRA
RAJ-RA-2021-01105,RAJASTHAN,MEDICAL HEALTH SERVICES JAIPUR,KNR CONSTRUCTION,2505849.69,2320231.19,1,6.0,"RF-1, RF-4, RF-6",55,HIGH_RISK,MEDIUM (10L-50L),RAJASTHAN
MAH-MA-2021-01158,MAHARASHTRA,MMRDA URBAN TRANSPORT,SHARMA ENGINEERING WORKS,6684942.63,4951809.35,5,6.0,"RF-4, RF-5",35,HIGH_RISK,LARGE (50L-5Cr),MAHARASHTRA
CEN-CE-2021-01057,CENTRAL,DEFENCE RESEARCH DEVELOPMENT ORG,DILIP BUILDCON LIMITED,7924230.94,7337250.87,8,6.0,"RF-4, RF-6",30,HIGH_RISK,LARGE (50L-5Cr),CENTRAL_CPPP
2017_UDDHP_16127_1,HIMACHAL PRADESH,EXECUTIVE OFFICER MC SOLAN,SUBHASH CHAND RANA,231754.0,126376.0,3,5.166666666666667,"RF-4, RF-5, RF-6",50,HIGH_RISK,SMALL (<10L),HIMACHAL_PRADESH
2018_UDDHP_21954_1,HIMACHAL PRADESH,EXECUTIVE OFFICER,TARGET GREEN PLANET,39.0,39.0,3,20.33333333333333,NONE,0,LOW_RISK,SMALL (<10L),HIMACHAL_PRADESH
KAR-KA-2021-01156,KARNATAKA,KARNATAKA RURAL INFRASTRUCTURE,DILIP BUILDCON LIMITED,192566457.72,178302275.67,1,4.0,"RF-1, RF-4, RF-6",55,HIGH_RISK,MEGA (>5Cr),KARNATAKA
UTT-UT-2021-01100,UTTAR PRADESH,NOIDA INDUSTRIAL DEVELOPMENT AUTH,LARSEN AND TOUBRO CONSTRUCTION,4388750.12,4987216.04,1,6.0,"RF-1, RF-4, RF-6",55,HIGH_RISK,MEDIUM (10L-50L),UTTAR_PRADESH
2018_PWD_20190_1,HIMACHAL PRADESH,EXECUTIVE ENGINEER KARSOG,MOHAN SINGH NEGI GOVT CONT,10349981.02,5816997.0,2,6.041666666666667,"RF-4, RF-5",35,HIGH_RISK,LARGE (50L-5Cr),HIMACHAL_PRADESH
2017_PWD_16971_1,HIMACHAL PRADESH,EXECUTIVE ENGINEER ELECT DIVN NO II,NITIN KRATE,2629020.0,2341212.0,4,18.979166666666668,NONE,0,LOW_RISK,MEDIUM (10L-50L),HIMACHAL_PRADESH
RAJ-RA-2021-01017,RAJASTHAN,JAIPUR DEVELOPMENT AUTHORITY,SHREE BALAJI ENTERPRISE,18185981.26,15813896.75,2,6.0,"RF-4, RF-6",30,HIGH_RISK,LARGE (50L-5Cr),RAJASTHAN
2018_PWD_19844_5,HIMACHAL PRADESH,EXECUTIVE ENGINEER PUBLIC WORKS DEPARTMENT PAONTA SAHIB,S S ASSOCIATES,2515704.0,1904815.0,2,20.0,"RF-5, RF-6",35,HIGH_RISK,MEDIUM (10L-50L),HIMACHAL_PRADESH
2017_HPIPH_17632_1-772,HIMACHAL PRADESH,EXECUTIVE ENGINEER IRRIGATION AND PUBLIC HEALTH DIVISION BARSAR,VINAY KUMAR SHARDA,288308.0,387483.0,6,6.9375,"RF-4, RF-6",30,HIGH_RISK,SMALL (<10L),HIMACHAL_PRADESH
CEN-CE-2021-01066,CENTRAL,INDIAN RAILWAYS,AHLUWALIA CONTRACTS INDIA LIMITED,135934431.54,100692171.51,3,21.0,"RF-5, RF-6",35,HIGH_RISK,MEGA (>5Cr),CENTRAL_CPPP
CEN-CE-2021-01224,CENTRAL,MINISTRY OF HEALTH FAMILY WELFARE,BHARAT DIAGNOSTIC SYSTEMS,15007435.85,17053904.37,5,6.0,"RF-4, RF-6",30,HIGH_RISK,LARGE (50L-5Cr),CENTRAL_CPPP
2017_PWD_15803_1,HIMACHAL PRADESH,EXECUTIVE ENGINEER PUBLIC WORKS DEPARTMENT DIVISION FATEHPUR,V S SAINI,1335258.0,1348060.0,3,29.27083333333333,RF-6,15,MEDIUM_RISK,MEDIUM (10L-50L),HIMACHAL_PRADESH
2019_HPIPH_32629_1,HIMACHAL PRADESH,EXECUTIVE ENGINEER,DEVINDER THAKUR,3482160.0,2899014.0,6,19.83333333333333,NONE,0,LOW_RISK,MEDIUM (10L-50L),HIMACHAL_PRADESH
MAH-MA-2021-01140,MAHARASHTRA,MMRDA URBAN TRANSPORT,PNC INFRATECH LIMITED,378405621.72,280300460.53,1,14.0,"RF-1, RF-5, RF-6",60,HIGH_RISK,MEGA (>5Cr),MAHARASHTRA
2017_HPIPH_17745_1-466,HIMACHAL PRADESH,EXECUTIVE ENGINEER IRRIGATION AND PUBLIC HEALTH DIVISION BA,SHARMA INTERPRISES,676500.0,540000.0,5,5.125,"RF-4, RF-6",30,HIGH_RISK,SMALL (<10L),HIMACHAL_PRADESH
2018_HPIPH_21428_1,HIMACHAL PRADESH,EXECUTIVE ENGINEER IRRIGATION AND PUBLIC HEALTH DIVISION THURAL,RAMESH PARIHAR,1627629.3,1175664.0,7,30.0,"RF-5, RF-6",35,HIGH_RISK,MEDIUM (10L-50L),HIMACHAL_PRADESH
2017_HPIPH_14668_1,HIMACHAL PRADESH,EXECUTIVE ENGINEER IRRIGATION AND PUBLIC HEALTH DIVISION,M S NARINDER KUMAR THAKUR,1171000.0,1119060.0,4,22.75,NONE,0,LOW_RISK,MEDIUM (10L-50L),HIMACHAL_PRADESH
CEN-CE-2021-01009,CENTRAL,DEFENCE RESEARCH DEVELOPMENT ORG,SHREE BALAJI ENTERPRISE,751864.07,556936.35,2,14.0,"RF-5, RF-6",35,HIGH_RISK,SMALL (<10L),CENTRAL_CPPP
2018_HPIPH_22389_1,HIMACHAL PRADESH,EXECUTIVE ENGINEER,SADEEP KUMAR,2584957.0,1590000.0,8,22.75,"RF-5, RF-6",35,HIGH_RISK,MEDIUM (10L-50L),HIMACHAL_PRADESH
2018_PWD_19808_1,HIMACHAL PRADESH,EXECUTIVE ENGINEER MANDI DIVISION NO II HIMACHAL PRADESH PUBLIC WORKS DEPARTMENT MANDI,M S NAWAL KISHORE AND SONS,5452524.0,5508420.0,2,6.708333333333333,"RF-4, RF-6",30,HIGH_RISK,LARGE (50L-5Cr),HIMACHAL_PRADESH
2020_HPIPH_34744_2,HIMACHAL PRADESH,EXECUTIVE ENGINEER,HYDRAULIC ENGINEERING COMPANY,5945255.0,3589806.0,4,13.75,"RF-5, RF-6",35,HIGH_RISK,LARGE (50L-5Cr),HIMACHAL_PRADESH
2018_HPIPH_22256_1,HIMACHAL PRADESH,EXECUTIVE ENGINEER IRRIGATION AND PUBLIC HEALTH DIVN NO 1 UNA HP,ABHISHEK DHIMAN,1537803.0,1812151.0,7,21.08333333333333,NONE,0,LOW_RISK,MEDIUM (10L-50L),HIMACHAL_PRADESH
MAH-MA-2021-01157,MAHARASHTRA,MSEDCL POWER DISTRIBUTION,ZENITH INFRASTRUCTURE PROJECTS,5028922.83,4930316.5,1,6.0,"RF-1, RF-4, RF-6",55,HIGH_RISK,LARGE (50L-5Cr),MAHARASHTRA
2019_HPIPH_27745_1,HIMACHAL PRADESH,EXECUTIVE ENGINEER IRRIGATION AND PUBLIC HEALTH DIVISION THURAL,KUMERCHAND,1814618.53,1338708.0,3,12.0,"RF-5, RF-6",35,HIGH_RISK,MEDIUM (10L-50L),HIMACHAL_PRADESH
CEN-CE-2021-01020,CENTRAL,MINISTRY OF HEALTH FAMILY WELFARE,KNR CONSTRUCTION,252591542.04,265885833.72,1,4.0,"RF-1, RF-4, RF-6",55,HIGH_RISK,MEGA (>5Cr),CENTRAL_CPPP
KAR-KA-2021-01151,KARNATAKA,KARNATAKA PUBLIC WORKS PORTS INLAND WATER,SHREE BALAJI ENTERPRISE,24196299.36,22403980.89,3,30.0,RF-6,15,MEDIUM_RISK,LARGE (50L-5Cr),KARNATAKA
UTT-UT-2021-01085,UTTAR PRADESH,NOIDA INDUSTRIAL DEVELOPMENT AUTH,VANGUARD POWER SERVICES,312531737.0,231504990.37,2,4.0,"RF-4, RF-5, RF-6",50,HIGH_RISK,MEGA (>5Cr),UTTAR_PRADESH
UTT-UT-2021-01077,UTTAR PRADESH,UTTAR PRADESH PUBLIC WORKS DEPARTMENT,BHARAT DIAGNOSTIC SYSTEMS,6716212.73,4974972.39,1,21.0,"RF-1, RF-5, RF-6",60,HIGH_RISK,LARGE (50L-5Cr),UTTAR_PRADESH
UTT-UT-2021-01033,UTTAR PRADESH,UTTAR PRADESH PUBLIC WORKS DEPARTMENT,VANGUARD POWER SERVICES,20273141.71,15017142.01,5,6.0,"RF-4, RF-5, RF-6",50,HIGH_RISK,LARGE (50L-5Cr),UTTAR_PRADESH
2017_PWD_18216_1,HIMACHAL PRADESH,E E HAMIRPUR,SURESH THAKUR GOV CONT,1108127.0,1539119.0,4,7.6875,RF-2,25,MEDIUM_RISK,MEDIUM (10L-50L),HIMACHAL_PRADESH
2016_HPIPH_13183_1,HIMACHAL PRADESH,EXECUTIVE ENGINEER,GREWALSUBMERSIBLE AND ELECTRICAL SERVICE,1406020.0,1051029.0,4,23.0,"RF-5, RF-6",35,HIGH_RISK,MEDIUM (10L-50L),HIMACHAL_PRADESH
2017_PWD_15289_1,HIMACHAL PRADESH,EXECUTIVE ENGINEER CHAMBA DIVISION HIMACHAL PRADESH PUBLIC WORKS DEPARTMENT CHAMBA,RAJ SINGH GOVERNMENT CONTRACTOR,828550.0,611329.0,2,20.6875,"RF-5, RF-6",35,HIGH_RISK,SMALL (<10L),HIMACHAL_PRADESH
2018_PWD_20138_1-403,HIMACHAL PRADESH,EXECUTIVE ENGINEER,VINOD KUMAR,2057697.0,1389385.0,2,12.0,"RF-5, RF-6",35,HIGH_RISK,MEDIUM (10L-50L),HIMACHAL_PRADESH
2018_PWD_20117_1,HIMACHAL PRADESH,EXECUTIVE ENGINEER UNA DIVISION HIMACHAL PRADESH PUBLIC WORKS DEPARTMENT UNA,M S SATISH KUMAR SHARMA,1909394.0,2090122.0,4,6.270833333333333,"RF-4, RF-6",30,HIGH_RISK,MEDIUM (10L-50L),HIMACHAL_PRADESH
MAH-MA-2021-01220,MAHARASHTRA,WATER RESOURCES DEPARTMENT MAHARASHTRA,AHLUWALIA CONTRACTS INDIA LIMITED,4390553.23,4989265.03,1,4.0,"RF-1, RF-4, RF-6",55,HIGH_RISK,MEDIUM (10L-50L),MAHARASHTRA
2017_UDDHP_15849_1,HIMACHAL PRADESH,EXECUTIVE OFFICER MC SOLAN,PARMINDER DHIMAN,319453.0,182929.0,3,7.083333333333333,"RF-5, RF-6",35,HIGH_RISK,SMALL (<10L),HIMACHAL_PRADESH
2017_PWD_15710_1,HIMACHAL PRADESH,EXECUTIVE ENGINEER,NEW INDIA CONTRACTOR AND DEVELOPERS PRIVATE LIMITED,4669538.0,3762042.0,2,5.041666666666667,"RF-3, RF-4, RF-6",50,HIGH_RISK,MEDIUM (10L-50L),HIMACHAL_PRADESH
MAH-MA-2021-01053,MAHARASHTRA,MAHARASHTRA PUBLIC WORKS DEPARTMENT,SHARMA ENGINEERING WORKS,110178644.27,125203004.85,1,30.0,"RF-1, RF-6",40,HIGH_RISK,MEGA (>5Cr),MAHARASHTRA
2017_PWD_14679_1-1450,HIMACHAL PRADESH,EXECUTIVE ENGINEER,ASHWANI KUMAR GOVERNMENT CONTRACTOR,1176241.0,1539119.0,8,6.6875,"RF-4, RF-6",30,HIGH_RISK,MEDIUM (10L-50L),HIMACHAL_PRADESH
2017_UDDHP_17262_1-3790,HIMACHAL PRADESH,EXECUTIVE ENGINEER,ASHOK KUMAR,1516685.0,730360.0,2,11.75,"RF-5, RF-6",35,HIGH_RISK,MEDIUM (10L-50L),HIMACHAL_PRADESH
2017_HPIPH_17745_1,HIMACHAL PRADESH,EXECUTIVE ENGINEER IRRIGATION AND PUBLIC HEALTH DIVISION BA,RAJESH ENGINEERING SERVICES,718841.0,540000.0,5,5.125,"RF-4, RF-5",35,HIGH_RISK,SMALL (<10L),HIMACHAL_PRADESH
2018_HPIPH_19208_1-2917,HIMACHAL PRADESH,EXECUTIVE ENGINEER IRRIGATION AND PUBLIC HEALTH DIVISION BARSAR,SS ENGINEERING WORKS,1178386.4,1080755.0,4,6.083333333333333,"RF-4, RF-6",30,HIGH_RISK,MEDIUM (10L-50L),HIMACHAL_PRADESH
2018_FDC_19809_1,HIMACHAL PRADESH,DIVISIONAL MANAGER,HEMRAJ VERMA,1276483.0,1136177.0,1,6.166666666666667,"RF-1, RF-4, RF-6",55,HIGH_RISK,MEDIUM (10L-50L),HIMACHAL_PRADESH
2018_HPIPH_21007_1,HIMACHAL PRADESH,EXECUTIVE ENGINEER,GOPAL MAHAJAN,2015634.0,1772266.0,7,21.75,RF-6,15,MEDIUM_RISK,MEDIUM (10L-50L),HIMACHAL_PRADESH
2017_PWD_18189_2,HIMACHAL PRADESH,EXECUTIVE ENGINEER KALPA DIVISION,DOLA RAM,7137834.0,4406039.0,1,17.12847222222222,"RF-1, RF-5",45,HIGH_RISK,LARGE (50L-5Cr),HIMACHAL_PRADESH
2017_UDDHP_18297_1,HIMACHAL PRADESH,EXECUTIVE OFFICER MC SOLAN,YAJU PANT,298985.0,228300.0,3,5.333333333333333,"RF-4, RF-5, RF-6",50,HIGH_RISK,SMALL (<10L),HIMACHAL_PRADESH
2018_MC_19610_12,HIMACHAL PRADESH,EXECUTIVE ENGINEER ROADS AND BUILDINGS MUNICIPAL CORPORATION SHIMLA,HUKAM SINGH,1995165.0,1378000.0,3,6.6875,"RF-4, RF-5",35,HIGH_RISK,MEDIUM (10L-50L),HIMACHAL_PRADESH
MAH-MA-2021-01205,MAHARASHTRA,MMRDA URBAN TRANSPORT,BHARAT DIAGNOSTIC SYSTEMS,12423966.31,10803448.96,1,4.0,"RF-1, RF-4, RF-6",55,HIGH_RISK,LARGE (50L-5Cr),MAHARASHTRA
2017_PWD_18050_1,HIMACHAL PRADESH,EXECUTIVE ENGINEER,RAM LAL SHARMA,9311226.0,7465165.0,1,7.083333333333333,"RF-1, RF-6",40,HIGH_RISK,LARGE (50L-5Cr),HIMACHAL_PRADESH
RAJ-RA-2021-01133,RAJASTHAN,JAIPUR DEVELOPMENT AUTHORITY,TATA PROJECTS LIMITED,4706151.54,4953843.73,4,6.0,"RF-3, RF-4, RF-6",50,HIGH_RISK,MEDIUM (10L-50L),RAJASTHAN
2019_PWD_30934_2,HIMACHAL PRADESH,EXECUTIVE ENGINEER,VIJAY PAL,6828723.0,4576493.0,10,5.708333333333333,"RF-4, RF-5",35,HIGH_RISK,LARGE (50L-5Cr),HIMACHAL_PRADESH
UTT-UT-2021-01201,UTTAR PRADESH,UP STATE HIGHWAY AUTHORITY,TATA PROJECTS LIMITED,303551518.7,281066221.02,1,21.0,"RF-1, RF-6",40,HIGH_RISK,MEGA (>5Cr),UTTAR_PRADESH
2018_HPIPH_24148_1,HIMACHAL PRADESH,EXECUTIVE ENGINEER,HYDRAULIC ENGINEERING COMPANY,34106258.0,15704723.0,3,21.76736111111111,"RF-5, RF-6",35,HIGH_RISK,LARGE (50L-5Cr),HIMACHAL_PRADESH
2019_PWD_26941_1,HIMACHAL PRADESH,EXECUTIVE ENGINEER MANDI DIVISION NO I HIMACHAL PRADESH PUBLIC WORKS DEPARTMENT MANDI,V K GUPTA AND ASSOCIATES,102477000.0,115625000.0,7,20.729166666666668,NONE,0,LOW_RISK,MEGA (>5Cr),HIMACHAL_PRADESH
2019_HPIPH_30432_1,HIMACHAL PRADESH,EXECUTIVE ENGINEER,KAMAL KARAN,2850000.0,1950000.0,3,14.708333333333334,RF-5,20,MEDIUM_RISK,MEDIUM (10L-50L),HIMACHAL_PRADESH
2018_HPIPH_19198_1-1846,HIMACHAL PRADESH,EXECUTIVE ENGINEER IRRIGATION AND PUBLIC HEALTH DIVISION BARSAR,SS ENGINEERING WORKS,2280000.0,1496308.0,4,6.208333333333333,"RF-4, RF-5, RF-6",50,HIGH_RISK,MEDIUM (10L-50L),HIMACHAL_PRADESH
2018_FD_19656_1,HIMACHAL PRADESH,CONSERVATOR OF FORESTS,SHIV RAM,15919977.0,12285705.0,4,10.96875,NONE,0,LOW_RISK,LARGE (50L-5Cr),HIMACHAL_PRADESH
2017_UDDHP_16372_1,HIMACHAL PRADESH,EXECUTIVE OFFICER MC SOLAN,BROTHERS TRADERS,605525.0,300000.0,3,8.208333333333334,"RF-5, RF-6",35,HIGH_RISK,SMALL (<10L),HIMACHAL_PRADESH
2018_PWD_20277_1,HIMACHAL PRADESH,EXECUTIVE ENGINEER,YUDHVIR SINGH,881545.0,646789.0,3,11.958333333333334,"RF-5, RF-6",35,HIGH_RISK,SMALL (<10L),HIMACHAL_PRADESH
CEN-CE-2021-01089,CENTRAL,NHAI HIGHWAYS,GUPTA AND SONS CONTRACTOR,364343378.46,269883984.05,4,4.0,"RF-4, RF-5, RF-6",50,HIGH_RISK,MEGA (>5Cr),CENTRAL_CPPP
2019_HPIPH_26804_1,HIMACHAL PRADESH,EXECUTIVE ENGINEER,VIJAY KUMAR C O VASUDEVA ELECTRICALS,2167550.0,1433539.0,3,19.916666666666668,"RF-5, RF-6",35,HIGH_RISK,MEDIUM (10L-50L),HIMACHAL_PRADESH
2019_HPIPH_28090_1-554,HIMACHAL PRADESH,EXECUTIVE ENGINEER HAMIRPUR,AJAY KUMAR,1183929.6,912998.0,4,8.083333333333334,NONE,0,LOW_RISK,MEDIUM (10L-50L),HIMACHAL_PRADESH
RAJ-RA-2021-01222,RAJASTHAN,RAJASTHAN RAJYA VIDYUT PRASARAN,LARSEN AND TOUBRO CONSTRUCTION,4696505.47,4943689.96,2,21.0,"RF-3, RF-6",35,HIGH_RISK,MEDIUM (10L-50L),RAJASTHAN
2017_PWD_14983_2,HIMACHAL PRADESH,EXECUTIVE ENGINEER CHAMBA DIVISION HIMACHAL PRADESH PUBLIC WORKS DEPARTMENT CHAMBA,D S THAKUR,11021288.0,820756.0,8,23.75,"RF-5, RF-6",35,HIGH_RISK,LARGE (50L-5Cr),HIMACHAL_PRADESH
UTT-UT-2021-01075,UTTAR PRADESH,UP STATE HIGHWAY AUTHORITY,VANGUARD POWER SERVICES,191132600.41,141579704.0,4,30.0,RF-5,20,MEDIUM_RISK,MEGA (>5Cr),UTTAR_PRADESH
MAH-MA-2021-01163,MAHARASHTRA,MMRDA URBAN TRANSPORT,BHARAT DIAGNOSTIC SYSTEMS,2263362.79,1676565.03,2,30.0,"RF-5, RF-6",35,HIGH_RISK,MEDIUM (10L-50L),MAHARASHTRA
RAJ-RA-2021-01206,RAJASTHAN,JAIPUR DEVELOPMENT AUTHORITY,AHLUWALIA CONTRACTS INDIA LIMITED,140809323.67,104303202.72,1,30.0,"RF-1, RF-5, RF-6",60,HIGH_RISK,MEGA (>5Cr),RAJASTHAN
CEN-CE-2021-01126,CENTRAL,DEFENCE RESEARCH DEVELOPMENT ORG,KNR CONSTRUCTION,11276429.96,9805591.27,1,30.0,"RF-1, RF-6",40,HIGH_RISK,LARGE (50L-5Cr),CENTRAL_CPPP
2017_UDDHP_15234_1,HIMACHAL PRADESH,EXECUTIVE OFFICER MC SOLAN,VINAY KUMAR CHAUHAN,587332.0,500000.0,8,7.041666666666667,NONE,0,LOW_RISK,SMALL (<10L),HIMACHAL_PRADESH
CEN-CE-2021-01153,CENTRAL,DEFENCE RESEARCH DEVELOPMENT ORG,APEX MEDITECH SOLUTIONS,272854518.99,202114458.51,1,14.0,"RF-1, RF-5, RF-6",60,HIGH_RISK,MEGA (>5Cr),CENTRAL_CPPP
RAJ-RA-2021-01057,RAJASTHAN,JAIPUR DEVELOPMENT AUTHORITY,VANGUARD POWER SERVICES,2551717.16,2362701.08,1,30.0,"RF-1, RF-6",40,HIGH_RISK,MEDIUM (10L-50L),RAJASTHAN
2020_HPIPH_37316_1,HIMACHAL PRADESH,EXECUTIVE ENGINEER JAL SHAKTI DIVISION NAHAN,PREM SINGH,1107622.0,1546447.0,4,18.08333333333333,NONE,0,LOW_RISK,MEDIUM (10L-50L),HIMACHAL_PRADESH
2017_HPIPH_16906_1,HIMACHAL PRADESH,EXECUTIVE ENGINEER IRRIGATION AND PUBLIC HEALTH DIVISION BARSAR,SUNIL VERMA,4807434.72,4077565.0,5,7.055555555555555,"RF-3, RF-6",35,HIGH_RISK,MEDIUM (10L-50L),HIMACHAL_PRADESH
2017_PWD_15403_1,HIMACHAL PRADESH,EXECUTIVE ENGINEER,AJEET SINGH GOVERNMENT CONTRACTOR,207686.0,135899.0,12,20.291666666666668,"RF-5, RF-6",35,HIGH_RISK,SMALL (<10L),HIMACHAL_PRADESH
UTT-UT-2021-01132,UTTAR PRADESH,UP STATE HIGHWAY AUTHORITY,NCC LIMITED INFRASTRUCTURE,296434880.79,290622432.14,1,6.0,"RF-1, RF-4, RF-6",55,HIGH_RISK,MEGA (>5Cr),UTTAR_PRADESH
2017_UDDHP_14931_1,HIMACHAL PRADESH,EXECUTIVE OFFICER MC SOLAN,ANIL CHAUHAN,292627.0,212630.0,3,5.166666666666667,"RF-4, RF-5, RF-6",50,HIGH_RISK,SMALL (<10L),HIMACHAL_PRADESH
2018_PWD_19806_1,HIMACHAL PRADESH,EXECUTIVE ENGINEER SHILLAI,BIR SINGH,6015842.0,3502082.0,14,27.08333333333333,RF-5,20,MEDIUM_RISK,LARGE (50L-5Cr),HIMACHAL_PRADESH
KAR-KA-2021-01085,KARNATAKA,KARNATAKA RURAL INFRASTRUCTURE,LARSEN AND TOUBRO CONSTRUCTION,5066601.73,4967256.6,1,4.0,"RF-1, RF-4, RF-6",55,HIGH_RISK,LARGE (50L-5Cr),KARNATAKA
2018_HPIPH_23120_1,HIMACHAL PRADESH,EXECUTIVE ENGINEER,REBOUND ENVIRO TECHNOLOGY PRIVATE LIMITED,3575000.0,2337316.0,5,21.75,"RF-5, RF-6",35,HIGH_RISK,MEDIUM (10L-50L),HIMACHAL_PRADESH
2017_PWD_16474_1,HIMACHAL PRADESH,EXECUTIVE ENGINEER HAMIRPUR,SANJEEV KUMAR GOVERNMENT CONTRACTOR,3144094.0,2105645.0,2,6.6875,"RF-4, RF-5",35,HIGH_RISK,MEDIUM (10L-50L),HIMACHAL_PRADESH
MAH-MA-2021-01067,MAHARASHTRA,WATER RESOURCES DEPARTMENT MAHARASHTRA,PNC INFRATECH LIMITED,1343086.12,1167900.97,1,14.0,"RF-1, RF-6",40,HIGH_RISK,MEDIUM (10L-50L),MAHARASHTRA
UTT-UT-2021-01122,UTTAR PRADESH,UP STATE HIGHWAY AUTHORITY,PNC INFRATECH LIMITED,5668749.42,4929347.32,2,4.0,"RF-4, RF-6",30,HIGH_RISK,LARGE (50L-5Cr),UTTAR_PRADESH
UTT-UT-2021-01151,UTTAR PRADESH,UP STATE HIGHWAY AUTHORITY,ZENITH INFRASTRUCTURE PROJECTS,126277010.97,116923158.3,4,4.0,"RF-4, RF-6",30,HIGH_RISK,MEGA (>5Cr),UTTAR_PRADESH
2017_UDDHP_15842_1,HIMACHAL PRADESH,EXECUTIVE OFFICER MC SOLAN,VINAY THAKUR,671773.0,433429.0,3,7.083333333333333,"RF-5, RF-6",35,HIGH_RISK,SMALL (<10L),HIMACHAL_PRADESH
2017_PWD_18081_1,HIMACHAL PRADESH,EXECUTIVE ENGINEER,SATISH THAKUR,1902744.0,1100070.0,22,9.958333333333334,"RF-5, RF-6",35,HIGH_RISK,MEDIUM (10L-50L),HIMACHAL_PRADESH
2018_MC_20282_9,HIMACHAL PRADESH,EXECUTIVE ENGINEER ROADS AND BUILDINGS MUNICIPAL CORPORATION SHIMLA,NARESH VIJ GOVERNMENT CONTRACTOR,3251817.0,1896912.0,3,7.729166666666667,"RF-5, RF-6",35,HIGH_RISK,MEDIUM (10L-50L),HIMACHAL_PRADESH
2017_UDDHP_17131_1,HIMACHAL PRADESH,EXECUTIVE OFFICER MC SOLAN,BHUPENDER SINGH THAKUR,252081.0,161708.0,3,6.041666666666667,"RF-4, RF-5, RF-6",50,HIGH_RISK,SMALL (<10L),HIMACHAL_PRADESH
KAR-KA-2021-01006,KARNATAKA,BANGALORE METRO RAIL CORP,SHARMA ENGINEERING WORKS,4721107.17,4969586.5,4,14.0,"RF-3, RF-6",35,HIGH_RISK,MEDIUM (10L-50L),KARNATAKA
2019_HPIPH_30434_1,HIMACHAL PRADESH,EXECUTIVE ENGINEER,HARMINDER SINGH,1580000.0,1085000.0,4,14.708333333333334,"RF-5, RF-6",35,HIGH_RISK,MEDIUM (10L-50L),HIMACHAL_PRADESH
KAR-KA-2021-01029,KARNATAKA,KARNATAKA RURAL INFRASTRUCTURE,DILIP BUILDCON LIMITED,1049263.76,1104488.17,1,4.0,"RF-1, RF-4, RF-6",55,HIGH_RISK,MEDIUM (10L-50L),KARNATAKA
2018_PWD_20084_1,HIMACHAL PRADESH,EXECUTIVE ENGINEER,JASVEER SINGH,1970819.0,1535685.0,9,6.690972222222222,RF-4,15,MEDIUM_RISK,MEDIUM (10L-50L),HIMACHAL_PRADESH
MAH-MA-2021-01035,MAHARASHTRA,PUBLIC HEALTH DEPT MUMBAI,ZENITH INFRASTRUCTURE PROJECTS,10626716.55,9240623.09,3,4.0,"RF-4, RF-6",30,HIGH_RISK,LARGE (50L-5Cr),MAHARASHTRA
2018_HPIPH_21005_1-1676,HIMACHAL PRADESH,EXECUTIVE ENGINEER,DOGRA CONSTRUCTION COMPANY PRIVATE LIMITED,2787183.0,2787183.0,7,21.75,RF-6,15,MEDIUM_RISK,MEDIUM (10L-50L),HIMACHAL_PRADESH
CEN-CE-2021-01202,CENTRAL,CENTRAL PUBLIC WORKS DEPARTMENT,SHREE BALAJI ENTERPRISE,5892056.86,6202165.11,5,4.0,"RF-4, RF-6",30,HIGH_RISK,LARGE (50L-5Cr),CENTRAL_CPPP
MAH-MA-2021-01296,MAHARASHTRA,MMRDA URBAN TRANSPORT,TATA PROJECTS LIMITED,3398242.17,3146520.53,1,14.0,"RF-1, RF-6",40,HIGH_RISK,MEDIUM (10L-50L),MAHARASHTRA
2018_HPIPH_19837_1,HIMACHAL PRADESH,EXECUTIVE ENGINEER,RAJINDER SINGH,929000.0,1079699.0,5,21.83333333333333,RF-6,15,MEDIUM_RISK,SMALL (<10L),HIMACHAL_PRADESH
2018_HPIPH_23283_1,HIMACHAL PRADESH,EXECUTIVE ENGINEER IRRIGATION AND PUBLIC HEALTH DIVISION NURPUR,SADEEP KUMAR,4742258.0,3847771.0,9,5.0,"RF-3, RF-4",35,HIGH_RISK,MEDIUM (10L-50L),HIMACHAL_PRADESH
2017_PWD_15742_3,HIMACHAL PRADESH,EXECUTIVE ENGINEER,NEW INDIA CONTRACTOR AND DEVELOPERS PRIVATE LIMITED,2805470.0,2147578.0,2,13.833333333333334,"RF-5, RF-6",35,HIGH_RISK,MEDIUM (10L-50L),HIMACHAL_PRADESH
2017_UDDHP_17982_1,HIMACHAL PRADESH,NAGAR PANCHAYAT REWALSAR,HARISH SHARMA,771175.0,856993.0,3,20.0,RF-2,25,MEDIUM_RISK,SMALL (<10L),HIMACHAL_PRADESH
CEN-CE-2021-01297,CENTRAL,NHAI HIGHWAYS,DILIP BUILDCON LIMITED,3288810.99,3461906.3,3,6.0,"RF-4, RF-6",30,HIGH_RISK,MEDIUM (10L-50L),CENTRAL_CPPP
2016_PWD_13923_1,HIMACHAL PRADESH,EXECUTIVE ENGINEER CHAMBA DIVISION HIMACHAL PRADESH PUBLIC WORKS DEPARTMENT CHAMBA,R P DHIMAN,63311571.0,48037296.0,4,21.041666666666668,"RF-5, RF-6",35,HIGH_RISK,MEGA (>5Cr),HIMACHAL_PRADESH
2018_PWD_19819_1,HIMACHAL PRADESH,EXECUTIVE ENGINEER MANDI DIVISION NO II HIMACHAL PRADESH PUBLIC WORKS DEPARTMENT MANDI,M S NAWAL KISHORE AND SONS,3172715.45,2852956.0,2,6.708333333333333,"RF-4, RF-6",30,HIGH_RISK,MEDIUM (10L-50L),HIMACHAL_PRADESH
MAH-MA-2021-01127,MAHARASHTRA,WATER RESOURCES DEPARTMENT MAHARASHTRA,DILIP BUILDCON LIMITED,25812800.53,23900741.23,1,21.0,"RF-1, RF-6",40,HIGH_RISK,LARGE (50L-5Cr),MAHARASHTRA
CEN-CE-2021-01093,CENTRAL,MINISTRY OF HEALTH FAMILY WELFARE,BHARAT DIAGNOSTIC SYSTEMS,20163817.21,21225070.75,4,4.0,"RF-4, RF-6",30,HIGH_RISK,LARGE (50L-5Cr),CENTRAL_CPPP
2017_UDDHP_17946_1-2763,HIMACHAL PRADESH,EXECUTIVE ENGINEER DMC,ROHIT,4557637.0,2987549.0,6,16.75,"RF-3, RF-5, RF-6",55,HIGH_RISK,MEDIUM (10L-50L),HIMACHAL_PRADESH
2017_UDDHP_17314_1,HIMACHAL PRADESH,EXECUTIVE ENGINEER DMC,AJAY KUMAR,1486833.0,962352.0,3,22.70833333333333,"RF-5, RF-6",35,HIGH_RISK,MEDIUM (10L-50L),HIMACHAL_PRADESH
CEN-CE-2021-01268,CENTRAL,CENTRAL PUBLIC WORKS DEPARTMENT,NCC LIMITED INFRASTRUCTURE,27858500.37,24224782.93,1,30.0,"RF-1, RF-6",40,HIGH_RISK,LARGE (50L-5Cr),CENTRAL_CPPP
RAJ-RA-2021-01006,RAJASTHAN,JAIPUR DEVELOPMENT AUTHORITY,AHLUWALIA CONTRACTS INDIA LIMITED,264249302.72,259067943.84,3,6.0,"RF-4, RF-6",30,HIGH_RISK,MEGA (>5Cr),RAJASTHAN
2018_PWD_20210_1,HIMACHAL PRADESH,EXECUTIVE ENGINEE,M S SATISH KUMAR SHARMA,1086330.0,1075210.0,3,5.229166666666667,"RF-2, RF-4, RF-6",55,HIGH_RISK,MEDIUM (10L-50L),HIMACHAL_PRADESH
CEN-CE-2021-01091,CENTRAL,CENTRAL PUBLIC WORKS DEPARTMENT,SHREE BALAJI ENTERPRISE,20634392.04,15284734.85,4,30.0,"RF-5, RF-6",35,HIGH_RISK,LARGE (50L-5Cr),CENTRAL_CPPP
2017_UDDHP_15565_1,HIMACHAL PRADESH,EXECUTIVE OFFICER MC SOLAN,SUBHASH CHAND RANA,336780.0,171617.0,2,8.083333333333334,"RF-5, RF-6",35,HIGH_RISK,SMALL (<10L),HIMACHAL_PRADESH
2017_PWD_15615_1,HIMACHAL PRADESH,EXECUTIVE ENGINEER,SATYA PAL GOVERNMENT CONTRACTOR,1150328.0,822763.0,35,12.25,"RF-5, RF-6",35,HIGH_RISK,MEDIUM (10L-50L),HIMACHAL_PRADESH
RAJ-RA-2021-01169,RAJASTHAN,JAIPUR DEVELOPMENT AUTHORITY,PNC INFRATECH LIMITED,210726328.66,206594439.86,1,4.0,"RF-1, RF-4",40,HIGH_RISK,MEGA (>5Cr),RAJASTHAN
2016_HPIPH_12744_1-1966,HIMACHAL PRADESH,EXECUTIVE ENGINEER IRRIGATION AND PUBLIC HEALTH DIVISION BARSAR,SUNIL VERMA,4107601.87,2478091.0,8,12.875,"RF-5, RF-6",35,HIGH_RISK,MEDIUM (10L-50L),HIMACHAL_PRADESH
KAR-KA-2021-01250,KARNATAKA,KARNATAKA PUBLIC WORKS PORTS INLAND WATER,APEX MEDITECH SOLUTIONS,4683470.72,4929969.18,2,6.0,"RF-3, RF-4",35,HIGH_RISK,MEDIUM (10L-50L),KARNATAKA
2016_PWD_12632_1,HIMACHAL PRADESH,EXECUTIVE ENGINEER HP PUBLIC WORKS DEPARTMENT DIVISION KANGRA,VIRENDER PRASHAD SHARMA,2061000.0,1568700.0,4,25.041666666666668,"RF-5, RF-6",35,HIGH_RISK,MEDIUM (10L-50L),HIMACHAL_PRADESH
2016_PWD_13923_1-3031,HIMACHAL PRADESH,EXECUTIVE ENGINEER CHAMBA DIVISION HIMACHAL PRADESH PUBLIC WORKS DEPARTMENT CHAMBA,DES RAJ AND COMPANY,68806264.94,48037296.0,4,21.041666666666668,"RF-5, RF-6",35,HIGH_RISK,MEGA (>5Cr),HIMACHAL_PRADESH
2017_PWD_16447_3,HIMACHAL PRADESH,EXECUTIVE ENGINEER DHAMI,SANJEEV KUMAR AGGARWAL,688311.0,591654.0,4,7.020833333333333,NONE,0,LOW_RISK,SMALL (<10L),HIMACHAL_PRADESH
RAJ-RA-2021-01187,RAJASTHAN,RAJASTHAN RAJYA VIDYUT PRASARAN,AHLUWALIA CONTRACTS INDIA LIMITED,443077358.44,328205450.7,4,6.0,"RF-4, RF-5, RF-6",50,HIGH_RISK,MEGA (>5Cr),RAJASTHAN
2019_HPIPH_27768_1,HIMACHAL PRADESH,EXECUTIVE ENGINEER,NAIK ELECTRICAL WORKS,1693298.0,1114671.0,2,10.958333333333334,"RF-5, RF-6",35,HIGH_RISK,MEDIUM (10L-50L),HIMACHAL_PRADESH
2018_PWD_19375_1,HIMACHAL PRADESH,EXECUTIVE ENGINEER ELECTRICAL,KUMAR ELECTRONICS COMPANY,1702786.0,1300850.0,3,18.95833333333333,"RF-5, RF-6",35,HIGH_RISK,MEDIUM (10L-50L),HIMACHAL_PRADESH
2017_PWD_14798_5,HIMACHAL PRADESH,EXECUTIVE ENGINEER,VB CONST COMPANY,2103727.0,1883580.0,1,24.08333333333333,"RF-1, RF-6",40,HIGH_RISK,MEDIUM (10L-50L),HIMACHAL_PRADESH
2017_PWD_14798_10,HIMACHAL PRADESH,EXECUTIVE ENGINEER,RAJAT THAKUR,2580553.0,2328788.0,1,24.08333333333333,"RF-1, RF-6",40,HIGH_RISK,MEDIUM (10L-50L),HIMACHAL_PRADESH
2019_HPIPH_32137_1,HIMACHAL PRADESH,EXECUTIVE ENGINEER,DOGRA CONSTRUCTION COMPANY PRIVATE LIMITED,46565065.99,30171521.0,2,14.0,"RF-5, RF-6",35,HIGH_RISK,LARGE (50L-5Cr),HIMACHAL_PRADESH
2017_FDC_16062_1,HIMACHAL PRADESH,DIVISIONAL MANAGER,HEMRAJ VERMA,2518760.0,1640488.0,4,11.041666666666666,"RF-5, RF-6",35,HIGH_RISK,MEDIUM (10L-50L),HIMACHAL_PRADESH
RAJ-RA-2021-01212,RAJASTHAN,RAJASTHAN PUBLIC WORKS DEPARTMENT,SHARMA ENGINEERING WORKS,1376636.09,1449090.62,1,14.0,"RF-1, RF-6",40,HIGH_RISK,MEDIUM (10L-50L),RAJASTHAN
2016_PWD_13923_1-3032,HIMACHAL PRADESH,EXECUTIVE ENGINEER CHAMBA DIVISION HIMACHAL PRADESH PUBLIC WORKS DEPARTMENT CHAMBA,SAHAB SINGH THAKUR,69990218.37,48037296.0,4,21.041666666666668,"RF-5, RF-6",35,HIGH_RISK,MEGA (>5Cr),HIMACHAL_PRADESH
2017_HPIPH_15152_1,HIMACHAL PRADESH,EXECUTIVE ENGINEER,VIJAY KUMAR KUSHWAHA,4203859.0,3000475.0,4,14.708333333333334,"RF-5, RF-6",35,HIGH_RISK,MEDIUM (10L-50L),HIMACHAL_PRADESH
CEN-CE-2021-01071,CENTRAL,CENTRAL PUBLIC WORKS DEPARTMENT,AHLUWALIA CONTRACTS INDIA LIMITED,6468094.07,4791180.8,2,4.0,"RF-4, RF-5, RF-6",50,HIGH_RISK,LARGE (50L-5Cr),CENTRAL_CPPP
MAH-MA-2021-01200,MAHARASHTRA,MAHARASHTRA PUBLIC WORKS DEPARTMENT,VANGUARD POWER SERVICES,6619787.0,4903545.92,2,21.0,"RF-5, RF-6",35,HIGH_RISK,LARGE (50L-5Cr),MAHARASHTRA
RAJ-RA-2021-01172,RAJASTHAN,RAJASTHAN PUBLIC WORKS DEPARTMENT,VANGUARD POWER SERVICES,4453391.61,4687780.64,1,30.0,"RF-1, RF-6",40,HIGH_RISK,MEDIUM (10L-50L),RAJASTHAN
2017_PWD_15417_1,HIMACHAL PRADESH,EXECUTIVE ENGINEER,VIRENDER KUMAR GOVERNMENT CONTRACTOR,190854.0,136525.0,14,20.0,"RF-5, RF-6",35,HIGH_RISK,SMALL (<10L),HIMACHAL_PRADESH
2017_PWD_14661_8,HIMACHAL PRADESH,EXECUTIVE ENGINEER CHAMBA DIVISION HIMACHAL PRADESH PUBLIC WORKS DEPARTMENT CHAMBA,SAHAB SINGH THAKUR,2883290.0,2162991.0,3,20.041666666666668,"RF-5, RF-6",35,HIGH_RISK,MEDIUM (10L-50L),HIMACHAL_PRADESH
2018_HPIPH_22854_1,HIMACHAL PRADESH,EXECUTIVE ENGINEER,NATIONAL INDIA CONSTRUCTION COMPANY,161470193.0,113513707.0,2,20.70833333333333,"RF-5, RF-6",35,HIGH_RISK,MEGA (>5Cr),HIMACHAL_PRADESH
CEN-CE-2021-01254,CENTRAL,NHAI HIGHWAYS,AHLUWALIA CONTRACTS INDIA LIMITED,18739309.79,16295051.99,1,30.0,"RF-1, RF-6",40,HIGH_RISK,LARGE (50L-5Cr),CENTRAL_CPPP
CEN-CE-2021-01068,CENTRAL,INDIAN RAILWAYS,AHLUWALIA CONTRACTS INDIA LIMITED,4068570.78,3767195.17,8,6.0,"RF-4, RF-6",30,HIGH_RISK,MEDIUM (10L-50L),CENTRAL_CPPP
2018_HPIPH_23672_1,HIMACHAL PRADESH,EXECUTIVE ENGINEER,KULBINDER SINGH GOVERNMENT CONTRACTOR,3304257.0,3460273.0,9,20.75,NONE,0,LOW_RISK,MEDIUM (10L-50L),HIMACHAL_PRADESH
2017_PWD_16555_1,HIMACHAL PRADESH,EXECUTIVE ENGINEER B AND R SOLAN,SUMAN SHARMA,1484096.72,1506096.0,6,5.958333333333333,"RF-4, RF-6",30,HIGH_RISK,MEDIUM (10L-50L),HIMACHAL_PRADESH
2018_HPIPH_24776_1,HIMACHAL PRADESH,EXECUTIVE ENGINEER,THAKUR TRADERS,979980.0,650226.0,6,12.708333333333334,"RF-5, RF-6",35,HIGH_RISK,SMALL (<10L),HIMACHAL_PRADESH
RAJ-RA-2021-01120,RAJASTHAN,RAJASTHAN RAJYA VIDYUT PRASARAN,AHLUWALIA CONTRACTS INDIA LIMITED,763816.59,867973.4,3,4.0,"RF-4, RF-6",30,HIGH_RISK,SMALL (<10L),RAJASTHAN
2017_PWD_16263_1,HIMACHAL PRADESH,EXECUTIVE ENGINEER,AJEET SINGH GOVERNMENT CONTRACTOR,388374.0,222910.0,17,9.291666666666666,"RF-5, RF-6",35,HIGH_RISK,SMALL (<10L),HIMACHAL_PRADESH
2019_PWD_26098_14,HIMACHAL PRADESH,EXECUTIVE ENGINEER,VIRENDER PRASHAD SHARMA,1654141.0,1288404.0,1,14.96875,"RF-1, RF-6",40,HIGH_RISK,MEDIUM (10L-50L),HIMACHAL_PRADESH
2017_PWD_16466_1,HIMACHAL PRADESH,EXECUTIVE ENGINEER CHOPAL,GHANSHYAM RATHORE,1311958.0,863442.0,1,14.07986111111111,"RF-1, RF-5",45,HIGH_RISK,MEDIUM (10L-50L),HIMACHAL_PRADESH
2017_UDDHP_17736_1,HIMACHAL PRADESH,EXECUTIVE OFFICER MC SOLAN,RAJESH KUMAR,706630.0,384061.0,4,6.916666666666667,"RF-4, RF-5, RF-6",50,HIGH_RISK,SMALL (<10L),HIMACHAL_PRADESH
2017_UDDHP_15784_1,HIMACHAL PRADESH,EXECUTIVE OFFICER MC SOLAN,JEEVAN SINGH,305218.0,200000.0,3,6.083333333333333,"RF-4, RF-5, RF-6",50,HIGH_RISK,SMALL (<10L),HIMACHAL_PRADESH
KAR-KA-2021-01246,KARNATAKA,KARNATAKA PUBLIC WORKS PORTS INLAND WATER,AHLUWALIA CONTRACTS INDIA LIMITED,6671238.4,4941658.07,3,30.0,"RF-5, RF-6",35,HIGH_RISK,LARGE (50L-5Cr),KARNATAKA
2019_HPIPH_25796_1,HIMACHAL PRADESH,EXECUTIVE ENGINEER,CHANDAN PARKASH,8337664.0,3057938.0,8,14.0,"RF-5, RF-6",35,HIGH_RISK,LARGE (50L-5Cr),HIMACHAL_PRADESH
2017_HPIPH_16816_1-1058,HIMACHAL PRADESH,EXECUTIVE ENGINEER IRRIGATION AND PUBLIC HEALTH DIVISION BARSAR,RAMA SHANKAER,3776959.28,2493776.0,6,10.25,"RF-5, RF-6",35,HIGH_RISK,MEDIUM (10L-50L),HIMACHAL_PRADESH
2017_PWD_16450_1,HIMACHAL PRADESH,EXECUTIVE ENGINEER,PAWAN KUMAR,4449900.0,4194153.0,3,5.0625,"RF-4, RF-6",30,HIGH_RISK,MEDIUM (10L-50L),HIMACHAL_PRADESH
2017_HPIPH_17291_2,HIMACHAL PRADESH,EXECUTIVE ENGINEER,M S PARDEEP SUBLAIK,2791088.0,1642359.0,2,21.95833333333333,"RF-5, RF-6",35,HIGH_RISK,MEDIUM (10L-50L),HIMACHAL_PRADESH
UTT-UT-2021-01029,UTTAR PRADESH,UP STATE HIGHWAY AUTHORITY,BHARAT DIAGNOSTIC SYSTEMS,2400971.09,2527337.99,3,21.0,NONE,0,LOW_RISK,MEDIUM (10L-50L),UTTAR_PRADESH
2017_PWD_16927_1,HIMACHAL PRADESH,EXECUTIVE ENGINEER ELECTRICAL DIVISION HIMACHAL PRADESH PUBLIC WORKS DEPARTMENT MANDI,AKSHAY KUMAR,1440079.0,1291666.0,6,11.979166666666666,NONE,0,LOW_RISK,MEDIUM (10L-50L),HIMACHAL_PRADESH
KAR-KA-2021-01070,KARNATAKA,KARNATAKA RURAL INFRASTRUCTURE,GUPTA AND SONS CONTRACTOR,4361653.98,4956424.98,4,6.0,"RF-4, RF-6",30,HIGH_RISK,MEDIUM (10L-50L),KARNATAKA
CEN-CE-2021-01190,CENTRAL,INDIAN RAILWAYS,NCC LIMITED INFRASTRUCTURE,4387588.77,4985896.33,3,14.0,RF-6,15,MEDIUM_RISK,MEDIUM (10L-50L),CENTRAL_CPPP
RAJ-RA-2021-01166,RAJASTHAN,JAIPUR DEVELOPMENT AUTHORITY,ZENITH INFRASTRUCTURE PROJECTS,600211.56,682058.59,1,30.0,"RF-1, RF-6",40,HIGH_RISK,SMALL (<10L),RAJASTHAN
2019_HPIPH_31770_1,HIMACHAL PRADESH,EXECUTIVE ENGINEER,BIR SINGH,1399156.0,1057907.0,3,18.0,"RF-5, RF-6",35,HIGH_RISK,MEDIUM (10L-50L),HIMACHAL_PRADESH
RAJ-RA-2021-01141,RAJASTHAN,PUBLIC HEALTH ENGINEERING DEPT RAJASTHAN,GUPTA AND SONS CONTRACTOR,5646397.52,4909910.88,2,4.0,"RF-4, RF-6",30,HIGH_RISK,LARGE (50L-5Cr),RAJASTHAN
2018_PWD_23341_1,HIMACHAL PRADESH,EXECUTIVE ENGINEER,NARESH VIJ GOVERNMENT CONTRACTOR,153964587.0,112470233.0,4,9.958333333333334,"RF-5, RF-6",35,HIGH_RISK,MEGA (>5Cr),HIMACHAL_PRADESH
2017_PWD_15456_1,HIMACHAL PRADESH,EXECUTIVE ENGINEER,ANIL KUMAR,26245724.0,17915095.0,1,7.871527777777778,"RF-1, RF-5, RF-6",60,HIGH_RISK,LARGE (50L-5Cr),HIMACHAL_PRADESH
2017_PWD_15698_1,HIMACHAL PRADESH,EXECUTIVE ENGINEER UNA DIVISION HIMACHAL PRADESH PUBLIC WORKS DEPARTMENT UNA,ARPIT PRASHAR,1118743.31,1209408.0,2,12.270833333333334,NONE,0,LOW_RISK,MEDIUM (10L-50L),HIMACHAL_PRADESH
2018_PWD_19775_3,HIMACHAL PRADESH,EXECUTIVE ENGINEER,JAMWAL ELECTRICAL WORKS,3291073.0,2758092.0,4,21.291666666666668,RF-6,15,MEDIUM_RISK,MEDIUM (10L-50L),HIMACHAL_PRADESH
2017_PWD_18012_1,HIMACHAL PRADESH,EX EN NH DIVISION HIMACHAL PRADESH PUBLIC WORKS DEPARTMENT SOLAN,VINAY THAKUR,4068690.0,3339064.0,4,6.875,RF-4,15,MEDIUM_RISK,MEDIUM (10L-50L),HIMACHAL_PRADESH
RAJ-RA-2021-01087,RAJASTHAN,RAJASTHAN RAJYA VIDYUT PRASARAN,NCC LIMITED INFRASTRUCTURE,3374037.0,3834132.96,4,6.0,"RF-4, RF-6",30,HIGH_RISK,MEDIUM (10L-50L),RAJASTHAN
CEN-CE-2021-01156,CENTRAL,MINISTRY OF HEALTH FAMILY WELFARE,DILIP BUILDCON LIMITED,11473524.73,10623634.01,2,4.0,"RF-4, RF-6",30,HIGH_RISK,LARGE (50L-5Cr),CENTRAL_CPPP
2017_HPIPH_17680_1,HIMACHAL PRADESH,EXECUTIVE ENGINEER,BHARAT SINGH VERMA,3164103.0,1594964.0,2,13.75,RF-5,20,MEDIUM_RISK,MEDIUM (10L-50L),HIMACHAL_PRADESH
2016_HPIPH_13212_1,HIMACHAL PRADESH,EXECUTIVE ENGINEER,VIJAY KUMAR C O VASUDEVA ELECTRICALS,1872550.0,1284027.0,6,7.708333333333333,"RF-5, RF-6",35,HIGH_RISK,MEDIUM (10L-50L),HIMACHAL_PRADESH
2019_MC_28264_10,HIMACHAL PRADESH,EXECUTIVE ENGINEER RB MUNICIPAL CORPORATION SHIMLA,SANJEEV KUMAR,719840.0,615200.0,3,11.729166666666666,NONE,0,LOW_RISK,SMALL (<10L),HIMACHAL_PRADESH
KAR-KA-2021-01003,KARNATAKA,KARNATAKA RURAL INFRASTRUCTURE,AFCONS INFRASTRUCTURE LIMITED,232294776.62,172070204.9,1,4.0,"RF-1, RF-4, RF-5, RF-6",75,HIGH_RISK,MEGA (>5Cr),KARNATAKA
2017_UDDHP_16007_1,HIMACHAL PRADESH,EXECUTIVE OFFICER MC SOLAN,ROHIT CHAUHAN,194093.0,113166.0,3,8.083333333333334,"RF-5, RF-6",35,HIGH_RISK,SMALL (<10L),HIMACHAL_PRADESH
RAJ-RA-2021-01194,RAJASTHAN,RAJASTHAN PUBLIC WORKS DEPARTMENT,GUPTA AND SONS CONTRACTOR,285442352.6,279845443.72,1,4.0,"RF-1, RF-4, RF-6",55,HIGH_RISK,MEGA (>5Cr),RAJASTHAN
MAH-MA-2021-01193,MAHARASHTRA,MAHARASHTRA PUBLIC WORKS DEPARTMENT,SHREE BALAJI ENTERPRISE,21503825.68,22635605.98,1,21.0,"RF-1, RF-6",40,HIGH_RISK,LARGE (50L-5Cr),MAHARASHTRA
2018_PWD_21632_1,HIMACHAL PRADESH,EXECUTIVE ENGINEER MC DIVISION HIMACHAL PRADESH PUBLIC WORKS DEPARTMENT TANDA,DILWAG SINGH GOVT COT,2683307.8,1778692.0,6,21.0,RF-5,20,MEDIUM_RISK,MEDIUM (10L-50L),HIMACHAL_PRADESH
KAR-KA-2021-01089,KARNATAKA,BRUHAT BENGALURU MAHANAGARA PALIKE BBMP,TATA PROJECTS LIMITED,24966889.81,23117490.56,1,30.0,"RF-1, RF-6",40,HIGH_RISK,LARGE (50L-5Cr),KARNATAKA
2017_UDDHP_15237_1,HIMACHAL PRADESH,EXECUTIVE OFFICER MC SOLAN,VINAY THAKUR,220182.0,131237.0,8,7.041666666666667,"RF-5, RF-6",35,HIGH_RISK,SMALL (<10L),HIMACHAL_PRADESH
MAH-MA-2021-01275,MAHARASHTRA,WATER RESOURCES DEPARTMENT MAHARASHTRA,VANGUARD POWER SERVICES,22382551.57,21943678.01,3,4.0,"RF-4, RF-6",30,HIGH_RISK,LARGE (50L-5Cr),MAHARASHTRA
UTT-UT-2021-01227,UTTAR PRADESH,UTTAR PRADESH JAL NIGAM,AHLUWALIA CONTRACTS INDIA LIMITED,4338276.96,4566607.32,2,6.0,"RF-4, RF-6",30,HIGH_RISK,MEDIUM (10L-50L),UTTAR_PRADESH
2017_PWD_15064_1,HIMACHAL PRADESH,EXECUTIVE ENGINEER,SURINDER KUMAR,8439104.0,6469613.0,2,18.02083333333333,"RF-5, RF-6",35,HIGH_RISK,LARGE (50L-5Cr),HIMACHAL_PRADESH
2018_PWD_19064_1,HIMACHAL PRADESH,EXECUTIVE ENGINEER,PRADEEP KUMAR,5333796.0,3886519.0,7,25.70833333333333,"RF-5, RF-6",35,HIGH_RISK,LARGE (50L-5Cr),HIMACHAL_PRADESH
2018_HPIPH_19200_1-950,HIMACHAL PRADESH,EXECUTIVE ENGINEER IRRIGATION AND PUBLIC HEALTH DIVISION BARSAR,M S PAWAN KUMAR SHARMA,1489000.0,1218675.0,4,6.208333333333333,"RF-4, RF-6",30,HIGH_RISK,MEDIUM (10L-50L),HIMACHAL_PRADESH
2017_PWD_15725_4,HIMACHAL PRADESH,EXECUTIVE ENGINEER,KAMAL THAKUR,814850.0,712599.0,2,21.041666666666668,RF-6,15,MEDIUM_RISK,SMALL (<10L),HIMACHAL_PRADESH
KAR-KA-2021-01164,KARNATAKA,BANGALORE METRO RAIL CORP,DILIP BUILDCON LIMITED,293343320.99,271614186.1,4,4.0,"RF-4, RF-6",30,HIGH_RISK,MEGA (>5Cr),KARNATAKA
2017_HPIPH_16816_1-1060,HIMACHAL PRADESH,EXECUTIVE ENGINEER IRRIGATION AND PUBLIC HEALTH DIVISION BARSAR,SANJEEV KUMAR SHARMA,3866919.65,2493776.0,6,10.25,"RF-5, RF-6",35,HIGH_RISK,MEDIUM (10L-50L),HIMACHAL_PRADESH
2018_HPIPH_22465_1,HIMACHAL PRADESH,EXECUTIVE ENGINEER,AJAY KUMAR GOVERNMENT CONTRACTOR,3105000.0,1508987.0,3,22.75,"RF-5, RF-6",35,HIGH_RISK,MEDIUM (10L-50L),HIMACHAL_PRADESH
2018_PWD_20222_2,HIMACHAL PRADESH,EXECUTIVE ENGINEER,KAPIL SHARMA,1386452.0,783233.0,2,18.041666666666668,"RF-5, RF-6",35,HIGH_RISK,MEDIUM (10L-50L),HIMACHAL_PRADESH
2017_PWD_17893_4,HIMACHAL PRADESH,EXECUTIVE ENGINEER,SUMAN SHARMA,1219162.0,1532257.0,5,5.708333333333333,"RF-4, RF-6",30,HIGH_RISK,MEDIUM (10L-50L),HIMACHAL_PRADESH
CEN-CE-2021-01286,CENTRAL,CENTRAL PUBLIC WORKS DEPARTMENT,NCC LIMITED INFRASTRUCTURE,3113407.67,3052360.46,3,21.0,RF-6,15,MEDIUM_RISK,MEDIUM (10L-50L),CENTRAL_CPPP
2018_PWD_19298_1,HIMACHAL PRADESH,EEHAMIRPUR,TARA CHAND GOVERNMENT CONTRACTOR,5597774.0,567482.0,8,10.6875,RF-5,20,MEDIUM_RISK,LARGE (50L-5Cr),HIMACHAL_PRADESH
2017_HPIPH_17611_1-1907,HIMACHAL PRADESH,EXECUTIVE ENGINEER IRRIGATION AND PUBLIC HEALTH DIVISION BARSAR,SUNIL VERMA,500934.0,248869.0,6,7.291666666666667,"RF-5, RF-6",35,HIGH_RISK,SMALL (<10L),HIMACHAL_PRADESH
2017_PWD_18080_1,HIMACHAL PRADESH,EXECUTIVE ENGINEER,RAM LAL CHAUDHARY,2039573.0,1294012.0,3,6.746527777777778,"RF-4, RF-5, RF-6",50,HIGH_RISK,MEDIUM (10L-50L),HIMACHAL_PRADESH
RAJ-RA-2021-01228,RAJASTHAN,RAJASTHAN RAJYA VIDYUT PRASARAN,NCC LIMITED INFRASTRUCTURE,4072530.22,3016689.05,3,14.0,"RF-5, RF-6",35,HIGH_RISK,MEDIUM (10L-50L),RAJASTHAN
2017_UDDHP_17735_1,HIMACHAL PRADESH,EXECUTIVE OFFICER MC SOLAN,SUBHASH CHAND RANA,998010.0,529350.0,3,6.708333333333333,"RF-4, RF-5, RF-6",50,HIGH_RISK,SMALL (<10L),HIMACHAL_PRADESH
KAR-KA-2021-01153,KARNATAKA,BANGALORE METRO RAIL CORP,BHARAT DIAGNOSTIC SYSTEMS,17947090.21,16617676.12,2,4.0,"RF-4, RF-6",30,HIGH_RISK,LARGE (50L-5Cr),KARNATAKA
2017_UDDHP_16375_1,HIMACHAL PRADESH,EXECUTIVE OFFICER MC SOLAN,GURU DEV SINGH,901842.0,400000.0,3,8.208333333333334,"RF-5, RF-6",35,HIGH_RISK,SMALL (<10L),HIMACHAL_PRADESH
2018_PWD_19794_1,HIMACHAL PRADESH,EXECUTIVE ENGINEER MANDI DIVISION NO II HIMACHAL PRADESH PUBLIC WORKS DEPARTMENT MANDI,DINESH KUMAR SHARMA CONST P LIMITED,2968744.0,2563292.0,2,6.708333333333333,"RF-4, RF-6",30,HIGH_RISK,MEDIUM (10L-50L),HIMACHAL_PRADESH
2017_PWD_16988_1,HIMACHAL PRADESH,EXECUTIVE ENGINEER,BHUPINDER SINGH,397707.0,267144.0,27,25.0,"RF-5, RF-6",35,HIGH_RISK,SMALL (<10L),HIMACHAL_PRADESH
2017_HPIPH_17572_1,HIMACHAL PRADESH,EXECUTIVE ENGINEERIPH DIVN NO 1 UNA HP,GAGAN OHRI,4110297.0,3726482.0,3,21.291666666666668,NONE,0,LOW_RISK,MEDIUM (10L-50L),HIMACHAL_PRADESH
UTT-UT-2021-01121,UTTAR PRADESH,UTTAR PRADESH PUBLIC WORKS DEPARTMENT,VANGUARD POWER SERVICES,306077037.76,300075527.22,3,4.0,"RF-4, RF-6",30,HIGH_RISK,MEGA (>5Cr),UTTAR_PRADESH
2019_PWD_28286_1,HIMACHAL PRADESH,EXECUTIVE ENGINEER ELECT DIVN NO II HIMACHAL PRADESH PUBLIC WORKS DEPARTMENT SHIMLA 2,SHANTI INFOTECH,5754541.0,7930057.0,3,13.979166666666666,NONE,0,LOW_RISK,LARGE (50L-5Cr),HIMACHAL_PRADESH
2017_PWD_15702_5,HIMACHAL PRADESH,EXECUTIVE ENGINEER CHAMBA DIVISION HIMACHAL PRADESH PUBLIC WORKS DEPARTMENT CHAMBA,MANESH MEHTA,1698356.0,1296576.0,2,20.75,"RF-5, RF-6",35,HIGH_RISK,MEDIUM (10L-50L),HIMACHAL_PRADESH
2017_UDDHP_15239_1,HIMACHAL PRADESH,EXECUTIVE OFFICER MC SOLAN,RITESH VERMA GOVERNMENT CONTRACTOR,209939.0,123421.0,4,7.052083333333333,"RF-5, RF-6",35,HIGH_RISK,SMALL (<10L),HIMACHAL_PRADESH
KAR-KA-2021-01139,KARNATAKA,HEALTH FAMILY WELFARE KARNATAKA,NCC LIMITED INFRASTRUCTURE,5385578.75,3989317.59,3,4.0,"RF-4, RF-5",35,HIGH_RISK,LARGE (50L-5Cr),KARNATAKA
RAJ-RA-2021-01245,RAJASTHAN,RAJASTHAN PUBLIC WORKS DEPARTMENT,GUPTA AND SONS CONTRACTOR,210080882.88,238728276.0,2,6.0,"RF-4, RF-6",30,HIGH_RISK,MEGA (>5Cr),RAJASTHAN
CEN-CE-2021-01295,CENTRAL,CENTRAL PUBLIC WORKS DEPARTMENT,TATA PROJECTS LIMITED,4520854.22,4758793.91,3,6.0,"RF-3, RF-4, RF-6",50,HIGH_RISK,MEDIUM (10L-50L),CENTRAL_CPPP
MAH-MA-2021-01115,MAHARASHTRA,MMRDA URBAN TRANSPORT,SHREE BALAJI ENTERPRISE,4338354.44,4929948.23,3,4.0,"RF-4, RF-6",30,HIGH_RISK,MEDIUM (10L-50L),MAHARASHTRA
CEN-CE-2021-01076,CENTRAL,INDIAN RAILWAYS,GUPTA AND SONS CONTRACTOR,5297855.18,4905421.47,2,4.0,"RF-4, RF-6",30,HIGH_RISK,LARGE (50L-5Cr),CENTRAL_CPPP
2017_PWD_18526_2,HIMACHAL PRADESH,EXECUTIVE ENGINEER JUBBAL,ARUN NEGI,9670236.0,5160038.0,2,6.916666666666667,"RF-4, RF-5",35,HIGH_RISK,LARGE (50L-5Cr),HIMACHAL_PRADESH
KAR-KA-2021-01155,KARNATAKA,KARNATAKA PUBLIC WORKS PORTS INLAND WATER,TATA PROJECTS LIMITED,5100392.52,4722585.67,2,6.0,"RF-4, RF-6",30,HIGH_RISK,LARGE (50L-5Cr),KARNATAKA
2019_HPIPH_31436_1,HIMACHAL PRADESH,EXECUTIVE ENGINEER,VIJAY KUMAR KUSHWAHA,2400000.0,1500000.0,2,13.67013888888889,"RF-5, RF-6",35,HIGH_RISK,MEDIUM (10L-50L),HIMACHAL_PRADESH
CEN-CE-2021-01310,CENTRAL,INDIAN RAILWAYS,KNR CONSTRUCTION,680751.29,716580.31,3,6.0,"RF-4, RF-6",30,HIGH_RISK,SMALL (<10L),CENTRAL_CPPP
RAJ-RA-2021-01150,RAJASTHAN,PUBLIC HEALTH ENGINEERING DEPT RAJASTHAN,AFCONS INFRASTRUCTURE LIMITED,235234742.41,267312207.29,1,30.0,"RF-1, RF-6",40,HIGH_RISK,MEGA (>5Cr),RAJASTHAN
2018_PWD_19891_12-1120,HIMACHAL PRADESH,EXECUTIVE ENGINEER PUBLIC WORKS DEPARTMENT DIVISION FATEHPUR,V S SAINI,1137257.0,1032589.0,2,20.27083333333333,RF-6,15,MEDIUM_RISK,MEDIUM (10L-50L),HIMACHAL_PRADESH
2018_FDC_19021_2,HIMACHAL PRADESH,DIVISIONAL MANAGER,KESAR SINGH,327867.0,283687.0,1,5.020833333333333,"RF-1, RF-4",40,HIGH_RISK,SMALL (<10L),HIMACHAL_PRADESH
2018_FDC_19798_1,HIMACHAL PRADESH,DIVISIONAL MANAGER,SANJEEV GOYAL,4859887.0,4345017.0,1,6.75,"RF-1, RF-3, RF-4",60,HIGH_RISK,MEDIUM (10L-50L),HIMACHAL_PRADESH
MAH-MA-2021-01134,MAHARASHTRA,MAHARASHTRA PUBLIC WORKS DEPARTMENT,GUPTA AND SONS CONTRACTOR,82160006.93,60859264.39,2,21.0,"RF-5, RF-6",35,HIGH_RISK,MEGA (>5Cr),MAHARASHTRA
RAJ-RA-2021-01095,RAJASTHAN,RAJASTHAN RAJYA VIDYUT PRASARAN,AHLUWALIA CONTRACTS INDIA LIMITED,6701201.3,4963852.82,1,14.0,"RF-1, RF-5, RF-6",60,HIGH_RISK,LARGE (50L-5Cr),RAJASTHAN
MAH-MA-2021-01293,MAHARASHTRA,WATER RESOURCES DEPARTMENT MAHARASHTRA,KNR CONSTRUCTION,19556466.48,18107839.34,1,6.0,"RF-1, RF-4, RF-6",55,HIGH_RISK,LARGE (50L-5Cr),MAHARASHTRA
CEN-CE-2021-01226,CENTRAL,INDIAN RAILWAYS,APEX MEDITECH SOLUTIONS,6669039.23,4940029.06,3,6.0,"RF-4, RF-5, RF-6",50,HIGH_RISK,LARGE (50L-5Cr),CENTRAL_CPPP
2017_UDDHP_15794_1,HIMACHAL PRADESH,EXECUTIVE OFFICER MC SOLAN,RAMESH CHAND,621911.0,469821.0,4,6.041666666666667,"RF-4, RF-5, RF-6",50,HIGH_RISK,SMALL (<10L),HIMACHAL_PRADESH
2017_UDDHP_17981_1,HIMACHAL PRADESH,NAGAR PANCHAYAT REWALSAR,HARISH SHARMA,771175.5,856993.0,3,20.0,RF-2,25,MEDIUM_RISK,SMALL (<10L),HIMACHAL_PRADESH
KAR-KA-2021-01005,KARNATAKA,BANGALORE METRO RAIL CORP,PNC INFRATECH LIMITED,4668154.02,4913846.33,5,6.0,"RF-3, RF-4, RF-6",50,HIGH_RISK,MEDIUM (10L-50L),KARNATAKA
CEN-CE-2021-01343,CENTRAL,DEFENCE RESEARCH DEVELOPMENT ORG,VANGUARD POWER SERVICES,124270177.82,141216111.15,1,21.0,"RF-1, RF-6",40,HIGH_RISK,MEGA (>5Cr),CENTRAL_CPPP
2018_HPIPH_25164_1,HIMACHAL PRADESH,EXECUTIVE ENGINEER,ABHISHEK DHIMAN,9716500.0,6716160.0,3,12.75,RF-5,20,MEDIUM_RISK,LARGE (50L-5Cr),HIMACHAL_PRADESH
2017_PWD_14695_1,HIMACHAL PRADESH,EXECUTIVE ENGINEER MANDI DIVN NO I HIMACHAL PRADESH PUBLIC WORKS DEPARTMENT MANDI,ABHIMANYU GORSI,1494966.5,1526648.0,2,20.166666666666668,NONE,0,LOW_RISK,MEDIUM (10L-50L),HIMACHAL_PRADESH
2018_PWD_19848_1,HIMACHAL PRADESH,EXECUTIVE ENGINEER CHAMBA DIVISION HIMACHAL PRADESH PUBLIC WORKS DEPARTMENT CHAMBA,MANESH MEHTA,442883.0,314884.0,2,20.75,"RF-5, RF-6",35,HIGH_RISK,SMALL (<10L),HIMACHAL_PRADESH
2018_HPIPH_24741_1,HIMACHAL PRADESH,EXECUTIVE ENGINEER,HYDRAULIC ENGINEERING COMPANY,55736491.0,32950390.0,3,9.041666666666666,"RF-5, RF-6",35,HIGH_RISK,MEGA (>5Cr),HIMACHAL_PRADESH
MAH-MA-2021-01247,MAHARASHTRA,PUBLIC HEALTH DEPT MUMBAI,VANGUARD POWER SERVICES,4219467.46,3906914.32,8,14.0,RF-6,15,MEDIUM_RISK,MEDIUM (10L-50L),MAHARASHTRA
2018_PWD_19361_1-692,HIMACHAL PRADESH,EXECUTIVE ENGINEER MANDI DIVISION NO 2 HIMACHAL PRADESH PUBLIC WORKS DEPARTMENT MANDI,AJAY PATHANIA,12361945.0,12361945.0,5,10.708333333333334,NONE,0,LOW_RISK,LARGE (50L-5Cr),HIMACHAL_PRADESH
2019_PWD_32979_3,HIMACHAL PRADESH,EXECUTIVE ENGINEER CHAMBA DIVISION HIMACHAL PRADESH PUBLIC WORKS DEPARTMENT CHAMBA,DHEERAJ BADYAL GOVERNMENT CONTRACTOR,2930636.0,2078365.0,3,13.291666666666666,"RF-5, RF-6",35,HIGH_RISK,MEDIUM (10L-50L),HIMACHAL_PRADESH
2017_PWD_17427_2,HIMACHAL PRADESH,EXECUTIVE ENGINEER,SHIV KUMAR,978638.0,1226460.0,4,21.041666666666668,RF-6,15,MEDIUM_RISK,SMALL (<10L),HIMACHAL_PRADESH
2018_YSPU_24669_1,HIMACHAL PRADESH,EXECUTIVE ENGINEER CONST,M S INDU FURNITURE,2630000.0,2520170.0,7,8.680555555555555,NONE,0,LOW_RISK,MEDIUM (10L-50L),HIMACHAL_PRADESH
CEN-CE-2021-01326,CENTRAL,DEFENCE RESEARCH DEVELOPMENT ORG,KNR CONSTRUCTION,84122563.1,95593821.7,2,4.0,"RF-4, RF-6",30,HIGH_RISK,MEGA (>5Cr),CENTRAL_CPPP
2017_PWD_17626_2,HIMACHAL PRADESH,EXECUTIVE ENGINEER,MOHAN SINGH,364359.0,392892.0,3,27.95833333333333,RF-6,15,MEDIUM_RISK,SMALL (<10L),HIMACHAL_PRADESH
2018_HPIPH_24755_1,HIMACHAL PRADESH,EXECUTIVE ENGINEER,MINHAS TECHNO ECONOMICAL CONSULTANCY PRIVATE LIMITED,3442800.0,2052996.0,2,12.75,"RF-5, RF-6",35,HIGH_RISK,MEDIUM (10L-50L),HIMACHAL_PRADESH
CEN-CE-2021-01113,CENTRAL,DEFENCE RESEARCH DEVELOPMENT ORG,APEX MEDITECH SOLUTIONS,1712226.58,1678653.51,1,14.0,"RF-1, RF-6",40,HIGH_RISK,MEDIUM (10L-50L),CENTRAL_CPPP
KAR-KA-2021-01168,KARNATAKA,BRUHAT BENGALURU MAHANAGARA PALIKE BBMP,PNC INFRATECH LIMITED,2396985.96,2219431.45,1,6.0,"RF-1, RF-4",40,HIGH_RISK,MEDIUM (10L-50L),KARNATAKA
2018_HPIPH_25211_1,HIMACHAL PRADESH,EXECUTIVE ENGINEER,NAVEEN KUMAR,4997940.0,5063611.0,6,13.75,"RF-3, RF-6",35,HIGH_RISK,MEDIUM (10L-50L),HIMACHAL_PRADESH
2019_HPIPH_26067_1,HIMACHAL PRADESH,EXECUTIVE ENGINEER,DEVENDER KUMAR,2268165.0,2304974.0,3,16.0,NONE,0,LOW_RISK,MEDIUM (10L-50L),HIMACHAL_PRADESH
MAH-MA-2021-01029,MAHARASHTRA,MAHARASHTRA PUBLIC WORKS DEPARTMENT,BHARAT DIAGNOSTIC SYSTEMS,4386127.91,4984236.27,3,4.0,"RF-4, RF-6",30,HIGH_RISK,MEDIUM (10L-50L),MAHARASHTRA
KAR-KA-2021-01125,KARNATAKA,KARNATAKA RURAL INFRASTRUCTURE,DILIP BUILDCON LIMITED,24640219.89,18252014.73,3,4.0,"RF-4, RF-5, RF-6",50,HIGH_RISK,LARGE (50L-5Cr),KARNATAKA
CEN-CE-2021-01136,CENTRAL,INDIAN RAILWAYS,AHLUWALIA CONTRACTS INDIA LIMITED,6707718.6,4968680.45,2,4.0,"RF-4, RF-5, RF-6",50,HIGH_RISK,LARGE (50L-5Cr),CENTRAL_CPPP
RAJ-RA-2021-01028,RAJASTHAN,RAJASTHAN PUBLIC WORKS DEPARTMENT,SHARMA ENGINEERING WORKS,11907480.95,11674000.93,3,14.0,RF-6,15,MEDIUM_RISK,LARGE (50L-5Cr),RAJASTHAN
CEN-CE-2021-01099,CENTRAL,DEFENCE RESEARCH DEVELOPMENT ORG,APEX MEDITECH SOLUTIONS,15598586.89,16419565.15,4,4.0,"RF-4, RF-6",30,HIGH_RISK,LARGE (50L-5Cr),CENTRAL_CPPP
MAH-MA-2021-01178,MAHARASHTRA,MMRDA URBAN TRANSPORT,NCC LIMITED INFRASTRUCTURE,13475900.59,9982148.58,3,4.0,"RF-4, RF-5, RF-6",50,HIGH_RISK,LARGE (50L-5Cr),MAHARASHTRA
2017_HPIPH_18200_1,HIMACHAL PRADESH,EXECUTIVE ENGINEER,MS KAMAL DEV SHARMA,19890327.0,13612935.0,3,23.791666666666668,"RF-5, RF-6",35,HIGH_RISK,LARGE (50L-5Cr),HIMACHAL_PRADESH
CEN-CE-2021-01128,CENTRAL,CENTRAL PUBLIC WORKS DEPARTMENT,GUPTA AND SONS CONTRACTOR,6738334.26,4991358.71,2,14.0,"RF-5, RF-6",35,HIGH_RISK,LARGE (50L-5Cr),CENTRAL_CPPP
2018_PWD_20127_1-928,HIMACHAL PRADESH,EXECUTIVE ENGINEER,VINOD KUMAR,1524591.0,1032008.0,2,12.25,"RF-5, RF-6",35,HIGH_RISK,MEDIUM (10L-50L),HIMACHAL_PRADESH
2017_PWD_15210_5,HIMACHAL PRADESH,EXECUTIVE ENGINEER,PARDEEP SHARMA,953228.0,591413.0,3,21.041666666666668,"RF-5, RF-6",35,HIGH_RISK,SMALL (<10L),HIMACHAL_PRADESH
2017_HPIPH_17989_1,HIMACHAL PRADESH,EXECUTIVE ENGINEER,MAHOKAM SINGH,3304201.0,3111006.0,2,12.041666666666666,RF-6,15,MEDIUM_RISK,MEDIUM (10L-50L),HIMACHAL_PRADESH
CEN-CE-2021-01201,CENTRAL,DEFENCE RESEARCH DEVELOPMENT ORG,VANGUARD POWER SERVICES,70020075.26,51866722.42,1,4.0,"RF-1, RF-4, RF-5, RF-6",75,HIGH_RISK,MEGA (>5Cr),CENTRAL_CPPP
CEN-CE-2021-01028,CENTRAL,CENTRAL PUBLIC WORKS DEPARTMENT,GUPTA AND SONS CONTRACTOR,5366132.69,4968641.38,3,4.0,"RF-4, RF-6",30,HIGH_RISK,LARGE (50L-5Cr),CENTRAL_CPPP
2019_HPIPH_29540_1,HIMACHAL PRADESH,EXECUTIVE ENGINEER,HYDRAULIC ENGINEERING COMPANY,2650598.0,1980853.0,2,13.75,"RF-5, RF-6",35,HIGH_RISK,MEDIUM (10L-50L),HIMACHAL_PRADESH
2017_PWD_17016_1,HIMACHAL PRADESH,EXECUTIVE ENGINEER KAROSG,SURESH SHARMA GOVERNMENT CONTRACTOR,1854296.0,1526648.0,1,6.0,"RF-1, RF-4",40,HIGH_RISK,MEDIUM (10L-50L),HIMACHAL_PRADESH
2017_PWD_14869_1,HIMACHAL PRADESH,EXECUTIVE ENGINEER,BALDEV SINGH,913806.0,684905.0,3,6.333333333333333,"RF-4, RF-5",35,HIGH_RISK,SMALL (<10L),HIMACHAL_PRADESH
2018_PWD_23121_3,HIMACHAL PRADESH,EXECUTIVE ENGINEER,PARMOD KUMAR,2219098.0,1386288.0,4,23.02083333333333,"RF-5, RF-6",35,HIGH_RISK,MEDIUM (10L-50L),HIMACHAL_PRADESH
2018_PWD_19821_1,HIMACHAL PRADESH,EXECUTIVE ENGINEER,VASU DEV SHARMA,1531388.0,1277820.0,6,11.739583333333334,RF-6,15,MEDIUM_RISK,MEDIUM (10L-50L),HIMACHAL_PRADESH
2019_HPIPH_31379_1,HIMACHAL PRADESH,EXECUTIVE ENGINEER IRRIGATION AND PUBLIC HEALTH DIVISION BARSAR,SAMJEEV MALHOTRA,2349807.85,1539605.0,4,17.791666666666668,RF-5,20,MEDIUM_RISK,MEDIUM (10L-50L),HIMACHAL_PRADESH
2017_PWD_14662_1,HIMACHAL PRADESH,EXECUTIVE ENGINEER,SANJAY SAINI,2816164.0,1993326.0,3,21.02083333333333,"RF-5, RF-6",35,HIGH_RISK,MEDIUM (10L-50L),HIMACHAL_PRADESH
2017_PWD_17358_2,HIMACHAL PRADESH,EXECUTIVE ENGINEER,BHUPENDER CHAUHAN,1198581.0,973265.0,2,7.666666666666667,NONE,0,LOW_RISK,MEDIUM (10L-50L),HIMACHAL_PRADESH
CEN-CE-2021-01302,CENTRAL,INDIAN RAILWAYS,AHLUWALIA CONTRACTS INDIA LIMITED,1227104.78,1067047.63,2,6.0,"RF-4, RF-6",30,HIGH_RISK,MEDIUM (10L-50L),CENTRAL_CPPP
KAR-KA-2021-01001,KARNATAKA,BANGALORE METRO RAIL CORP,BHARAT DIAGNOSTIC SYSTEMS,4080087.1,3777858.43,2,6.0,"RF-4, RF-6",30,HIGH_RISK,MEDIUM (10L-50L),KARNATAKA
CEN-CE-2021-01231,CENTRAL,NHAI HIGHWAYS,NCC LIMITED INFRASTRUCTURE,6364274.25,4714277.22,1,30.0,"RF-1, RF-5, RF-6",60,HIGH_RISK,LARGE (50L-5Cr),CENTRAL_CPPP
KAR-KA-2021-01025,KARNATAKA,HEALTH FAMILY WELFARE KARNATAKA,SHREE BALAJI ENTERPRISE,447008577.7,331117464.97,3,4.0,"RF-4, RF-5",35,HIGH_RISK,MEGA (>5Cr),KARNATAKA
CEN-CE-2021-01075,CENTRAL,CENTRAL PUBLIC WORKS DEPARTMENT,VANGUARD POWER SERVICES,15392318.58,17491271.12,4,4.0,"RF-4, RF-6",30,HIGH_RISK,LARGE (50L-5Cr),CENTRAL_CPPP
MAH-MA-2021-01201,MAHARASHTRA,PUBLIC HEALTH DEPT MUMBAI,GUPTA AND SONS CONTRACTOR,2071406.86,2180428.28,4,4.0,"RF-4, RF-6",30,HIGH_RISK,MEDIUM (10L-50L),MAHARASHTRA
2019_HPIPH_27950_1,HIMACHAL PRADESH,EXECUTIVE ENGINEER,OMKAR CHAND,2116617.0,1330654.0,4,5.041666666666667,"RF-4, RF-5, RF-6",50,HIGH_RISK,MEDIUM (10L-50L),HIMACHAL_PRADESH
CEN-CE-2021-01244,CENTRAL,DEFENCE RESEARCH DEVELOPMENT ORG,LARSEN AND TOUBRO CONSTRUCTION,14158697.15,16089428.58,3,6.0,"RF-4, RF-6",30,HIGH_RISK,LARGE (50L-5Cr),CENTRAL_CPPP
MAH-MA-2021-01104,MAHARASHTRA,MSEDCL POWER DISTRIBUTION,DILIP BUILDCON LIMITED,10105506.76,10637375.53,1,21.0,"RF-1, RF-6",40,HIGH_RISK,LARGE (50L-5Cr),MAHARASHTRA
2019_PWD_28032_1,HIMACHAL PRADESH,EXECUTIVE ENGINEER,MOHAN SINGH,8804146.0,6167884.0,3,5.708333333333333,"RF-4, RF-5, RF-6",50,HIGH_RISK,LARGE (50L-5Cr),HIMACHAL_PRADESH
2017_MC_14905_6,HIMACHAL PRADESH,EXECUTIVE ENGINEER,NARINDER KUMAR,1330032.0,1210000.0,2,6.729166666666667,RF-4,15,MEDIUM_RISK,MEDIUM (10L-50L),HIMACHAL_PRADESH
2018_HPSED_19882_4,HIMACHAL PRADESH,MANAGING DIRECTOR,H H TECHNOLOGY PRIVATE LIMITED,4141139.0,4000000.0,2,5.916666666666667,RF-4,15,MEDIUM_RISK,MEDIUM (10L-50L),HIMACHAL_PRADESH
2018_HPIPH_25500_1,HIMACHAL PRADESH,EXECUTIVE ENGINEER,HYDRAULIC ENGINEERING COMPANY,3847379.0,2581880.0,5,17.75,"RF-5, RF-6",35,HIGH_RISK,MEDIUM (10L-50L),HIMACHAL_PRADESH
2019_HPIPH_26965_1-2042,HIMACHAL PRADESH,EXECUTIVE ENGINEER,JAVED KHAN,2173888.0,17316348.0,2,13.711805555555555,RF-6,15,MEDIUM_RISK,MEDIUM (10L-50L),HIMACHAL_PRADESH
2017_UDDHP_17135_1,HIMACHAL PRADESH,EXECUTIVE OFFICER MC SOLAN,BHUPENDER SINGH THAKUR,479586.0,357237.0,3,6.041666666666667,"RF-4, RF-5, RF-6",50,HIGH_RISK,SMALL (<10L),HIMACHAL_PRADESH
2018_HIMUD_25303_1,HIMACHAL PRADESH,EXECUTIVE ENGINEER HIMUDA DIVISION MANDI,ASHWANI SHARMA,4242549.61,3099526.0,1,12.270833333333334,"RF-1, RF-5",45,HIGH_RISK,MEDIUM (10L-50L),HIMACHAL_PRADESH
2017_PWD_17633_4,HIMACHAL PRADESH,EXECUTIVE ENGINEER,NARINDER THAKUR,190000.0,220000.0,2,20.791666666666668,RF-6,15,MEDIUM_RISK,SMALL (<10L),HIMACHAL_PRADESH
UTT-UT-2021-01023,UTTAR PRADESH,UTTAR PRADESH PUBLIC WORKS DEPARTMENT,GUPTA AND SONS CONTRACTOR,12749445.46,13420468.91,1,21.0,"RF-1, RF-6",40,HIGH_RISK,LARGE (50L-5Cr),UTTAR_PRADESH
2017_UDDHP_17955_1,HIMACHAL PRADESH,EXECUTIVE ENGINEER DMC,ROHIT,1353852.0,930205.0,3,16.708333333333332,"RF-5, RF-6",35,HIGH_RISK,MEDIUM (10L-50L),HIMACHAL_PRADESH
KAR-KA-2021-01244,KARNATAKA,BANGALORE METRO RAIL CORP,DILIP BUILDCON LIMITED,239531309.36,177430599.52,5,4.0,"RF-4, RF-5, RF-6",50,HIGH_RISK,MEGA (>5Cr),KARNATAKA
2017_UDDHP_18347_1,HIMACHAL PRADESH,EXECUTIVE OFFICER MC SOLAN,NAIN SINGH,396204.0,256000.0,3,5.25,"RF-4, RF-5, RF-6",50,HIGH_RISK,SMALL (<10L),HIMACHAL_PRADESH
2018_PWD_19631_2,HIMACHAL PRADESH,EXECUTIVE ENGINEER,ASHWANI KUMAR,1360593.0,1075246.0,9,21.95833333333333,RF-6,15,MEDIUM_RISK,MEDIUM (10L-50L),HIMACHAL_PRADESH
2018_PWD_19997_6,HIMACHAL PRADESH,EXECUTIVE ENGINEER JUBBAL,RAVINDER CHAUHAN,6951612.0,5210305.0,1,9.20486111111111,"RF-1, RF-5, RF-6",60,HIGH_RISK,LARGE (50L-5Cr),HIMACHAL_PRADESH
UTT-UT-2021-01037,UTTAR PRADESH,MEDICAL HEALTH FAMILY WELFARE LUCKNOW,LARSEN AND TOUBRO CONSTRUCTION,25321304.03,22018525.24,5,6.0,"RF-4, RF-6",30,HIGH_RISK,LARGE (50L-5Cr),UTTAR_PRADESH
CEN-CE-2021-01205,CENTRAL,INDIAN RAILWAYS,VANGUARD POWER SERVICES,2232410.28,2067046.56,3,4.0,"RF-4, RF-6",30,HIGH_RISK,MEDIUM (10L-50L),CENTRAL_CPPP
2019_HPIPH_29616_1,HIMACHAL PRADESH,EXECUTIVE ENGINEER IRRIGATION AND PUBLIC HEALTH DIVISION MANDI,KULDEP KUMAR,789064.0,718499.0,2,7.041666666666667,NONE,0,LOW_RISK,SMALL (<10L),HIMACHAL_PRADESH
2018_HPIPH_19200_1-949,HIMACHAL PRADESH,EXECUTIVE ENGINEER IRRIGATION AND PUBLIC HEALTH DIVISION BARSAR,M SBALAGI CONTECTOR,358627.0,1218675.0,4,6.208333333333333,"RF-4, RF-6",30,HIGH_RISK,SMALL (<10L),HIMACHAL_PRADESH
MAH-MA-2021-01202,MAHARASHTRA,MAHARASHTRA PUBLIC WORKS DEPARTMENT,APEX MEDITECH SOLUTIONS,4351204.02,4944550.02,1,6.0,"RF-1, RF-4, RF-6",55,HIGH_RISK,MEDIUM (10L-50L),MAHARASHTRA
RAJ-RA-2021-01055,RAJASTHAN,RAJASTHAN RAJYA VIDYUT PRASARAN,AFCONS INFRASTRUCTURE LIMITED,13457856.57,12460978.3,3,4.0,"RF-4, RF-6",30,HIGH_RISK,LARGE (50L-5Cr),RAJASTHAN
2018_HPIPH_21565_1,HIMACHAL PRADESH,EXECUTIVE ENGINEER IRRIGATION AND PUBLIC HEALTH DIVISION CHAMBA,RATAN CHAND,816332.0,639509.0,2,20.27083333333333,NONE,0,LOW_RISK,SMALL (<10L),HIMACHAL_PRADESH
2017_HCoHP_18772_1,HIMACHAL PRADESH,REGISTRAR GENERAL,GSV SYSTEMS LLP,10180250.0,10320000.0,6,15.25,"RF-2, RF-6",40,HIGH_RISK,LARGE (50L-5Cr),HIMACHAL_PRADESH
MAH-MA-2021-01083,MAHARASHTRA,MSEDCL POWER DISTRIBUTION,LARSEN AND TOUBRO CONSTRUCTION,8636337.96,7996609.23,1,6.0,"RF-1, RF-4, RF-6",55,HIGH_RISK,LARGE (50L-5Cr),MAHARASHTRA
2017_PWD_18448_1,HIMACHAL PRADESH,EXECUTIVE ENGINEER DHAMI,DINESH CHAUHAN,5021180.0,5171272.0,4,9.21875,NONE,0,LOW_RISK,LARGE (50L-5Cr),HIMACHAL_PRADESH
CEN-CE-2021-01094,CENTRAL,MINISTRY OF HEALTH FAMILY WELFARE,DILIP BUILDCON LIMITED,4879440.67,4783765.37,2,6.0,"RF-3, RF-4, RF-6",50,HIGH_RISK,MEDIUM (10L-50L),CENTRAL_CPPP
CEN-CE-2021-01193,CENTRAL,DEFENCE RESEARCH DEVELOPMENT ORG,APEX MEDITECH SOLUTIONS,6618607.18,4902671.98,2,30.0,"RF-5, RF-6",35,HIGH_RISK,LARGE (50L-5Cr),CENTRAL_CPPP
2017_PWD_15398_1,HIMACHAL PRADESH,EXECUTIVE ENGINEER,VIRENDER KUMAR GOVERNMENT CONTRACTOR,321782.0,237070.0,12,20.291666666666668,"RF-5, RF-6",35,HIGH_RISK,SMALL (<10L),HIMACHAL_PRADESH
2017_PWD_18526_1,HIMACHAL PRADESH,EXECUTIVE ENGINEER JUBBAL,RAKESH NEGI,9670236.0,5081122.0,2,6.916666666666667,"RF-4, RF-5",35,HIGH_RISK,LARGE (50L-5Cr),HIMACHAL_PRADESH
2017_PWD_15624_1,HIMACHAL PRADESH,EXECUTIVE ENGINEER PUBLIC WORKS DEPARTMENT PAONTA SAHIB,S S ASSOCIATES,4293079.0,3542485.0,1,21.104166666666668,"RF-1, RF-6",40,HIGH_RISK,MEDIUM (10L-50L),HIMACHAL_PRADESH
2018_PWD_20124_1,HIMACHAL PRADESH,EXECUTIVE ENGINEER UNA DIVISION HIMACHAL PRADESH PUBLIC WORKS DEPARTMENT UNA,SHIVALIK CONSTRUCTION COMPANY,915587.0,831554.0,3,6.270833333333333,RF-4,15,MEDIUM_RISK,SMALL (<10L),HIMACHAL_PRADESH
CEN-CE-2021-01149,CENTRAL,NHAI HIGHWAYS,TATA PROJECTS LIMITED,2422018.28,2106102.85,4,14.0,RF-6,15,MEDIUM_RISK,MEDIUM (10L-50L),CENTRAL_CPPP
2017_PWD_18072_1,HIMACHAL PRADESH,EXECUTIVE ENGINEER CHAMBA DIVISION HIMACHAL PRADESH PUBLIC WORKS DEPARTMENT CHAMBA,DILDAR ALI,11444545.0,7075828.0,4,21.041666666666668,RF-5,20,MEDIUM_RISK,LARGE (50L-5Cr),HIMACHAL_PRADESH
2020_DFHW_34986_6,HIMACHAL PRADESH,CHIEF MEDICAL OFFICER HAMIRPUR,HAMEER FACILITY MANAGEMENT PRIVATE LIMITED,1357000.0,1357000.0,5,16.333333333333332,"RF-2, RF-6",40,HIGH_RISK,MEDIUM (10L-50L),HIMACHAL_PRADESH
2019_HPIPH_29428_1,HIMACHAL PRADESH,EXECUTIVE ENGINEER,VINOD KUMAR,5668121.0,3427950.0,5,33.75,"RF-5, RF-6",35,HIGH_RISK,LARGE (50L-5Cr),HIMACHAL_PRADESH
2017_PWD_15011_1,HIMACHAL PRADESH,EXECUTIVE ENGINEER MANDI DIVISION NO 2 HIMACHAL PRADESH PUBLIC WORKS DEPARTMENT MANDI,BHUPINDER PAUL MAHAJAN,1497691.0,1426768.0,4,6.729166666666667,"RF-4, RF-6",30,HIGH_RISK,MEDIUM (10L-50L),HIMACHAL_PRADESH
KAR-KA-2021-01075,KARNATAKA,KARNATAKA PUBLIC WORKS PORTS INLAND WATER,LARSEN AND TOUBRO CONSTRUCTION,5022890.18,4924402.14,3,6.0,"RF-4, RF-6",30,HIGH_RISK,LARGE (50L-5Cr),KARNATAKA
2017_PWD_15011_1-3581,HIMACHAL PRADESH,EXECUTIVE ENGINEER MANDI DIVISION NO 2 HIMACHAL PRADESH PUBLIC WORKS DEPARTMENT MANDI,SANTOSH SHARMA,1426768.0,1426768.0,4,6.729166666666667,"RF-4, RF-6",30,HIGH_RISK,MEDIUM (10L-50L),HIMACHAL_PRADESH
2018_PWD_22672_1,HIMACHAL PRADESH,EXECUTIVE ENGINEER MANDI DIVISION NO II HIMACHAL PRADESH PUBLIC WORKS DEPARTMENT MANDI,S A ASSOCIATE,2844388.0,1613783.0,1,12.739583333333334,"RF-1, RF-5",45,HIGH_RISK,MEDIUM (10L-50L),HIMACHAL_PRADESH
2016_PWD_12382_5,HIMACHAL PRADESH,EXECUTIVE ENGINEER,H C BANSAL ENGINEERING CONTT,28614365.0,20038174.0,2,18.8125,RF-5,20,MEDIUM_RISK,LARGE (50L-5Cr),HIMACHAL_PRADESH
CEN-CE-2021-01194,CENTRAL,DEFENCE RESEARCH DEVELOPMENT ORG,NCC LIMITED INFRASTRUCTURE,16652757.04,17529217.94,1,14.0,"RF-1, RF-6",40,HIGH_RISK,LARGE (50L-5Cr),CENTRAL_CPPP
CEN-CE-2021-01238,CENTRAL,INDIAN RAILWAYS,GUPTA AND SONS CONTRACTOR,18435625.91,17070023.99,2,4.0,"RF-4, RF-6",30,HIGH_RISK,LARGE (50L-5Cr),CENTRAL_CPPP
2017_BBNDA_18708_1,HIMACHAL PRADESH,EXECUTIVE ENGINEER BBNDA BADDI,KUMAR ELECTRONICS COMPANY,521120.0,399524.0,2,5.180555555555555,"RF-4, RF-5",35,HIGH_RISK,SMALL (<10L),HIMACHAL_PRADESH
CEN-CE-2021-01097,CENTRAL,NHAI HIGHWAYS,AFCONS INFRASTRUCTURE LIMITED,72422420.44,62976017.77,1,4.0,"RF-1, RF-4, RF-6",55,HIGH_RISK,MEGA (>5Cr),CENTRAL_CPPP
2017_PWD_15400_1,HIMACHAL PRADESH,EXECUTIVE ENGINEER,BHUPINDER SINGH,337048.0,218840.0,12,20.291666666666668,"RF-5, RF-6",35,HIGH_RISK,SMALL (<10L),HIMACHAL_PRADESH
2014_HPIPH_4957_1-2469,HIMACHAL PRADESH,EXECUTIVE ENGINEER,RAKESH RANA,1930435.0,1879505.0,5,27.75,NONE,0,LOW_RISK,MEDIUM (10L-50L),HIMACHAL_PRADESH
2017_PWD_18173_1,HIMACHAL PRADESH,EXECUTIVE ENGINEER,GEETA RAM,608188.0,448623.0,3,20.729166666666668,"RF-5, RF-6",35,HIGH_RISK,SMALL (<10L),HIMACHAL_PRADESH
2017_HPIPH_17653_1-689,HIMACHAL PRADESH,EXECUTIVE ENGINEER IRRIGATION AND PUBLIC HEALTH DIVISION BARSAR,M SBALAGI CONTECTOR,851000.0,694200.0,6,7.0,RF-6,15,MEDIUM_RISK,SMALL (<10L),HIMACHAL_PRADESH
KAR-KA-2021-01196,KARNATAKA,KARNATAKA RURAL INFRASTRUCTURE,BHARAT DIAGNOSTIC SYSTEMS,8624587.62,6388583.42,1,6.0,"RF-1, RF-4, RF-5",60,HIGH_RISK,LARGE (50L-5Cr),KARNATAKA
2016_MC_10913_5,HIMACHAL PRADESH,EXECUTIVE ENGINEEER,NARESH VIJ GOVERNMENT CONTRACTOR,2017821.0,1212958.0,2,18.875,"RF-5, RF-6",35,HIGH_RISK,MEDIUM (10L-50L),HIMACHAL_PRADESH
2017_PWD_14994_1,HIMACHAL PRADESH,EXECUTIVE ENGINEER NH DIVISION HP PUBLIC WORKS DEPARTMENT SOLAN,MAMTA DEVI GOVERNMENT CONTRACTOR,1040581.0,969149.0,7,16.77777777777778,NONE,0,LOW_RISK,MEDIUM (10L-50L),HIMACHAL_PRADESH
2017_PWD_14650_1,HIMACHAL PRADESH,EXECUTIVE ENGINEER,PRATAP SINGH,3388084.0,3066219.0,9,29.916666666666668,NONE,0,LOW_RISK,MEDIUM (10L-50L),HIMACHAL_PRADESH
2018_PWD_19300_6,HIMACHAL PRADESH,EXECUTIVE ENGINEER PUBLIC WORKS DEPARTMENT SHILLAI,NITIN SHARMA,600093.0,456609.0,15,23.08333333333333,"RF-5, RF-6",35,HIGH_RISK,SMALL (<10L),HIMACHAL_PRADESH
2017_PWD_17633_5,HIMACHAL PRADESH,EXECUTIVE ENGINEER,PARDEEP SHARMA,1444387.0,926667.0,3,20.791666666666668,"RF-5, RF-6",35,HIGH_RISK,MEDIUM (10L-50L),HIMACHAL_PRADESH
CEN-CE-2021-01215,CENTRAL,NHAI HIGHWAYS,APEX MEDITECH SOLUTIONS,19900942.81,18426798.9,2,30.0,RF-6,15,MEDIUM_RISK,LARGE (50L-5Cr),CENTRAL_CPPP
2017_UDDHP_15259_1,HIMACHAL PRADESH,EXECUTIVE OFFICER MC SOLAN,RAMESH CHAND,347405.0,203310.0,2,7.083333333333333,"RF-5, RF-6",35,HIGH_RISK,SMALL (<10L),HIMACHAL_PRADESH
CEN-CE-2021-01339,CENTRAL,MINISTRY OF HEALTH FAMILY WELFARE,PNC INFRATECH LIMITED,938436.44,695138.1,2,4.0,"RF-4, RF-5, RF-6",50,HIGH_RISK,SMALL (<10L),CENTRAL_CPPP
2020_DFHW_36684_1,HIMACHAL PRADESH,SR MEDICAL SUPRINTENDENT,MD UTILITY,4500000.0,4500000.0,4,5.690972222222222,"RF-3, RF-4",35,HIGH_RISK,MEDIUM (10L-50L),HIMACHAL_PRADESH
2019_HPIPH_28925_1,HIMACHAL PRADESH,EXECUTIVE ENGINEER,HYDRAULIC ENGINEERING COMPANY,1993844.0,984159.0,2,20.875,"RF-5, RF-6",35,HIGH_RISK,MEDIUM (10L-50L),HIMACHAL_PRADESH
2017_PWD_18082_1,HIMACHAL PRADESH,EXECUTIVE ENGINEER,SOM DUTT,414032.0,244460.0,22,9.958333333333334,RF-5,20,MEDIUM_RISK,SMALL (<10L),HIMACHAL_PRADESH
CEN-CE-2021-01124,CENTRAL,INDIAN RAILWAYS,APEX MEDITECH SOLUTIONS,3398182.46,3331551.44,2,6.0,"RF-4, RF-6",30,HIGH_RISK,MEDIUM (10L-50L),CENTRAL_CPPP
2018_PWD_19706_1,HIMACHAL PRADESH,EXECUTIVE ENGINEER PUBLIC WORKS DEPARTMENT PAONTA SAHIB,S S ASSOCIATES,4277112.0,353184.0,2,16.9375,"RF-5, RF-6",35,HIGH_RISK,MEDIUM (10L-50L),HIMACHAL_PRADESH
2012_HPIPH_488_1,HIMACHAL PRADESH,EXECUTIVE ENGINEER,SURINDER KUMAR,11962500.0,5312179.0,2,22.1875,"RF-5, RF-6",35,HIGH_RISK,LARGE (50L-5Cr),HIMACHAL_PRADESH
2017_PWD_14728_1,HIMACHAL PRADESH,EXECUTIVE ENGINEER,NARINDER THAKUR,3767039.0,2549114.0,6,21.041666666666668,"RF-5, RF-6",35,HIGH_RISK,MEDIUM (10L-50L),HIMACHAL_PRADESH
2017_UDDHP_15584_1,HIMACHAL PRADESH,EXECUTIVE OFFICER MC SOLAN,BHUPENDER SINGH THAKUR,505893.0,300000.0,3,8.083333333333334,"RF-5, RF-6",35,HIGH_RISK,SMALL (<10L),HIMACHAL_PRADESH
2018_PWD_19674_1,HIMACHAL PRADESH,EXECUTIVE ENGINEER,VIJAY KUMAR,4854517.0,4210658.0,3,13.0,"RF-3, RF-6",35,HIGH_RISK,MEDIUM (10L-50L),HIMACHAL_PRADESH
CEN-CE-2021-01278,CENTRAL,DEFENCE RESEARCH DEVELOPMENT ORG,APEX MEDITECH SOLUTIONS,92517221.42,97386548.86,3,6.0,"RF-4, RF-6",30,HIGH_RISK,MEGA (>5Cr),CENTRAL_CPPP
KAR-KA-2021-01091,KARNATAKA,BANGALORE METRO RAIL CORP,SHREE BALAJI ENTERPRISE,4670797.09,4916628.51,3,4.0,"RF-3, RF-4",35,HIGH_RISK,MEDIUM (10L-50L),KARNATAKA
2017_PWD_16562_1,HIMACHAL PRADESH,EXECUTIVE ENGINEER,NAVNEET THAKUR,2354643.0,1098813.0,2,12.0,"RF-5, RF-6",35,HIGH_RISK,MEDIUM (10L-50L),HIMACHAL_PRADESH
2017_UDDHP_16441_1,HIMACHAL PRADESH,EXECUTIVE OFFICER MC SOLAN,YAJU PANT,240650.0,175000.0,3,6.291666666666667,"RF-4, RF-5, RF-6",50,HIGH_RISK,SMALL (<10L),HIMACHAL_PRADESH
UTT-UT-2021-01053,UTTAR PRADESH,UTTAR PRADESH JAL NIGAM,PNC INFRATECH LIMITED,159880922.57,118430313.01,1,14.0,"RF-1, RF-5, RF-6",60,HIGH_RISK,MEGA (>5Cr),UTTAR_PRADESH
KAR-KA-2021-01017,KARNATAKA,BANGALORE METRO RAIL CORP,KNR CONSTRUCTION,15306762.31,15006629.72,1,30.0,"RF-1, RF-6",40,HIGH_RISK,LARGE (50L-5Cr),KARNATAKA
2018_PWD_20211_1,HIMACHAL PRADESH,EXECUTIVE ENGINEE,M S SATISH KUMAR SHARMA,2241647.0,2141050.0,1,5.229166666666667,"RF-1, RF-2, RF-4, RF-6",80,HIGH_RISK,MEDIUM (10L-50L),HIMACHAL_PRADESH
2019_PWD_26098_1,HIMACHAL PRADESH,EXECUTIVE ENGINEER,RAHUL,816638.0,558197.0,7,15.0,"RF-5, RF-6",35,HIGH_RISK,SMALL (<10L),HIMACHAL_PRADESH
MAH-MA-2021-01207,MAHARASHTRA,PUBLIC HEALTH DEPT MUMBAI,VANGUARD POWER SERVICES,5650916.87,4913840.76,1,4.0,"RF-1, RF-4, RF-6",55,HIGH_RISK,LARGE (50L-5Cr),MAHARASHTRA
2017_UDDHP_16017_1,HIMACHAL PRADESH,EXECUTIVE OFFICER MC SOLAN,BHUPENDER SINGH THAKUR,346046.0,250000.0,3,8.083333333333334,"RF-5, RF-6",35,HIGH_RISK,SMALL (<10L),HIMACHAL_PRADESH
CEN-CE-2021-01209,CENTRAL,NHAI HIGHWAYS,TATA PROJECTS LIMITED,4743959.23,4993641.29,2,21.0,"RF-3, RF-6",35,HIGH_RISK,MEDIUM (10L-50L),CENTRAL_CPPP
UTT-UT-2021-01102,UTTAR PRADESH,NOIDA INDUSTRIAL DEVELOPMENT AUTH,VANGUARD POWER SERVICES,129047510.99,95590748.89,3,6.0,"RF-4, RF-5, RF-6",50,HIGH_RISK,MEGA (>5Cr),UTTAR_PRADESH
2017_PWD_16960_3,HIMACHAL PRADESH,EXECUTIVE ENGINEER JUBBAL,RAVINDER CHAUHAN,710186.0,2314335.0,1,11.0625,"RF-1, RF-6",40,HIGH_RISK,SMALL (<10L),HIMACHAL_PRADESH
2017_PWD_17732_3,HIMACHAL PRADESH,EXECUTIVE ENGINEER,PUNYA SINGH,6782101.0,3745289.0,2,9.15625,RF-5,20,MEDIUM_RISK,LARGE (50L-5Cr),HIMACHAL_PRADESH
UTT-UT-2021-01041,UTTAR PRADESH,UTTAR PRADESH PUBLIC WORKS DEPARTMENT,BHARAT DIAGNOSTIC SYSTEMS,249219703.82,244333042.96,3,4.0,"RF-4, RF-6",30,HIGH_RISK,MEGA (>5Cr),UTTAR_PRADESH
2018_HPIPH_21971_1,HIMACHAL PRADESH,EXECUTIVE ENGINEER,SURENDAR HANSRETTA,3398517.0,1674592.0,2,19.70833333333333,"RF-5, RF-6",35,HIGH_RISK,MEDIUM (10L-50L),HIMACHAL_PRADESH
2018_PWD_20243_1,HIMACHAL PRADESH,EXECUTIVE ENGINEER,PAWAN KUMAR,2138792.0,1532745.0,3,12.125,"RF-5, RF-6",35,HIGH_RISK,MEDIUM (10L-50L),HIMACHAL_PRADESH
UTT-UT-2021-01081,UTTAR PRADESH,UTTAR PRADESH JAL NIGAM,APEX MEDITECH SOLUTIONS,21684834.2,18856377.57,2,4.0,"RF-4, RF-6",30,HIGH_RISK,LARGE (50L-5Cr),UTTAR_PRADESH
2017_UDDHP_15782_1,HIMACHAL PRADESH,EXECUTIVE OFFICER MC SOLAN,VIKRANT SHARMA,626830.0,500000.0,3,6.083333333333333,"RF-4, RF-6",30,HIGH_RISK,SMALL (<10L),HIMACHAL_PRADESH
2017_HPIPH_18083_1,HIMACHAL PRADESH,EXECUTIVE ENGINEER,UNIPRO TECHNO INFRASTRUCTURE PRIVATE LIMITED,25011049.0,15381911.0,2,16.125,"RF-5, RF-6",35,HIGH_RISK,LARGE (50L-5Cr),HIMACHAL_PRADESH
2018_HPIPH_21226_1,HIMACHAL PRADESH,ESECUTIVE ENGINEER,NAVEEN KUMAR,596936.5,660315.0,9,12.75,NONE,0,LOW_RISK,SMALL (<10L),HIMACHAL_PRADESH
2018_HPIPH_21855_1,HIMACHAL PRADESH,EXECUTIVE ENGINEER,SINGH,1565000.0,1059573.0,5,21.729166666666668,"RF-5, RF-6",35,HIGH_RISK,MEDIUM (10L-50L),HIMACHAL_PRADESH
2018_PWD_19879_1,HIMACHAL PRADESH,EXECUTIVE ENGINEER,GIAN CHAND,2137690.0,2104052.0,1,12.0,"RF-1, RF-6",40,HIGH_RISK,MEDIUM (10L-50L),HIMACHAL_PRADESH
RAJ-RA-2021-01129,RAJASTHAN,RAJASTHAN PUBLIC WORKS DEPARTMENT,NCC LIMITED INFRASTRUCTURE,4373320.69,4969682.6,3,6.0,"RF-4, RF-6",30,HIGH_RISK,MEDIUM (10L-50L),RAJASTHAN
RAJ-RA-2021-01208,RAJASTHAN,MEDICAL HEALTH SERVICES JAIPUR,LARSEN AND TOUBRO CONSTRUCTION,7369398.4,7757261.47,4,4.0,"RF-4, RF-6",30,HIGH_RISK,LARGE (50L-5Cr),RAJASTHAN
KAR-KA-2021-01086,KARNATAKA,HEALTH FAMILY WELFARE KARNATAKA,SHARMA ENGINEERING WORKS,5085970.83,4986245.91,1,6.0,"RF-1, RF-4",40,HIGH_RISK,LARGE (50L-5Cr),KARNATAKA
2017_HPIPH_17462_1,HIMACHAL PRADESH,EXECUTIVE ENGINEER,KANWAR SINGH,1789131.0,2803294.0,7,19.9375,RF-6,15,MEDIUM_RISK,MEDIUM (10L-50L),HIMACHAL_PRADESH
KAR-KA-2021-01129,KARNATAKA,KARNATAKA PUBLIC WORKS PORTS INLAND WATER,VANGUARD POWER SERVICES,228381005.0,211463893.51,1,14.0,"RF-1, RF-6",40,HIGH_RISK,MEGA (>5Cr),KARNATAKA
MAH-MA-2021-01160,MAHARASHTRA,MSEDCL POWER DISTRIBUTION,TATA PROJECTS LIMITED,2018214.97,1494974.05,5,6.0,"RF-4, RF-5",35,HIGH_RISK,MEDIUM (10L-50L),MAHARASHTRA
2017_PWD_16447_4,HIMACHAL PRADESH,EXECUTIVE ENGINEER DHAMI,MANISH MOHAN SHARMA,653388.0,584898.0,5,7.020833333333333,NONE,0,LOW_RISK,SMALL (<10L),HIMACHAL_PRADESH
2018_MC_22409_1,HIMACHAL PRADESH,EXECUTIVE ENGINEER,KUL BUSHAN VERMA,7130710.0,7692952.0,6,15.75,NONE,0,LOW_RISK,LARGE (50L-5Cr),HIMACHAL_PRADESH
RAJ-RA-2021-01067,RAJASTHAN,JAIPUR DEVELOPMENT AUTHORITY,NCC LIMITED INFRASTRUCTURE,4759874.87,3525833.23,3,14.0,"RF-3, RF-5",40,HIGH_RISK,MEDIUM (10L-50L),RAJASTHAN
2018_BSMDA_19499_1,HIMACHAL PRADESH,ASSISTANT ENGINER,SURESH KUMAR,707519.0,666496.0,4,10.92361111111111,NONE,0,LOW_RISK,SMALL (<10L),HIMACHAL_PRADESH
RAJ-RA-2021-01096,RAJASTHAN,RAJASTHAN PUBLIC WORKS DEPARTMENT,NCC LIMITED INFRASTRUCTURE,16552526.29,18809688.97,1,30.0,"RF-1, RF-6",40,HIGH_RISK,LARGE (50L-5Cr),RAJASTHAN
2018_HPIPH_22823_1-2353,HIMACHAL PRADESH,EXECUTIVE ENGINEER,HYDRAULIC ENGINEERING COMPANY,6337726.0,4184100.0,4,14.729166666666666,"RF-5, RF-6",35,HIGH_RISK,LARGE (50L-5Cr),HIMACHAL_PRADESH
MAH-MA-2021-01048,MAHARASHTRA,MSEDCL POWER DISTRIBUTION,AHLUWALIA CONTRACTS INDIA LIMITED,6756913.21,5875576.7,4,6.0,"RF-4, RF-6",30,HIGH_RISK,LARGE (50L-5Cr),MAHARASHTRA
2018_PWD_20136_1,HIMACHAL PRADESH,EXECUTIVE ENGINEER,KULVINDER,2288874.0,1381494.0,2,12.0,"RF-5, RF-6",35,HIGH_RISK,MEDIUM (10L-50L),HIMACHAL_PRADESH
2018_MC_19418_1,HIMACHAL PRADESH,EXECUTIVE ENGINEER,GOKUL THAKUR,1741174.0,1380000.0,10,13.71875,NONE,0,LOW_RISK,MEDIUM (10L-50L),HIMACHAL_PRADESH
2018_PWD_19513_1,HIMACHAL PRADESH,EXECUTIVE ENGINEER B AND R SOLAN,UNIPRO,124814103.0,109638053.0,6,19.62847222222222,NONE,0,LOW_RISK,MEGA (>5Cr),HIMACHAL_PRADESH
UTT-UT-2021-01198,UTTAR PRADESH,NOIDA INDUSTRIAL DEVELOPMENT AUTH,NCC LIMITED INFRASTRUCTURE,2485437.42,2301330.94,1,21.0,"RF-1, RF-6",40,HIGH_RISK,MEDIUM (10L-50L),UTTAR_PRADESH
RAJ-RA-2021-01200,RAJASTHAN,PUBLIC HEALTH ENGINEERING DEPT RAJASTHAN,DILIP BUILDCON LIMITED,4488923.61,4400905.5,3,4.0,"RF-4, RF-6",30,HIGH_RISK,MEDIUM (10L-50L),RAJASTHAN
2018_HPIPH_19015_1,HIMACHAL PRADESH,EXECUTIVE ENGINEER,VIPAN KUMAR,2777477.0,1316908.0,4,20.791666666666668,"RF-5, RF-6",35,HIGH_RISK,MEDIUM (10L-50L),HIMACHAL_PRADESH
RAJ-RA-2021-01078,RAJASTHAN,MEDICAL HEALTH SERVICES JAIPUR,SHARMA ENGINEERING WORKS,91059349.5,67451370.0,3,30.0,"RF-5, RF-6",35,HIGH_RISK,MEGA (>5Cr),RAJASTHAN
UTT-UT-2021-01114,UTTAR PRADESH,NOIDA INDUSTRIAL DEVELOPMENT AUTH,KNR CONSTRUCTION,19312819.47,14305792.2,8,4.0,"RF-4, RF-5, RF-6",50,HIGH_RISK,LARGE (50L-5Cr),UTTAR_PRADESH
KAR-KA-2021-01040,KARNATAKA,KARNATAKA PUBLIC WORKS PORTS INLAND WATER,LARSEN AND TOUBRO CONSTRUCTION,6712962.43,4972564.77,3,6.0,"RF-4, RF-5, RF-6",50,HIGH_RISK,LARGE (50L-5Cr),KARNATAKA
UTT-UT-2021-01242,UTTAR PRADESH,NOIDA INDUSTRIAL DEVELOPMENT AUTH,BHARAT DIAGNOSTIC SYSTEMS,4692517.03,4939491.61,2,30.0,"RF-3, RF-6",35,HIGH_RISK,MEDIUM (10L-50L),UTTAR_PRADESH
CEN-CE-2021-01147,CENTRAL,NHAI HIGHWAYS,GUPTA AND SONS CONTRACTOR,8004306.84,7847359.64,2,4.0,"RF-4, RF-6",30,HIGH_RISK,LARGE (50L-5Cr),CENTRAL_CPPP
2017_MC_17869_1,HIMACHAL PRADESH,EXCEUTIVE ENGINEER,HAMINDER PAL,7963417.0,7485896.0,6,17.041666666666668,NONE,0,LOW_RISK,LARGE (50L-5Cr),HIMACHAL_PRADESH
2017_PWD_15102_4,HIMACHAL PRADESH,EXECUTIVE ENGINEER PUBLIC WORKS DEPARTMENT PAONTA SAHIB,MANOJ CHAWLA,1172051.0,1229945.0,5,15.20138888888889,RF-6,15,MEDIUM_RISK,MEDIUM (10L-50L),HIMACHAL_PRADESH
CEN-CE-2021-01335,CENTRAL,DEFENCE RESEARCH DEVELOPMENT ORG,KNR CONSTRUCTION,6642177.8,4920131.7,5,30.0,"RF-5, RF-6",35,HIGH_RISK,LARGE (50L-5Cr),CENTRAL_CPPP
CEN-CE-2021-01299,CENTRAL,CENTRAL PUBLIC WORKS DEPARTMENT,KNR CONSTRUCTION,4717689.64,4102338.82,2,4.0,"RF-3, RF-4, RF-6",50,HIGH_RISK,MEDIUM (10L-50L),CENTRAL_CPPP
MAH-MA-2021-01174,MAHARASHTRA,WATER RESOURCES DEPARTMENT MAHARASHTRA,SHARMA ENGINEERING WORKS,19203531.49,21822194.87,4,21.0,RF-6,15,MEDIUM_RISK,LARGE (50L-5Cr),MAHARASHTRA
2017_HPIPH_17737_1,HIMACHAL PRADESH,EXECUTIVE ENGINEER IRRIGATION AND PUBLIC HEALTH DIVN NO 1 UNA HP,EXPERT DRILLERS,3455580.0,2266290.0,5,10.229166666666666,"RF-5, RF-6",35,HIGH_RISK,MEDIUM (10L-50L),HIMACHAL_PRADESH
2018_PWD_20222_4,HIMACHAL PRADESH,EXECUTIVE ENGINEER,ANKIT GARG,823975.0,1019308.0,2,18.041666666666668,NONE,0,LOW_RISK,SMALL (<10L),HIMACHAL_PRADESH
2018_PWD_19648_4,HIMACHAL PRADESH,EXECUTIVE ENGINEER CHAMBA DIVISION HIMACHAL PRADESH PUBLIC WORKS DEPARTMENT CHAMBA,SAHAB SINGH THAKUR,1067450.0,810041.0,2,18.67708333333333,"RF-5, RF-6",35,HIGH_RISK,MEDIUM (10L-50L),HIMACHAL_PRADESH
MAH-MA-2021-01250,MAHARASHTRA,WATER RESOURCES DEPARTMENT MAHARASHTRA,VANGUARD POWER SERVICES,6673105.56,4943041.15,3,14.0,"RF-5, RF-6",35,HIGH_RISK,LARGE (50L-5Cr),MAHARASHTRA
RAJ-RA-2021-01049,RAJASTHAN,PUBLIC HEALTH ENGINEERING DEPT RAJASTHAN,SHARMA ENGINEERING WORKS,4741857.83,4991429.3,2,6.0,"RF-3, RF-4, RF-6",50,HIGH_RISK,MEDIUM (10L-50L),RAJASTHAN
RAJ-RA-2021-01128,RAJASTHAN,RAJASTHAN PUBLIC WORKS DEPARTMENT,LARSEN AND TOUBRO CONSTRUCTION,366772225.02,318932369.58,2,4.0,"RF-4, RF-6",30,HIGH_RISK,MEGA (>5Cr),RAJASTHAN
2016_MC_10913_2,HIMACHAL PRADESH,EXECUTIVE ENGINEEER,AJAY,4100309.0,3117712.0,4,18.89583333333333,"RF-5, RF-6",35,HIGH_RISK,MEDIUM (10L-50L),HIMACHAL_PRADESH
MAH-MA-2021-01251,MAHARASHTRA,PUBLIC HEALTH DEPT MUMBAI,TATA PROJECTS LIMITED,6742060.28,5862661.12,4,21.0,RF-6,15,MEDIUM_RISK,LARGE (50L-5Cr),MAHARASHTRA
UTT-UT-2021-01118,UTTAR PRADESH,MEDICAL HEALTH FAMILY WELFARE LUCKNOW,GUPTA AND SONS CONTRACTOR,20890868.41,21990387.8,1,4.0,"RF-1, RF-4, RF-6",55,HIGH_RISK,LARGE (50L-5Cr),UTTAR_PRADESH
KAR-KA-2021-01076,KARNATAKA,KARNATAKA RURAL INFRASTRUCTURE,SHREE BALAJI ENTERPRISE,5662691.81,4924079.83,1,21.0,"RF-1, RF-6",40,HIGH_RISK,LARGE (50L-5Cr),KARNATAKA
UTT-UT-2021-01146,UTTAR PRADESH,UTTAR PRADESH PUBLIC WORKS DEPARTMENT,LARSEN AND TOUBRO CONSTRUCTION,1995397.03,1956271.6,1,30.0,"RF-1, RF-6",40,HIGH_RISK,MEDIUM (10L-50L),UTTAR_PRADESH
2017_UDDHP_18345_1,HIMACHAL PRADESH,EXECUTIVE OFFICER MC SOLAN,VIRENDER THAKUR,389423.0,250000.0,3,5.333333333333333,"RF-4, RF-5, RF-6",50,HIGH_RISK,SMALL (<10L),HIMACHAL_PRADESH
2018_PWD_20119_1,HIMACHAL PRADESH,EXECUTIVE ENGINEER DHAMI,ATUL SHARMA,2316669.0,1661969.0,1,12.0625,"RF-1, RF-5, RF-6",60,HIGH_RISK,MEDIUM (10L-50L),HIMACHAL_PRADESH
CEN-CE-2021-01349,CENTRAL,INDIAN RAILWAYS,PNC INFRATECH LIMITED,112892674.02,83624202.98,1,21.0,"RF-1, RF-5, RF-6",60,HIGH_RISK,MEGA (>5Cr),CENTRAL_CPPP
2017_PWD_14660_2,HIMACHAL PRADESH,EXECUTIVE ENGINEER,BISHAN DASS,5686429.0,5275693.0,3,22.92708333333333,NONE,0,LOW_RISK,LARGE (50L-5Cr),HIMACHAL_PRADESH
2014_HPIPH_4957_1-2466,HIMACHAL PRADESH,EXECUTIVE ENGINEER,AJEEV KUMAR,1879505.0,1879505.0,5,27.75,NONE,0,LOW_RISK,MEDIUM (10L-50L),HIMACHAL_PRADESH
2017_HPIPH_18500_1,HIMACHAL PRADESH,EXECUTIVE ENGINERR,SUSHIL CHAUHAN,2495280.0,2432898.0,2,17.635416666666668,NONE,0,LOW_RISK,MEDIUM (10L-50L),HIMACHAL_PRADESH
2016_MC_10913_3,HIMACHAL PRADESH,EXECUTIVE ENGINEEER,AJAY,10745946.0,7128573.0,2,18.875,"RF-5, RF-6",35,HIGH_RISK,LARGE (50L-5Cr),HIMACHAL_PRADESH
2017_PWD_14703_1,HIMACHAL PRADESH,EXECUTIVE ENGINEER MANDI DIVN NO I HIMACHAL PRADESH PUBLIC WORKS DEPARTMENT MANDI,AJAY PATHANIA,1806260.0,1426768.0,1,20.166666666666668,"RF-1, RF-6",40,HIGH_RISK,MEDIUM (10L-50L),HIMACHAL_PRADESH
2017_UDDHP_18187_1,HIMACHAL PRADESH,EXECUTIVE OFFICER MC SOLAN,VIRENDER THAKUR,387250.0,324796.0,3,6.333333333333333,"RF-4, RF-6",30,HIGH_RISK,SMALL (<10L),HIMACHAL_PRADESH
2017_HPIPH_18142_1,HIMACHAL PRADESH,EXECUTIVE ENGINEER,REBOUND ENVIRO TECHNOLOGY PRIVATE LIMITED,13815580.0,9693134.0,3,11.979166666666666,"RF-5, RF-6",35,HIGH_RISK,LARGE (50L-5Cr),HIMACHAL_PRADESH
KAR-KA-2021-01178,KARNATAKA,BANGALORE METRO RAIL CORP,KNR CONSTRUCTION,6701260.93,4963896.99,4,14.0,"RF-5, RF-6",35,HIGH_RISK,LARGE (50L-5Cr),KARNATAKA
MAH-MA-2021-01272,MAHARASHTRA,WATER RESOURCES DEPARTMENT MAHARASHTRA,SHARMA ENGINEERING WORKS,14328073.57,15082182.71,1,30.0,"RF-1, RF-6",40,HIGH_RISK,LARGE (50L-5Cr),MAHARASHTRA
2018_PWD_20904_1,HIMACHAL PRADESH,EXECUTIVE ENGINEER KASAULI DIVSIION,DES RAJ THAKUR,19208529.0,24597650.0,8,20.27083333333333,NONE,0,LOW_RISK,LARGE (50L-5Cr),HIMACHAL_PRADESH
UTT-UT-2021-01009,UTTAR PRADESH,NOIDA INDUSTRIAL DEVELOPMENT AUTH,SHREE BALAJI ENTERPRISE,5647351.21,4910740.19,1,4.0,"RF-1, RF-4, RF-6",55,HIGH_RISK,LARGE (50L-5Cr),UTTAR_PRADESH
2018_HPIPH_21880_2,HIMACHAL PRADESH,EXECUTIVE ENGINEER,GAGAN OHRI,19540326.0,14462809.0,8,16.75,RF-5,20,MEDIUM_RISK,LARGE (50L-5Cr),HIMACHAL_PRADESH
2017_MC_15003_7,HIMACHAL PRADESH,EXECUTIVE ENGINEER,NARESH VIJ GOVERNMENT CONTRACTOR,2374050.0,1571371.0,2,8.729166666666666,"RF-5, RF-6",35,HIGH_RISK,MEDIUM (10L-50L),HIMACHAL_PRADESH
2020_DFHW_34986_5,HIMACHAL PRADESH,CHIEF MEDICAL OFFICER HAMIRPUR,HAMEER FACILITY MANAGEMENT PRIVATE LIMITED,2601900.0,2601900.0,5,16.333333333333332,"RF-2, RF-6",40,HIGH_RISK,MEDIUM (10L-50L),HIMACHAL_PRADESH
UTT-UT-2021-01147,UTTAR PRADESH,UTTAR PRADESH PUBLIC WORKS DEPARTMENT,ZENITH INFRASTRUCTURE PROJECTS,13952628.41,12132720.35,2,4.0,"RF-4, RF-6",30,HIGH_RISK,LARGE (50L-5Cr),UTTAR_PRADESH
2017_UDDHP_17927_1-3669,HIMACHAL PRADESH,EXECUTIVE ENGINEER DMC,BALRAJ PARIHAR,2065992.0,1034751.0,2,15.75,"RF-5, RF-6",35,HIGH_RISK,MEDIUM (10L-50L),HIMACHAL_PRADESH
UTT-UT-2021-01039,UTTAR PRADESH,UP STATE HIGHWAY AUTHORITY,GUPTA AND SONS CONTRACTOR,3210125.14,3379079.09,2,4.0,"RF-4, RF-6",30,HIGH_RISK,MEDIUM (10L-50L),UTTAR_PRADESH
KAR-KA-2021-01045,KARNATAKA,KARNATAKA RURAL INFRASTRUCTURE,DILIP BUILDCON LIMITED,7220316.71,8204905.35,1,30.0,"RF-1, RF-6",40,HIGH_RISK,LARGE (50L-5Cr),KARNATAKA
2018_HPIPH_23444_1,HIMACHAL PRADESH,EXECUTIVE ENGINEER,VIJAY KUMAR,3697284.0,2793610.0,3,21.75,"RF-5, RF-6",35,HIGH_RISK,MEDIUM (10L-50L),HIMACHAL_PRADESH
RAJ-RA-2021-01165,RAJASTHAN,RAJASTHAN PUBLIC WORKS DEPARTMENT,VANGUARD POWER SERVICES,4682460.9,4928906.21,3,6.0,"RF-3, RF-4, RF-6",50,HIGH_RISK,MEDIUM (10L-50L),RAJASTHAN
2017_UDDHP_17927_1,HIMACHAL PRADESH,EXECUTIVE ENGINEER DMC,AJAY KUMAR,1912530.0,1034751.0,2,15.75,"RF-5, RF-6",35,HIGH_RISK,MEDIUM (10L-50L),HIMACHAL_PRADESH
KAR-KA-2021-01212,KARNATAKA,KARNATAKA PUBLIC WORKS PORTS INLAND WATER,AFCONS INFRASTRUCTURE LIMITED,4383580.12,4981341.04,3,6.0,"RF-4, RF-6",30,HIGH_RISK,MEDIUM (10L-50L),KARNATAKA
KAR-KA-2021-01014,KARNATAKA,KARNATAKA RURAL INFRASTRUCTURE,VANGUARD POWER SERVICES,26154927.17,22743414.93,1,4.0,"RF-1, RF-4",40,HIGH_RISK,LARGE (50L-5Cr),KARNATAKA
2017_PWD_16331_1,HIMACHAL PRADESH,EXECUTIVE ENGINEER DIVISION NO I HIMACHAL PRADESH PUBLIC WORKS DEPARTMENT SHIMLA 3,ANKUR SHARMA,1880483.0,1777745.0,2,15.916666666666666,NONE,0,LOW_RISK,MEDIUM (10L-50L),HIMACHAL_PRADESH
2019_HPIPH_31250_1-2793,HIMACHAL PRADESH,EXECUTIVE ENGINEER IRRIGATION AND PUBLIC HEALTH DIVISION BARSAR,AJAY KUMAR GOVERNMENT CONTRACTOR,6200000.0,3194000.0,12,16.875,"RF-5, RF-6",35,HIGH_RISK,LARGE (50L-5Cr),HIMACHAL_PRADESH
2018_PWD_19097_1,HIMACHAL PRADESH,EXECUTIVE ENGINEER JUBBAL,BIJENDER SINGH JUSTA,8814117.0,7211235.0,3,17.270833333333332,NONE,0,LOW_RISK,LARGE (50L-5Cr),HIMACHAL_PRADESH
CEN-CE-2021-01034,CENTRAL,INDIAN RAILWAYS,PNC INFRATECH LIMITED,266643227.04,246891876.89,1,14.0,"RF-1, RF-6",40,HIGH_RISK,MEGA (>5Cr),CENTRAL_CPPP
2017_UDDHP_15777_1,HIMACHAL PRADESH,EXECUTIVE OFFICER MC SOLAN,ROHIT CHAUHAN,300802.0,194919.0,3,6.083333333333333,"RF-4, RF-5, RF-6",50,HIGH_RISK,SMALL (<10L),HIMACHAL_PRADESH
UTT-UT-2021-01071,UTTAR PRADESH,UTTAR PRADESH PUBLIC WORKS DEPARTMENT,ZENITH INFRASTRUCTURE PROJECTS,29621183.67,21941617.53,1,4.0,"RF-1, RF-4, RF-5, RF-6",75,HIGH_RISK,LARGE (50L-5Cr),UTTAR_PRADESH
CEN-CE-2021-01288,CENTRAL,CENTRAL PUBLIC WORKS DEPARTMENT,APEX MEDITECH SOLUTIONS,5042864.0,4943984.31,2,4.0,"RF-4, RF-6",30,HIGH_RISK,LARGE (50L-5Cr),CENTRAL_CPPP
RAJ-RA-2021-01117,RAJASTHAN,RAJASTHAN PUBLIC WORKS DEPARTMENT,SHREE BALAJI ENTERPRISE,5731603.85,4984003.34,3,6.0,"RF-4, RF-6",30,HIGH_RISK,LARGE (50L-5Cr),RAJASTHAN
RAJ-RA-2021-01127,RAJASTHAN,RAJASTHAN PUBLIC WORKS DEPARTMENT,APEX MEDITECH SOLUTIONS,15287072.12,13293106.19,4,4.0,"RF-4, RF-6",30,HIGH_RISK,LARGE (50L-5Cr),RAJASTHAN
2017_UDDHP_17629_1,HIMACHAL PRADESH,EXECUTIVE OFFICER MC SOLAN,JEEVAN SINGH,551674.0,400000.0,11,7.25,"RF-5, RF-6",35,HIGH_RISK,SMALL (<10L),HIMACHAL_PRADESH
2019_HPIPH_26917_1,HIMACHAL PRADESH,EXECUTIVE ENGINEER,HYDRAULIC ENGINEERING COMPANY,1483020.0,906000.0,3,13.0,"RF-5, RF-6",35,HIGH_RISK,MEDIUM (10L-50L),HIMACHAL_PRADESH
MAH-MA-2021-01271,MAHARASHTRA,MAHARASHTRA PUBLIC WORKS DEPARTMENT,KNR CONSTRUCTION,5006849.15,4908675.64,3,6.0,"RF-4, RF-6",30,HIGH_RISK,LARGE (50L-5Cr),MAHARASHTRA
2017_HPIPH_17003_1,HIMACHAL PRADESH,EXECUTIVE ENGINEER IRRIGATION AND PUBLIC HEALTH DIVISION BA,RAMA SHANKAER,261139.0,187688.0,3,6.25,"RF-4, RF-5",35,HIGH_RISK,SMALL (<10L),HIMACHAL_PRADESH
KAR-KA-2021-01148,KARNATAKA,HEALTH FAMILY WELFARE KARNATAKA,VANGUARD POWER SERVICES,296408752.44,219562038.84,4,4.0,"RF-4, RF-5, RF-6",50,HIGH_RISK,MEGA (>5Cr),KARNATAKA
2018_HPIPH_24158_1,HIMACHAL PRADESH,EXECUTIVE ENGINEER,VIRENDER THAKUR CONTRACTOR,34371096.0,15954375.0,3,21.6875,"RF-5, RF-6",35,HIGH_RISK,LARGE (50L-5Cr),HIMACHAL_PRADESH
2017_PWD_15626_1,HIMACHAL PRADESH,EXECUTIVE ENGINEER PUBLIC WORKS DEPARTMENT PAONTA SAHIB,S S ASSOCIATES,6129800.0,5046366.0,1,21.09027777777778,"RF-1, RF-6",40,HIGH_RISK,LARGE (50L-5Cr),HIMACHAL_PRADESH
2017_UDDHP_17948_1,HIMACHAL PRADESH,EXECUTIVE ENGINEER DMC,VIKAS,3897471.0,2523374.0,4,16.75,"RF-5, RF-6",35,HIGH_RISK,MEDIUM (10L-50L),HIMACHAL_PRADESH
2018_PWD_20212_1,HIMACHAL PRADESH,EXECUTIVE ENGINEE,M S SATISH KUMAR SHARMA,2453157.0,2464238.0,3,5.229166666666667,"RF-2, RF-4, RF-6",55,HIGH_RISK,MEDIUM (10L-50L),HIMACHAL_PRADESH
2020_PWD_36843_9,HIMACHAL PRADESH,EXECUTIVE ENGINEER,MANOJ BHARDWAJ,4739544.0,4172515.0,5,11.0,RF-3,20,MEDIUM_RISK,MEDIUM (10L-50L),HIMACHAL_PRADESH
RAJ-RA-2021-01097,RAJASTHAN,RAJASTHAN RAJYA VIDYUT PRASARAN,SHARMA ENGINEERING WORKS,1666778.16,1234650.49,2,4.0,"RF-4, RF-5, RF-6",50,HIGH_RISK,MEDIUM (10L-50L),RAJASTHAN
2017_HPIPH_18495_1,HIMACHAL PRADESH,EXECUTIVE ENGINEER,BALRAJ,2704087.0,2587105.0,3,17.708333333333332,RF-6,15,MEDIUM_RISK,MEDIUM (10L-50L),HIMACHAL_PRADESH
2018_PWD_19838_11,HIMACHAL PRADESH,EXECUTIVE ENGINEER BILASPUR DIVISION NO 2 HIMACHAL PRADESH PUBLIC WORKS DEPARTMENT BILASPUR,M S STRIKER BROS,3403600.0,2994614.0,1,10.729166666666666,"RF-1, RF-6",40,HIGH_RISK,MEDIUM (10L-50L),HIMACHAL_PRADESH
RAJ-RA-2021-01192,RAJASTHAN,PUBLIC HEALTH ENGINEERING DEPT RAJASTHAN,SHARMA ENGINEERING WORKS,18683533.51,21231288.08,1,14.0,"RF-1, RF-6",40,HIGH_RISK,LARGE (50L-5Cr),RAJASTHAN
2020_HPIPH_33933_1-3387,HIMACHAL PRADESH,EXECUTIVE ENGINEER IRRIGATION AND PUBLIC HEALTH DIVISION BARSAR,TRIVENI CONSTRUCTION,43242992.0,43242992.0,2,10.0,NONE,0,LOW_RISK,LARGE (50L-5Cr),HIMACHAL_PRADESH
RAJ-RA-2021-01195,RAJASTHAN,MEDICAL HEALTH SERVICES JAIPUR,SHREE BALAJI ENTERPRISE,7788724.96,8850823.82,1,14.0,"RF-1, RF-6",40,HIGH_RISK,LARGE (50L-5Cr),RAJASTHAN
2017_HPIPH_15891_1-3424,HIMACHAL PRADESH,EXECUTIVE ENGINEER IRRIGATION AND PUBLIC HEALTH DIVISION HAMIRPUR,EXPERT DRILLERS,48731680.0,36166850.0,2,19.9375,RF-5,20,MEDIUM_RISK,LARGE (50L-5Cr),HIMACHAL_PRADESH
KAR-KA-2021-01240,KARNATAKA,HEALTH FAMILY WELFARE KARNATAKA,AFCONS INFRASTRUCTURE LIMITED,12421178.88,11501091.56,2,4.0,"RF-4, RF-6",30,HIGH_RISK,LARGE (50L-5Cr),KARNATAKA
2018_PWD_19915_1,HIMACHAL PRADESH,EXECUTIVE ENGINEER,S S CHAUHANS CONSTRUCTION PRIVATE LIMTED,1384688.0,1192233.0,2,12.0,RF-6,15,MEDIUM_RISK,MEDIUM (10L-50L),HIMACHAL_PRADESH
CEN-CE-2021-01330,CENTRAL,CENTRAL PUBLIC WORKS DEPARTMENT,DILIP BUILDCON LIMITED,6620657.27,4904190.57,4,4.0,"RF-4, RF-5, RF-6",50,HIGH_RISK,LARGE (50L-5Cr),CENTRAL_CPPP
2016_HPIPH_13472_1,HIMACHAL PRADESH,EXECUTIVE ENGINEER,SANJEEV GOVT CONT,3337249.0,2350810.0,1,14.99652777777778,"RF-1, RF-5, RF-6",60,HIGH_RISK,MEDIUM (10L-50L),HIMACHAL_PRADESH
CEN-CE-2021-01197,CENTRAL,DEFENCE RESEARCH DEVELOPMENT ORG,KNR CONSTRUCTION,10308965.81,11714733.87,5,21.0,RF-6,15,MEDIUM_RISK,LARGE (50L-5Cr),CENTRAL_CPPP
UTT-UT-2021-01190,UTTAR PRADESH,UTTAR PRADESH JAL NIGAM,NCC LIMITED INFRASTRUCTURE,4364962.1,3795619.22,4,6.0,"RF-4, RF-6",30,HIGH_RISK,MEDIUM (10L-50L),UTTAR_PRADESH
2017_PWD_15174_6,HIMACHAL PRADESH,EXECUTIVE ENGINEER HIMACHAL PRADESH PUBLIC WORKS DEPARTMENT DIVISION KALPA,RIPAN KUMAR,2089192.0,1202415.0,2,21.041666666666668,"RF-5, RF-6",35,HIGH_RISK,MEDIUM (10L-50L),HIMACHAL_PRADESH
MAH-MA-2021-01177,MAHARASHTRA,MAHARASHTRA PUBLIC WORKS DEPARTMENT,NCC LIMITED INFRASTRUCTURE,3159048.69,3589828.06,1,6.0,"RF-1, RF-4, RF-6",55,HIGH_RISK,MEDIUM (10L-50L),MAHARASHTRA
2018_PWD_19896_1,HIMACHAL PRADESH,EXECUTIVE ENGINEER,VIPAN KUMAR,1598157.0,1380860.0,2,12.0,RF-6,15,MEDIUM_RISK,MEDIUM (10L-50L),HIMACHAL_PRADESH
UTT-UT-2021-01034,UTTAR PRADESH,UTTAR PRADESH JAL NIGAM,NCC LIMITED INFRASTRUCTURE,210845125.55,221942237.42,2,4.0,"RF-4, RF-6",30,HIGH_RISK,MEGA (>5Cr),UTTAR_PRADESH
RAJ-RA-2021-01126,RAJASTHAN,MEDICAL HEALTH SERVICES JAIPUR,AHLUWALIA CONTRACTS INDIA LIMITED,3035564.98,2810708.31,3,21.0,NONE,0,LOW_RISK,MEDIUM (10L-50L),RAJASTHAN
CEN-CE-2021-01174,CENTRAL,DEFENCE RESEARCH DEVELOPMENT ORG,VANGUARD POWER SERVICES,10407592.42,10203521.99,4,4.0,"RF-4, RF-6",30,HIGH_RISK,LARGE (50L-5Cr),CENTRAL_CPPP
2019_PWD_29007_3,HIMACHAL PRADESH,EXECUTIVE ENGINEER,AMANDEEP SINGH,3365494.0,2980427.0,5,18.95833333333333,NONE,0,LOW_RISK,MEDIUM (10L-50L),HIMACHAL_PRADESH
RAJ-RA-2021-01056,RAJASTHAN,MEDICAL HEALTH SERVICES JAIPUR,APEX MEDITECH SOLUTIONS,5651471.73,4914323.24,5,4.0,"RF-4, RF-6",30,HIGH_RISK,LARGE (50L-5Cr),RAJASTHAN
2017_PWD_15805_1,HIMACHAL PRADESH,EXECUTIVE ENGINEER DIVISION NO I HIMACHAL PRADESH PUBLIC WORKS DEPARTMENT SHIMLA 3,NARESH VIJ GOVERNMENT CONTRACTOR,4534171.0,4577430.0,2,14.916666666666666,"RF-3, RF-6",35,HIGH_RISK,MEDIUM (10L-50L),HIMACHAL_PRADESH
CEN-CE-2021-01180,CENTRAL,DEFENCE RESEARCH DEVELOPMENT ORG,GUPTA AND SONS CONTRACTOR,6632309.34,4912821.73,1,21.0,"RF-1, RF-5, RF-6",60,HIGH_RISK,LARGE (50L-5Cr),CENTRAL_CPPP
2018_HPIPH_25579_1,HIMACHAL PRADESH,EXECUTIVE ENGINEER IRRIGATION AND PUBLIC HEALTH DIVISION BARSAR,VINAY KUMAR SHARDA,1097323.6,999258.0,6,15.0,RF-6,15,MEDIUM_RISK,MEDIUM (10L-50L),HIMACHAL_PRADESH
2017_PWD_17904_2,HIMACHAL PRADESH,EXECUTIVE ENGINEER,RAHUL,1017977.0,805962.0,4,17.833333333333332,RF-6,15,MEDIUM_RISK,MEDIUM (10L-50L),HIMACHAL_PRADESH
CEN-CE-2021-01084,CENTRAL,INDIAN RAILWAYS,ZENITH INFRASTRUCTURE PROJECTS,5318245.74,4924301.61,2,6.0,"RF-4, RF-6",30,HIGH_RISK,LARGE (50L-5Cr),CENTRAL_CPPP
MAH-MA-2021-01062,MAHARASHTRA,WATER RESOURCES DEPARTMENT MAHARASHTRA,LARSEN AND TOUBRO CONSTRUCTION,188183359.98,139395081.47,5,21.0,"RF-5, RF-6",35,HIGH_RISK,MEGA (>5Cr),MAHARASHTRA
2017_HIMUD_16664_1,HIMACHAL PRADESH,EXECUTIVE ENGINEER,PANKAJ GUPTA,4230911.25,4517195.0,4,18.27083333333333,NONE,0,LOW_RISK,MEDIUM (10L-50L),HIMACHAL_PRADESH
CEN-CE-2021-01217,CENTRAL,CENTRAL PUBLIC WORKS DEPARTMENT,KNR CONSTRUCTION,26849565.1,24860708.42,1,4.0,"RF-1, RF-4, RF-6",55,HIGH_RISK,LARGE (50L-5Cr),CENTRAL_CPPP
2019_DMEHP_32870_1,HIMACHAL PRADESH,PRINCIPAL,SYMBIOSIS INC,887600.0,100.0,2,20.791666666666668,"RF-5, RF-6",35,HIGH_RISK,SMALL (<10L),HIMACHAL_PRADESH
2018_HPIPH_25282_1,HIMACHAL PRADESH,EXECUTIVE ENGINEER IRRIGATION AND PUBLIC HEALTH DIVISION NO II UNA,SG ENGINEERS AND CONSULTANTS,1113909.0,677335.0,1,9.0,"RF-1, RF-5",45,HIGH_RISK,MEDIUM (10L-50L),HIMACHAL_PRADESH
2019_HPIPH_32570_1,HIMACHAL PRADESH,EXECUTIVE ENGINEER,PRAGATI TOWERS CORPORATION,3306792.0,3891569.0,5,12.958333333333334,RF-6,15,MEDIUM_RISK,MEDIUM (10L-50L),HIMACHAL_PRADESH
CEN-CE-2021-01035,CENTRAL,NHAI HIGHWAYS,SHARMA ENGINEERING WORKS,21812944.23,22960993.92,1,30.0,"RF-1, RF-6",40,HIGH_RISK,LARGE (50L-5Cr),CENTRAL_CPPP
2018_HPIPH_23633_1,HIMACHAL PRADESH,EXECUTIVE ENGINEER,HEM RAJ,1916342.0,1640982.0,2,19.92708333333333,NONE,0,LOW_RISK,MEDIUM (10L-50L),HIMACHAL_PRADESH
UTT-UT-2021-01134,UTTAR PRADESH,NOIDA INDUSTRIAL DEVELOPMENT AUTH,LARSEN AND TOUBRO CONSTRUCTION,86908203.26,85204120.84,1,4.0,"RF-1, RF-4, RF-6",55,HIGH_RISK,MEGA (>5Cr),UTTAR_PRADESH
UTT-UT-2021-01223,UTTAR PRADESH,UTTAR PRADESH JAL NIGAM,SHARMA ENGINEERING WORKS,6312251.27,6188481.63,3,6.0,"RF-4, RF-6",30,HIGH_RISK,LARGE (50L-5Cr),UTTAR_PRADESH
MAH-MA-2021-01282,MAHARASHTRA,MSEDCL POWER DISTRIBUTION,SHREE BALAJI ENTERPRISE,6708504.41,4969262.52,2,6.0,"RF-4, RF-5, RF-6",50,HIGH_RISK,LARGE (50L-5Cr),MAHARASHTRA
2017_PWD_15742_1,HIMACHAL PRADESH,EXECUTIVE ENGINEER,NEW INDIA CONTRACTOR AND DEVELOPERS PRIVATE LIMITED,4032045.0,3068702.0,2,13.833333333333334,"RF-5, RF-6",35,HIGH_RISK,MEDIUM (10L-50L),HIMACHAL_PRADESH
CEN-CE-2021-01088,CENTRAL,CENTRAL PUBLIC WORKS DEPARTMENT,ZENITH INFRASTRUCTURE PROJECTS,182667433.8,207576629.32,5,4.0,"RF-4, RF-6",30,HIGH_RISK,MEGA (>5Cr),CENTRAL_CPPP
RAJ-RA-2021-01019,RAJASTHAN,RAJASTHAN RAJYA VIDYUT PRASARAN,ZENITH INFRASTRUCTURE PROJECTS,3800362.89,4318594.19,1,21.0,"RF-1, RF-6",40,HIGH_RISK,MEDIUM (10L-50L),RAJASTHAN
CEN-CE-2021-01112,CENTRAL,DEFENCE RESEARCH DEVELOPMENT ORG,AHLUWALIA CONTRACTS INDIA LIMITED,10657215.68,9267144.07,4,4.0,"RF-4, RF-6",30,HIGH_RISK,LARGE (50L-5Cr),CENTRAL_CPPP
KAR-KA-2021-01222,KARNATAKA,BANGALORE METRO RAIL CORP,GUPTA AND SONS CONTRACTOR,5393903.2,4994354.82,1,4.0,"RF-1, RF-4, RF-6",55,HIGH_RISK,LARGE (50L-5Cr),KARNATAKA
2018_HPIPH_20131_1,HIMACHAL PRADESH,EXECUTIVE ENGINEER,AJAY KUMAR GOVERNMENT CONTRACTOR,4812892.0,3318981.0,6,21.791666666666668,"RF-3, RF-5, RF-6",55,HIGH_RISK,MEDIUM (10L-50L),HIMACHAL_PRADESH
2019_HPIPH_30537_1,HIMACHAL PRADESH,EXECUTIVE ENGINEER IRRIGATION AND PUBLIC HEALTH DIVN NO 1 UNA HP,ABTAR SINGH AND COMPANY,1818770.0,1453806.0,4,10.041666666666666,RF-6,15,MEDIUM_RISK,MEDIUM (10L-50L),HIMACHAL_PRADESH
KAR-KA-2021-01234,KARNATAKA,KARNATAKA PUBLIC WORKS PORTS INLAND WATER,SHREE BALAJI ENTERPRISE,26183703.74,22768438.04,4,6.0,"RF-4, RF-6",30,HIGH_RISK,LARGE (50L-5Cr),KARNATAKA
CEN-CE-2021-01341,CENTRAL,INDIAN RAILWAYS,PNC INFRATECH LIMITED,5690664.37,4948403.8,1,30.0,"RF-1, RF-6",40,HIGH_RISK,LARGE (50L-5Cr),CENTRAL_CPPP
2017_PWD_16435_3,HIMACHAL PRADESH,EXECUTIVE ENGINEER JUBBAL,RAVINDER CHAUHAN,3556300.0,2923078.0,1,12.104166666666666,"RF-1, RF-6",40,HIGH_RISK,MEDIUM (10L-50L),HIMACHAL_PRADESH
2017_PWD_17568_1,HIMACHAL PRADESH,EXECUTIVE ENGINEER,GEETA RAM,278249.0,185155.0,36,17.333333333333332,"RF-5, RF-6",35,HIGH_RISK,SMALL (<10L),HIMACHAL_PRADESH
2018_PWD_22348_1,HIMACHAL PRADESH,EXECUTIVE ENGINEER,NIL,2112322.0,1899395.0,5,11.0,NONE,0,LOW_RISK,MEDIUM (10L-50L),HIMACHAL_PRADESH
2018_HPIPH_25212_1,HIMACHAL PRADESH,EXECUTIVE ENGINEER IRRIGATION AND PUBLIC HEALTH DIVN NO 1 UNA HP,EXPERT DRILLERS,1581200.0,1067320.0,4,14.083333333333334,"RF-5, RF-6",35,HIGH_RISK,MEDIUM (10L-50L),HIMACHAL_PRADESH
2017_PWD_16932_1,HIMACHAL PRADESH,EXECUTIVE ENGINEER B AND R SOLAN,NARESH VIJ GOVERNMENT CONTRACTOR,2454841.0,1772223.0,2,6.659722222222222,"RF-4, RF-5, RF-6",50,HIGH_RISK,MEDIUM (10L-50L),HIMACHAL_PRADESH
UTT-UT-2021-01211,UTTAR PRADESH,MEDICAL HEALTH FAMILY WELFARE LUCKNOW,LARSEN AND TOUBRO CONSTRUCTION,23442250.47,21705787.47,1,6.0,"RF-1, RF-4, RF-6",55,HIGH_RISK,LARGE (50L-5Cr),UTTAR_PRADESH
KAR-KA-2021-01090,KARNATAKA,KARNATAKA RURAL INFRASTRUCTURE,SHREE BALAJI ENTERPRISE,24422665.27,21237100.24,1,21.0,"RF-1, RF-6",40,HIGH_RISK,LARGE (50L-5Cr),KARNATAKA
2018_MC_23458_2,HIMACHAL PRADESH,EXECUTIVE ENGINEER ROADS AND BUILDINGS MUNICIPAL CORPORATION SHIMLA,BHIM CHAND SHARMA,1308569.0,938000.0,4,6.729166666666667,"RF-4, RF-5",35,HIGH_RISK,MEDIUM (10L-50L),HIMACHAL_PRADESH
2017_MC_15003_10,HIMACHAL PRADESH,EXECUTIVE ENGINEER,NARESH VIJ GOVERNMENT CONTRACTOR,2890800.0,1927901.0,2,8.729166666666666,"RF-5, RF-6",35,HIGH_RISK,MEDIUM (10L-50L),HIMACHAL_PRADESH
2017_UDDHP_18179_1,HIMACHAL PRADESH,EXECUTIVE OFFICER MC SOLAN,VINAY THAKUR,398124.0,190126.0,5,6.333333333333333,"RF-4, RF-5, RF-6",50,HIGH_RISK,SMALL (<10L),HIMACHAL_PRADESH
RAJ-RA-2021-01104,RAJASTHAN,RAJASTHAN RAJYA VIDYUT PRASARAN,ZENITH INFRASTRUCTURE PROJECTS,2154712.1,2112462.84,1,6.0,"RF-1, RF-4, RF-6",55,HIGH_RISK,MEDIUM (10L-50L),RAJASTHAN
2017_PWD_17999_2,HIMACHAL PRADESH,EXECUTIVE ENGINEER,GIAN CHAND,1039783.0,933814.0,5,5.708333333333333,"RF-4, RF-6",30,HIGH_RISK,MEDIUM (10L-50L),HIMACHAL_PRADESH
2017_UDDHP_18149_1,HIMACHAL PRADESH,EXECUTIVE OFFICER MC SOLAN,VIVEK DOBHAL,287025.0,175000.0,3,10.25,"RF-5, RF-6",35,HIGH_RISK,SMALL (<10L),HIMACHAL_PRADESH
2017_HPIPH_17665_1-783,HIMACHAL PRADESH,EXECUTIVE ENGINEER,BHUSHAN POWER STEEL LIMITED,35214596.0,700000000.0,7,20.89583333333333,NONE,0,LOW_RISK,LARGE (50L-5Cr),HIMACHAL_PRADESH
RAJ-RA-2021-01155,RAJASTHAN,MEDICAL HEALTH SERVICES JAIPUR,PNC INFRATECH LIMITED,4889150.8,4793285.1,1,6.0,"RF-1, RF-3, RF-4, RF-6",75,HIGH_RISK,MEDIUM (10L-50L),RAJASTHAN
MAH-MA-2021-01183,MAHARASHTRA,MAHARASHTRA PUBLIC WORKS DEPARTMENT,ZENITH INFRASTRUCTURE PROJECTS,2293347.64,2248380.04,2,6.0,"RF-4, RF-6",30,HIGH_RISK,MEDIUM (10L-50L),MAHARASHTRA
2017_PWD_15666_1,HIMACHAL PRADESH,EXECUTIVE ENGINEER,VIJAY KUMAR,20625185.0,15755671.0,5,14.0,"RF-5, RF-6",35,HIGH_RISK,LARGE (50L-5Cr),HIMACHAL_PRADESH
2019_HPIPH_26397_1,HIMACHAL PRADESH,EXECUTIVE ENGINEER,VIRENDER THAKUR CONTRACTOR,22429336.0,16684529.0,2,20.75,"RF-5, RF-6",35,HIGH_RISK,LARGE (50L-5Cr),HIMACHAL_PRADESH
UTT-UT-2021-01204,UTTAR PRADESH,UTTAR PRADESH JAL NIGAM,TATA PROJECTS LIMITED,172103696.26,149655388.05,2,4.0,"RF-4, RF-6",30,HIGH_RISK,MEGA (>5Cr),UTTAR_PRADESH
2017_PWD_16443_1,HIMACHAL PRADESH,EXECUTIVE ENGINEER,KULDEEP CHAND GOVERNMENT CONTRACTOR,2992116.0,2234941.0,7,6.729166666666667,"RF-4, RF-5",35,HIGH_RISK,MEDIUM (10L-50L),HIMACHAL_PRADESH
2017_PWD_15055_10-3309,HIMACHAL PRADESH,EXECUTIVE ENGINEER HIMACHAL PRADESH PUBLIC WORKS DEPARTMENT DIVISION KALPA,GIAN SAGAR,5557613.73,2768770.0,2,15.19097222222222,RF-5,20,MEDIUM_RISK,LARGE (50L-5Cr),HIMACHAL_PRADESH
2017_HPIPH_17010_1,HIMACHAL PRADESH,ER MOHD ARSHAD REHMAN,SAI AQUA MACHINES AND BUILDERS,2783449.0,1401287.0,2,6.75,"RF-4, RF-5",35,HIGH_RISK,MEDIUM (10L-50L),HIMACHAL_PRADESH
2017_PWD_16204_1,HIMACHAL PRADESH,EXECUTIVE ENGINEER,S S CHAUHANS CONSTRUCTION PRIVATE LIMTED,1368990.0,1160240.0,1,14.90625,"RF-1, RF-6",40,HIGH_RISK,MEDIUM (10L-50L),HIMACHAL_PRADESH
RAJ-RA-2021-01130,RAJASTHAN,RAJASTHAN PUBLIC WORKS DEPARTMENT,AHLUWALIA CONTRACTS INDIA LIMITED,21136880.24,18379895.86,3,6.0,"RF-4, RF-6",30,HIGH_RISK,LARGE (50L-5Cr),RAJASTHAN
2019_PWD_29965_4,HIMACHAL PRADESH,EXECUTIVE ENGINEER CHOPAL,RAJINDER,3585452.0,2183417.0,3,5.666666666666667,"RF-4, RF-5",35,HIGH_RISK,MEDIUM (10L-50L),HIMACHAL_PRADESH
2017_PWD_17480_1,HIMACHAL PRADESH,EXECUTIVE ENGINEER CHAMBA DIVISION HIMACHAL PRADESH PUBLIC WORKS DEPARTMENT CHAMBA,D S THAKUR,1067370.0,802948.0,2,21.041666666666668,"RF-5, RF-6",35,HIGH_RISK,MEDIUM (10L-50L),HIMACHAL_PRADESH
2017_UDDHP_18197_1,HIMACHAL PRADESH,EXECUTIVE OFFICER MC SOLAN,RITESH VERMA GOVERNMENT CONTRACTOR,853032.0,579000.0,3,6.333333333333333,"RF-4, RF-5, RF-6",50,HIGH_RISK,SMALL (<10L),HIMACHAL_PRADESH
MAH-MA-2021-01108,MAHARASHTRA,MAHARASHTRA PUBLIC WORKS DEPARTMENT,VANGUARD POWER SERVICES,6637064.21,4916343.86,2,21.0,"RF-5, RF-6",35,HIGH_RISK,LARGE (50L-5Cr),MAHARASHTRA
2018_PWD_20063_5,HIMACHAL PRADESH,EXECUTIVE ENGINEER TISSA DIVISION HIMACHAL PRADESH PUBLIC WORKS DEPARTMENT TISSA,D S THAKUR,2885525.0,2269200.0,2,17.041666666666668,RF-6,15,MEDIUM_RISK,MEDIUM (10L-50L),HIMACHAL_PRADESH
2013_HPIPH_1761_1,HIMACHAL PRADESH,EXECUTIVE ENGINEER IRRIGATION AND PUBLIC HEALTH DIVISION NO I KULLU,YASH PAL YASH PAL,2552687.7,1823599.0,1,23.02083333333333,"RF-1, RF-5",45,HIGH_RISK,MEDIUM (10L-50L),HIMACHAL_PRADESH
UTT-UT-2021-01051,UTTAR PRADESH,UP STATE HIGHWAY AUTHORITY,PNC INFRATECH LIMITED,78246294.19,88916243.4,3,4.0,"RF-4, RF-6",30,HIGH_RISK,MEGA (>5Cr),UTTAR_PRADESH
UTT-UT-2021-01224,UTTAR PRADESH,UTTAR PRADESH JAL NIGAM,SHARMA ENGINEERING WORKS,6688541.13,4954474.91,4,30.0,"RF-5, RF-6",35,HIGH_RISK,LARGE (50L-5Cr),UTTAR_PRADESH
2017_PWD_15174_4,HIMACHAL PRADESH,EXECUTIVE ENGINEER HIMACHAL PRADESH PUBLIC WORKS DEPARTMENT DIVISION KALPA,RIPAN KUMAR,2061648.0,1286006.0,2,21.041666666666668,"RF-5, RF-6",35,HIGH_RISK,MEDIUM (10L-50L),HIMACHAL_PRADESH
2018_MC_19610_13,HIMACHAL PRADESH,EXECUTIVE ENGINEER ROADS AND BUILDINGS MUNICIPAL CORPORATION SHIMLA,MANOHAR LAL VERMA,2033546.0,1438000.0,5,6.729166666666667,"RF-4, RF-5",35,HIGH_RISK,MEDIUM (10L-50L),HIMACHAL_PRADESH
MAH-MA-2021-01022,MAHARASHTRA,MAHARASHTRA PUBLIC WORKS DEPARTMENT,VANGUARD POWER SERVICES,4257377.42,3942016.13,8,6.0,"RF-4, RF-6",30,HIGH_RISK,MEDIUM (10L-50L),MAHARASHTRA
2017_PWD_15887_1,HIMACHAL PRADESH,EXECUTIVE ENGINEER,RAJAT THAKUR,650335.0,704590.0,3,27.95833333333333,RF-6,15,MEDIUM_RISK,SMALL (<10L),HIMACHAL_PRADESH
RAJ-RA-2021-01209,RAJASTHAN,MEDICAL HEALTH SERVICES JAIPUR,DILIP BUILDCON LIMITED,3313907.68,3068433.04,1,6.0,"RF-1, RF-4, RF-6",55,HIGH_RISK,MEDIUM (10L-50L),RAJASTHAN
2019_HPIPH_25792_1,HIMACHAL PRADESH,EXECUTIVE ENGINEER,KULDEEP DOGRA,1966835.0,702280.0,3,13.708333333333334,RF-5,20,MEDIUM_RISK,MEDIUM (10L-50L),HIMACHAL_PRADESH
CEN-CE-2021-01073,CENTRAL,CENTRAL PUBLIC WORKS DEPARTMENT,APEX MEDITECH SOLUTIONS,5730103.46,4982698.66,1,30.0,"RF-1, RF-6",40,HIGH_RISK,LARGE (50L-5Cr),CENTRAL_CPPP
MAH-MA-2021-01139,MAHARASHTRA,MAHARASHTRA PUBLIC WORKS DEPARTMENT,SHREE BALAJI ENTERPRISE,411213425.22,304602537.2,1,6.0,"RF-1, RF-4, RF-5, RF-6",75,HIGH_RISK,MEGA (>5Cr),MAHARASHTRA
2018_PWD_19844_6,HIMACHAL PRADESH,EXECUTIVE ENGINEER PUBLIC WORKS DEPARTMENT PAONTA SAHIB,S S ASSOCIATES,3669020.0,2806693.0,2,20.0,"RF-5, RF-6",35,HIGH_RISK,MEDIUM (10L-50L),HIMACHAL_PRADESH
2017_UDDHP_18321_1,HIMACHAL PRADESH,EXECUTIVE OFFICER MC SOLAN,PARMINDER DHIMAN,462796.0,302746.0,3,5.333333333333333,"RF-4, RF-5, RF-6",50,HIGH_RISK,SMALL (<10L),HIMACHAL_PRADESH
UTT-UT-2021-01157,UTTAR PRADESH,UTTAR PRADESH PUBLIC WORKS DEPARTMENT,NCC LIMITED INFRASTRUCTURE,1256454.06,1231817.71,3,4.0,RF-4,15,MEDIUM_RISK,MEDIUM (10L-50L),UTTAR_PRADESH
2018_MC_23685_1,HIMACHAL PRADESH,EXECUTIVE ENGINEER,NARESH KUMAR VRMA,891713.0,676575.0,8,19.75,RF-5,20,MEDIUM_RISK,SMALL (<10L),HIMACHAL_PRADESH
CEN-CE-2021-01122,CENTRAL,DEFENCE RESEARCH DEVELOPMENT ORG,SHREE BALAJI ENTERPRISE,155597345.18,163786679.14,1,21.0,"RF-1, RF-6",40,HIGH_RISK,MEGA (>5Cr),CENTRAL_CPPP
2017_PWD_15314_1,HIMACHAL PRADESH,EXECUTIVE ENGINEER,KULVINDER,1527789.0,1259388.0,4,13.1875,RF-6,15,MEDIUM_RISK,MEDIUM (10L-50L),HIMACHAL_PRADESH
2019_PWD_27701_1,HIMACHAL PRADESH,EXECUTIVE ENGNEER,SUNIL KUMAR,761673.0,543148.0,4,6.083333333333333,"RF-4, RF-5",35,HIGH_RISK,SMALL (<10L),HIMACHAL_PRADESH
2019_HPIPH_33200_1,HIMACHAL PRADESH,EXECUTIVE ENGINEER,SAMJEEV MALHOTRA,2490623.0,2182989.0,9,16.0,RF-6,15,MEDIUM_RISK,MEDIUM (10L-50L),HIMACHAL_PRADESH
2017_PWD_15294_5,HIMACHAL PRADESH,EXECUTIVE ENGINEER CHAMBA DIVISION HIMACHAL PRADESH PUBLIC WORKS DEPARTMENT CHAMBA,RAJ SINGH GOVERNMENT CONTRACTOR,1613700.0,1202529.0,2,20.6875,"RF-5, RF-6",35,HIGH_RISK,MEDIUM (10L-50L),HIMACHAL_PRADESH
2018_HPIPH_22898_1,HIMACHAL PRADESH,EXECUTIVE ENGINEER,SEWA SINGH,19041391.0,16870108.0,5,21.83333333333333,NONE,0,LOW_RISK,LARGE (50L-5Cr),HIMACHAL_PRADESH
RAJ-RA-2021-01160,RAJASTHAN,RAJASTHAN PUBLIC WORKS DEPARTMENT,APEX MEDITECH SOLUTIONS,4700985.14,4948405.41,3,14.0,"RF-3, RF-6",35,HIGH_RISK,MEDIUM (10L-50L),RAJASTHAN
RAJ-RA-2021-01180,RAJASTHAN,RAJASTHAN PUBLIC WORKS DEPARTMENT,AHLUWALIA CONTRACTS INDIA LIMITED,8183212.21,6061638.67,3,4.0,"RF-4, RF-5, RF-6",50,HIGH_RISK,LARGE (50L-5Cr),RAJASTHAN
UTT-UT-2021-01059,UTTAR PRADESH,NOIDA INDUSTRIAL DEVELOPMENT AUTH,SHARMA ENGINEERING WORKS,4727227.83,4976029.29,4,4.0,"RF-3, RF-4, RF-6",50,HIGH_RISK,MEDIUM (10L-50L),UTTAR_PRADESH
2017_PWD_16284_1,HIMACHAL PRADESH,EXECUTIVE ENGINEER,RAJAT THAKUR,736236.0,739744.0,3,20.95833333333333,RF-6,15,MEDIUM_RISK,SMALL (<10L),HIMACHAL_PRADESH
2018_HPIPH_19553_1,HIMACHAL PRADESH,EXECUTIVE ENGINEER,VIJAY KUMAR,1417881.0,1428935.0,2,19.0,RF-6,15,MEDIUM_RISK,MEDIUM (10L-50L),HIMACHAL_PRADESH
KAR-KA-2021-01036,KARNATAKA,KARNATAKA PUBLIC WORKS PORTS INLAND WATER,DILIP BUILDCON LIMITED,6922855.44,6019874.29,5,6.0,"RF-4, RF-6",30,HIGH_RISK,LARGE (50L-5Cr),KARNATAKA
2017_MC_15003_6,HIMACHAL PRADESH,EXECUTIVE ENGINEER,NARESH VIJ GOVERNMENT CONTRACTOR,1857240.0,1238610.0,2,8.729166666666666,"RF-5, RF-6",35,HIGH_RISK,MEDIUM (10L-50L),HIMACHAL_PRADESH
2017_PWD_15242_1,HIMACHAL PRADESH,EXECUTIVE ENGINEER HIMACHAL PRADESH PUBLIC WORKS DEPARTMENT DIVISION BAIJH,YUDHVIR SINGH,2463100.0,1862114.0,11,13.0625,"RF-5, RF-6",35,HIGH_RISK,MEDIUM (10L-50L),HIMACHAL_PRADESH
RAJ-RA-2021-01240,RAJASTHAN,MEDICAL HEALTH SERVICES JAIPUR,APEX MEDITECH SOLUTIONS,202390088.71,175991381.49,1,30.0,"RF-1, RF-6",40,HIGH_RISK,MEGA (>5Cr),RAJASTHAN
KAR-KA-2021-01136,KARNATAKA,HEALTH FAMILY WELFARE KARNATAKA,ZENITH INFRASTRUCTURE PROJECTS,5811929.48,4305132.95,1,6.0,"RF-1, RF-4, RF-5",60,HIGH_RISK,LARGE (50L-5Cr),KARNATAKA
2018_PWD_19237_1,HIMACHAL PRADESH,EXECUTIVE ENGINEER,SUNIL KUMAR,2992973.0,1597832.0,2,21.75,"RF-5, RF-6",35,HIGH_RISK,MEDIUM (10L-50L),HIMACHAL_PRADESH
UTT-UT-2021-01208,UTTAR PRADESH,MEDICAL HEALTH FAMILY WELFARE LUCKNOW,GUPTA AND SONS CONTRACTOR,5330979.5,4936092.13,2,4.0,"RF-4, RF-6",30,HIGH_RISK,LARGE (50L-5Cr),UTTAR_PRADESH
KAR-KA-2021-01053,KARNATAKA,KARNATAKA RURAL INFRASTRUCTURE,NCC LIMITED INFRASTRUCTURE,6657056.8,4931153.19,1,14.0,"RF-1, RF-5, RF-6",60,HIGH_RISK,LARGE (50L-5Cr),KARNATAKA
2017_PWD_15997_4,HIMACHAL PRADESH,EXECUTIVE ENGINEER,NAVNEET THAKUR,938160.0,707008.0,3,21.041666666666668,"RF-5, RF-6",35,HIGH_RISK,SMALL (<10L),HIMACHAL_PRADESH
2017_PWD_18452_2,HIMACHAL PRADESH,EXECUTIVE ENGINEER PUBLIC WORKS DEPARTMENT SHILLAI,NITIN SHARMA,994950.0,713233.0,6,24.854166666666668,"RF-5, RF-6",35,HIGH_RISK,SMALL (<10L),HIMACHAL_PRADESH
2019_HPIPH_30787_1,HIMACHAL PRADESH,EXECUTIVE ENGINEER,HARNAM SINGH,519282.0,536038.0,3,13.708333333333334,NONE,0,LOW_RISK,SMALL (<10L),HIMACHAL_PRADESH
UTT-UT-2021-01162,UTTAR PRADESH,UTTAR PRADESH JAL NIGAM,SHARMA ENGINEERING WORKS,5977123.18,6792185.44,1,4.0,"RF-1, RF-4, RF-6",55,HIGH_RISK,LARGE (50L-5Cr),UTTAR_PRADESH
2017_PWD_15643_1,HIMACHAL PRADESH,EXECUTIVE ENGINEER,VIPIN KUMAR HAZRI,1649751.0,1284463.0,1,8.791666666666666,"RF-1, RF-6",40,HIGH_RISK,MEDIUM (10L-50L),HIMACHAL_PRADESH
RAJ-RA-2021-01064,RAJASTHAN,JAIPUR DEVELOPMENT AUTHORITY,TATA PROJECTS LIMITED,8259263.38,6117972.88,5,14.0,"RF-5, RF-6",35,HIGH_RISK,LARGE (50L-5Cr),RAJASTHAN
2018_HPIPH_21197_1-665,HIMACHAL PRADESH,EXECUTIVE ENGINEER,PRAGATI TOWERS CORPORATION,1106900.0,1150949.0,5,19.95833333333333,RF-6,15,MEDIUM_RISK,MEDIUM (10L-50L),HIMACHAL_PRADESH
2020_DFHW_34986_3,HIMACHAL PRADESH,CHIEF MEDICAL OFFICER HAMIRPUR,HAMEER FACILITY MANAGEMENT PRIVATE LIMITED,2714000.0,2714000.0,5,16.333333333333332,"RF-2, RF-6",40,HIGH_RISK,MEDIUM (10L-50L),HIMACHAL_PRADESH
2019_HPIPH_29152_1,HIMACHAL PRADESH,EXECUTIVE ENGINEER PSMIP SADWAN,ABHINAV MAHAJAN,987551.0,1114923.0,6,12.083333333333334,NONE,0,LOW_RISK,SMALL (<10L),HIMACHAL_PRADESH
CEN-CE-2021-01177,CENTRAL,MINISTRY OF HEALTH FAMILY WELFARE,APEX MEDITECH SOLUTIONS,19893459.32,17298660.28,3,6.0,"RF-4, RF-6",30,HIGH_RISK,LARGE (50L-5Cr),CENTRAL_CPPP
CEN-CE-2021-01240,CENTRAL,MINISTRY OF HEALTH FAMILY WELFARE,DILIP BUILDCON LIMITED,12311828.71,9119873.12,3,14.0,"RF-5, RF-6",35,HIGH_RISK,LARGE (50L-5Cr),CENTRAL_CPPP
2017_UDDHP_17946_1,HIMACHAL PRADESH,EXECUTIVE ENGINEER DMC,VIKAS,7054579.0,2987549.0,6,16.75,"RF-5, RF-6",35,HIGH_RISK,LARGE (50L-5Cr),HIMACHAL_PRADESH
CEN-CE-2021-01087,CENTRAL,CENTRAL PUBLIC WORKS DEPARTMENT,BHARAT DIAGNOSTIC SYSTEMS,4429535.54,3281137.44,4,6.0,"RF-4, RF-5",35,HIGH_RISK,MEDIUM (10L-50L),CENTRAL_CPPP
2017_PWD_16041_2,HIMACHAL PRADESH,EXECUTIVE ENGINEER,RAJAT THAKUR,5632922.0,6178241.0,2,15.961805555555555,RF-6,15,MEDIUM_RISK,LARGE (50L-5Cr),HIMACHAL_PRADESH
KAR-KA-2021-01167,KARNATAKA,BRUHAT BENGALURU MAHANAGARA PALIKE BBMP,NCC LIMITED INFRASTRUCTURE,7419198.84,8430907.77,4,6.0,"RF-4, RF-6",30,HIGH_RISK,LARGE (50L-5Cr),KARNATAKA
MAH-MA-2021-01125,MAHARASHTRA,MMRDA URBAN TRANSPORT,SHREE BALAJI ENTERPRISE,57214011.52,65015922.19,1,14.0,"RF-1, RF-6",40,HIGH_RISK,MEGA (>5Cr),MAHARASHTRA
2019_HPIPH_26544_1,HIMACHAL PRADESH,EXECUTIVE ENGINEER,BHAW SINGH,596580.0,477267.0,3,5.770833333333333,"RF-4, RF-6",30,HIGH_RISK,SMALL (<10L),HIMACHAL_PRADESH
2017_HPIPH_17620_1,HIMACHAL PRADESH,EXECUTIVE ENGINEER,THAKUR TRADERS,1489600.0,1072500.0,5,20.70833333333333,"RF-5, RF-6",35,HIGH_RISK,MEDIUM (10L-50L),HIMACHAL_PRADESH
2017_HPIPH_17782_1,HIMACHAL PRADESH,EXECUTIVE ENGINEER,VIJAY KUMAR KUSHWAHA,1860000.0,1246500.0,3,14.75,"RF-5, RF-6",35,HIGH_RISK,MEDIUM (10L-50L),HIMACHAL_PRADESH
2018_PWD_19706_7,HIMACHAL PRADESH,EXECUTIVE ENGINEER PUBLIC WORKS DEPARTMENT PAONTA SAHIB,S S ASSOCIATES,3707385.0,2724176.0,2,16.930555555555557,"RF-5, RF-6",35,HIGH_RISK,MEDIUM (10L-50L),HIMACHAL_PRADESH
CEN-CE-2021-01312,CENTRAL,INDIAN RAILWAYS,AHLUWALIA CONTRACTS INDIA LIMITED,99256113.66,97309915.36,3,6.0,"RF-4, RF-6",30,HIGH_RISK,MEGA (>5Cr),CENTRAL_CPPP
RAJ-RA-2021-01110,RAJASTHAN,PUBLIC HEALTH ENGINEERING DEPT RAJASTHAN,AHLUWALIA CONTRACTS INDIA LIMITED,6720773.35,4978350.63,5,21.0,"RF-5, RF-6",35,HIGH_RISK,LARGE (50L-5Cr),RAJASTHAN
2017_UDDHP_15258_1,HIMACHAL PRADESH,EXECUTIVE OFFICER MC SOLAN,SUBHASH CHAND RANA,225498.0,147500.0,2,7.083333333333333,"RF-5, RF-6",35,HIGH_RISK,SMALL (<10L),HIMACHAL_PRADESH
UTT-UT-2021-01187,UTTAR PRADESH,UTTAR PRADESH PUBLIC WORKS DEPARTMENT,ZENITH INFRASTRUCTURE PROJECTS,13180978.38,14978384.53,2,6.0,"RF-4, RF-6",30,HIGH_RISK,LARGE (50L-5Cr),UTTAR_PRADESH
2018_UDDHP_22618_1-657,HIMACHAL PRADESH,EXECUTIVE OFFICER MC SOLAN,VIRENDER THAKUR,97200.0,300000.0,10,6.125,"RF-4, RF-6",30,HIGH_RISK,SMALL (<10L),HIMACHAL_PRADESH
RAJ-RA-2021-01025,RAJASTHAN,MEDICAL HEALTH SERVICES JAIPUR,SHREE BALAJI ENTERPRISE,3061522.46,3001492.61,1,4.0,"RF-1, RF-4, RF-6",55,HIGH_RISK,MEDIUM (10L-50L),RAJASTHAN
2018_PWD_19838_10,HIMACHAL PRADESH,EXECUTIVE ENGINEER BILASPUR DIVISION NO 2 HIMACHAL PRADESH PUBLIC WORKS DEPARTMENT BILASPUR,RAVINDER KUMAR GUPTA,1814498.0,1654481.0,1,10.729166666666666,"RF-1, RF-6",40,HIGH_RISK,MEDIUM (10L-50L),HIMACHAL_PRADESH
2018_HPIPH_21012_1,HIMACHAL PRADESH,EXECUTIVE ENGINEER,RAJ KUMAR,13800000.0,6478000.0,5,13.927083333333334,"RF-5, RF-6",35,HIGH_RISK,LARGE (50L-5Cr),HIMACHAL_PRADESH
2016_MC_10913_7,HIMACHAL PRADESH,EXECUTIVE ENGINEEER,NARESH VIJ GOVERNMENT CONTRACTOR,2428832.0,1529348.0,2,18.875,"RF-5, RF-6",35,HIGH_RISK,MEDIUM (10L-50L),HIMACHAL_PRADESH
2017_HPIPH_17748_1-3498,HIMACHAL PRADESH,EXECUTIVE ENGINEER IRRIGATION AND PUBLIC HEALTH DIVISION BA,SHARMA INTERPRISES,728200.0,540000.0,4,5.083333333333333,"RF-4, RF-5, RF-6",50,HIGH_RISK,SMALL (<10L),HIMACHAL_PRADESH
RAJ-RA-2021-01244,RAJASTHAN,RAJASTHAN RAJYA VIDYUT PRASARAN,BHARAT DIAGNOSTIC SYSTEMS,8625504.82,9079478.76,3,14.0,NONE,0,LOW_RISK,LARGE (50L-5Cr),RAJASTHAN
2017_PWD_15928_1,HIMACHAL PRADESH,EXECUTIVE ENGINEER PUBLIC WORKS DEPARTMENT SHILLAI,M S RAGHUBIR SINGH,2215108.0,2215108.0,5,17.083333333333332,RF-6,15,MEDIUM_RISK,MEDIUM (10L-50L),HIMACHAL_PRADESH
RAJ-RA-2021-01024,RAJASTHAN,PUBLIC HEALTH ENGINEERING DEPT RAJASTHAN,ZENITH INFRASTRUCTURE PROJECTS,6687173.75,4953462.04,1,14.0,"RF-1, RF-5",45,HIGH_RISK,LARGE (50L-5Cr),RAJASTHAN
KAR-KA-2021-01216,KARNATAKA,KARNATAKA PUBLIC WORKS PORTS INLAND WATER,AFCONS INFRASTRUCTURE LIMITED,5318984.87,4924985.99,1,6.0,"RF-1, RF-4, RF-6",55,HIGH_RISK,LARGE (50L-5Cr),KARNATAKA
KAR-KA-2021-01214,KARNATAKA,BRUHAT BENGALURU MAHANAGARA PALIKE BBMP,NCC LIMITED INFRASTRUCTURE,1238590.21,1303779.17,1,4.0,"RF-1, RF-4, RF-6",55,HIGH_RISK,MEDIUM (10L-50L),KARNATAKA
2017_HPIPH_16695_1-328,HIMACHAL PRADESH,EXECUTIVE ENGINEER IRRIGATION AND PUBLIC HEALTH DIVISION BARSAR,SS ENGINEERING WORKS,1291705.0,605430.0,4,13.0,"RF-5, RF-6",35,HIGH_RISK,MEDIUM (10L-50L),HIMACHAL_PRADESH
CEN-CE-2021-01061,CENTRAL,INDIAN RAILWAYS,KNR CONSTRUCTION,27400932.26,20296986.86,4,4.0,"RF-4, RF-5, RF-6",50,HIGH_RISK,LARGE (50L-5Cr),CENTRAL_CPPP
UTT-UT-2021-01022,UTTAR PRADESH,UTTAR PRADESH JAL NIGAM,KNR CONSTRUCTION,342260193.13,297617559.24,4,4.0,"RF-4, RF-6",30,HIGH_RISK,MEGA (>5Cr),UTTAR_PRADESH
2017_HPIPH_17085_1,HIMACHAL PRADESH,EXECUTIVE ENGINEER,SHASHI BHUSHAN,2235740.0,2092413.0,5,17.270833333333332,NONE,0,LOW_RISK,MEDIUM (10L-50L),HIMACHAL_PRADESH
2017_DIT_18899_1,HIMACHAL PRADESH,DIRECTOR IT,BHARTI AIRTEL LIMITED,367431669.0,50000000.0,1,17.95138888888889,"RF-1, RF-5",45,HIGH_RISK,MEGA (>5Cr),HIMACHAL_PRADESH
UTT-UT-2021-01231,UTTAR PRADESH,UP STATE HIGHWAY AUTHORITY,PNC INFRATECH LIMITED,21387328.53,15842465.58,1,14.0,"RF-1, RF-5, RF-6",60,HIGH_RISK,LARGE (50L-5Cr),UTTAR_PRADESH
MAH-MA-2021-01279,MAHARASHTRA,MAHARASHTRA PUBLIC WORKS DEPARTMENT,KNR CONSTRUCTION,137992605.92,156809779.45,1,21.0,"RF-1, RF-6",40,HIGH_RISK,MEGA (>5Cr),MAHARASHTRA
2017_PWD_15605_1,HIMACHAL PRADESH,EXECUTIVE ENGINEER,NEERAJ KUMAR CHOUDHARY,1100165.0,665245.0,31,13.25,"RF-5, RF-6",35,HIGH_RISK,MEDIUM (10L-50L),HIMACHAL_PRADESH
2018_MC_19418_3,HIMACHAL PRADESH,EXECUTIVE ENGINEER,NAVNEET THAKUR,1448703.0,1010000.0,2,12.979166666666666,"RF-5, RF-6",35,HIGH_RISK,MEDIUM (10L-50L),HIMACHAL_PRADESH
UTT-UT-2021-01035,UTTAR PRADESH,MEDICAL HEALTH FAMILY WELFARE LUCKNOW,NCC LIMITED INFRASTRUCTURE,5054478.16,4955370.75,1,4.0,"RF-1, RF-4, RF-6",55,HIGH_RISK,LARGE (50L-5Cr),UTTAR_PRADESH
CEN-CE-2021-01137,CENTRAL,DEFENCE RESEARCH DEVELOPMENT ORG,PNC INFRATECH LIMITED,1233677.63,1298608.03,1,30.0,"RF-1, RF-6",40,HIGH_RISK,MEDIUM (10L-50L),CENTRAL_CPPP
2018_HPIPH_20024_1,HIMACHAL PRADESH,EXECUTIVE ENGINEER,SANJEEV KUMAR,5550000.0,1974528.0,3,18.875,"RF-5, RF-6",35,HIGH_RISK,LARGE (50L-5Cr),HIMACHAL_PRADESH
2018_PWD_19816_1,HIMACHAL PRADESH,EXECUTIVE ENGINEER,VINOD,1211896.0,931987.0,5,20.73958333333333,RF-5,20,MEDIUM_RISK,MEDIUM (10L-50L),HIMACHAL_PRADESH
2018_PWD_20066_4,HIMACHAL PRADESH,EXECUTIVE ENGINEER KALPA DIVISION,VIKAS PURI,5514781.0,3215012.0,1,15.0625,"RF-1, RF-5",45,HIGH_RISK,LARGE (50L-5Cr),HIMACHAL_PRADESH
2019_HPIPH_29435_1,HIMACHAL PRADESH,EXECUTIVE ENGINEER,MOHIT KAUSHAL,2361711.0,1810295.0,4,33.75,"RF-5, RF-6",35,HIGH_RISK,MEDIUM (10L-50L),HIMACHAL_PRADESH
MAH-MA-2021-01292,MAHARASHTRA,PUBLIC HEALTH DEPT MUMBAI,AFCONS INFRASTRUCTURE LIMITED,4338329.38,4929919.75,1,30.0,"RF-1, RF-6",40,HIGH_RISK,MEDIUM (10L-50L),MAHARASHTRA
UTT-UT-2021-01178,UTTAR PRADESH,MEDICAL HEALTH FAMILY WELFARE LUCKNOW,TATA PROJECTS LIMITED,4699015.47,4946332.08,3,14.0,"RF-3, RF-6",35,HIGH_RISK,MEDIUM (10L-50L),UTTAR_PRADESH
CEN-CE-2021-01159,CENTRAL,NHAI HIGHWAYS,SHREE BALAJI ENTERPRISE,4345160.73,4937682.65,4,30.0,RF-6,15,MEDIUM_RISK,MEDIUM (10L-50L),CENTRAL_CPPP
KAR-KA-2021-01243,KARNATAKA,KARNATAKA PUBLIC WORKS PORTS INLAND WATER,GUPTA AND SONS CONTRACTOR,4863271.84,3602423.59,4,4.0,"RF-3, RF-4, RF-5",55,HIGH_RISK,MEDIUM (10L-50L),KARNATAKA
2016_HPIPH_12981_1,HIMACHAL PRADESH,EXECUTIVE ENGINEER,SURJEET SINGH THAKUR,11844709.0,7068104.0,5,12.958333333333334,"RF-5, RF-6",35,HIGH_RISK,LARGE (50L-5Cr),HIMACHAL_PRADESH
KAR-KA-2021-01067,KARNATAKA,BANGALORE METRO RAIL CORP,SHARMA ENGINEERING WORKS,66229481.4,64930864.11,1,21.0,"RF-1, RF-6",40,HIGH_RISK,MEGA (>5Cr),KARNATAKA
KAR-KA-2021-01229,KARNATAKA,BRUHAT BENGALURU MAHANAGARA PALIKE BBMP,NCC LIMITED INFRASTRUCTURE,16443574.83,12180425.8,1,14.0,"RF-1, RF-5, RF-6",60,HIGH_RISK,LARGE (50L-5Cr),KARNATAKA
CEN-CE-2021-01260,CENTRAL,INDIAN RAILWAYS,DILIP BUILDCON LIMITED,4738000.7,4987369.16,2,21.0,"RF-3, RF-6",35,HIGH_RISK,MEDIUM (10L-50L),CENTRAL_CPPP
2017_PWD_15210_1,HIMACHAL PRADESH,EXECUTIVE ENGINEER,SARWAR SHAH,2217725.0,3729851.0,3,21.041666666666668,RF-6,15,MEDIUM_RISK,MEDIUM (10L-50L),HIMACHAL_PRADESH
2017_PWD_15862_1,HIMACHAL PRADESH,EXECUTIVE ENGINEER,HARDEV SINGH,445146.0,290058.0,22,7.958333333333333,RF-5,20,MEDIUM_RISK,SMALL (<10L),HIMACHAL_PRADESH
2017_PWD_17799_6,HIMACHAL PRADESH,EXECUTIVE ENGINEER,KUMAR,1316292.0,1001254.0,3,15.708333333333334,"RF-5, RF-6",35,HIGH_RISK,MEDIUM (10L-50L),HIMACHAL_PRADESH
2018_UDDHP_20480_1,HIMACHAL PRADESH,EXECUTIVE OFFICER MC SOLAN,SHAH JAHAN,413487.0,250000.0,3,7.333333333333333,"RF-5, RF-6",35,HIGH_RISK,SMALL (<10L),HIMACHAL_PRADESH
2017_PWD_18313_1,HIMACHAL PRADESH,EXECUTIVE ENGINEER KARSOG,DHARAM SINGH THAKUR,8151615.0,5835539.0,2,6.854166666666667,"RF-4, RF-5",35,HIGH_RISK,LARGE (50L-5Cr),HIMACHAL_PRADESH
2019_HIMUD_27552_1,HIMACHAL PRADESH,EXECUTIVE ENGINEER HIMUDA DIVISION MANDI,THAKUR ENTERPRISE,1345736.7,1101328.0,6,11.270833333333334,NONE,0,LOW_RISK,MEDIUM (10L-50L),HIMACHAL_PRADESH
2019_HPIPH_32480_1,HIMACHAL PRADESH,EXECUTIVE ENGINEER,MS KAMAL DEV SHARMA,59994231.0,45466135.0,3,14.020833333333334,"RF-5, RF-6",35,HIGH_RISK,MEGA (>5Cr),HIMACHAL_PRADESH
UTT-UT-2021-01166,UTTAR PRADESH,MEDICAL HEALTH FAMILY WELFARE LUCKNOW,SHREE BALAJI ENTERPRISE,18292740.95,20787205.63,4,4.0,"RF-4, RF-6",30,HIGH_RISK,LARGE (50L-5Cr),UTTAR_PRADESH
RAJ-RA-2021-01238,RAJASTHAN,JAIPUR DEVELOPMENT AUTHORITY,KNR CONSTRUCTION,4913101.82,5583070.25,1,6.0,"RF-1, RF-3, RF-4",60,HIGH_RISK,MEDIUM (10L-50L),RAJASTHAN
2019_HPIPH_33006_1,HIMACHAL PRADESH,EXECUTIVE ENGINEER,HARJEET SINGH,1151279804.0,750253097.0,3,24.229166666666668,"RF-5, RF-6",35,HIGH_RISK,MEGA (>5Cr),HIMACHAL_PRADESH
CEN-CE-2021-01267,CENTRAL,MINISTRY OF HEALTH FAMILY WELFARE,DILIP BUILDCON LIMITED,2162310.13,2457170.61,1,4.0,"RF-1, RF-4, RF-6",55,HIGH_RISK,MEDIUM (10L-50L),CENTRAL_CPPP
2018_PWD_19997_7,HIMACHAL PRADESH,EXECUTIVE ENGINEER JUBBAL,AJAY KUMAR SAUHTA,3972320.0,2977295.0,1,9.20138888888889,"RF-1, RF-5",45,HIGH_RISK,MEDIUM (10L-50L),HIMACHAL_PRADESH
2017_PWD_15597_1,HIMACHAL PRADESH,EXECUTIVE ENGINEER MANDI DIVISION NO 2 HIMACHAL PRADESH PUBLIC WORKS DEPARTMENT MANDI,S A ASSOCIATE,2311192.0,2311192.0,4,6.6875,"RF-4, RF-6",30,HIGH_RISK,MEDIUM (10L-50L),HIMACHAL_PRADESH
2019_HPIPH_31379_1-1136,HIMACHAL PRADESH,EXECUTIVE ENGINEER IRRIGATION AND PUBLIC HEALTH DIVISION BARSAR,NARESH KUMAR,2138881.91,1539605.0,4,17.791666666666668,"RF-5, RF-6",35,HIGH_RISK,MEDIUM (10L-50L),HIMACHAL_PRADESH
KAR-KA-2021-01152,KARNATAKA,BANGALORE METRO RAIL CORP,LARSEN AND TOUBRO CONSTRUCTION,147327241.38,136414112.39,3,14.0,NONE,0,LOW_RISK,MEGA (>5Cr),KARNATAKA
2018_PWD_23920_1,HIMACHAL PRADESH,EXECUTIVE ENGINEER UNA DIVISION HIMACHAL PRADESH PUBLIC WORKS DEPARTMENT UNA,M S KATHURIA CONSTRUTION COMPANY,29949000.0,27962881.0,2,5.270833333333333,"RF-4, RF-6",30,HIGH_RISK,LARGE (50L-5Cr),HIMACHAL_PRADESH
2017_PWD_17040_1,HIMACHAL PRADESH,EXECUTIVE ENGINEER BILASPUR DIVISION NO 2 HIMACHAL PRADESH PUBLIC WORKS DEPARTMENT BILASPUR,DINESH KUMAR,3430112.0,2548472.0,2,10.020833333333334,RF-5,20,MEDIUM_RISK,MEDIUM (10L-50L),HIMACHAL_PRADESH
UTT-UT-2021-01150,UTTAR PRADESH,UTTAR PRADESH JAL NIGAM,VANGUARD POWER SERVICES,5317021.01,4923167.6,1,21.0,"RF-1, RF-6",40,HIGH_RISK,LARGE (50L-5Cr),UTTAR_PRADESH
2018_PWD_20066_2,HIMACHAL PRADESH,EXECUTIVE ENGINEER KALPA DIVISION,ARVIND BUILDERS AND CONTRACTOR,9070024.0,5300664.0,1,15.0625,"RF-1, RF-5",45,HIGH_RISK,LARGE (50L-5Cr),HIMACHAL_PRADESH
CEN-CE-2021-01277,CENTRAL,NHAI HIGHWAYS,APEX MEDITECH SOLUTIONS,292109369.24,270471638.18,4,30.0,RF-6,15,MEDIUM_RISK,MEGA (>5Cr),CENTRAL_CPPP
2017_UDDHP_15791_2,HIMACHAL PRADESH,EXECUTIVE OFFICER MC SOLAN,BROTHERS TRADERS,328860.0,200000.0,3,5.0,"RF-4, RF-5, RF-6",50,HIGH_RISK,SMALL (<10L),HIMACHAL_PRADESH
2017_PWD_15702_7,HIMACHAL PRADESH,EXECUTIVE ENGINEER CHAMBA DIVISION HIMACHAL PRADESH PUBLIC WORKS DEPARTMENT CHAMBA,RAJ SINGH GOVERNMENT CONTRACTOR,1588440.0,1183324.0,3,20.75,"RF-5, RF-6",35,HIGH_RISK,MEDIUM (10L-50L),HIMACHAL_PRADESH
RAJ-RA-2021-01072,RAJASTHAN,PUBLIC HEALTH ENGINEERING DEPT RAJASTHAN,BHARAT DIAGNOSTIC SYSTEMS,4500402.62,4737265.91,1,6.0,"RF-1, RF-3, RF-4",60,HIGH_RISK,MEDIUM (10L-50L),RAJASTHAN
UTT-UT-2021-01125,UTTAR PRADESH,UTTAR PRADESH JAL NIGAM,APEX MEDITECH SOLUTIONS,13202506.0,9779634.08,4,4.0,"RF-4, RF-5, RF-6",50,HIGH_RISK,LARGE (50L-5Cr),UTTAR_PRADESH
KAR-KA-2021-01081,KARNATAKA,BRUHAT BENGALURU MAHANAGARA PALIKE BBMP,AHLUWALIA CONTRACTS INDIA LIMITED,204053879.24,177438155.86,1,14.0,"RF-1, RF-6",40,HIGH_RISK,MEGA (>5Cr),KARNATAKA
MAH-MA-2021-01280,MAHARASHTRA,PUBLIC HEALTH DEPT MUMBAI,LARSEN AND TOUBRO CONSTRUCTION,10413799.95,7713925.89,1,14.0,"RF-1, RF-5, RF-6",60,HIGH_RISK,LARGE (50L-5Cr),MAHARASHTRA
MAH-MA-2021-01170,MAHARASHTRA,PUBLIC HEALTH DEPT MUMBAI,BHARAT DIAGNOSTIC SYSTEMS,6654986.66,4929619.75,1,4.0,"RF-1, RF-4, RF-5, RF-6",75,HIGH_RISK,LARGE (50L-5Cr),MAHARASHTRA
MAH-MA-2021-01228,MAHARASHTRA,MMRDA URBAN TRANSPORT,VANGUARD POWER SERVICES,122766448.08,106753433.11,1,30.0,"RF-1, RF-6",40,HIGH_RISK,MEGA (>5Cr),MAHARASHTRA
2017_PWD_15121_1,HIMACHAL PRADESH,EXECUTIVE ENGINEER,ANIL KUMAR,1464579.0,1197609.0,4,9.666666666666666,RF-6,15,MEDIUM_RISK,MEDIUM (10L-50L),HIMACHAL_PRADESH
CEN-CE-2021-01015,CENTRAL,INDIAN RAILWAYS,NCC LIMITED INFRASTRUCTURE,1508793.15,1479208.97,1,21.0,"RF-1, RF-6",40,HIGH_RISK,MEDIUM (10L-50L),CENTRAL_CPPP
2017_PWD_17506_1,HIMACHAL PRADESH,EXECUTIVE ENGINEER ELECTRICAL,JOHNSON LIFTS PRIVATE LIMITED,4777000.0,6300000.0,2,31.729166666666668,"RF-3, RF-6",35,HIGH_RISK,MEDIUM (10L-50L),HIMACHAL_PRADESH
CEN-CE-2021-01152,CENTRAL,CENTRAL PUBLIC WORKS DEPARTMENT,PNC INFRATECH LIMITED,4692361.39,4939327.78,4,14.0,"RF-3, RF-6",35,HIGH_RISK,MEDIUM (10L-50L),CENTRAL_CPPP
2017_PWD_15684_1,HIMACHAL PRADESH,EXECUTIVE ENGINEER CHAMBA DIVISION HIMACHAL PRADESH PUBLIC WORKS DEPARTMENT CHAMBA,SAHAB SINGH THAKUR,1842454.0,1402554.0,2,18.70833333333333,"RF-5, RF-6",35,HIGH_RISK,MEDIUM (10L-50L),HIMACHAL_PRADESH
2017_UDDHP_17631_1,HIMACHAL PRADESH,EXECUTIVE OFFICER MC SOLAN,GURU DEV SINGH,734419.0,460818.0,3,7.25,"RF-5, RF-6",35,HIGH_RISK,SMALL (<10L),HIMACHAL_PRADESH
2019_PWD_26488_1,HIMACHAL PRADESH,EXECUTIVE ENGINEER,NARESH VIJ GOVERNMENT CONTRACTOR,9500698.0,6511210.0,4,10.333333333333334,"RF-5, RF-6",35,HIGH_RISK,LARGE (50L-5Cr),HIMACHAL_PRADESH
2017_HPIPH_17998_5,HIMACHAL PRADESH,EXECUTIVE ENGINEER,CHATTER SINGH,511000.0,972000.0,3,10.875,NONE,0,LOW_RISK,SMALL (<10L),HIMACHAL_PRADESH
KAR-KA-2021-01233,KARNATAKA,BRUHAT BENGALURU MAHANAGARA PALIKE BBMP,ZENITH INFRASTRUCTURE PROJECTS,21457872.05,21037129.46,5,6.0,"RF-4, RF-6",30,HIGH_RISK,LARGE (50L-5Cr),KARNATAKA
2017_MC_15003_3,HIMACHAL PRADESH,EXECUTIVE ENGINEER,NARESH VIJ GOVERNMENT CONTRACTOR,5252442.0,3502903.0,2,8.729166666666666,"RF-5, RF-6",35,HIGH_RISK,LARGE (50L-5Cr),HIMACHAL_PRADESH
2018_PWD_19997_10,HIMACHAL PRADESH,EXECUTIVE ENGINEER JUBBAL,RAVINDER CHAUHAN,8830412.0,5969340.0,1,9.166666666666666,"RF-1, RF-5, RF-6",60,HIGH_RISK,LARGE (50L-5Cr),HIMACHAL_PRADESH
KAR-KA-2021-01218,KARNATAKA,BRUHAT BENGALURU MAHANAGARA PALIKE BBMP,LARSEN AND TOUBRO CONSTRUCTION,5378843.13,4980410.3,1,30.0,"RF-1, RF-6",40,HIGH_RISK,LARGE (50L-5Cr),KARNATAKA
2017_PWD_16089_1,HIMACHAL PRADESH,EXECUTIVE ENGINEER,RAHUL CHAUHAN,1273716.0,920400.0,5,21.02083333333333,RF-5,20,MEDIUM_RISK,MEDIUM (10L-50L),HIMACHAL_PRADESH
2017_UDDHP_17133_1,HIMACHAL PRADESH,EXECUTIVE OFFICER MC SOLAN,VIKRANT SHARMA,380525.0,250000.0,3,6.0,"RF-4, RF-5, RF-6",50,HIGH_RISK,SMALL (<10L),HIMACHAL_PRADESH
CEN-CE-2021-01008,CENTRAL,NHAI HIGHWAYS,AHLUWALIA CONTRACTS INDIA LIMITED,462521256.45,342608338.11,1,6.0,"RF-1, RF-4, RF-5, RF-6",75,HIGH_RISK,MEGA (>5Cr),CENTRAL_CPPP
2017_PWD_15490_2,HIMACHAL PRADESH,EXECUTIVE ENGINEER,RAKESH GOVT CONTR,232667.0,170027.0,2,21.041666666666668,"RF-5, RF-6",35,HIGH_RISK,SMALL (<10L),HIMACHAL_PRADESH
CEN-CE-2021-01109,CENTRAL,INDIAN RAILWAYS,PNC INFRATECH LIMITED,6118864.31,4532492.08,4,21.0,"RF-5, RF-6",35,HIGH_RISK,LARGE (50L-5Cr),CENTRAL_CPPP
RAJ-RA-2021-01137,RAJASTHAN,PUBLIC HEALTH ENGINEERING DEPT RAJASTHAN,TATA PROJECTS LIMITED,6638269.16,4917236.42,1,4.0,"RF-1, RF-4, RF-5, RF-6",75,HIGH_RISK,LARGE (50L-5Cr),RAJASTHAN
2020_PWD_36700_1,HIMACHAL PRADESH,EXECUTIVE ENGINEER,SURESH KUMAR GULERIA,1480141.0,1124705.0,2,12.21875,RF-5,20,MEDIUM_RISK,MEDIUM (10L-50L),HIMACHAL_PRADESH
2017_UDDHP_16136_1,HIMACHAL PRADESH,EXECUTIVE OFFICER MC SOLAN,BHUPENDER SINGH THAKUR,267813.0,180414.0,3,5.166666666666667,"RF-4, RF-5, RF-6",50,HIGH_RISK,SMALL (<10L),HIMACHAL_PRADESH
2018_MC_20282_13,HIMACHAL PRADESH,EXECUTIVE ENGINEER ROADS AND BUILDINGS MUNICIPAL CORPORATION SHIMLA,NARESH VIJ GOVERNMENT CONTRACTOR,2016447.0,1655000.0,1,7.729166666666667,"RF-1, RF-6",40,HIGH_RISK,MEDIUM (10L-50L),HIMACHAL_PRADESH
KAR-KA-2021-01176,KARNATAKA,KARNATAKA PUBLIC WORKS PORTS INLAND WATER,AHLUWALIA CONTRACTS INDIA LIMITED,3990167.79,3911929.2,2,4.0,"RF-4, RF-6",30,HIGH_RISK,MEDIUM (10L-50L),KARNATAKA
2018_PWD_19187_1,HIMACHAL PRADESH,EXECUTIVE ENGINEER CHAMBA DIVISION HIMACHAL PRADESH PUBLIC WORKS DEPARTMENT CHAMBA,GOVERNMENT CONTRACTOR,1249524.0,940975.0,2,22.791666666666668,"RF-5, RF-6",35,HIGH_RISK,MEDIUM (10L-50L),HIMACHAL_PRADESH
CEN-CE-2021-01029,CENTRAL,NHAI HIGHWAYS,AHLUWALIA CONTRACTS INDIA LIMITED,5314185.96,4920542.56,2,6.0,"RF-4, RF-6",30,HIGH_RISK,LARGE (50L-5Cr),CENTRAL_CPPP
2019_PWD_28023_1,HIMACHAL PRADESH,EXECUTIVE ENGINEER CHAMBA DIVISION HIMACHAL PRADESH PUBLIC WORKS DEPARTMENT CHAMBA,GOVERNMENT CONTRACTOR,2241800.0,1405141.0,1,11.291666666666666,"RF-1, RF-5, RF-6",60,HIGH_RISK,MEDIUM (10L-50L),HIMACHAL_PRADESH
KAR-KA-2021-01058,KARNATAKA,BRUHAT BENGALURU MAHANAGARA PALIKE BBMP,ZENITH INFRASTRUCTURE PROJECTS,7267345.58,8258347.25,4,4.0,"RF-4, RF-6",30,HIGH_RISK,LARGE (50L-5Cr),KARNATAKA
CEN-CE-2021-01269,CENTRAL,CENTRAL PUBLIC WORKS DEPARTMENT,SHARMA ENGINEERING WORKS,8372703.24,8813371.83,1,14.0,"RF-1, RF-6",40,HIGH_RISK,LARGE (50L-5Cr),CENTRAL_CPPP
RAJ-RA-2021-01040,RAJASTHAN,PUBLIC HEALTH ENGINEERING DEPT RAJASTHAN,TATA PROJECTS LIMITED,152424350.36,149435637.6,1,21.0,"RF-1, RF-6",40,HIGH_RISK,MEGA (>5Cr),RAJASTHAN
CEN-CE-2021-01001,CENTRAL,DEFENCE RESEARCH DEVELOPMENT ORG,NCC LIMITED INFRASTRUCTURE,4653032.88,3446691.02,2,30.0,"RF-3, RF-5, RF-6",55,HIGH_RISK,MEDIUM (10L-50L),CENTRAL_CPPP
CEN-CE-2021-01023,CENTRAL,MINISTRY OF HEALTH FAMILY WELFARE,PNC INFRATECH LIMITED,5796378.9,6101451.48,1,30.0,"RF-1, RF-6",40,HIGH_RISK,LARGE (50L-5Cr),CENTRAL_CPPP
CEN-CE-2021-01309,CENTRAL,DEFENCE RESEARCH DEVELOPMENT ORG,LARSEN AND TOUBRO CONSTRUCTION,5095069.61,4995166.29,2,21.0,RF-6,15,MEDIUM_RISK,LARGE (50L-5Cr),CENTRAL_CPPP
2017_HPIPH_17257_1,HIMACHAL PRADESH,EXECUTIVE ENGINEER,BITTU RAM GOVERNMENT CONTRACTOR,1739986.0,1449293.0,2,18.0,RF-6,15,MEDIUM_RISK,MEDIUM (10L-50L),HIMACHAL_PRADESH
2018_PWD_19648_10,HIMACHAL PRADESH,EXECUTIVE ENGINEER CHAMBA DIVISION HIMACHAL PRADESH PUBLIC WORKS DEPARTMENT CHAMBA,DES RAJ AND COMPANY,2891768.0,2190859.0,2,18.041666666666668,"RF-5, RF-6",35,HIGH_RISK,MEDIUM (10L-50L),HIMACHAL_PRADESH
2018_MC_19610_3,HIMACHAL PRADESH,EXECUTIVE ENGINEER ROADS AND BUILDINGS MUNICIPAL CORPORATION SHIMLA,GIAN SINGH,1609591.0,1178000.0,3,6.729166666666667,"RF-4, RF-5",35,HIGH_RISK,MEDIUM (10L-50L),HIMACHAL_PRADESH
2017_PWD_18719_1,HIMACHAL PRADESH,EXECUTIVE ENGINEER ELECTRICAL DIVISION HIMACHAL PRADESH PUBLIC WORKS DEPARTMENT MAND,MODERN COOLING SOLUTION,6952474.0,8523944.0,4,14.0,NONE,0,LOW_RISK,LARGE (50L-5Cr),HIMACHAL_PRADESH
2018_HPIPH_19621_1,HIMACHAL PRADESH,EXECUTIVE ENGINEER,KUSHAL SINGH RAGHAV,1665895.0,1665894.0,2,14.291666666666666,NONE,0,LOW_RISK,MEDIUM (10L-50L),HIMACHAL_PRADESH
MAH-MA-2021-01021,MAHARASHTRA,PUBLIC HEALTH DEPT MUMBAI,AFCONS INFRASTRUCTURE LIMITED,20105338.51,21163514.23,2,6.0,"RF-4, RF-6",30,HIGH_RISK,LARGE (50L-5Cr),MAHARASHTRA
UTT-UT-2021-01058,UTTAR PRADESH,UTTAR PRADESH PUBLIC WORKS DEPARTMENT,AHLUWALIA CONTRACTS INDIA LIMITED,92336780.06,85497018.57,4,14.0,RF-6,15,MEDIUM_RISK,MEGA (>5Cr),UTTAR_PRADESH
2018_HPIPH_22300_1,HIMACHAL PRADESH,EXECUTIVE ENGINEER,AMIT KATOCH,2964678.0,2087508.0,2,21.75,"RF-5, RF-6",35,HIGH_RISK,MEDIUM (10L-50L),HIMACHAL_PRADESH
2017_PWD_17000_1,HIMACHAL PRADESH,EXECUTIVE ENGINEER,SHAMSHER PARKASH,541880.0,317441.0,19,25.0,RF-5,20,MEDIUM_RISK,SMALL (<10L),HIMACHAL_PRADESH
2018_HPIPH_24323_1,HIMACHAL PRADESH,EXECUTIVE ENGINEER,SANJEEV KUMAR,2995687.0,1348433.0,3,20.86111111111111,"RF-5, RF-6",35,HIGH_RISK,MEDIUM (10L-50L),HIMACHAL_PRADESH
CEN-CE-2021-01160,CENTRAL,CENTRAL PUBLIC WORKS DEPARTMENT,TATA PROJECTS LIMITED,1765145.28,1730534.59,4,4.0,"RF-4, RF-6",30,HIGH_RISK,MEDIUM (10L-50L),CENTRAL_CPPP
2018_PWD_20158_1,HIMACHAL PRADESH,E E SUNDER NAGAR DIVISION HIMACHAL PRADESH PUBLIC WORKS DEPARTMENT,S A ASSOCIATE,3106557.0,2288622.0,2,20.95833333333333,"RF-5, RF-6",35,HIGH_RISK,MEDIUM (10L-50L),HIMACHAL_PRADESH
RAJ-RA-2021-01089,RAJASTHAN,MEDICAL HEALTH SERVICES JAIPUR,TATA PROJECTS LIMITED,165253314.41,187787857.29,4,4.0,"RF-4, RF-6",30,HIGH_RISK,MEGA (>5Cr),RAJASTHAN
RAJ-RA-2021-01106,RAJASTHAN,MEDICAL HEALTH SERVICES JAIPUR,TATA PROJECTS LIMITED,32272316.17,23905419.39,4,30.0,"RF-5, RF-6",35,HIGH_RISK,LARGE (50L-5Cr),RAJASTHAN
2018_PWD_20163_4,HIMACHAL PRADESH,EXECUTIVE ENGINEER,BHARAT BHUSHAN VERMA,2043186.0,1474988.0,1,8.25,"RF-1, RF-5, RF-6",60,HIGH_RISK,MEDIUM (10L-50L),HIMACHAL_PRADESH
2017_PWD_16285_1,HIMACHAL PRADESH,EXECUTIVE ENGINEER,NEW INDIA CONTRACTOR AND DEVELOPERS PRIVATE LIMITED,81984067.0,73296483.0,3,6.666666666666667,"RF-4, RF-6",30,HIGH_RISK,MEGA (>5Cr),HIMACHAL_PRADESH
2018_PWD_24516_2,HIMACHAL PRADESH,EXECUTIVE ENGINEER,M S GOPAL SINGH,9362855.0,5378051.0,3,7.229166666666667,RF-5,20,MEDIUM_RISK,LARGE (50L-5Cr),HIMACHAL_PRADESH
CEN-CE-2021-01208,CENTRAL,CENTRAL PUBLIC WORKS DEPARTMENT,KNR CONSTRUCTION,6112779.22,5659980.75,1,14.0,"RF-1, RF-6",40,HIGH_RISK,LARGE (50L-5Cr),CENTRAL_CPPP
MAH-MA-2021-01097,MAHARASHTRA,MAHARASHTRA PUBLIC WORKS DEPARTMENT,DILIP BUILDCON LIMITED,83823887.27,77614710.44,3,30.0,RF-6,15,MEDIUM_RISK,MEGA (>5Cr),MAHARASHTRA
CEN-CE-2021-01083,CENTRAL,CENTRAL PUBLIC WORKS DEPARTMENT,NCC LIMITED INFRASTRUCTURE,5387449.46,4988379.13,4,4.0,"RF-4, RF-6",30,HIGH_RISK,LARGE (50L-5Cr),CENTRAL_CPPP
RAJ-RA-2021-01242,RAJASTHAN,PUBLIC HEALTH ENGINEERING DEPT RAJASTHAN,SHARMA ENGINEERING WORKS,5346711.17,4950658.49,4,4.0,"RF-4, RF-6",30,HIGH_RISK,LARGE (50L-5Cr),RAJASTHAN
RAJ-RA-2021-01152,RAJASTHAN,PUBLIC HEALTH ENGINEERING DEPT RAJASTHAN,AHLUWALIA CONTRACTS INDIA LIMITED,64411427.21,73194803.65,1,21.0,"RF-1, RF-6",40,HIGH_RISK,MEGA (>5Cr),RAJASTHAN
KAR-KA-2021-01092,KARNATAKA,KARNATAKA RURAL INFRASTRUCTURE,PNC INFRATECH LIMITED,4674344.39,4920362.51,3,6.0,"RF-3, RF-4, RF-6",50,HIGH_RISK,MEDIUM (10L-50L),KARNATAKA
2016_PWD_12355_1,HIMACHAL PRADESH,EXECUTIVE ENGINEER,AJAY KUMAR,18714898.0,13112983.0,2,20.875,"RF-5, RF-6",35,HIGH_RISK,LARGE (50L-5Cr),HIMACHAL_PRADESH
2017_PWD_16191_1,HIMACHAL PRADESH,EXECUTIVE ENGINEER,SANJAY THAKUR,57445861.0,4588464.0,3,15.0,RF-5,20,MEDIUM_RISK,MEGA (>5Cr),HIMACHAL_PRADESH
2016_HPIPH_14095_1,HIMACHAL PRADESH,EXECUTIVE ENGINEER IRRIGATION AND PUBLIC HEALTH DIVISION RAMPUR,MOHAR SINGH,1607885.0,1384972.0,5,20.0,NONE,0,LOW_RISK,MEDIUM (10L-50L),HIMACHAL_PRADESH
2018_PWD_19818_1,HIMACHAL PRADESH,EXECUTIVE ENGINEER,M S STRIKER BROS,2816850.0,2504553.0,1,11.756944444444445,"RF-1, RF-6",40,HIGH_RISK,MEDIUM (10L-50L),HIMACHAL_PRADESH
2016_PWD_13245_3,HIMACHAL PRADESH,EXECUTIVE ENGINEER HIMACHAL PRADESH PUBLIC WORKS DEPARTMENT KALPA DIVISION,ASHOK KUMAR,3093017.0,1846380.0,1,19.02083333333333,"RF-1, RF-5",45,HIGH_RISK,MEDIUM (10L-50L),HIMACHAL_PRADESH
CEN-CE-2021-01027,CENTRAL,MINISTRY OF HEALTH FAMILY WELFARE,AHLUWALIA CONTRACTS INDIA LIMITED,25703177.79,19039390.96,4,21.0,"RF-5, RF-6",35,HIGH_RISK,LARGE (50L-5Cr),CENTRAL_CPPP
2017_PWD_17571_1,HIMACHAL PRADESH,EXECUTIVE ENGINEER,SATYA PAL GOVERNMENT CONTRACTOR,903000.0,547928.0,36,17.333333333333332,"RF-5, RF-6",35,HIGH_RISK,SMALL (<10L),HIMACHAL_PRADESH
2017_PWD_17714_1,HIMACHAL PRADESH,EXECUTIVE ENGINEER MANDI DIVISION NO 2 HIMACHAL PRADESH PUBLIC WORKS DEPARTMENT MANDI,M S NAWAL KISHORE AND SONS,2524400.0,2144875.0,1,6.6875,"RF-1, RF-4",40,HIGH_RISK,MEDIUM (10L-50L),HIMACHAL_PRADESH
2019_PWD_30104_3,HIMACHAL PRADESH,EXECUTIVE ENGINEER HP PUBLIC WORKS DEPARTMENT DIVISION KANGRA,NAVNEET THAKUR,2809432.0,2080662.0,2,14.041666666666666,"RF-5, RF-6",35,HIGH_RISK,MEDIUM (10L-50L),HIMACHAL_PRADESH
MAH-MA-2021-01229,MAHARASHTRA,PUBLIC HEALTH DEPT MUMBAI,LARSEN AND TOUBRO CONSTRUCTION,17769342.33,16453094.75,4,6.0,"RF-4, RF-6",30,HIGH_RISK,LARGE (50L-5Cr),MAHARASHTRA
2017_PWD_15702_2,HIMACHAL PRADESH,EXECUTIVE ENGINEER CHAMBA DIVISION HIMACHAL PRADESH PUBLIC WORKS DEPARTMENT CHAMBA,MANESH MEHTA,2057500.0,1570375.0,2,20.75,"RF-5, RF-6",35,HIGH_RISK,MEDIUM (10L-50L),HIMACHAL_PRADESH
RAJ-RA-2021-01132,RAJASTHAN,PUBLIC HEALTH ENGINEERING DEPT RAJASTHAN,SHARMA ENGINEERING WORKS,5078303.26,4978728.68,3,6.0,"RF-4, RF-6",30,HIGH_RISK,LARGE (50L-5Cr),RAJASTHAN
CEN-CE-2021-01032,CENTRAL,DEFENCE RESEARCH DEVELOPMENT ORG,SHREE BALAJI ENTERPRISE,13872477.63,15764179.13,1,6.0,"RF-1, RF-4, RF-6",55,HIGH_RISK,LARGE (50L-5Cr),CENTRAL_CPPP
MAH-MA-2021-01248,MAHARASHTRA,MMRDA URBAN TRANSPORT,NCC LIMITED INFRASTRUCTURE,10653928.82,7891799.12,2,14.0,"RF-5, RF-6",35,HIGH_RISK,LARGE (50L-5Cr),MAHARASHTRA
2018_FDC_19795_1,HIMACHAL PRADESH,DIVISIONAL MANAGER,MANI CHAND,7497040.0,5764379.0,1,6.75,"RF-1, RF-4, RF-5",60,HIGH_RISK,LARGE (50L-5Cr),HIMACHAL_PRADESH
2016_PWD_13123_1,HIMACHAL PRADESH,EXECUTIVE ENGINEER,YOGESH AWASTHY,19009561.0,13306188.0,1,19.08333333333333,"RF-1, RF-5",45,HIGH_RISK,LARGE (50L-5Cr),HIMACHAL_PRADESH
2018_PWD_20064_5,HIMACHAL PRADESH,EXECUTIVE ENGINEER HIMACHAL PRADESH PUBLIC WORKS DEPARTMENT DIVISION DALHOUSIE,MS R K MAHAJAN,3423060.0,111629.0,2,11.041666666666666,"RF-5, RF-6",35,HIGH_RISK,MEDIUM (10L-50L),HIMACHAL_PRADESH
CEN-CE-2021-01214,CENTRAL,INDIAN RAILWAYS,PNC INFRATECH LIMITED,5661368.58,4922929.2,2,4.0,"RF-4, RF-6",30,HIGH_RISK,LARGE (50L-5Cr),CENTRAL_CPPP
UTT-UT-2021-01247,UTTAR PRADESH,UTTAR PRADESH JAL NIGAM,PNC INFRATECH LIMITED,4700726.49,4948133.15,2,4.0,"RF-3, RF-4, RF-6",50,HIGH_RISK,MEDIUM (10L-50L),UTTAR_PRADESH
KAR-KA-2021-01042,KARNATAKA,BRUHAT BENGALURU MAHANAGARA PALIKE BBMP,VANGUARD POWER SERVICES,4742192.61,4991781.69,2,30.0,"RF-3, RF-6",35,HIGH_RISK,MEDIUM (10L-50L),KARNATAKA
UTT-UT-2021-01160,UTTAR PRADESH,MEDICAL HEALTH FAMILY WELFARE LUCKNOW,VANGUARD POWER SERVICES,4663512.93,4908960.98,1,4.0,"RF-1, RF-3, RF-4",60,HIGH_RISK,MEDIUM (10L-50L),UTTAR_PRADESH
CEN-CE-2021-01196,CENTRAL,INDIAN RAILWAYS,AHLUWALIA CONTRACTS INDIA LIMITED,4661813.2,4907171.79,1,4.0,"RF-1, RF-3, RF-4, RF-6",75,HIGH_RISK,MEDIUM (10L-50L),CENTRAL_CPPP
CEN-CE-2021-01328,CENTRAL,MINISTRY OF HEALTH FAMILY WELFARE,AHLUWALIA CONTRACTS INDIA LIMITED,78352434.64,58038840.47,3,21.0,"RF-5, RF-6",35,HIGH_RISK,MEGA (>5Cr),CENTRAL_CPPP
2016_HPIPH_13647_1,HIMACHAL PRADESH,EXECUTIVE ENGINEER,RAM ASRA GOVT CONTARCTOR,1910000.0,1385003.0,4,21.83333333333333,"RF-5, RF-6",35,HIGH_RISK,MEDIUM (10L-50L),HIMACHAL_PRADESH
2018_PWD_19942_1,HIMACHAL PRADESH,EXECUTIVE ENGINEER,G P ACHARYA,1754085.0,1344095.0,3,8.729166666666666,"RF-5, RF-6",35,HIGH_RISK,MEDIUM (10L-50L),HIMACHAL_PRADESH
CEN-CE-2021-01228,CENTRAL,DEFENCE RESEARCH DEVELOPMENT ORG,GUPTA AND SONS CONTRACTOR,72438795.86,76251364.06,1,14.0,"RF-1, RF-6",40,HIGH_RISK,MEGA (>5Cr),CENTRAL_CPPP
2018_PWD_24595_1,HIMACHAL PRADESH,EXECUTIVE ENGINEER MECHANICAL DIVISION HIMACHAL PRADESH PUBLIC WORKS DEPARTMENT BILASPUR,J D POWER SOLUTIONS,4160523.0,4012761.0,4,11.333333333333334,NONE,0,LOW_RISK,MEDIUM (10L-50L),HIMACHAL_PRADESH
UTT-UT-2021-01048,UTTAR PRADESH,UTTAR PRADESH PUBLIC WORKS DEPARTMENT,SHREE BALAJI ENTERPRISE,14276457.22,15027849.71,5,14.0,RF-6,15,MEDIUM_RISK,LARGE (50L-5Cr),UTTAR_PRADESH
UTT-UT-2021-01236,UTTAR PRADESH,UTTAR PRADESH JAL NIGAM,AHLUWALIA CONTRACTS INDIA LIMITED,11895434.97,8811433.31,5,21.0,"RF-5, RF-6",35,HIGH_RISK,LARGE (50L-5Cr),UTTAR_PRADESH
2017_HPIPH_16347_1-4135,HIMACHAL PRADESH,EXECUTIVE ENGINEER IRRIGATION AND PUBLIC HEALTH DIVISION BARSAR,VINAY KUMAR SHARDA,723407.98,595916.0,5,5.979166666666667,"RF-4, RF-6",30,HIGH_RISK,SMALL (<10L),HIMACHAL_PRADESH
2017_PWD_16960_2,HIMACHAL PRADESH,EXECUTIVE ENGINEER JUBBAL,RAVINDER CHAUHAN,3513216.0,2615382.0,1,11.0625,"RF-1, RF-5, RF-6",60,HIGH_RISK,MEDIUM (10L-50L),HIMACHAL_PRADESH
KAR-KA-2021-01063,KARNATAKA,BRUHAT BENGALURU MAHANAGARA PALIKE BBMP,NCC LIMITED INFRASTRUCTURE,183119320.99,179528746.07,3,21.0,RF-6,15,MEDIUM_RISK,MEGA (>5Cr),KARNATAKA
2020_HPIPH_38032_1,HIMACHAL PRADESH,ER K K KAPOOR,SADEEP KUMAR,1386762.0,2262210.0,10,19.75,RF-6,15,MEDIUM_RISK,MEDIUM (10L-50L),HIMACHAL_PRADESH
CEN-CE-2021-01031,CENTRAL,DEFENCE RESEARCH DEVELOPMENT ORG,AHLUWALIA CONTRACTS INDIA LIMITED,6717629.5,4976021.85,1,14.0,"RF-1, RF-5, RF-6",60,HIGH_RISK,LARGE (50L-5Cr),CENTRAL_CPPP
2017_HPIPH_17557_1,HIMACHAL PRADESH,EXEUTIVE ENGINEER IRRIGATION AND PUBLIC HEALTH DIVISION NAHAN,HIRA SINGH MANTA,1709985.0,1432052.0,3,20.83333333333333,NONE,0,LOW_RISK,MEDIUM (10L-50L),HIMACHAL_PRADESH
2017_PWD_16771_1,HIMACHAL PRADESH,EXECUTIVE ENGINEER,VIRENDER KUMAR GOVERNMENT CONTRACTOR,598317.96,433095.0,6,7.854166666666667,"RF-5, RF-6",35,HIGH_RISK,SMALL (<10L),HIMACHAL_PRADESH
MAH-MA-2021-01287,MAHARASHTRA,MMRDA URBAN TRANSPORT,PNC INFRATECH LIMITED,5345616.32,4949644.74,1,14.0,"RF-1, RF-6",40,HIGH_RISK,LARGE (50L-5Cr),MAHARASHTRA
KAR-KA-2021-01069,KARNATAKA,BRUHAT BENGALURU MAHANAGARA PALIKE BBMP,ZENITH INFRASTRUCTURE PROJECTS,6710008.94,4970376.99,3,6.0,"RF-4, RF-5, RF-6",50,HIGH_RISK,LARGE (50L-5Cr),KARNATAKA
2017_HPIPH_14541_1,HIMACHAL PRADESH,EXECUTIVE ENGINEER,ABTAR SINGH AND COMPANY,1575050.0,1147277.0,2,19.291666666666668,"RF-5, RF-6",35,HIGH_RISK,MEDIUM (10L-50L),HIMACHAL_PRADESH
2018_PWD_19202_1,HIMACHAL PRADESH,EXECUTIVE ENGINEER,TARUN FIRE SYSTEM,1076686.0,1497235.0,6,33.291666666666664,NONE,0,LOW_RISK,MEDIUM (10L-50L),HIMACHAL_PRADESH
MAH-MA-2021-01240,MAHARASHTRA,MSEDCL POWER DISTRIBUTION,AHLUWALIA CONTRACTS INDIA LIMITED,3627969.1,3359230.65,2,4.0,"RF-4, RF-6",30,HIGH_RISK,MEDIUM (10L-50L),MAHARASHTRA
2018_PWD_19654_2,HIMACHAL PRADESH,EXECUTIVE ENGINEER,MOHAMMAD RAFIK,335070.0,269327.0,4,21.041666666666668,NONE,0,LOW_RISK,SMALL (<10L),HIMACHAL_PRADESH
KAR-KA-2021-01142,KARNATAKA,KARNATAKA PUBLIC WORKS PORTS INLAND WATER,AFCONS INFRASTRUCTURE LIMITED,5063196.61,5753632.51,4,6.0,"RF-4, RF-6",30,HIGH_RISK,LARGE (50L-5Cr),KARNATAKA
CEN-CE-2021-01105,CENTRAL,INDIAN RAILWAYS,VANGUARD POWER SERVICES,501851.01,570285.23,1,14.0,"RF-1, RF-6",40,HIGH_RISK,SMALL (<10L),CENTRAL_CPPP
KAR-KA-2021-01241,KARNATAKA,HEALTH FAMILY WELFARE KARNATAKA,KNR CONSTRUCTION,6510715.92,6383054.82,5,4.0,"RF-4, RF-6",30,HIGH_RISK,LARGE (50L-5Cr),KARNATAKA
2016_PWD_13162_1,HIMACHAL PRADESH,EXECUTIVE ENGINEER,VISHAL DHIMAN GOVERNMENT CONTRACTOR,2103526.0,1837646.0,2,19.125,NONE,0,LOW_RISK,MEDIUM (10L-50L),HIMACHAL_PRADESH
2018_PWD_19648_12-2774,HIMACHAL PRADESH,EXECUTIVE ENGINEER CHAMBA DIVISION HIMACHAL PRADESH PUBLIC WORKS DEPARTMENT CHAMBA,DES RAJ AND COMPANY,2049928.0,1554622.0,2,18.041666666666668,"RF-5, RF-6",35,HIGH_RISK,MEDIUM (10L-50L),HIMACHAL_PRADESH
KAR-KA-2021-01231,KARNATAKA,BANGALORE METRO RAIL CORP,TATA PROJECTS LIMITED,6674047.31,4943738.75,1,30.0,"RF-1, RF-5, RF-6",60,HIGH_RISK,LARGE (50L-5Cr),KARNATAKA
UTT-UT-2021-01090,UTTAR PRADESH,MEDICAL HEALTH FAMILY WELFARE LUCKNOW,SHARMA ENGINEERING WORKS,2355812.25,1745046.11,1,4.0,"RF-1, RF-4, RF-5, RF-6",75,HIGH_RISK,MEDIUM (10L-50L),UTTAR_PRADESH
2018_MC_18984_1,HIMACHAL PRADESH,EXECUTIVE ENGINEER,KUL BUSHAN VERMA,1991330.0,1519771.0,3,6.6875,"RF-4, RF-5",35,HIGH_RISK,MEDIUM (10L-50L),HIMACHAL_PRADESH
MAH-MA-2021-01189,MAHARASHTRA,MAHARASHTRA PUBLIC WORKS DEPARTMENT,GUPTA AND SONS CONTRACTOR,6693151.5,4957890.0,3,14.0,"RF-5, RF-6",35,HIGH_RISK,LARGE (50L-5Cr),MAHARASHTRA
UTT-UT-2021-01218,UTTAR PRADESH,NOIDA INDUSTRIAL DEVELOPMENT AUTH,VANGUARD POWER SERVICES,2317742.74,1716846.47,1,30.0,"RF-1, RF-5, RF-6",60,HIGH_RISK,MEDIUM (10L-50L),UTTAR_PRADESH
CEN-CE-2021-01074,CENTRAL,DEFENCE RESEARCH DEVELOPMENT ORG,SHREE BALAJI ENTERPRISE,256253425.41,189817352.15,4,30.0,"RF-5, RF-6",35,HIGH_RISK,MEGA (>5Cr),CENTRAL_CPPP
2017_PWD_15634_1-1889,HIMACHAL PRADESH,EXECUTIVE ENGINEER,VIPIN KUMAR HAZRI,1850312.36,1364176.0,1,8.791666666666666,"RF-1, RF-5, RF-6",60,HIGH_RISK,MEDIUM (10L-50L),HIMACHAL_PRADESH
2019_PWD_32459_1,HIMACHAL PRADESH,EXECUTIVE ENGINEER ELECTRICAL DIVISION HP PUBLIC WORKS DEPARTMENT MA,SHARMA ELECTRICAL COMPANY,580000.0,580000.0,2,8.0,RF-6,15,MEDIUM_RISK,SMALL (<10L),HIMACHAL_PRADESH
2017_UDDHP_18312_1,HIMACHAL PRADESH,EXECUTIVE OFFICER MC SOLAN,GURU DEV SINGH,170080.0,120000.0,3,5.333333333333333,"RF-4, RF-5, RF-6",50,HIGH_RISK,SMALL (<10L),HIMACHAL_PRADESH
RAJ-RA-2021-01221,RAJASTHAN,RAJASTHAN RAJYA VIDYUT PRASARAN,LARSEN AND TOUBRO CONSTRUCTION,369492569.35,321297886.39,1,21.0,"RF-1, RF-6",40,HIGH_RISK,MEGA (>5Cr),RAJASTHAN
2017_PWD_18339_1,HIMACHAL PRADESH,EXECUTIVE ENGINEER MANDI DIVISION NO 2 HIMACHAL PRADESH PUBLIC WORKS DEPARTMENT MANDI,VIJAY KAPOOR CONSTRUCTION,44219137.0,22425009.0,3,10.77777777777778,RF-5,20,MEDIUM_RISK,LARGE (50L-5Cr),HIMACHAL_PRADESH
UTT-UT-2021-01173,UTTAR PRADESH,UTTAR PRADESH PUBLIC WORKS DEPARTMENT,VANGUARD POWER SERVICES,5705537.66,4961337.1,2,30.0,RF-6,15,MEDIUM_RISK,LARGE (50L-5Cr),UTTAR_PRADESH
2017_PWD_17883_1,HIMACHAL PRADESH,EXECUTIVE ENGINEER PUBLIC WORKS DEPARTMENT PAONTA SAHIB,ANJU KUMAR,714771.0,902591.0,7,21.0,NONE,0,LOW_RISK,SMALL (<10L),HIMACHAL_PRADESH
2017_UDDHP_17954_1-2552,HIMACHAL PRADESH,EXECUTIVE ENGINEER DMC,RAJESH THAKUR,4930117.0,1745440.0,4,16.75,"RF-3, RF-5",40,HIGH_RISK,MEDIUM (10L-50L),HIMACHAL_PRADESH
2019_HPIPH_26957_1,HIMACHAL PRADESH,EXECUTIVE ENGINEER IRRIGATION AND PUBLIC HEALTH DIVISION BARSAR,SANJEEV KUMAR GOVERNMENT CONTRACTOR,14838832.0,11366543.0,5,13.041666666666666,"RF-5, RF-6",35,HIGH_RISK,LARGE (50L-5Cr),HIMACHAL_PRADESH
2017_PWD_15599_1,HIMACHAL PRADESH,EXECUTIVE ENGINEER,PARDEEP SHARMA,227814.0,83104.0,2,21.041666666666668,"RF-5, RF-6",35,HIGH_RISK,SMALL (<10L),HIMACHAL_PRADESH
2018_HPIPH_22511_3,HIMACHAL PRADESH,EXECUTIVE ENGINEER IRRIGATION AND PUBLIC HEALTH DIVISION NAHAN,BHAW SINGH,1967661.0,1432052.0,2,24.75,"RF-5, RF-6",35,HIGH_RISK,MEDIUM (10L-50L),HIMACHAL_PRADESH
KAR-KA-2021-01043,KARNATAKA,BRUHAT BENGALURU MAHANAGARA PALIKE BBMP,SHARMA ENGINEERING WORKS,4667953.65,4913635.42,4,4.0,"RF-3, RF-4, RF-6",50,HIGH_RISK,MEDIUM (10L-50L),KARNATAKA
RAJ-RA-2021-01047,RAJASTHAN,PUBLIC HEALTH ENGINEERING DEPT RAJASTHAN,SHREE BALAJI ENTERPRISE,4448523.92,4361297.97,1,30.0,"RF-1, RF-6",40,HIGH_RISK,MEDIUM (10L-50L),RAJASTHAN
2018_HPIPH_25271_1,HIMACHAL PRADESH,ER S C SHARMA,HILL CONSTRUCTION AND ENGINEERING COMPANY SOLAN,16904378.0,8523352.0,4,8.0625,RF-5,20,MEDIUM_RISK,LARGE (50L-5Cr),HIMACHAL_PRADESH
RAJ-RA-2021-01170,RAJASTHAN,PUBLIC HEALTH ENGINEERING DEPT RAJASTHAN,SHARMA ENGINEERING WORKS,471296948.25,349108850.55,2,30.0,"RF-5, RF-6",35,HIGH_RISK,MEGA (>5Cr),RAJASTHAN
2019_HPIPH_32781_1,HIMACHAL PRADESH,EXECUTIVE ENGINEER,SUBHASH CHAND GOVERNMENT CONTRACTOR,973309.0,558037.0,2,26.67013888888889,"RF-5, RF-6",35,HIGH_RISK,SMALL (<10L),HIMACHAL_PRADESH
2017_PWD_15015_1,HIMACHAL PRADESH,EXECUTIVE ENGINEER MANDI DIVISION NO 2 HIMACHAL PRADESH PUBLIC WORKS DEPARTMENT MANDI,CHAMAN LAL SHARMA,1439884.0,1426768.0,3,6.729166666666667,"RF-4, RF-6",30,HIGH_RISK,MEDIUM (10L-50L),HIMACHAL_PRADESH
2018_PWD_21025_4,HIMACHAL PRADESH,EXECUTIVE ENGINEER PUBLIC WORKS DEPARTMENT PAONTA SAHIB,GURMEET SINGH,1912511.0,2213342.0,6,18.99305555555556,NONE,0,LOW_RISK,MEDIUM (10L-50L),HIMACHAL_PRADESH
RAJ-RA-2021-01203,RAJASTHAN,PUBLIC HEALTH ENGINEERING DEPT RAJASTHAN,SHARMA ENGINEERING WORKS,13997259.5,13722803.44,3,4.0,"RF-4, RF-6",30,HIGH_RISK,LARGE (50L-5Cr),RAJASTHAN
CEN-CE-2021-01050,CENTRAL,CENTRAL PUBLIC WORKS DEPARTMENT,GUPTA AND SONS CONTRACTOR,6643499.77,4921110.94,8,21.0,"RF-5, RF-6",35,HIGH_RISK,LARGE (50L-5Cr),CENTRAL_CPPP
2017_UDDHP_17948_1-1816,HIMACHAL PRADESH,EXECUTIVE ENGINEER DMC,ASHOK KUMAR,5874225.0,2523374.0,4,16.75,"RF-5, RF-6",35,HIGH_RISK,LARGE (50L-5Cr),HIMACHAL_PRADESH
2017_PWD_14982_9,HIMACHAL PRADESH,EXECUTIVE ENGINEER,KAMAL THAKUR,2664116.0,2278532.0,2,21.041666666666668,RF-6,15,MEDIUM_RISK,MEDIUM (10L-50L),HIMACHAL_PRADESH
2017_HPIPH_16850_1-87,HIMACHAL PRADESH,EXECUTIVE ENGINEER IRRIGATION AND PUBLIC HEALTH DIVISION BARSAR,VERMA ELECTRIC INDUSTRY,1370504.3,1308924.0,9,8.25,RF-6,15,MEDIUM_RISK,MEDIUM (10L-50L),HIMACHAL_PRADESH
UTT-UT-2021-01219,UTTAR PRADESH,UTTAR PRADESH JAL NIGAM,LARSEN AND TOUBRO CONSTRUCTION,6617637.41,4901953.64,2,30.0,"RF-5, RF-6",35,HIGH_RISK,LARGE (50L-5Cr),UTTAR_PRADESH
RAJ-RA-2021-01034,RAJASTHAN,MEDICAL HEALTH SERVICES JAIPUR,LARSEN AND TOUBRO CONSTRUCTION,5670127.06,4930545.27,1,4.0,"RF-1, RF-4, RF-6",55,HIGH_RISK,LARGE (50L-5Cr),RAJASTHAN
2017_PWD_15174_3,HIMACHAL PRADESH,EXECUTIVE ENGINEER HIMACHAL PRADESH PUBLIC WORKS DEPARTMENT DIVISION KALPA,RIPAN KUMAR,2061648.0,1286006.0,1,21.041666666666668,"RF-1, RF-5, RF-6",60,HIGH_RISK,MEDIUM (10L-50L),HIMACHAL_PRADESH
2017_PWD_16999_1,HIMACHAL PRADESH,EXECUTIVE ENGINEER,TEK CHAND NEGI,17476176.0,9845433.0,2,6.927083333333333,"RF-4, RF-5",35,HIGH_RISK,LARGE (50L-5Cr),HIMACHAL_PRADESH
2018_HPIPH_24486_1,HIMACHAL PRADESH,EXECUTIVE ENGINEER,MINHAS TECHNO ECONOMICAL CONSULTANCY PRIVATE LIMITED,2140800.0,1661728.0,2,15.75,RF-6,15,MEDIUM_RISK,MEDIUM (10L-50L),HIMACHAL_PRADESH
MAH-MA-2021-01286,MAHARASHTRA,MAHARASHTRA PUBLIC WORKS DEPARTMENT,PNC INFRATECH LIMITED,4463234.03,4698141.08,2,6.0,"RF-4, RF-6",30,HIGH_RISK,MEDIUM (10L-50L),MAHARASHTRA
MAH-MA-2021-01141,MAHARASHTRA,MSEDCL POWER DISTRIBUTION,SHARMA ENGINEERING WORKS,74380215.06,55096455.6,4,6.0,"RF-4, RF-5, RF-6",50,HIGH_RISK,MEGA (>5Cr),MAHARASHTRA
2017_HPIPH_17632_1-773,HIMACHAL PRADESH,EXECUTIVE ENGINEER IRRIGATION AND PUBLIC HEALTH DIVISION BARSAR,SHARMA INTERPRISES,310344.06,387483.0,6,6.9375,"RF-4, RF-6",30,HIGH_RISK,SMALL (<10L),HIMACHAL_PRADESH
UTT-UT-2021-01083,UTTAR PRADESH,UTTAR PRADESH JAL NIGAM,KNR CONSTRUCTION,4661378.19,4906713.88,4,30.0,"RF-3, RF-6",35,HIGH_RISK,MEDIUM (10L-50L),UTTAR_PRADESH
KAR-KA-2021-01116,KARNATAKA,BANGALORE METRO RAIL CORP,KNR CONSTRUCTION,4737780.35,4987137.21,1,14.0,"RF-1, RF-3, RF-6",60,HIGH_RISK,MEDIUM (10L-50L),KARNATAKA
CEN-CE-2021-01285,CENTRAL,INDIAN RAILWAYS,KNR CONSTRUCTION,16664819.46,18937294.84,1,4.0,"RF-1, RF-4, RF-6",55,HIGH_RISK,LARGE (50L-5Cr),CENTRAL_CPPP
KAR-KA-2021-01236,KARNATAKA,KARNATAKA PUBLIC WORKS PORTS INLAND WATER,AHLUWALIA CONTRACTS INDIA LIMITED,6372391.66,7241354.15,4,6.0,"RF-4, RF-6",30,HIGH_RISK,LARGE (50L-5Cr),KARNATAKA
2017_HPIPH_16552_1,HIMACHAL PRADESH,EXECUTIVE ENGINEER IRRIGATION AND PUBLIC HEALTH DIVISION BA,M S PAWAN KUMAR SHARMA,357082.1,203170.0,3,6.25,"RF-4, RF-5",35,HIGH_RISK,SMALL (<10L),HIMACHAL_PRADESH
2017_UDDHP_18146_1,HIMACHAL PRADESH,EXECUTIVE OFFICER MC SOLAN,PARMINDER DHIMAN,378180.0,233195.0,3,10.25,"RF-5, RF-6",35,HIGH_RISK,SMALL (<10L),HIMACHAL_PRADESH
2017_PWD_16358_1,HIMACHAL PRADESH,EXECUTIVE ENGINEER BILASPUR DIVISION NO 2 HIMACHAL PRADESH PUBLIC WORKS DEPARTMENT BILASPUR,RAVINDER KUMAR GUPTA,1950308.0,1740908.0,3,6.729166666666667,"RF-4, RF-6",30,HIGH_RISK,MEDIUM (10L-50L),HIMACHAL_PRADESH
2018_PWD_20249_1,HIMACHAL PRADESH,EXECUTIVE ENGINEER,YUDHVIR SINGH,1763183.0,1293646.0,4,12.125,"RF-5, RF-6",35,HIGH_RISK,MEDIUM (10L-50L),HIMACHAL_PRADESH
MAH-MA-2021-01052,MAHARASHTRA,PUBLIC HEALTH DEPT MUMBAI,BHARAT DIAGNOSTIC SYSTEMS,355968100.11,309537478.35,3,4.0,"RF-4, RF-6",30,HIGH_RISK,MEGA (>5Cr),MAHARASHTRA
2017_PWD_16995_1,HIMACHAL PRADESH,EXECUTIVE ENGINEER,ANIL SHARMA,654960.0,430788.0,15,24.98611111111111,"RF-5, RF-6",35,HIGH_RISK,SMALL (<10L),HIMACHAL_PRADESH
MAH-MA-2021-01176,MAHARASHTRA,MMRDA URBAN TRANSPORT,AHLUWALIA CONTRACTS INDIA LIMITED,4741976.75,4991554.47,4,30.0,"RF-3, RF-6",35,HIGH_RISK,MEDIUM (10L-50L),MAHARASHTRA
2017_HPIPH_17648_1,HIMACHAL PRADESH,EXECUTIVE ENGINEER IRRIGATION AND PUBLIC HEALTH DIVISION BARSAR,SS ENGINEERING WORKS,1310000.0,910123.0,2,7.083333333333333,"RF-5, RF-6",35,HIGH_RISK,MEDIUM (10L-50L),HIMACHAL_PRADESH
2017_PWD_16996_1,HIMACHAL PRADESH,EXECUTIVE ENGINEER,VIRENDER KUMAR GOVERNMENT CONTRACTOR,474288.0,250772.0,19,25.0,"RF-5, RF-6",35,HIGH_RISK,SMALL (<10L),HIMACHAL_PRADESH
2017_PWD_14921_4,HIMACHAL PRADESH,EXECUTIVE ENGINEER,SATISH KUMAR,215250.0,98010.0,2,22.041666666666668,"RF-5, RF-6",35,HIGH_RISK,SMALL (<10L),HIMACHAL_PRADESH
KAR-KA-2021-01235,KARNATAKA,BRUHAT BENGALURU MAHANAGARA PALIKE BBMP,KNR CONSTRUCTION,229324009.84,224827460.63,3,6.0,"RF-4, RF-6",30,HIGH_RISK,MEGA (>5Cr),KARNATAKA
MAH-MA-2021-01129,MAHARASHTRA,MAHARASHTRA PUBLIC WORKS DEPARTMENT,LARSEN AND TOUBRO CONSTRUCTION,4681497.27,4927891.86,1,14.0,"RF-1, RF-3, RF-6",60,HIGH_RISK,MEDIUM (10L-50L),MAHARASHTRA
CEN-CE-2021-01271,CENTRAL,NHAI HIGHWAYS,AHLUWALIA CONTRACTS INDIA LIMITED,5738306.69,4989831.9,3,6.0,"RF-4, RF-6",30,HIGH_RISK,LARGE (50L-5Cr),CENTRAL_CPPP
UTT-UT-2021-01163,UTTAR PRADESH,UP STATE HIGHWAY AUTHORITY,AHLUWALIA CONTRACTS INDIA LIMITED,4216490.26,3904157.65,1,6.0,"RF-1, RF-4, RF-6",55,HIGH_RISK,MEDIUM (10L-50L),UTTAR_PRADESH
2017_PWD_15933_10,HIMACHAL PRADESH,EXECUTIVE ENGINEER SHILLAI,NAKUL CHAUHAN,1580205.0,1372296.0,1,17.083333333333332,"RF-1, RF-6",40,HIGH_RISK,MEDIUM (10L-50L),HIMACHAL_PRADESH
MAH-MA-2021-01128,MAHARASHTRA,WATER RESOURCES DEPARTMENT MAHARASHTRA,AFCONS INFRASTRUCTURE LIMITED,2011378.92,2117240.97,3,4.0,"RF-4, RF-6",30,HIGH_RISK,MEDIUM (10L-50L),MAHARASHTRA
KAR-KA-2021-01173,KARNATAKA,BRUHAT BENGALURU MAHANAGARA PALIKE BBMP,AFCONS INFRASTRUCTURE LIMITED,2379341.62,1762475.28,3,30.0,RF-5,20,MEDIUM_RISK,MEDIUM (10L-50L),KARNATAKA
UTT-UT-2021-01068,UTTAR PRADESH,MEDICAL HEALTH FAMILY WELFARE LUCKNOW,VANGUARD POWER SERVICES,5386666.99,4987654.62,1,30.0,RF-1,25,MEDIUM_RISK,LARGE (50L-5Cr),UTTAR_PRADESH
KAR-KA-2021-01056,KARNATAKA,HEALTH FAMILY WELFARE KARNATAKA,AFCONS INFRASTRUCTURE LIMITED,218530612.51,230032223.7,2,6.0,"RF-4, RF-6",30,HIGH_RISK,MEGA (>5Cr),KARNATAKA
2018_PWD_19791_1,HIMACHAL PRADESH,EXECUTIVE ENGINEER MANDI DIVISION NO II HIMACHAL PRADESH PUBLIC WORKS DEPARTMENT MANDI,M S NAWAL KISHORE AND SONS,1855895.0,1708889.0,2,6.708333333333333,"RF-4, RF-6",30,HIGH_RISK,MEDIUM (10L-50L),HIMACHAL_PRADESH
2018_PWD_19512_1,HIMACHAL PRADESH,EXECUTIVE ENGINEER CHOPAL,VINOD GAZATA,12007412.0,7487596.0,2,5.979166666666667,"RF-4, RF-5",35,HIGH_RISK,LARGE (50L-5Cr),HIMACHAL_PRADESH
RAJ-RA-2021-01092,RAJASTHAN,RAJASTHAN PUBLIC WORKS DEPARTMENT,KNR CONSTRUCTION,4709849.9,4957736.74,3,30.0,"RF-3, RF-6",35,HIGH_RISK,MEDIUM (10L-50L),RAJASTHAN
2019_HPIPH_26773_1,HIMACHAL PRADESH,EXECUTIVE ENGINEER,AMARJEET THAKUR,1499960.0,1146155.0,2,20.041666666666668,"RF-5, RF-6",35,HIGH_RISK,MEDIUM (10L-50L),HIMACHAL_PRADESH
MAH-MA-2021-01161,MAHARASHTRA,MSEDCL POWER DISTRIBUTION,LARSEN AND TOUBRO CONSTRUCTION,5928106.31,4391189.86,4,4.0,"RF-4, RF-5, RF-6",50,HIGH_RISK,LARGE (50L-5Cr),MAHARASHTRA
UTT-UT-2021-01008,UTTAR PRADESH,UTTAR PRADESH JAL NIGAM,TATA PROJECTS LIMITED,146932115.24,154665384.47,2,4.0,"RF-4, RF-6",30,HIGH_RISK,MEGA (>5Cr),UTTAR_PRADESH
CEN-CE-2021-01141,CENTRAL,INDIAN RAILWAYS,GUPTA AND SONS CONTRACTOR,5009033.67,4910817.33,3,4.0,"RF-4, RF-6",30,HIGH_RISK,LARGE (50L-5Cr),CENTRAL_CPPP
UTT-UT-2021-01193,UTTAR PRADESH,UTTAR PRADESH PUBLIC WORKS DEPARTMENT,TATA PROJECTS LIMITED,697325.69,792415.56,2,4.0,"RF-4, RF-6",30,HIGH_RISK,SMALL (<10L),UTTAR_PRADESH
RAJ-RA-2021-01122,RAJASTHAN,RAJASTHAN PUBLIC WORKS DEPARTMENT,PNC INFRATECH LIMITED,3108412.2,2702967.13,3,4.0,"RF-4, RF-6",30,HIGH_RISK,MEDIUM (10L-50L),RAJASTHAN
2018_HPIPH_25215_1,HIMACHAL PRADESH,EXECUTIVE ENGINEER IRRIGATION AND PUBLIC HEALTH DIVN NO 1 UNA HP,EXPERT DRILLERS,1581200.0,1067320.0,7,14.083333333333334,"RF-5, RF-6",35,HIGH_RISK,MEDIUM (10L-50L),HIMACHAL_PRADESH
2017_BBNDA_18965_1,HIMACHAL PRADESH,EXECUTIVE ENGINEER BBNDA BADDI,JAGDEEP THAKUR,865515.0,600000.0,2,7.048611111111111,RF-5,20,MEDIUM_RISK,SMALL (<10L),HIMACHAL_PRADESH
RAJ-RA-2021-01215,RAJASTHAN,RAJASTHAN RAJYA VIDYUT PRASARAN,DILIP BUILDCON LIMITED,5333108.79,4938063.7,3,6.0,"RF-4, RF-6",30,HIGH_RISK,LARGE (50L-5Cr),RAJASTHAN
2018_PWD_20066_3,HIMACHAL PRADESH,E E KALPA DIVISION,SUMIT KUMAR,2088690.0,1194059.0,1,15.0625,"RF-1, RF-5",45,HIGH_RISK,MEDIUM (10L-50L),HIMACHAL_PRADESH
RAJ-RA-2021-01140,RAJASTHAN,RAJASTHAN PUBLIC WORKS DEPARTMENT,KNR CONSTRUCTION,247526581.53,183353023.36,1,14.0,"RF-1, RF-5, RF-6",60,HIGH_RISK,MEGA (>5Cr),RAJASTHAN
MAH-MA-2021-01192,MAHARASHTRA,PUBLIC HEALTH DEPT MUMBAI,SHARMA ENGINEERING WORKS,206589343.33,217462466.67,2,4.0,"RF-4, RF-6",30,HIGH_RISK,MEGA (>5Cr),MAHARASHTRA
2017_HPIPH_16695_1-327,HIMACHAL PRADESH,EXECUTIVE ENGINEER IRRIGATION AND PUBLIC HEALTH DIVISION BARSAR,VERMA ELECTRIC INDUSTRY,1034353.75,605430.0,4,13.0,"RF-5, RF-6",35,HIGH_RISK,MEDIUM (10L-50L),HIMACHAL_PRADESH
RAJ-RA-2021-01045,RAJASTHAN,RAJASTHAN PUBLIC WORKS DEPARTMENT,GUPTA AND SONS CONTRACTOR,4011434.2,4222562.32,1,14.0,"RF-1, RF-6",40,HIGH_RISK,MEDIUM (10L-50L),RAJASTHAN
2017_PWD_16205_1,HIMACHAL PRADESH,EXECUTIVE ENGINEER HIMACHAL PRADESH PUBLIC WORKS DEPARTMENT DIVISION DALHOUSIE,MS R K MAHAJAN,6066090.0,4944284.0,3,14.041666666666666,RF-6,15,MEDIUM_RISK,LARGE (50L-5Cr),HIMACHAL_PRADESH
2017_UDDHP_18281_1,HIMACHAL PRADESH,EXECUTIVE OFFICER MC SOLAN,OM PRAKASH,355608.0,200000.0,4,5.333333333333333,"RF-4, RF-5",35,HIGH_RISK,SMALL (<10L),HIMACHAL_PRADESH
KAR-KA-2021-01191,KARNATAKA,BRUHAT BENGALURU MAHANAGARA PALIKE BBMP,SHARMA ENGINEERING WORKS,5654694.01,4917125.23,5,4.0,"RF-4, RF-6",30,HIGH_RISK,LARGE (50L-5Cr),KARNATAKA
2017_PWD_18457_1,HIMACHAL PRADESH,EXECUTIVE ENGINEER ELECTRICAL,SHYAM RADIO AND ELECTRICAL,2234972.0,1841710.0,4,28.979166666666668,NONE,0,LOW_RISK,MEDIUM (10L-50L),HIMACHAL_PRADESH
UTT-UT-2021-01054,UTTAR PRADESH,UTTAR PRADESH JAL NIGAM,SHREE BALAJI ENTERPRISE,24396398.76,21214259.79,1,6.0,"RF-1, RF-4, RF-6",55,HIGH_RISK,LARGE (50L-5Cr),UTTAR_PRADESH
CEN-CE-2021-01067,CENTRAL,INDIAN RAILWAYS,SHARMA ENGINEERING WORKS,5662770.29,4924148.08,3,4.0,"RF-4, RF-6",30,HIGH_RISK,LARGE (50L-5Cr),CENTRAL_CPPP
CEN-CE-2021-01230,CENTRAL,CENTRAL PUBLIC WORKS DEPARTMENT,PNC INFRATECH LIMITED,9729666.27,8460579.36,5,21.0,RF-6,15,MEDIUM_RISK,LARGE (50L-5Cr),CENTRAL_CPPP
KAR-KA-2021-01188,KARNATAKA,BRUHAT BENGALURU MAHANAGARA PALIKE BBMP,TATA PROJECTS LIMITED,3524377.21,3455271.77,4,4.0,"RF-4, RF-6",30,HIGH_RISK,MEDIUM (10L-50L),KARNATAKA
MAH-MA-2021-01119,MAHARASHTRA,MSEDCL POWER DISTRIBUTION,PNC INFRATECH LIMITED,175052928.95,171620518.58,3,14.0,RF-6,15,MEDIUM_RISK,MEGA (>5Cr),MAHARASHTRA
2018_HPIPH_25243_1,HIMACHAL PRADESH,EXECUTIVE ENGINNER IRRIGATION AND PUBLIC HEALTH DIVISION THURAL,GOVERNMENT CONTRACTOR,2640953.5,3130019.0,3,12.0,NONE,0,LOW_RISK,MEDIUM (10L-50L),HIMACHAL_PRADESH
MAH-MA-2021-01098,MAHARASHTRA,MMRDA URBAN TRANSPORT,ZENITH INFRASTRUCTURE PROJECTS,4715314.92,4963489.38,1,30.0,"RF-1, RF-3, RF-6",60,HIGH_RISK,MEDIUM (10L-50L),MAHARASHTRA
2017_UDDHP_17946_1-2762,HIMACHAL PRADESH,EXECUTIVE ENGINEER DMC,NAVNEET THAKUR,5141834.0,2987549.0,6,16.75,RF-5,20,MEDIUM_RISK,LARGE (50L-5Cr),HIMACHAL_PRADESH
2017_PWD_14982_12,HIMACHAL PRADESH,EXECUTIVE ENGINEER,KAMAL THAKUR,1768986.0,1509099.0,2,21.041666666666668,RF-6,15,MEDIUM_RISK,MEDIUM (10L-50L),HIMACHAL_PRADESH
2017_UDDHP_16011_1,HIMACHAL PRADESH,EXECUTIVE OFFICER MC SOLAN,RITESH VERMA GOVERNMENT CONTRACTOR,164036.0,111900.0,3,8.083333333333334,"RF-5, RF-6",35,HIGH_RISK,SMALL (<10L),HIMACHAL_PRADESH
UTT-UT-2021-01130,UTTAR PRADESH,MEDICAL HEALTH FAMILY WELFARE LUCKNOW,LARSEN AND TOUBRO CONSTRUCTION,257027331.07,190390615.61,2,14.0,"RF-5, RF-6",35,HIGH_RISK,MEGA (>5Cr),UTTAR_PRADESH
2017_PWD_14261_1,HIMACHAL PRADESH,EXECUTIVE ENGINEER HIMACHAL PRADESH PUBLIC WORKS DEPARTMENT DIVISION KALPA,BASANT KASHYAP,7988781.0,4436388.0,1,21.0625,"RF-1, RF-5",45,HIGH_RISK,LARGE (50L-5Cr),HIMACHAL_PRADESH
MAH-MA-2021-01153,MAHARASHTRA,MAHARASHTRA PUBLIC WORKS DEPARTMENT,GUPTA AND SONS CONTRACTOR,10938649.92,8102703.64,3,4.0,"RF-4, RF-5, RF-6",50,HIGH_RISK,LARGE (50L-5Cr),MAHARASHTRA
2017_HPAMB_16134_1,HIMACHAL PRADESH,EXECUTIVE ENGINEER HPSAMB SHIMLA,ANIL THAKUR,4738876.0,3408318.0,3,21.0,"RF-3, RF-5",40,HIGH_RISK,MEDIUM (10L-50L),HIMACHAL_PRADESH
CEN-CE-2021-01301,CENTRAL,INDIAN RAILWAYS,APEX MEDITECH SOLUTIONS,19448435.07,14406248.2,1,21.0,"RF-1, RF-5, RF-6",60,HIGH_RISK,LARGE (50L-5Cr),CENTRAL_CPPP
MAH-MA-2021-01256,MAHARASHTRA,MMRDA URBAN TRANSPORT,DILIP BUILDCON LIMITED,6628321.61,4909867.86,4,6.0,"RF-4, RF-5, RF-6",50,HIGH_RISK,LARGE (50L-5Cr),MAHARASHTRA
2018_UDDHP_20483_1,HIMACHAL PRADESH,EXECUTIVE OFFICER MC SOLAN,PARMINDER DHIMAN,238072.0,150000.0,3,7.333333333333333,"RF-5, RF-6",35,HIGH_RISK,SMALL (<10L),HIMACHAL_PRADESH
2017_PWD_17751_1,HIMACHAL PRADESH,EXECUTIVE ENGINEER,OM PARKASH SHARMA AND SONS,88666665.0,115381000.0,9,19.041666666666668,RF-6,15,MEDIUM_RISK,MEGA (>5Cr),HIMACHAL_PRADESH
KAR-KA-2021-01162,KARNATAKA,BRUHAT BENGALURU MAHANAGARA PALIKE BBMP,DILIP BUILDCON LIMITED,150978765.95,111836122.93,2,4.0,"RF-4, RF-5, RF-6",50,HIGH_RISK,MEGA (>5Cr),KARNATAKA
2019_PWD_32036_1,HIMACHAL PRADESH,EXECUTIVE ENGINEER UNA DIVISION HIMACHAL PRADESH PUBLIC WORKS DEPARTMENT UNA,BALBIR SINGH GOVERNMENT CONTRACTOR,653400.0,742415.0,6,8.0625,NONE,0,LOW_RISK,SMALL (<10L),HIMACHAL_PRADESH
UTT-UT-2021-01066,UTTAR PRADESH,UTTAR PRADESH JAL NIGAM,GUPTA AND SONS CONTRACTOR,5007045.13,4908867.78,1,6.0,"RF-1, RF-4",40,HIGH_RISK,LARGE (50L-5Cr),UTTAR_PRADESH
2018_UDDHP_19111_1,HIMACHAL PRADESH,EXECUTIVE OFFICER MC SOLAN,SHUBHAM ACQUALINK INDIA PRIVATE LIMITED,1493332.0,983560.0,1,9.333333333333334,"RF-1, RF-5",45,HIGH_RISK,MEDIUM (10L-50L),HIMACHAL_PRADESH
RAJ-RA-2021-01009,RAJASTHAN,PUBLIC HEALTH ENGINEERING DEPT RAJASTHAN,BHARAT DIAGNOSTIC SYSTEMS,184358420.83,160311670.29,3,30.0,NONE,0,LOW_RISK,MEGA (>5Cr),RAJASTHAN
2019_HPIPH_27902_1,HIMACHAL PRADESH,EXECUTIVE ENGINEER,SANJEEV KUMAR,1449174.0,964438.0,2,13.75,"RF-5, RF-6",35,HIGH_RISK,MEDIUM (10L-50L),HIMACHAL_PRADESH
2018_PWD_19785_1,HIMACHAL PRADESH,EXECUTIVE ENGINEER MANDI DIVISION NO II HIMACHAL PRADESH PUBLIC WORKS DEPARTMENT MANDI,M S NAWAL KISHORE AND SONS,1787042.0,1625656.0,2,6.708333333333333,"RF-4, RF-6",30,HIGH_RISK,MEDIUM (10L-50L),HIMACHAL_PRADESH
KAR-KA-2021-01015,KARNATAKA,KARNATAKA PUBLIC WORKS PORTS INLAND WATER,SHREE BALAJI ENTERPRISE,23036003.37,22584317.03,2,6.0,"RF-4, RF-6",30,HIGH_RISK,LARGE (50L-5Cr),KARNATAKA
MAH-MA-2021-01230,MAHARASHTRA,WATER RESOURCES DEPARTMENT MAHARASHTRA,TATA PROJECTS LIMITED,22707587.22,16820434.97,3,4.0,"RF-4, RF-5, RF-6",50,HIGH_RISK,LARGE (50L-5Cr),MAHARASHTRA
CEN-CE-2021-01350,CENTRAL,DEFENCE RESEARCH DEVELOPMENT ORG,BHARAT DIAGNOSTIC SYSTEMS,5347206.86,4951117.46,1,4.0,"RF-1, RF-4, RF-6",55,HIGH_RISK,LARGE (50L-5Cr),CENTRAL_CPPP
2019_PWD_27223_2,HIMACHAL PRADESH,EXECUTIVE ENGINEER CHAMBA DIVISION HIMACHAL PRADESH PUBLIC WORKS DEPARTMENT CHAMBA,D,1039819.0,799900.0,3,13.291666666666666,NONE,0,LOW_RISK,MEDIUM (10L-50L),HIMACHAL_PRADESH
2018_HPIPH_19198_1,HIMACHAL PRADESH,EXECUTIVE ENGINEER IRRIGATION AND PUBLIC HEALTH DIVISION BARSAR,AJAY KUMAR GOVERNMENT CONTRACTOR,449750.0,1496308.0,4,6.208333333333333,"RF-4, RF-6",30,HIGH_RISK,SMALL (<10L),HIMACHAL_PRADESH
2017_PWD_15556_1,HIMACHAL PRADESH,EXECUTIVE ENGINEER JUBBAL,RAJINDER SINGH NEGI,8924356.0,6662681.0,1,10.114583333333334,"RF-1, RF-5",45,HIGH_RISK,LARGE (50L-5Cr),HIMACHAL_PRADESH
2018_PWD_19466_1,HIMACHAL PRADESH,EXECUTIVE ENGINEER,MOHINDER PAL GOVERNMENT CONTRACTOR,1648764.0,1202752.0,8,20.25,"RF-5, RF-6",35,HIGH_RISK,MEDIUM (10L-50L),HIMACHAL_PRADESH
CEN-CE-2021-01246,CENTRAL,DEFENCE RESEARCH DEVELOPMENT ORG,AHLUWALIA CONTRACTS INDIA LIMITED,176449642.81,200510957.74,4,6.0,"RF-4, RF-6",30,HIGH_RISK,MEGA (>5Cr),CENTRAL_CPPP
CEN-CE-2021-01164,CENTRAL,DEFENCE RESEARCH DEVELOPMENT ORG,ZENITH INFRASTRUCTURE PROJECTS,56115492.45,55015188.67,2,21.0,RF-6,15,MEDIUM_RISK,MEGA (>5Cr),CENTRAL_CPPP
MAH-MA-2021-01168,MAHARASHTRA,MSEDCL POWER DISTRIBUTION,ZENITH INFRASTRUCTURE PROJECTS,33473594.55,24795255.22,1,21.0,"RF-1, RF-5, RF-6",60,HIGH_RISK,LARGE (50L-5Cr),MAHARASHTRA
CEN-CE-2021-01188,CENTRAL,MINISTRY OF HEALTH FAMILY WELFARE,PNC INFRATECH LIMITED,96908844.8,95008671.37,1,6.0,"RF-1, RF-4, RF-6",55,HIGH_RISK,MEGA (>5Cr),CENTRAL_CPPP
2017_HPIPH_18918_1,HIMACHAL PRADESH,EXECUTIVE ENGINEER,GREWALSUBMERSIBLE AND ELECTRICAL SERVICE,1214235.0,799998.0,5,21.791666666666668,"RF-5, RF-6",35,HIGH_RISK,MEDIUM (10L-50L),HIMACHAL_PRADESH
RAJ-RA-2021-01098,RAJASTHAN,RAJASTHAN PUBLIC WORKS DEPARTMENT,PNC INFRATECH LIMITED,10386991.16,9032166.23,1,4.0,"RF-1, RF-4, RF-6",55,HIGH_RISK,LARGE (50L-5Cr),RAJASTHAN
2018_PWD_24410_1,HIMACHAL PRADESH,EXECUTIVE ENGINEER,VIJAY KUMAR,13427406.0,9698833.0,3,11.87847222222222,"RF-5, RF-6",35,HIGH_RISK,LARGE (50L-5Cr),HIMACHAL_PRADESH
2017_FDC_18741_6,HIMACHAL PRADESH,DIVISIONAL MANAGER MANDI,HARI CHAND,503177.0,377192.0,1,5.0,"RF-1, RF-4, RF-5",60,HIGH_RISK,SMALL (<10L),HIMACHAL_PRADESH
2017_UDDHP_18346_1,HIMACHAL PRADESH,EXECUTIVE OFFICER MC SOLAN,NAIN SINGH,172918.0,150000.0,4,5.333333333333333,"RF-4, RF-6",30,HIGH_RISK,SMALL (<10L),HIMACHAL_PRADESH
2017_MC_17725_17,HIMACHAL PRADESH,EXECUTIVE ENGINEER,AKASH SAINI,4790095.0,3550000.0,3,8.729166666666666,"RF-3, RF-5, RF-6",55,HIGH_RISK,MEDIUM (10L-50L),HIMACHAL_PRADESH
KAR-KA-2021-01119,KARNATAKA,KARNATAKA PUBLIC WORKS PORTS INLAND WATER,LARSEN AND TOUBRO CONSTRUCTION,5736271.7,4988062.35,4,4.0,"RF-4, RF-6",30,HIGH_RISK,LARGE (50L-5Cr),KARNATAKA
UTT-UT-2021-01001,UTTAR PRADESH,UTTAR PRADESH JAL NIGAM,BHARAT DIAGNOSTIC SYSTEMS,123606319.88,91560236.95,2,4.0,"RF-4, RF-5, RF-6",50,HIGH_RISK,MEGA (>5Cr),UTTAR_PRADESH
UTT-UT-2021-01084,UTTAR PRADESH,NOIDA INDUSTRIAL DEVELOPMENT AUTH,SHARMA ENGINEERING WORKS,4684261.32,4930801.39,1,4.0,"RF-1, RF-3, RF-4, RF-6",75,HIGH_RISK,MEDIUM (10L-50L),UTTAR_PRADESH
RAJ-RA-2021-01159,RAJASTHAN,MEDICAL HEALTH SERVICES JAIPUR,LARSEN AND TOUBRO CONSTRUCTION,5089949.13,4990146.2,4,4.0,"RF-4, RF-6",30,HIGH_RISK,LARGE (50L-5Cr),RAJASTHAN
2017_HPIPH_16873_1,HIMACHAL PRADESH,EXECUTIVE ENGINEER,DOGRA CONSTRUCTION COMPANY PRIVATE LIMITED,1998000.0,1441910.0,4,20.75,"RF-5, RF-6",35,HIGH_RISK,MEDIUM (10L-50L),HIMACHAL_PRADESH
2018_PWD_19648_3,HIMACHAL PRADESH,EXECUTIVE ENGINEER CHAMBA DIVISION HIMACHAL PRADESH PUBLIC WORKS DEPARTMENT CHAMBA,DES RAJ AND COMPANY,516439.0,391705.0,2,18.67708333333333,"RF-5, RF-6",35,HIGH_RISK,SMALL (<10L),HIMACHAL_PRADESH
2019_UDDHP_31967_1,HIMACHAL PRADESH,EXECUTIVE OFFICER MC SOLAN,BHUPENDER SINGH THAKUR,1159267.58,447281.0,4,5.0,"RF-4, RF-5, RF-6",50,HIGH_RISK,MEDIUM (10L-50L),HIMACHAL_PRADESH
2018_NDTT_23124_1,HIMACHAL PRADESH,TEMPLE OFFICER TTND,KRISHNA NAND,1739654.0,1242936.0,4,6.875,"RF-4, RF-5",35,HIGH_RISK,MEDIUM (10L-50L),HIMACHAL_PRADESH
2017_UDDHP_16138_1,HIMACHAL PRADESH,EXECUTIVE OFFICER MC SOLAN,BHUPENER JASWAL CONTRACTOR,348867.0,258289.0,3,5.166666666666667,"RF-4, RF-5",35,HIGH_RISK,SMALL (<10L),HIMACHAL_PRADESH
2018_HPIPH_25527_1,HIMACHAL PRADESH,EXECUTIVE ENGINEER,VIJAY KUMAR C O VASUDEVA ELECTRICALS,1664000.0,1080000.0,8,16.791666666666668,"RF-5, RF-6",35,HIGH_RISK,MEDIUM (10L-50L),HIMACHAL_PRADESH
2016_HPIPH_12276_1,HIMACHAL PRADESH,EXECUTIVE ENGINEER IRRIGATION AND PUBLIC HEALTH DIVISION THURAL,VIJAY KUMAR KUSHWAHA,10551878.0,3167910.0,3,26.791666666666668,"RF-5, RF-6",35,HIGH_RISK,LARGE (50L-5Cr),HIMACHAL_PRADESH
2018_HPIPH_19752_1,HIMACHAL PRADESH,EXECUTIVE ENGINEER,RAJNEESH KUMAR GOVERNMENT CONTRACTOR,5899179.0,3802942.0,8,19.875,"RF-5, RF-6",35,HIGH_RISK,LARGE (50L-5Cr),HIMACHAL_PRADESH
2017_HPIPH_16347_1-4137,HIMACHAL PRADESH,EXECUTIVE ENGINEER IRRIGATION AND PUBLIC HEALTH DIVISION BARSAR,SANJEEV KUMAR SHARMA,719139.8,595916.0,5,5.979166666666667,"RF-4, RF-6",30,HIGH_RISK,SMALL (<10L),HIMACHAL_PRADESH
2017_PWD_15961_1,HIMACHAL PRADESH,EXECUTIVE ENGINEER,NAVNEET THAKUR,19545165.0,12725918.0,9,20.78125,"RF-5, RF-6",35,HIGH_RISK,LARGE (50L-5Cr),HIMACHAL_PRADESH
RAJ-RA-2021-01145,RAJASTHAN,RAJASTHAN PUBLIC WORKS DEPARTMENT,SHARMA ENGINEERING WORKS,5701072.53,4957454.37,3,6.0,"RF-4, RF-6",30,HIGH_RISK,LARGE (50L-5Cr),RAJASTHAN
2017_PWD_18173_9,HIMACHAL PRADESH,EXECUTIVE ENGINEER,SURESH KUMAR,366713.0,393679.0,3,20.729166666666668,RF-6,15,MEDIUM_RISK,SMALL (<10L),HIMACHAL_PRADESH
2018_HPIPH_21197_1,HIMACHAL PRADESH,EXECUTIVE ENGINEER,M S MAST RAM JASWAL AND COMPANY,1131350.0,1150949.0,5,19.95833333333333,RF-6,15,MEDIUM_RISK,MEDIUM (10L-50L),HIMACHAL_PRADESH
RAJ-RA-2021-01020,RAJASTHAN,PUBLIC HEALTH ENGINEERING DEPT RAJASTHAN,TATA PROJECTS LIMITED,12717347.12,11058562.71,3,4.0,"RF-4, RF-6",30,HIGH_RISK,LARGE (50L-5Cr),RAJASTHAN
CEN-CE-2021-01329,CENTRAL,INDIAN RAILWAYS,PNC INFRATECH LIMITED,121744637.02,105864901.76,2,4.0,"RF-4, RF-6",30,HIGH_RISK,MEGA (>5Cr),CENTRAL_CPPP
2018_HPIPH_25488_1,HIMACHAL PRADESH,EXECUTIVE ENGINEER,PARDEEP KUMAR,2970000.0,1980000.0,2,17.791666666666668,"RF-5, RF-6",35,HIGH_RISK,MEDIUM (10L-50L),HIMACHAL_PRADESH
2020_HPIPH_34567_1,HIMACHAL PRADESH,EXECUTIVE ENGINEER,UNIPRO TECHNO INFRASTRUCTURE PRIVATE LIMITED,141888446.0,105672078.0,4,13.25,"RF-5, RF-6",35,HIGH_RISK,MEGA (>5Cr),HIMACHAL_PRADESH
CEN-CE-2021-01081,CENTRAL,CENTRAL PUBLIC WORKS DEPARTMENT,GUPTA AND SONS CONTRACTOR,16357360.58,15145704.24,1,6.0,"RF-1, RF-4, RF-6",55,HIGH_RISK,LARGE (50L-5Cr),CENTRAL_CPPP
2017_PWD_17640_1,HIMACHAL PRADESH,EXECUTIVE ENGINEER BILASPUR DIVISION NO 2 HIMACHAL PRADESH PUBLIC WORKS DEPARTMENT BILASPUR,RANJEET THAKUR,2926099.0,2290339.0,2,10.729166666666666,NONE,0,LOW_RISK,MEDIUM (10L-50L),HIMACHAL_PRADESH
2018_PWD_19659_1,HIMACHAL PRADESH,EXECUTIVE ENGINEER CHAMBA DIVISION HIMACHAL PRADESH PUBLIC WORKS DEPARTMENT CHAMBA,R P DHIMAN,38269648.0,23713030.0,3,20.760416666666668,"RF-5, RF-6",35,HIGH_RISK,LARGE (50L-5Cr),HIMACHAL_PRADESH
MAH-MA-2021-01121,MAHARASHTRA,MSEDCL POWER DISTRIBUTION,APEX MEDITECH SOLUTIONS,4666712.74,4912329.2,5,30.0,"RF-3, RF-6",35,HIGH_RISK,MEDIUM (10L-50L),MAHARASHTRA
UTT-UT-2021-01206,UTTAR PRADESH,MEDICAL HEALTH FAMILY WELFARE LUCKNOW,SHARMA ENGINEERING WORKS,278968822.03,293651391.62,3,4.0,"RF-4, RF-6",30,HIGH_RISK,MEGA (>5Cr),UTTAR_PRADESH
2017_UDDHP_18140_1,HIMACHAL PRADESH,EXECUTIVE OFFICER MC SOLAN,VIRENDER THAKUR,319370.0,196000.0,3,10.25,"RF-5, RF-6",35,HIGH_RISK,SMALL (<10L),HIMACHAL_PRADESH
2019_HPIPH_31350_1,HIMACHAL PRADESH,EXECUTIVE ENGINEER,NATIONAL INDIA CONSTRUCTION COMPANY,228249688.0,172173646.0,2,13.958333333333334,"RF-5, RF-6",35,HIGH_RISK,MEGA (>5Cr),HIMACHAL_PRADESH
CEN-CE-2021-01056,CENTRAL,NHAI HIGHWAYS,VANGUARD POWER SERVICES,23088587.59,22635870.19,1,4.0,"RF-1, RF-4, RF-6",55,HIGH_RISK,LARGE (50L-5Cr),CENTRAL_CPPP
2019_HPIPH_25795_1,HIMACHAL PRADESH,EXECUTIVE ENGINEER,HAMINDER PAL,3741129.0,2457231.0,4,13.75,"RF-5, RF-6",35,HIGH_RISK,MEDIUM (10L-50L),HIMACHAL_PRADESH
MAH-MA-2021-01294,MAHARASHTRA,MMRDA URBAN TRANSPORT,AFCONS INFRASTRUCTURE LIMITED,4857458.35,3598117.3,2,30.0,"RF-3, RF-5",40,HIGH_RISK,MEDIUM (10L-50L),MAHARASHTRA
CEN-CE-2021-01247,CENTRAL,MINISTRY OF HEALTH FAMILY WELFARE,SHREE BALAJI ENTERPRISE,3188425.77,3623211.11,1,4.0,"RF-1, RF-4, RF-6",55,HIGH_RISK,MEDIUM (10L-50L),CENTRAL_CPPP
RAJ-RA-2021-01101,RAJASTHAN,JAIPUR DEVELOPMENT AUTHORITY,BHARAT DIAGNOSTIC SYSTEMS,191226946.95,201291523.1,1,4.0,"RF-1, RF-4, RF-6",55,HIGH_RISK,MEGA (>5Cr),RAJASTHAN
2020_HPIPH_35384_1,HIMACHAL PRADESH,EXECUTIVE ENGINEER JAL SHAKTI DIVN NO 1 UNA HP,POPULAR PIPES,7238895.0,8398543.0,3,13.041666666666666,NONE,0,LOW_RISK,LARGE (50L-5Cr),HIMACHAL_PRADESH
MAH-MA-2021-01010,MAHARASHTRA,MMRDA URBAN TRANSPORT,TATA PROJECTS LIMITED,5703906.73,4959918.9,4,6.0,"RF-4, RF-6",30,HIGH_RISK,LARGE (50L-5Cr),MAHARASHTRA
UTT-UT-2021-01104,UTTAR PRADESH,UP STATE HIGHWAY AUTHORITY,TATA PROJECTS LIMITED,16730236.79,12392767.99,1,30.0,"RF-1, RF-5, RF-6",60,HIGH_RISK,LARGE (50L-5Cr),UTTAR_PRADESH
2018_UDDHP_19498_1,HIMACHAL PRADESH,EXECUTIVE OFFICER MC SOLAN,SOCIAL HEALTH AND EDUCATIONAL DEVELOPMENT SOCIETY,717045.0,450000.0,4,6.0,"RF-4, RF-5",35,HIGH_RISK,SMALL (<10L),HIMACHAL_PRADESH
2018_FDC_19796_1,HIMACHAL PRADESH,DIVISIONAL MANAGER,DEVRAJ KAPTA,6466766.0,5781261.0,1,6.75,"RF-1, RF-4",40,HIGH_RISK,LARGE (50L-5Cr),HIMACHAL_PRADESH
2017_PWD_17638_1,HIMACHAL PRADESH,EXECUTIVE ENGINEER,RAJ KUMAR,1495168.0,1421658.0,3,20.791666666666668,RF-6,15,MEDIUM_RISK,MEDIUM (10L-50L),HIMACHAL_PRADESH
CEN-CE-2021-01325,CENTRAL,CENTRAL PUBLIC WORKS DEPARTMENT,KNR CONSTRUCTION,20545513.0,23347173.87,3,4.0,"RF-4, RF-6",30,HIGH_RISK,LARGE (50L-5Cr),CENTRAL_CPPP
2016_PWD_11107_1,HIMACHAL PRADESH,EXECUTIVE ENGINEER ELECTRICAL DIVISION HIMACHAL PRADESH PUBLIC WORKS DEPARTMENT MANDI,SHARMA ELECTRICAL COMPANY,2879415.0,2875000.0,3,14.291666666666666,NONE,0,LOW_RISK,MEDIUM (10L-50L),HIMACHAL_PRADESH
MAH-MA-2021-01034,MAHARASHTRA,PUBLIC HEALTH DEPT MUMBAI,DILIP BUILDCON LIMITED,5396293.81,4996568.34,4,4.0,"RF-4, RF-6",30,HIGH_RISK,LARGE (50L-5Cr),MAHARASHTRA
UTT-UT-2021-01047,UTTAR PRADESH,NOIDA INDUSTRIAL DEVELOPMENT AUTH,AFCONS INFRASTRUCTURE LIMITED,18470057.27,20988701.44,1,14.0,"RF-1, RF-6",40,HIGH_RISK,LARGE (50L-5Cr),UTTAR_PRADESH
2017_UDDHP_16111_1,HIMACHAL PRADESH,EXECUTIVE OFFICER MC SOLAN,VIRENDER THAKUR,242901.0,152217.0,3,5.166666666666667,"RF-4, RF-5, RF-6",50,HIGH_RISK,SMALL (<10L),HIMACHAL_PRADESH
2018_PWD_19874_1,HIMACHAL PRADESH,EXECUTIVE ENGINEER,S S CHAUHANS CONSTRUCTION PRIVATE LIMTED,3858224.0,2805374.0,2,12.0,"RF-5, RF-6",35,HIGH_RISK,MEDIUM (10L-50L),HIMACHAL_PRADESH
RAJ-RA-2021-01214,RAJASTHAN,RAJASTHAN RAJYA VIDYUT PRASARAN,ZENITH INFRASTRUCTURE PROJECTS,6638822.17,4917646.05,1,14.0,"RF-1, RF-5, RF-6",60,HIGH_RISK,LARGE (50L-5Cr),RAJASTHAN
2017_PWD_17696_1,HIMACHAL PRADESH,EXECUTIVE ENGINEER KARSOG,JEET KUMAR GUPTA,49029513.75,32907641.0,3,6.875,"RF-4, RF-5",35,HIGH_RISK,LARGE (50L-5Cr),HIMACHAL_PRADESH
2017_PWD_16562_7,HIMACHAL PRADESH,EXECUTIVE ENGINEER,NAVNEET THAKUR,2999987.0,1668475.0,2,12.0,"RF-5, RF-6",35,HIGH_RISK,MEDIUM (10L-50L),HIMACHAL_PRADESH
MAH-MA-2021-01002,MAHARASHTRA,MSEDCL POWER DISTRIBUTION,PNC INFRATECH LIMITED,4663181.71,4908612.33,3,30.0,"RF-3, RF-6",35,HIGH_RISK,MEDIUM (10L-50L),MAHARASHTRA
2019_HPIPH_27740_1,HIMACHAL PRADESH,EXECUTIVE ENGINEER,HUKAM CHAND,974296.0,1189212.0,3,12.0,NONE,0,LOW_RISK,SMALL (<10L),HIMACHAL_PRADESH
2018_HPIPH_19649_1,HIMACHAL PRADESH,EXECUTIVE ENGINEER,SANJEEV KUMAR,4795943.0,3931254.0,7,19.875,"RF-3, RF-6",35,HIGH_RISK,MEDIUM (10L-50L),HIMACHAL_PRADESH
MAH-MA-2021-01300,MAHARASHTRA,MAHARASHTRA PUBLIC WORKS DEPARTMENT,PNC INFRATECH LIMITED,6642399.64,4920296.03,5,14.0,"RF-5, RF-6",35,HIGH_RISK,LARGE (50L-5Cr),MAHARASHTRA
2017_PWD_18077_2,HIMACHAL PRADESH,EXECUTIVE ENGINEER HIMACHAL PRADESH PUBLIC WORKS DEPARTMENT DIVISION SANGRAH,SUKHPAL,461917.0,373579.0,4,17.0,NONE,0,LOW_RISK,SMALL (<10L),HIMACHAL_PRADESH
KAR-KA-2021-01217,KARNATAKA,KARNATAKA PUBLIC WORKS PORTS INLAND WATER,BHARAT DIAGNOSTIC SYSTEMS,4664004.16,4909478.07,3,21.0,"RF-3, RF-6",35,HIGH_RISK,MEDIUM (10L-50L),KARNATAKA
CEN-CE-2021-01172,CENTRAL,NHAI HIGHWAYS,TATA PROJECTS LIMITED,313352432.59,307208267.25,1,6.0,"RF-1, RF-4, RF-6",55,HIGH_RISK,MEGA (>5Cr),CENTRAL_CPPP
CEN-CE-2021-01321,CENTRAL,INDIAN RAILWAYS,DILIP BUILDCON LIMITED,4313804.26,4902050.29,1,14.0,"RF-1, RF-6",40,HIGH_RISK,MEDIUM (10L-50L),CENTRAL_CPPP
MAH-MA-2021-01095,MAHARASHTRA,MMRDA URBAN TRANSPORT,DILIP BUILDCON LIMITED,370172686.52,321889292.63,3,6.0,"RF-4, RF-6",30,HIGH_RISK,MEGA (>5Cr),MAHARASHTRA
CEN-CE-2021-01235,CENTRAL,MINISTRY OF HEALTH FAMILY WELFARE,SHARMA ENGINEERING WORKS,2758094.58,2903257.46,1,14.0,"RF-1, RF-6",40,HIGH_RISK,MEDIUM (10L-50L),CENTRAL_CPPP
2018_HPIPH_21483_1,HIMACHAL PRADESH,EXECUTIVE ENGINEER,REBOUND ENVIRO TECHNOLOGY PRIVATE LIMITED,5050000.0,3312967.0,11,19.75,"RF-5, RF-6",35,HIGH_RISK,LARGE (50L-5Cr),HIMACHAL_PRADESH
2018_UDDHP_20484_1,HIMACHAL PRADESH,EXECUTIVE OFFICER MC SOLAN,JEEVAN SINGH,599095.0,350000.0,3,7.333333333333333,"RF-5, RF-6",35,HIGH_RISK,SMALL (<10L),HIMACHAL_PRADESH
CEN-CE-2021-01106,CENTRAL,CENTRAL PUBLIC WORKS DEPARTMENT,APEX MEDITECH SOLUTIONS,3079206.44,2851117.07,3,4.0,"RF-4, RF-6",30,HIGH_RISK,MEDIUM (10L-50L),CENTRAL_CPPP
MAH-MA-2021-01154,MAHARASHTRA,MSEDCL POWER DISTRIBUTION,APEX MEDITECH SOLUTIONS,20225216.37,17587144.67,1,6.0,"RF-1, RF-4, RF-6",55,HIGH_RISK,LARGE (50L-5Cr),MAHARASHTRA
2017_PWD_16064_1,HIMACHAL PRADESH,EXECUTIVE ENGINEER DHAMI,BAL KRISHAN,4195967.0,3716678.0,1,5.166666666666667,"RF-1, RF-4",40,HIGH_RISK,MEDIUM (10L-50L),HIMACHAL_PRADESH
2017_UDDHP_15241_1,HIMACHAL PRADESH,EXECUTIVE OFFICER MC SOLAN,ANIL CHAUHAN,457445.0,349195.0,4,7.055555555555555,"RF-5, RF-6",35,HIGH_RISK,SMALL (<10L),HIMACHAL_PRADESH
2018_MC_25077_12,HIMACHAL PRADESH,EXECUTIVE ENGINEER RB MUNICIPAL CORPORATION SHIMLA,RAJESH SHARMA,850000.0,523500.0,1,11.729166666666666,"RF-1, RF-5",45,HIGH_RISK,SMALL (<10L),HIMACHAL_PRADESH
RAJ-RA-2021-01243,RAJASTHAN,MEDICAL HEALTH SERVICES JAIPUR,NCC LIMITED INFRASTRUCTURE,135571095.47,100423033.69,3,6.0,"RF-4, RF-5",35,HIGH_RISK,MEGA (>5Cr),RAJASTHAN
2017_PWD_15267_1,HIMACHAL PRADESH,EXECUTIVE ENGINEER HIMACHAL PRADESH PUBLIC WORKS DEPARTMENT DIVISION BAIJH,KULVINDER,2685026.0,1450931.0,4,12.875,"RF-5, RF-6",35,HIGH_RISK,MEDIUM (10L-50L),HIMACHAL_PRADESH
2017_HPIPH_16577_1,HIMACHAL PRADESH,EXECUTIVE ENGINEER,KISHORILAL,4645995.0,3542250.0,2,25.70833333333333,"RF-3, RF-5, RF-6",55,HIGH_RISK,MEDIUM (10L-50L),HIMACHAL_PRADESH
CEN-CE-2021-01145,CENTRAL,MINISTRY OF HEALTH FAMILY WELFARE,KNR CONSTRUCTION,4682679.46,4929136.27,1,14.0,"RF-1, RF-3, RF-6",60,HIGH_RISK,MEDIUM (10L-50L),CENTRAL_CPPP
2017_PWD_14895_2,HIMACHAL PRADESH,EXECUTIVE ENGINEER CHAMBA DIVISION HIMACHAL PRADESH PUBLIC WORKS DEPARTMENT CHAMBA,D S THAKUR,1835726.0,1357261.0,3,20.83333333333333,"RF-5, RF-6",35,HIGH_RISK,MEDIUM (10L-50L),HIMACHAL_PRADESH
2018_PWD_19973_1,HIMACHAL PRADESH,EXECUTIVE ENGINEER DIVISION NO I HIMACHAL PRADESH PUBLIC WORKS DEPARTMENT SHIMLA 3,LOV VIJ GOVERNMENT CONTRACTOR,3470387.0,2632416.0,1,12.916666666666666,"RF-1, RF-5, RF-6",60,HIGH_RISK,MEDIUM (10L-50L),HIMACHAL_PRADESH
2019_HPIPH_30059_1,HIMACHAL PRADESH,EXECUTIVE ENGINEER,REBOUND ENVIRO TECHNOLOGY PRIVATE LIMITED,2650000.0,1394003.0,2,12.75,"RF-5, RF-6",35,HIGH_RISK,MEDIUM (10L-50L),HIMACHAL_PRADESH
2019_PWD_26713_1,HIMACHAL PRADESH,EXECUTIVE ENGINEER,NEW INDIA CONTRACTOR AND DEVELOPERS PVT LDT CHANDIGRAH,10584138.0,7556723.0,2,6.708333333333333,"RF-4, RF-5",35,HIGH_RISK,LARGE (50L-5Cr),HIMACHAL_PRADESH
RAJ-RA-2021-01189,RAJASTHAN,JAIPUR DEVELOPMENT AUTHORITY,SHREE BALAJI ENTERPRISE,10102424.12,11480027.41,1,21.0,"RF-1, RF-6",40,HIGH_RISK,LARGE (50L-5Cr),RAJASTHAN
CEN-CE-2021-01069,CENTRAL,INDIAN RAILWAYS,GUPTA AND SONS CONTRACTOR,5096635.0,4996700.98,4,6.0,"RF-4, RF-6",30,HIGH_RISK,LARGE (50L-5Cr),CENTRAL_CPPP
MAH-MA-2021-01175,MAHARASHTRA,PUBLIC HEALTH DEPT MUMBAI,TATA PROJECTS LIMITED,3135002.07,2726088.75,2,6.0,"RF-4, RF-6",30,HIGH_RISK,MEDIUM (10L-50L),MAHARASHTRA
RAJ-RA-2021-01235,RAJASTHAN,RAJASTHAN RAJYA VIDYUT PRASARAN,AHLUWALIA CONTRACTS INDIA LIMITED,27887597.33,20657479.5,2,14.0,"RF-5, RF-6",35,HIGH_RISK,LARGE (50L-5Cr),RAJASTHAN
2019_HPIPH_27899_1,HIMACHAL PRADESH,EXECUTIVE ENGINEER,AJAY KUMAR GOVERNMENT CONTRACTOR,1375000.0,1011500.0,2,13.75,"RF-5, RF-6",35,HIGH_RISK,MEDIUM (10L-50L),HIMACHAL_PRADESH
UTT-UT-2021-01067,UTTAR PRADESH,NOIDA INDUSTRIAL DEVELOPMENT AUTH,VANGUARD POWER SERVICES,5714651.14,4969261.86,1,21.0,"RF-1, RF-6",40,HIGH_RISK,LARGE (50L-5Cr),UTTAR_PRADESH
2018_PWD_23077_1,HIMACHAL PRADESH,EXECUTIVE ENGINEER,RAM LAL CHAUDHARY,1288478.0,985575.0,5,9.854166666666666,"RF-5, RF-6",35,HIGH_RISK,MEDIUM (10L-50L),HIMACHAL_PRADESH
RAJ-RA-2021-01185,RAJASTHAN,RAJASTHAN PUBLIC WORKS DEPARTMENT,VANGUARD POWER SERVICES,4386062.92,4984162.4,2,6.0,"RF-4, RF-6",30,HIGH_RISK,MEDIUM (10L-50L),RAJASTHAN
MAH-MA-2021-01265,MAHARASHTRA,WATER RESOURCES DEPARTMENT MAHARASHTRA,SHARMA ENGINEERING WORKS,5026178.2,4927625.69,2,14.0,RF-6,15,MEDIUM_RISK,LARGE (50L-5Cr),MAHARASHTRA
UTT-UT-2021-01181,UTTAR PRADESH,NOIDA INDUSTRIAL DEVELOPMENT AUTH,DILIP BUILDCON LIMITED,6731226.69,4986093.84,3,30.0,"RF-5, RF-6",35,HIGH_RISK,LARGE (50L-5Cr),UTTAR_PRADESH
MAH-MA-2021-01186,MAHARASHTRA,MSEDCL POWER DISTRIBUTION,LARSEN AND TOUBRO CONSTRUCTION,628967.14,546927.95,3,4.0,"RF-4, RF-6",30,HIGH_RISK,SMALL (<10L),MAHARASHTRA
2017_UDDHP_17060_1,HIMACHAL PRADESH,EXECUTIVE OFFICER MC SOLAN,RAMESH CHAND,215900.0,150000.0,3,6.208333333333333,"RF-4, RF-5, RF-6",50,HIGH_RISK,SMALL (<10L),HIMACHAL_PRADESH
2017_PWD_17904_4,HIMACHAL PRADESH,EXECUTIVE ENGINEER,SUKHVINDER SINGH,1395604.0,995918.0,4,17.833333333333332,RF-5,20,MEDIUM_RISK,MEDIUM (10L-50L),HIMACHAL_PRADESH
MAH-MA-2021-01208,MAHARASHTRA,WATER RESOURCES DEPARTMENT MAHARASHTRA,TATA PROJECTS LIMITED,4698206.05,4945480.05,1,30.0,"RF-1, RF-3, RF-6",60,HIGH_RISK,MEDIUM (10L-50L),MAHARASHTRA
MAH-MA-2021-01264,MAHARASHTRA,PUBLIC HEALTH DEPT MUMBAI,VANGUARD POWER SERVICES,463833708.66,343580524.93,5,30.0,"RF-5, RF-6",35,HIGH_RISK,MEGA (>5Cr),MAHARASHTRA
2017_HPIPH_16533_1,HIMACHAL PRADESH,EXECUTIVE ENGINEER,VIJAY KUMAR KUSHWAHA,5798100.0,4936250.0,3,20.75,RF-6,15,MEDIUM_RISK,LARGE (50L-5Cr),HIMACHAL_PRADESH
2017_PWD_18575_4,HIMACHAL PRADESH,EXECUTIVE ENGINEER DHAMI,RAKESH,1225828.0,1663465.0,3,12.020833333333334,RF-6,15,MEDIUM_RISK,MEDIUM (10L-50L),HIMACHAL_PRADESH
MAH-MA-2021-01206,MAHARASHTRA,PUBLIC HEALTH DEPT MUMBAI,AFCONS INFRASTRUCTURE LIMITED,4322886.46,4912370.98,2,6.0,"RF-4, RF-6",30,HIGH_RISK,MEDIUM (10L-50L),MAHARASHTRA
UTT-UT-2021-01078,UTTAR PRADESH,UTTAR PRADESH PUBLIC WORKS DEPARTMENT,BHARAT DIAGNOSTIC SYSTEMS,4104289.34,3040214.32,8,6.0,"RF-4, RF-5, RF-6",50,HIGH_RISK,MEDIUM (10L-50L),UTTAR_PRADESH
2017_PWD_17109_1,HIMACHAL PRADESH,EXECUTIVE ENGINEER ELECT DIVN NO II,KUMAR ELECTRONICS COMPANY,3793450.0,3767671.0,4,19.979166666666668,NONE,0,LOW_RISK,MEDIUM (10L-50L),HIMACHAL_PRADESH
2017_UDDHP_17263_1-1132,HIMACHAL PRADESH,EXECUTIVE ENGINEER,SUNIL KUMAR CHANDEL,1348500.0,750778.0,2,11.75,"RF-5, RF-6",35,HIGH_RISK,MEDIUM (10L-50L),HIMACHAL_PRADESH
MAH-MA-2021-01138,MAHARASHTRA,MMRDA URBAN TRANSPORT,KNR CONSTRUCTION,10322101.99,10865370.52,1,21.0,"RF-1, RF-6",40,HIGH_RISK,LARGE (50L-5Cr),MAHARASHTRA
RAJ-RA-2021-01213,RAJASTHAN,RAJASTHAN PUBLIC WORKS DEPARTMENT,KNR CONSTRUCTION,11659025.43,10795393.91,1,14.0,"RF-1, RF-6",40,HIGH_RISK,LARGE (50L-5Cr),RAJASTHAN
MAH-MA-2021-01235,MAHARASHTRA,PUBLIC HEALTH DEPT MUMBAI,DILIP BUILDCON LIMITED,288200770.82,213482052.46,1,6.0,"RF-1, RF-4, RF-5, RF-6",75,HIGH_RISK,MEGA (>5Cr),MAHARASHTRA
KAR-KA-2021-01160,KARNATAKA,KARNATAKA RURAL INFRASTRUCTURE,SHREE BALAJI ENTERPRISE,256892762.77,251855649.77,4,4.0,"RF-4, RF-6",30,HIGH_RISK,MEGA (>5Cr),KARNATAKA
2017_PWD_17799_4,HIMACHAL PRADESH,EXECUTIVE ENGINEER,ROHIT RANA,1456436.0,1390500.0,2,15.708333333333334,NONE,0,LOW_RISK,MEDIUM (10L-50L),HIMACHAL_PRADESH
MAH-MA-2021-01081,MAHARASHTRA,PUBLIC HEALTH DEPT MUMBAI,PNC INFRATECH LIMITED,13472190.74,13208030.14,1,14.0,"RF-1, RF-6",40,HIGH_RISK,LARGE (50L-5Cr),MAHARASHTRA
MAH-MA-2021-01031,MAHARASHTRA,WATER RESOURCES DEPARTMENT MAHARASHTRA,ZENITH INFRASTRUCTURE PROJECTS,5642326.6,4179501.19,3,4.0,"RF-4, RF-5, RF-6",50,HIGH_RISK,LARGE (50L-5Cr),MAHARASHTRA
2019_HPIPH_31504_1,HIMACHAL PRADESH,EXECUTIVE ENGINEER IRRIGATION AND PUBLIC HEALTH DIVISION BARSAR,AJAY KUMAR GOVERNMENT CONTRACTOR,8645000.0,5600420.0,8,19.729166666666668,"RF-5, RF-6",35,HIGH_RISK,LARGE (50L-5Cr),HIMACHAL_PRADESH
RAJ-RA-2021-01151,RAJASTHAN,JAIPUR DEVELOPMENT AUTHORITY,GUPTA AND SONS CONTRACTOR,10730290.77,9330687.63,3,6.0,"RF-4, RF-6",30,HIGH_RISK,LARGE (50L-5Cr),RAJASTHAN
CEN-CE-2021-01219,CENTRAL,CENTRAL PUBLIC WORKS DEPARTMENT,SHREE BALAJI ENTERPRISE,4709347.6,4957208.01,4,14.0,"RF-3, RF-6",35,HIGH_RISK,MEDIUM (10L-50L),CENTRAL_CPPP
2018_HPIPH_24955_1,HIMACHAL PRADESH,PROJECT DIRECTOR PMU IRRIGATION AND PUBLIC HEALTH DEPARTMENT JAL BHAWAN SHI,R K ENGINNERS SALES LIMITED,270777796.5,217515505.0,3,31.75,NONE,0,LOW_RISK,MEGA (>5Cr),HIMACHAL_PRADESH
RAJ-RA-2021-01202,RAJASTHAN,RAJASTHAN PUBLIC WORKS DEPARTMENT,NCC LIMITED INFRASTRUCTURE,5355403.34,4958706.8,1,30.0,"RF-1, RF-6",40,HIGH_RISK,LARGE (50L-5Cr),RAJASTHAN
RAJ-RA-2021-01114,RAJASTHAN,PUBLIC HEALTH ENGINEERING DEPT RAJASTHAN,DILIP BUILDCON LIMITED,4712334.55,4960352.16,3,4.0,"RF-3, RF-4, RF-6",50,HIGH_RISK,MEDIUM (10L-50L),RAJASTHAN
CEN-CE-2021-01279,CENTRAL,MINISTRY OF HEALTH FAMILY WELFARE,ZENITH INFRASTRUCTURE PROJECTS,5295056.93,4902830.49,1,14.0,"RF-1, RF-6",40,HIGH_RISK,LARGE (50L-5Cr),CENTRAL_CPPP
2017_HPIPH_16552_1-280,HIMACHAL PRADESH,EXECUTIVE ENGINEER IRRIGATION AND PUBLIC HEALTH DIVISION BA,VINAY KUMAR SHARDA,279826.0,203170.0,3,6.25,"RF-4, RF-5",35,HIGH_RISK,SMALL (<10L),HIMACHAL_PRADESH
2018_FDC_19131_1,HIMACHAL PRADESH,DIVISIONAL MANAGER,CHAWLA TIN STORE,313313.0,284830.0,1,17.166666666666668,"RF-1, RF-6",40,HIGH_RISK,SMALL (<10L),HIMACHAL_PRADESH
MAH-MA-2021-01198,MAHARASHTRA,MSEDCL POWER DISTRIBUTION,ZENITH INFRASTRUCTURE PROJECTS,5038951.9,4940148.92,5,4.0,"RF-4, RF-6",30,HIGH_RISK,LARGE (50L-5Cr),MAHARASHTRA
UTT-UT-2021-01043,UTTAR PRADESH,NOIDA INDUSTRIAL DEVELOPMENT AUTH,GUPTA AND SONS CONTRACTOR,447957.11,509042.17,3,6.0,"RF-4, RF-6",30,HIGH_RISK,SMALL (<10L),UTTAR_PRADESH
2018_HPIPH_25170_1,HIMACHAL PRADESH,EXECUTIVE ENGINEER,SANJEEV KUMAR,20509327.56,14923370.0,6,13.75,"RF-5, RF-6",35,HIGH_RISK,LARGE (50L-5Cr),HIMACHAL_PRADESH
UTT-UT-2021-01094,UTTAR PRADESH,NOIDA INDUSTRIAL DEVELOPMENT AUTH,VANGUARD POWER SERVICES,299407118.45,293536390.63,1,14.0,"RF-1, RF-6",40,HIGH_RISK,MEGA (>5Cr),UTTAR_PRADESH
2017_UDDHP_18119_1,HIMACHAL PRADESH,EXECUTIVE OFFICER MC SOLAN,SHAH JAHAN,476250.0,161000.0,3,11.25,"RF-5, RF-6",35,HIGH_RISK,SMALL (<10L),HIMACHAL_PRADESH
KAR-KA-2021-01184,KARNATAKA,KARNATAKA RURAL INFRASTRUCTURE,APEX MEDITECH SOLUTIONS,3440050.04,3909147.77,3,4.0,"RF-4, RF-6",30,HIGH_RISK,MEDIUM (10L-50L),KARNATAKA
2017_MC_15003_11,HIMACHAL PRADESH,EXECUTIVE ENGINEER,NARESH VIJ GOVERNMENT CONTRACTOR,1762200.0,1175227.0,2,8.729166666666666,"RF-5, RF-6",35,HIGH_RISK,MEDIUM (10L-50L),HIMACHAL_PRADESH
2017_PWD_17849_5,HIMACHAL PRADESH,EXECUTIVE ENGINEER PUBLIC WORKS DEPARTMENT SHILLAI,AKT CONSTRUCTION,221863.0,268673.0,3,13.083333333333334,NONE,0,LOW_RISK,SMALL (<10L),HIMACHAL_PRADESH
UTT-UT-2021-01016,UTTAR PRADESH,UTTAR PRADESH JAL NIGAM,PNC INFRATECH LIMITED,4746810.54,4996642.68,2,4.0,"RF-3, RF-4, RF-6",50,HIGH_RISK,MEDIUM (10L-50L),UTTAR_PRADESH
2017_UDDHP_16621_1,HIMACHAL PRADESH,EXECUTIVE ENGINEER,NAVNEET THAKUR,49674971.0,53983000.0,1,19.70833333333333,"RF-1, RF-6",40,HIGH_RISK,LARGE (50L-5Cr),HIMACHAL_PRADESH
UTT-UT-2021-01205,UTTAR PRADESH,MEDICAL HEALTH FAMILY WELFARE LUCKNOW,LARSEN AND TOUBRO CONSTRUCTION,3172422.84,3110218.47,1,4.0,"RF-1, RF-4, RF-6",55,HIGH_RISK,MEDIUM (10L-50L),UTTAR_PRADESH
2019_HPIPH_26629_2,HIMACHAL PRADESH,EXECUTIVE ENGINEER,RUPINDER JUSTA GOVERNMENT CONTRACTOR,921382.0,690108.0,2,7.375,"RF-5, RF-6",35,HIGH_RISK,SMALL (<10L),HIMACHAL_PRADESH
2017_PWD_17495_1,HIMACHAL PRADESH,EXECUTIVE ENGINEER,RAVI DUTT CONTRACTOR,475365.0,333327.0,16,9.291666666666666,"RF-5, RF-6",35,HIGH_RISK,SMALL (<10L),HIMACHAL_PRADESH
2017_HPIPH_15951_1-3313,HIMACHAL PRADESH,EXECUTIVE ENGINEER IRRIGATION AND PUBLIC HEALTH DIVISION BARSAR,M S PAWAN KUMAR SHARMA,5825626.52,4743479.0,5,18.20833333333333,RF-6,15,MEDIUM_RISK,LARGE (50L-5Cr),HIMACHAL_PRADESH
2017_UDDHP_15795_1,HIMACHAL PRADESH,EXECUTIVE OFFICER MC SOLAN,VIRENDER THAKUR,419533.0,250000.0,2,6.041666666666667,"RF-4, RF-5, RF-6",50,HIGH_RISK,SMALL (<10L),HIMACHAL_PRADESH
2017_PWD_18257_1,HIMACHAL PRADESH,EXECUTIVE ENGINEER,DEEPAK ATTRI,4489725.0,2999632.0,29,8.125,"RF-5, RF-6",35,HIGH_RISK,MEDIUM (10L-50L),HIMACHAL_PRADESH
MAH-MA-2021-01180,MAHARASHTRA,WATER RESOURCES DEPARTMENT MAHARASHTRA,ZENITH INFRASTRUCTURE PROJECTS,2784913.86,2931488.27,2,6.0,"RF-4, RF-6",30,HIGH_RISK,MEDIUM (10L-50L),MAHARASHTRA
2017_HO_15977_1,HIMACHAL PRADESH,MD HPSCSC LTD,S S FOOD INDUSTRIES,338376510.0,338376510.0,5,13.125,NONE,0,LOW_RISK,MEGA (>5Cr),HIMACHAL_PRADESH
KAR-KA-2021-01177,KARNATAKA,BRUHAT BENGALURU MAHANAGARA PALIKE BBMP,SHARMA ENGINEERING WORKS,273499490.94,253240269.39,1,6.0,"RF-1, RF-4, RF-6",55,HIGH_RISK,MEGA (>5Cr),KARNATAKA
RAJ-RA-2021-01250,RAJASTHAN,RAJASTHAN RAJYA VIDYUT PRASARAN,PNC INFRATECH LIMITED,62305580.49,57690352.31,1,30.0,RF-1,25,MEDIUM_RISK,MEGA (>5Cr),RAJASTHAN
2017_PWD_16934_1,HIMACHAL PRADESH,EXECUTIVE ENGINEER B AND R SOLAN,NARESH VIJ GOVERNMENT CONTRACTOR,2883761.0,2466990.0,4,6.659722222222222,"RF-4, RF-6",30,HIGH_RISK,MEDIUM (10L-50L),HIMACHAL_PRADESH
2017_PWD_15771_1,HIMACHAL PRADESH,EXECUTIVE ENGINEER,RAM LAL SHARMA,4166452.0,3099182.0,3,17.0,"RF-5, RF-6",35,HIGH_RISK,MEDIUM (10L-50L),HIMACHAL_PRADESH
KAR-KA-2021-01189,KARNATAKA,KARNATAKA PUBLIC WORKS PORTS INLAND WATER,KNR CONSTRUCTION,749904.64,735200.62,2,4.0,"RF-4, RF-6",30,HIGH_RISK,SMALL (<10L),KARNATAKA
KAR-KA-2021-01128,KARNATAKA,HEALTH FAMILY WELFARE KARNATAKA,PNC INFRATECH LIMITED,19641264.81,20675015.59,1,6.0,"RF-1, RF-4, RF-6",55,HIGH_RISK,LARGE (50L-5Cr),KARNATAKA
2018_UDDHP_22618_1,HIMACHAL PRADESH,EXECUTIVE OFFICER MC SOLAN,NAIN SINGH,92700.0,300000.0,10,6.125,"RF-4, RF-6",30,HIGH_RISK,SMALL (<10L),HIMACHAL_PRADESH
2019_PWD_28145_1,HIMACHAL PRADESH,EXECUTIVE ENGNEER,SANJAY KUMAR,1362069.0,1021776.0,3,5.666666666666667,"RF-4, RF-5",35,HIGH_RISK,MEDIUM (10L-50L),HIMACHAL_PRADESH
2017_UDDHP_18128_1,HIMACHAL PRADESH,EXECUTIVE OFFICER MC SOLAN,NAIN SINGH,489795.0,330965.0,3,11.25,"RF-5, RF-6",35,HIGH_RISK,SMALL (<10L),HIMACHAL_PRADESH
2017_PWD_16207_1,HIMACHAL PRADESH,EXECUTIVE ENGINEER,S S CHAUHANS CONSTRUCTION PRIVATE LIMITED,1368990.0,1160240.0,1,14.864583333333334,"RF-1, RF-6",40,HIGH_RISK,MEDIUM (10L-50L),HIMACHAL_PRADESH
RAJ-RA-2021-01226,RAJASTHAN,RAJASTHAN PUBLIC WORKS DEPARTMENT,AHLUWALIA CONTRACTS INDIA LIMITED,6667726.01,4939056.3,4,14.0,"RF-5, RF-6",35,HIGH_RISK,LARGE (50L-5Cr),RAJASTHAN
2018_BBNDA_20269_1,HIMACHAL PRADESH,EXECUTIVE ENGINEER BBNDA BADDI,SUSHIL CHANDEL,4330389.0,3085506.0,4,19.02083333333333,RF-5,20,MEDIUM_RISK,MEDIUM (10L-50L),HIMACHAL_PRADESH
2017_HPIPH_16906_1-1476,HIMACHAL PRADESH,EXECUTIVE ENGINEER IRRIGATION AND PUBLIC HEALTH DIVISION BARSAR,M S PAWAN KUMAR SHARMA,4799529.89,4077565.0,5,7.055555555555555,"RF-3, RF-6",35,HIGH_RISK,MEDIUM (10L-50L),HIMACHAL_PRADESH
RAJ-RA-2021-01088,RAJASTHAN,RAJASTHAN PUBLIC WORKS DEPARTMENT,ZENITH INFRASTRUCTURE PROJECTS,4668717.88,4914439.87,1,6.0,"RF-1, RF-3, RF-4, RF-6",75,HIGH_RISK,MEDIUM (10L-50L),RAJASTHAN
CEN-CE-2021-01095,CENTRAL,CENTRAL PUBLIC WORKS DEPARTMENT,PNC INFRATECH LIMITED,11255703.21,8337557.94,3,21.0,"RF-5, RF-6",35,HIGH_RISK,LARGE (50L-5Cr),CENTRAL_CPPP
2018_MC_19610_10,HIMACHAL PRADESH,EXECUTIVE ENGINEER ROADS AND BUILDINGS MUNICIPAL CORPORATION SHIMLA,NARENDER SHARMA,1579373.0,1178000.0,8,6.729166666666667,"RF-4, RF-5",35,HIGH_RISK,MEDIUM (10L-50L),HIMACHAL_PRADESH
RAJ-RA-2021-01163,RAJASTHAN,MEDICAL HEALTH SERVICES JAIPUR,LARSEN AND TOUBRO CONSTRUCTION,20778541.86,15391512.49,4,14.0,"RF-5, RF-6",35,HIGH_RISK,LARGE (50L-5Cr),RAJASTHAN
2017_BBNDA_18143_1,HIMACHAL PRADESH,EXECUTIVE ENGINEER BBNDA BADDI,GURMEET SINGH,13316146.0,8280000.0,5,21.05902777777778,"RF-5, RF-6",35,HIGH_RISK,LARGE (50L-5Cr),HIMACHAL_PRADESH
2017_PWD_16491_1,HIMACHAL PRADESH,EXECUTIVE ENGINEER NH DIVISION HIMACHAL PRADESH PUBLIC WORKS DEPARTMENT RAMPUR,BRIJESH KUMAR,1923098.0,1746440.0,9,24.98958333333333,NONE,0,LOW_RISK,MEDIUM (10L-50L),HIMACHAL_PRADESH
UTT-UT-2021-01124,UTTAR PRADESH,NOIDA INDUSTRIAL DEVELOPMENT AUTH,SHARMA ENGINEERING WORKS,4921497.94,3645554.03,3,21.0,"RF-3, RF-5, RF-6",55,HIGH_RISK,MEDIUM (10L-50L),UTTAR_PRADESH
2018_PWD_23669_1,HIMACHAL PRADESH,EXECUTIVE ENGINEER,KHARBANDA ELECTRICALS,910356.0,983774.0,2,17.979166666666668,RF-6,15,MEDIUM_RISK,SMALL (<10L),HIMACHAL_PRADESH
2018_PWD_25484_3,HIMACHAL PRADESH,EXECUTIVE ENGINEER,VISHAL KUMAR GUPTA CONTRACTOR,7071305.0,5872738.0,4,5.708333333333333,"RF-4, RF-6",30,HIGH_RISK,LARGE (50L-5Cr),HIMACHAL_PRADESH
CEN-CE-2021-01125,CENTRAL,NHAI HIGHWAYS,GUPTA AND SONS CONTRACTOR,5317097.88,4923238.78,3,4.0,"RF-4, RF-6",30,HIGH_RISK,LARGE (50L-5Cr),CENTRAL_CPPP
2017_PWD_16431_1,HIMACHAL PRADESH,EXECUTIVE ENGINEER,HITESH KUMAR,4577255.0,3776304.0,5,20.02083333333333,"RF-3, RF-6",35,HIGH_RISK,MEDIUM (10L-50L),HIMACHAL_PRADESH
2018_PWD_20228_13,HIMACHAL PRADESH,EXECUTIVE ENGINEER,NAVNEET THAKUR,2243378.0,1688252.0,3,20.916666666666668,"RF-5, RF-6",35,HIGH_RISK,MEDIUM (10L-50L),HIMACHAL_PRADESH
2017_UDDHP_18148_1,HIMACHAL PRADESH,EXECUTIVE OFFICER MC SOLAN,BROTHERS TRADERS,749006.0,530000.0,2,10.25,"RF-5, RF-6",35,HIGH_RISK,SMALL (<10L),HIMACHAL_PRADESH
2017_HCoHP_18829_1,HIMACHAL PRADESH,REGISTRAR GENERAL,GSV SYSTEMS LLP,1560588.0,1762560.0,3,14.836805555555555,"RF-2, RF-6",40,HIGH_RISK,MEDIUM (10L-50L),HIMACHAL_PRADESH
MAH-MA-2021-01254,MAHARASHTRA,PUBLIC HEALTH DEPT MUMBAI,SHARMA ENGINEERING WORKS,3008623.47,3166972.07,1,30.0,"RF-1, RF-6",40,HIGH_RISK,MEDIUM (10L-50L),MAHARASHTRA
KAR-KA-2021-01103,KARNATAKA,HEALTH FAMILY WELFARE KARNATAKA,TATA PROJECTS LIMITED,5038354.44,4939563.18,3,30.0,RF-6,15,MEDIUM_RISK,LARGE (50L-5Cr),KARNATAKA
2017_PWD_17416_1,HIMACHAL PRADESH,EXECUTIVE ENGINEER,BRAHAM DASS SHARMA,2384937.0,2232117.0,2,22.881944444444443,NONE,0,LOW_RISK,MEDIUM (10L-50L),HIMACHAL_PRADESH
2019_PWD_33570_1,HIMACHAL PRADESH,EXECUTIVE ENGINEER UNA DIVISION HIMACHAL PRADESH PUBLIC WORKS DEPARTMENT UNA,M S KATHURIA CONSTRUTION COMPANY,38955952.0,34320840.0,3,10.270833333333334,RF-6,15,MEDIUM_RISK,LARGE (50L-5Cr),HIMACHAL_PRADESH
CEN-CE-2021-01191,CENTRAL,INDIAN RAILWAYS,KNR CONSTRUCTION,3110599.17,3534771.78,1,4.0,"RF-1, RF-4, RF-6",55,HIGH_RISK,MEDIUM (10L-50L),CENTRAL_CPPP
RAJ-RA-2021-01100,RAJASTHAN,MEDICAL HEALTH SERVICES JAIPUR,SHARMA ENGINEERING WORKS,194617726.64,169232805.78,4,4.0,"RF-4, RF-6",30,HIGH_RISK,MEGA (>5Cr),RAJASTHAN
2017_UDDHP_17263_1,HIMACHAL PRADESH,EXECUTIVE ENGINEER,VIKAS,1159950.0,750778.0,2,11.75,"RF-5, RF-6",35,HIGH_RISK,MEDIUM (10L-50L),HIMACHAL_PRADESH
2017_UDDHP_16217_1,HIMACHAL PRADESH,EXECUTIVE OFFICER MC SOLAN,NAIN SINGH,264491.0,179132.0,3,5.819444444444445,"RF-4, RF-5, RF-6",50,HIGH_RISK,SMALL (<10L),HIMACHAL_PRADESH
2018_HPIPH_22092_1,HIMACHAL PRADESH,EXECUTIVE ENGINEER,VIKAS CHAND GOVT CONT,1164452.0,782720.0,3,17.75,RF-5,20,MEDIUM_RISK,MEDIUM (10L-50L),HIMACHAL_PRADESH
2017_MC_18461_1,HIMACHAL PRADESH,EEWSPDSHIMLA,NATIONAL,925000.0,650000.0,1,13.75,"RF-1, RF-5",45,HIGH_RISK,SMALL (<10L),HIMACHAL_PRADESH
2017_UDDHP_17311_1-2603,HIMACHAL PRADESH,EXECUTIVE ENGINEER DMC,BALWANT RANA,2452743.0,1291165.0,2,22.70833333333333,RF-5,20,MEDIUM_RISK,MEDIUM (10L-50L),HIMACHAL_PRADESH
2017_HPIPH_17250_1,HIMACHAL PRADESH,EXECUTIVE ENGINEER,AANDA ENGINEERS AND CONTRACTOR,3682486.0,5206588.0,2,20.0,NONE,0,LOW_RISK,MEDIUM (10L-50L),HIMACHAL_PRADESH
2018_PWD_20256_1,HIMACHAL PRADESH,EXECUTIVE ENGINEER,YUDHVIR SINGH,894759.0,656483.0,3,12.125,"RF-5, RF-6",35,HIGH_RISK,SMALL (<10L),HIMACHAL_PRADESH
MAH-MA-2021-01245,MAHARASHTRA,MMRDA URBAN TRANSPORT,KNR CONSTRUCTION,415941634.99,308104914.81,2,4.0,"RF-4, RF-5, RF-6",50,HIGH_RISK,MEGA (>5Cr),MAHARASHTRA
2017_PWD_15419_1,HIMACHAL PRADESH,EXECUTIVE ENGINEER,RAKESH KUMAR SHARMA,220258.0,143020.0,18,20.0,"RF-5, RF-6",35,HIGH_RISK,SMALL (<10L),HIMACHAL_PRADESH
2016_HPIPH_12068_1,HIMACHAL PRADESH,EXECUTIVE ENGINEER IRRIGATION AND PUBLIC HEALTH DIVISION THURAL,SANJIV KUMAR,3735896.7,2999234.0,3,25.791666666666668,NONE,0,LOW_RISK,MEDIUM (10L-50L),HIMACHAL_PRADESH
KAR-KA-2021-01062,KARNATAKA,BRUHAT BENGALURU MAHANAGARA PALIKE BBMP,KNR CONSTRUCTION,19183375.55,17762384.77,3,6.0,"RF-4, RF-6",30,HIGH_RISK,LARGE (50L-5Cr),KARNATAKA
2018_PWD_19964_5,HIMACHAL PRADESH,EXECUTIVE ENGINEER CHOPAL,UTTEJ RATHOUR,5714189.0,3468277.0,2,13.020833333333334,"RF-5, RF-6",35,HIGH_RISK,LARGE (50L-5Cr),HIMACHAL_PRADESH
2018_PWD_19182_2,HIMACHAL PRADESH,E E HIMACHAL PRADESH PUBLIC WORKS DEPARTMENT DIVISION KALPA,NGATA CONSTRUCTION,29714095.0,16889916.0,1,15.145833333333334,"RF-1, RF-5",45,HIGH_RISK,LARGE (50L-5Cr),HIMACHAL_PRADESH
2017_PWD_16400_1,HIMACHAL PRADESH,EXECUTIVE ENGINEER,DAYA NAND,2841344.0,2946579.0,26,8.125,RF-6,15,MEDIUM_RISK,MEDIUM (10L-50L),HIMACHAL_PRADESH
CEN-CE-2021-01175,CENTRAL,CENTRAL PUBLIC WORKS DEPARTMENT,LARSEN AND TOUBRO CONSTRUCTION,2885177.4,2508849.91,1,4.0,"RF-1, RF-4, RF-6",55,HIGH_RISK,MEDIUM (10L-50L),CENTRAL_CPPP
CEN-CE-2021-01233,CENTRAL,DEFENCE RESEARCH DEVELOPMENT ORG,PNC INFRATECH LIMITED,15028700.43,11132370.69,5,21.0,"RF-5, RF-6",35,HIGH_RISK,LARGE (50L-5Cr),CENTRAL_CPPP
RAJ-RA-2021-01085,RAJASTHAN,RAJASTHAN PUBLIC WORKS DEPARTMENT,LARSEN AND TOUBRO CONSTRUCTION,1316666.73,975308.69,2,30.0,"RF-5, RF-6",35,HIGH_RISK,MEDIUM (10L-50L),RAJASTHAN
2019_HPIPH_30539_1,HIMACHAL PRADESH,EXECUTIVE ENGINEER,AMIT KATOCH,1140430.0,864447.0,3,24.67013888888889,"RF-5, RF-6",35,HIGH_RISK,MEDIUM (10L-50L),HIMACHAL_PRADESH
2017_HIMUD_16779_1,HIMACHAL PRADESH,EXECUTIVE ENGINEER HIMUDA DIV DHARAMSHALA,RAKESH RANA,10134589.0,7385892.0,4,5.229166666666667,"RF-4, RF-5",35,HIGH_RISK,LARGE (50L-5Cr),HIMACHAL_PRADESH
2018_HPIPH_25194_1,HIMACHAL PRADESH,EXECUTIVE ENGINEERIPH DIVISION CHAMBA,JOGINDER RANA GOVT CONT,988800.0,996941.0,4,18.27083333333333,NONE,0,LOW_RISK,SMALL (<10L),HIMACHAL_PRADESH
2016_MC_10913_6,HIMACHAL PRADESH,EXECUTIVE ENGINEEER,NARESH VIJ GOVERNMENT CONTRACTOR,1940977.0,1138576.0,2,18.875,"RF-5, RF-6",35,HIGH_RISK,MEDIUM (10L-50L),HIMACHAL_PRADESH
2016_HPIPH_13537_1,HIMACHAL PRADESH,EXECUTIVE ENGINEER IRRIGATION AND PUBLIC HEALTH DIVISION RAMPUR,DOGRA CONSTRUCTION COMPANY PRIVATE LIMITED,17096184.0,17096184.0,2,12.0,NONE,0,LOW_RISK,LARGE (50L-5Cr),HIMACHAL_PRADESH
2017_PWD_17329_3,HIMACHAL PRADESH,EXECUTIVE ENGINEER,NARINDER THAKUR,1793806.0,1181481.0,5,21.041666666666668,"RF-5, RF-6",35,HIGH_RISK,MEDIUM (10L-50L),HIMACHAL_PRADESH
2017_PWD_16998_1,HIMACHAL PRADESH,EXECUTIVE ENGINEER,NEERAJ KUMAR CHOUDHARY,236520.0,124887.0,12,25.0,"RF-5, RF-6",35,HIGH_RISK,SMALL (<10L),HIMACHAL_PRADESH
2017_PWD_16622_2,HIMACHAL PRADESH,EXECUTIVE ENGINEER,KALIM MOHAMMED,533690.0,301166.0,3,31.041666666666668,RF-5,20,MEDIUM_RISK,SMALL (<10L),HIMACHAL_PRADESH
MAH-MA-2021-01237,MAHARASHTRA,MAHARASHTRA PUBLIC WORKS DEPARTMENT,APEX MEDITECH SOLUTIONS,10506558.77,10300547.81,3,4.0,"RF-4, RF-6",30,HIGH_RISK,LARGE (50L-5Cr),MAHARASHTRA
KAR-KA-2021-01034,KARNATAKA,BRUHAT BENGALURU MAHANAGARA PALIKE BBMP,NCC LIMITED INFRASTRUCTURE,94513040.78,82185252.85,3,6.0,"RF-4, RF-6",30,HIGH_RISK,MEGA (>5Cr),KARNATAKA
MAH-MA-2021-01077,MAHARASHTRA,MAHARASHTRA PUBLIC WORKS DEPARTMENT,APEX MEDITECH SOLUTIONS,11123197.3,8239405.41,4,30.0,"RF-5, RF-6",35,HIGH_RISK,LARGE (50L-5Cr),MAHARASHTRA
2019_HPIPH_31234_1,HIMACHAL PRADESH,EXECUTIVE ENGINEER,SAMBHU RAM,997056.0,759828.0,2,18.75,RF-5,20,MEDIUM_RISK,SMALL (<10L),HIMACHAL_PRADESH
2017_PWD_18958_1,HIMACHAL PRADESH,EXECUTIVE ENGINEER PUBLIC WORKS DEPARTMENT PAONTA SAHIB,NAZAR ALI,1425113.0,1620951.0,5,20.041666666666668,RF-6,15,MEDIUM_RISK,MEDIUM (10L-50L),HIMACHAL_PRADESH
UTT-UT-2021-01180,UTTAR PRADESH,UTTAR PRADESH JAL NIGAM,AHLUWALIA CONTRACTS INDIA LIMITED,4705608.68,4953272.29,3,4.0,"RF-3, RF-4, RF-6",50,HIGH_RISK,MEDIUM (10L-50L),UTTAR_PRADESH
CEN-CE-2021-01018,CENTRAL,NHAI HIGHWAYS,SHARMA ENGINEERING WORKS,4711758.98,4959746.3,1,6.0,"RF-1, RF-3, RF-4, RF-6",75,HIGH_RISK,MEDIUM (10L-50L),CENTRAL_CPPP
UTT-UT-2021-01228,UTTAR PRADESH,MEDICAL HEALTH FAMILY WELFARE LUCKNOW,SHARMA ENGINEERING WORKS,22159356.45,21724859.26,1,21.0,"RF-1, RF-6",40,HIGH_RISK,LARGE (50L-5Cr),UTTAR_PRADESH
2019_YSPU_32670_1,HIMACHAL PRADESH,EXECUTIVE ENGINEER DESIGN,BALAL,1532205.0,1079453.0,7,12.666666666666666,RF-5,20,MEDIUM_RISK,MEDIUM (10L-50L),HIMACHAL_PRADESH
CEN-CE-2021-01275,CENTRAL,DEFENCE RESEARCH DEVELOPMENT ORG,ZENITH INFRASTRUCTURE PROJECTS,15140850.62,15937737.49,8,6.0,"RF-4, RF-6",30,HIGH_RISK,LARGE (50L-5Cr),CENTRAL_CPPP
2018_HCoHP_19401_1-2608,HIMACHAL PRADESH,REGISTRAR GENERAL,BITS N BYTES,454027.0,480000.0,3,24.875,NONE,0,LOW_RISK,SMALL (<10L),HIMACHAL_PRADESH
RAJ-RA-2021-01146,RAJASTHAN,JAIPUR DEVELOPMENT AUTHORITY,BHARAT DIAGNOSTIC SYSTEMS,5728968.94,4981712.12,4,21.0,RF-6,15,MEDIUM_RISK,LARGE (50L-5Cr),RAJASTHAN
CEN-CE-2021-01293,CENTRAL,INDIAN RAILWAYS,PNC INFRATECH LIMITED,5696389.16,4953381.88,3,6.0,"RF-4, RF-6",30,HIGH_RISK,LARGE (50L-5Cr),CENTRAL_CPPP
RAJ-RA-2021-01230,RAJASTHAN,PUBLIC HEALTH ENGINEERING DEPT RAJASTHAN,SHARMA ENGINEERING WORKS,24530680.56,22713593.12,3,14.0,RF-6,15,MEDIUM_RISK,LARGE (50L-5Cr),RAJASTHAN
2017_UDDHP_17741_1,HIMACHAL PRADESH,EXECUTIVE OFFICER MC SOLAN,RAJESH KUMAR,572576.0,376101.0,4,6.916666666666667,"RF-4, RF-5, RF-6",50,HIGH_RISK,SMALL (<10L),HIMACHAL_PRADESH
RAJ-RA-2021-01118,RAJASTHAN,JAIPUR DEVELOPMENT AUTHORITY,SHREE BALAJI ENTERPRISE,6711883.75,4971765.74,3,6.0,"RF-4, RF-5, RF-6",50,HIGH_RISK,LARGE (50L-5Cr),RAJASTHAN
KAR-KA-2021-01093,KARNATAKA,BANGALORE METRO RAIL CORP,VANGUARD POWER SERVICES,287380205.77,281745299.77,3,6.0,"RF-4, RF-6",30,HIGH_RISK,MEGA (>5Cr),KARNATAKA
2018_HPIPH_25406_1,HIMACHAL PRADESH,EXECUTIVE ENGINEER,SURENDAR HANSRETTA,4749906.0,4163739.0,2,10.041666666666666,"RF-3, RF-6",35,HIGH_RISK,MEDIUM (10L-50L),HIMACHAL_PRADESH
CEN-CE-2021-01320,CENTRAL,INDIAN RAILWAYS,APEX MEDITECH SOLUTIONS,6017693.58,4457550.8,2,30.0,"RF-5, RF-6",35,HIGH_RISK,LARGE (50L-5Cr),CENTRAL_CPPP
2019_HPIPH_31953_1,HIMACHAL PRADESH,EXECUTIVE ENGINEER,SATISH KUMAR PROP SUCHET ENGINEERING CORP,499648.0,621165.0,9,13.708333333333334,NONE,0,LOW_RISK,SMALL (<10L),HIMACHAL_PRADESH
UTT-UT-2021-01013,UTTAR PRADESH,MEDICAL HEALTH FAMILY WELFARE LUCKNOW,LARSEN AND TOUBRO CONSTRUCTION,1678427.32,1243279.5,2,6.0,"RF-4, RF-5, RF-6",50,HIGH_RISK,MEDIUM (10L-50L),UTTAR_PRADESH
UTT-UT-2021-01170,UTTAR PRADESH,UTTAR PRADESH PUBLIC WORKS DEPARTMENT,TATA PROJECTS LIMITED,5046177.01,4947232.36,3,6.0,"RF-4, RF-6",30,HIGH_RISK,LARGE (50L-5Cr),UTTAR_PRADESH
2018_MC_19440_1,HIMACHAL PRADESH,EXECUTIVE ENGINEER,AKASH SAINI,3398365.0,1920000.0,6,13.729166666666666,"RF-5, RF-6",35,HIGH_RISK,MEDIUM (10L-50L),HIMACHAL_PRADESH
MAH-MA-2021-01224,MAHARASHTRA,MMRDA URBAN TRANSPORT,LARSEN AND TOUBRO CONSTRUCTION,250710873.89,218009455.56,1,4.0,"RF-1, RF-4, RF-6",55,HIGH_RISK,MEGA (>5Cr),MAHARASHTRA
KAR-KA-2021-01232,KARNATAKA,KARNATAKA RURAL INFRASTRUCTURE,ZENITH INFRASTRUCTURE PROJECTS,4702835.03,4950352.66,1,30.0,"RF-1, RF-3, RF-6",60,HIGH_RISK,MEDIUM (10L-50L),KARNATAKA
2017_UDDHP_18362_1,HIMACHAL PRADESH,EXECUTIVE OFFICER MC SOLAN,GIAN CHAND,376998.0,250000.0,3,5.041666666666667,"RF-4, RF-5",35,HIGH_RISK,SMALL (<10L),HIMACHAL_PRADESH
2018_PWD_19166_1,HIMACHAL PRADESH,EXECUTIVE ENGINEER CHAMBA DIVISION HIMACHAL PRADESH PUBLIC WORKS DEPARTMENT CHAMBA,RASHID KHAN GOVERNMENT CONTRACTOR,4366142.0,3055720.0,4,23.70833333333333,"RF-5, RF-6",35,HIGH_RISK,MEDIUM (10L-50L),HIMACHAL_PRADESH
2017_PWD_16185_1,HIMACHAL PRADESH,EXECUTIVE ENGINEER PUBLIC WORKS DEPARTMENT PAONTA SAHIB,CHANANA CONT WORKS,916998.0,664023.0,3,19.979166666666668,"RF-5, RF-6",35,HIGH_RISK,SMALL (<10L),HIMACHAL_PRADESH
2018_HPIPH_19209_1-1161,HIMACHAL PRADESH,EXECUTIVE ENGINEER IRRIGATION AND PUBLIC HEALTH DIVISION BARSAR,SS ENGINEERING WORKS,1450000.0,894698.0,2,6.041666666666667,"RF-4, RF-5, RF-6",50,HIGH_RISK,MEDIUM (10L-50L),HIMACHAL_PRADESH
2017_PWD_14661_5,HIMACHAL PRADESH,EXECUTIVE ENGINEER CHAMBA DIVISION HIMACHAL PRADESH PUBLIC WORKS DEPARTMENT CHAMBA,D S THAKUR,1130820.0,828691.0,3,20.041666666666668,"RF-5, RF-6",35,HIGH_RISK,MEDIUM (10L-50L),HIMACHAL_PRADESH
2019_PWD_27981_1,HIMACHAL PRADESH,EXECUTIVE ENGINEER UNA DIVISION HIMACHAL PRADESH PUBLIC WORKS DEPARTMENT UNA,KARNAIL SINGH,1672325.0,1316405.0,2,9.270833333333334,NONE,0,LOW_RISK,MEDIUM (10L-50L),HIMACHAL_PRADESH
2017_MC_15003_8,HIMACHAL PRADESH,EXECUTIVE ENGINEER,NARESH VIJ GOVERNMENT CONTRACTOR,2227499.0,1485540.0,2,8.729166666666666,"RF-5, RF-6",35,HIGH_RISK,MEDIUM (10L-50L),HIMACHAL_PRADESH
CEN-CE-2021-01236,CENTRAL,CENTRAL PUBLIC WORKS DEPARTMENT,KNR CONSTRUCTION,5637205.99,4901918.26,2,4.0,"RF-4, RF-6",30,HIGH_RISK,LARGE (50L-5Cr),CENTRAL_CPPP
2019_PWD_30260_1,HIMACHAL PRADESH,EXECUTIVE ENGINEER,KONE ELEVATOR INDIA PRIVATE LIMITED,502150.0,525430.0,6,16.0,NONE,0,LOW_RISK,SMALL (<10L),HIMACHAL_PRADESH
CEN-CE-2021-01154,CENTRAL,INDIAN RAILWAYS,VANGUARD POWER SERVICES,6261786.79,4638360.58,8,21.0,"RF-5, RF-6",35,HIGH_RISK,LARGE (50L-5Cr),CENTRAL_CPPP
2017_HPIPH_17630_1-3816,HIMACHAL PRADESH,EEIPH DIVISION BARSAR,VINAY KUMAR SHARDA,288308.0,344844.0,4,6.958333333333333,RF-4,15,MEDIUM_RISK,SMALL (<10L),HIMACHAL_PRADESH
2018_HPIPH_19198_1-1845,HIMACHAL PRADESH,EXECUTIVE ENGINEER IRRIGATION AND PUBLIC HEALTH DIVISION BARSAR,SHARMA INTERPRISES,2194694.0,1496308.0,4,6.208333333333333,"RF-4, RF-5, RF-6",50,HIGH_RISK,MEDIUM (10L-50L),HIMACHAL_PRADESH
2015_HPIPH_9559_1,HIMACHAL PRADESH,EXECUTIVE ENGINEER IRRIGATION AND PUBLIC HEALTH JUBBAL,BIJENDER SINGH JUSTA,9028910.0,6171102.0,3,18.729166666666668,"RF-2, RF-5",45,HIGH_RISK,LARGE (50L-5Cr),HIMACHAL_PRADESH
UTT-UT-2021-01214,UTTAR PRADESH,NOIDA INDUSTRIAL DEVELOPMENT AUTH,AFCONS INFRASTRUCTURE LIMITED,85645713.92,90153383.08,3,4.0,"RF-4, RF-6",30,HIGH_RISK,MEGA (>5Cr),UTTAR_PRADESH
2018_HPIPH_23054_1,HIMACHAL PRADESH,EXECUTIVE ENGINEER,REBOUND ENVIRO TECHNOLOGY PRIVATE LIMITED,14988117.0,8893575.0,3,27.75,"RF-5, RF-6",35,HIGH_RISK,LARGE (50L-5Cr),HIMACHAL_PRADESH
RAJ-RA-2021-01175,RAJASTHAN,MEDICAL HEALTH SERVICES JAIPUR,SHREE BALAJI ENTERPRISE,4332086.29,4922825.33,1,30.0,"RF-1, RF-6",40,HIGH_RISK,MEDIUM (10L-50L),RAJASTHAN
2018_PWD_19164_1,HIMACHAL PRADESH,EXECUTIVE ENGINEER CHAMBA DIVISION HIMACHAL PRADESH PUBLIC WORKS DEPARTMENT CHAMBA,R P DHIMAN,26074338.0,18324171.0,4,23.729166666666668,"RF-5, RF-6",35,HIGH_RISK,LARGE (50L-5Cr),HIMACHAL_PRADESH
2017_UDDHP_17623_1,HIMACHAL PRADESH,EXECUTIVE OFFICER MC SOLAN,BISHAN DASS,285736.0,145641.0,6,7.25,"RF-5, RF-6",35,HIGH_RISK,SMALL (<10L),HIMACHAL_PRADESH
2017_PWD_14198_1,HIMACHAL PRADESH,EXECUTIVE ENGINEER HIMACHAL PRADESH PUBLIC WORKS DEPARTMENT SHILLAI,DAYAL SINGH CHAUHAN,15638722.0,12718252.0,2,15.083333333333334,NONE,0,LOW_RISK,LARGE (50L-5Cr),HIMACHAL_PRADESH
2017_HPIPH_17616_1,HIMACHAL PRADESH,EXECUTIVE ENGINEER,VIJAY KUMAR KUSHWAHA,1826250.0,1246500.0,3,15.75,"RF-5, RF-6",35,HIGH_RISK,MEDIUM (10L-50L),HIMACHAL_PRADESH
2017_PWD_15702_4,HIMACHAL PRADESH,EXECUTIVE ENGINEER CHAMBA DIVISION HIMACHAL PRADESH PUBLIC WORKS DEPARTMENT CHAMBA,MANESH MEHTA,1560900.0,1191638.0,2,20.75,"RF-5, RF-6",35,HIGH_RISK,MEDIUM (10L-50L),HIMACHAL_PRADESH
2017_HPIPH_17284_1,HIMACHAL PRADESH,EXECUTIVE ENGINEER,VINAY KUMAR GOVT CONT,2513131.0,1072452.0,2,29.791666666666668,"RF-5, RF-6",35,HIGH_RISK,MEDIUM (10L-50L),HIMACHAL_PRADESH
UTT-UT-2021-01249,UTTAR PRADESH,UP STATE HIGHWAY AUTHORITY,APEX MEDITECH SOLUTIONS,11903672.6,13526900.68,3,21.0,RF-6,15,MEDIUM_RISK,LARGE (50L-5Cr),UTTAR_PRADESH
2017_UDDHP_18178_1,HIMACHAL PRADESH,EXECUTIVE OFFICER MC SOLAN,RAHUL CHAUHAN,207682.0,144902.0,3,6.25,"RF-4, RF-5",35,HIGH_RISK,SMALL (<10L),HIMACHAL_PRADESH
2017_HPIPH_17745_1-465,HIMACHAL PRADESH,EXECUTIVE ENGINEER IRRIGATION AND PUBLIC HEALTH DIVISION BA,VERMA ELECTRIC INDUSTRY,755500.0,540000.0,5,5.125,"RF-4, RF-5, RF-6",50,HIGH_RISK,SMALL (<10L),HIMACHAL_PRADESH
2019_PWD_28609_1,HIMACHAL PRADESH,EXECUTIVE ENGINEER HAMIRPUR,YASH PAUL,4748957.0,3679551.0,2,5.645833333333333,"RF-3, RF-4",35,HIGH_RISK,MEDIUM (10L-50L),HIMACHAL_PRADESH
2017_PWD_16219_1,HIMACHAL PRADESH,EXECUTIVE ENGINEER,VB CONST COMPANY,2236224.0,1909966.0,2,6.0,"RF-4, RF-6",30,HIGH_RISK,MEDIUM (10L-50L),HIMACHAL_PRADESH
2017_PWD_18944_1,HIMACHAL PRADESH,EXECUTIVE ENGINEER,SANJEEV BHANDARI,1308507.0,970184.0,4,23.0,"RF-5, RF-6",35,HIGH_RISK,MEDIUM (10L-50L),HIMACHAL_PRADESH
2017_PWD_17814_3,HIMACHAL PRADESH,EXECUTIVE ENGINEER,MANGAT RAM,140032.0,144972.0,5,21.02777777777778,NONE,0,LOW_RISK,SMALL (<10L),HIMACHAL_PRADESH
RAJ-RA-2021-01026,RAJASTHAN,PUBLIC HEALTH ENGINEERING DEPT RAJASTHAN,VANGUARD POWER SERVICES,4596476.28,4506349.3,1,30.0,"RF-1, RF-3, RF-6",60,HIGH_RISK,MEDIUM (10L-50L),RAJASTHAN
2017_UDDHP_17264_1,HIMACHAL PRADESH,EXECUTIVE ENGINEER,ASHOK KUMAR,1454324.0,941311.0,2,11.75,"RF-5, RF-6",35,HIGH_RISK,MEDIUM (10L-50L),HIMACHAL_PRADESH
2017_MC_14886_1,HIMACHAL PRADESH,EXECUTIVE ENGINEER,ERAM SCIENTIFIC SOLUTIONS PRIVATE LIMITED,6430000.0,4084000.0,3,5.729166666666667,"RF-4, RF-5",35,HIGH_RISK,LARGE (50L-5Cr),HIMACHAL_PRADESH
CEN-CE-2021-01130,CENTRAL,DEFENCE RESEARCH DEVELOPMENT ORG,NCC LIMITED INFRASTRUCTURE,1899577.62,2158610.93,3,4.0,"RF-4, RF-6",30,HIGH_RISK,MEDIUM (10L-50L),CENTRAL_CPPP
MAH-MA-2021-01087,MAHARASHTRA,MMRDA URBAN TRANSPORT,VANGUARD POWER SERVICES,1658105.34,1625593.47,1,4.0,"RF-1, RF-4, RF-6",55,HIGH_RISK,MEDIUM (10L-50L),MAHARASHTRA
2017_FDC_15806_1,HIMACHAL PRADESH,DIVISIONAL MANAGER,KARTAR SINGH,9568926.0,8779369.0,1,8.75,"RF-1, RF-6",40,HIGH_RISK,LARGE (50L-5Cr),HIMACHAL_PRADESH
2018_HPIPH_19453_1-591,HIMACHAL PRADESH,EXECUTIVE ENGINEER,VIJAY KUMAR C O VASUDEVA ELECTRICALS,7471252.16,4710891.0,3,27.760416666666668,"RF-5, RF-6",35,HIGH_RISK,LARGE (50L-5Cr),HIMACHAL_PRADESH
MAH-MA-2021-01117,MAHARASHTRA,MAHARASHTRA PUBLIC WORKS DEPARTMENT,GUPTA AND SONS CONTRACTOR,48758720.99,55407637.49,4,6.0,"RF-4, RF-6",30,HIGH_RISK,LARGE (50L-5Cr),MAHARASHTRA
2017_HPIPH_16718_1,HIMACHAL PRADESH,EXECUTIVE ENGINEER IRRIGATION AND PUBLIC HEALTH DIVISION THURAL,VIJAY,1926462.7,1258199.0,3,23.75,RF-5,20,MEDIUM_RISK,MEDIUM (10L-50L),HIMACHAL_PRADESH
2018_PWD_24392_1,HIMACHAL PRADESH,EXECUTIVE ENGINEER HAMIRPUR,PARBHAT SINGH,6687114.0,6006404.0,2,7.6875,NONE,0,LOW_RISK,LARGE (50L-5Cr),HIMACHAL_PRADESH
2020_HPIPH_36967_1,HIMACHAL PRADESH,EXECUTIVE ENGINEER,GAURAV SHUKLA GOVERNMENT CONTRACTOR,10224591.0,6548581.0,3,13.6875,"RF-5, RF-6",35,HIGH_RISK,LARGE (50L-5Cr),HIMACHAL_PRADESH
2017_MC_15003_14,HIMACHAL PRADESH,EXECUTIVE ENGINEER,NARESH VIJ GOVERNMENT CONTRACTOR,4024547.0,2684008.0,2,8.729166666666666,"RF-5, RF-6",35,HIGH_RISK,MEDIUM (10L-50L),HIMACHAL_PRADESH
KAR-KA-2021-01185,KARNATAKA,HEALTH FAMILY WELFARE KARNATAKA,SHREE BALAJI ENTERPRISE,184187824.99,136435425.92,5,4.0,"RF-4, RF-5",35,HIGH_RISK,MEGA (>5Cr),KARNATAKA
KAR-KA-2021-01186,KARNATAKA,HEALTH FAMILY WELFARE KARNATAKA,VANGUARD POWER SERVICES,16775620.43,12426385.5,4,6.0,"RF-4, RF-5, RF-6",50,HIGH_RISK,LARGE (50L-5Cr),KARNATAKA
2018_PWD_24092_1,HIMACHAL PRADESH,EXECUTIVE ENGINEER KARSOG,SURESH SHARMA GOVERNMENT CONTRACTOR,3942278.0,1625655.0,3,5.041666666666667,"RF-4, RF-5",35,HIGH_RISK,MEDIUM (10L-50L),HIMACHAL_PRADESH
2018_PWD_19777_1,HIMACHAL PRADESH,EXECUTIVE ENGINEER MANDI DIVISION NO II HIMACHAL PRADESH PUBLIC WORKS DEPARTMENT MANDI,DINESH KUMAR SHARMA CONST P LIMITED,2057658.0,1708889.0,1,5.041666666666667,"RF-1, RF-4, RF-6",55,HIGH_RISK,MEDIUM (10L-50L),HIMACHAL_PRADESH
KAR-KA-2021-01106,KARNATAKA,BRUHAT BENGALURU MAHANAGARA PALIKE BBMP,AHLUWALIA CONTRACTS INDIA LIMITED,1062422.44,1207298.23,3,6.0,"RF-4, RF-6",30,HIGH_RISK,MEDIUM (10L-50L),KARNATAKA
2017_UDDHP_16023_1,HIMACHAL PRADESH,EXECUTIVE OFFICER MC SOLAN,PARMINDER DHIMAN,243767.0,146799.0,3,8.083333333333334,"RF-5, RF-6",35,HIGH_RISK,SMALL (<10L),HIMACHAL_PRADESH
MAH-MA-2021-01295,MAHARASHTRA,PUBLIC HEALTH DEPT MUMBAI,GUPTA AND SONS CONTRACTOR,146725313.23,127587228.89,8,6.0,"RF-4, RF-6",30,HIGH_RISK,MEGA (>5Cr),MAHARASHTRA
2020_DFHW_34829_1,HIMACHAL PRADESH,SR MEDICAL SUPERINTENDENT HHMH AND R SHIMLA 5,LIONS SERVICES,4900000.0,5000000.0,4,18.67013888888889,RF-3,20,MEDIUM_RISK,MEDIUM (10L-50L),HIMACHAL_PRADESH
2017_UDDHP_17267_1,HIMACHAL PRADESH,EXECUTIVE ENGINEER,VIKAS,1305000.0,627319.0,2,11.75,"RF-5, RF-6",35,HIGH_RISK,MEDIUM (10L-50L),HIMACHAL_PRADESH
RAJ-RA-2021-01035,RAJASTHAN,JAIPUR DEVELOPMENT AUTHORITY,BHARAT DIAGNOSTIC SYSTEMS,20683106.12,17985309.67,4,4.0,"RF-4, RF-6",30,HIGH_RISK,LARGE (50L-5Cr),RAJASTHAN
2018_PWD_20040_1-4202,HIMACHAL PRADESH,EXECUTIVE ENGINEER MANDI DIVISION NO II HIMACHAL PRADESH PUBLIC WORKS DEPARTMENT MANDI,SANTOSH KUMAR,2439746.0,2217393.0,4,7.6875,NONE,0,LOW_RISK,MEDIUM (10L-50L),HIMACHAL_PRADESH
2018_HPIPH_25139_1,HIMACHAL PRADESH,EXECUTIVE ENGINEER,R K ENGINNERS SALES LIMITED,249623427.0,185519726.0,4,36.958333333333336,RF-5,20,MEDIUM_RISK,MEGA (>5Cr),HIMACHAL_PRADESH
2017_PWD_15702_6,HIMACHAL PRADESH,EXECUTIVE ENGINEER CHAMBA DIVISION HIMACHAL PRADESH PUBLIC WORKS DEPARTMENT CHAMBA,RAJ SINGH GOVERNMENT CONTRACTOR,1612000.0,1200875.0,2,20.75,"RF-5, RF-6",35,HIGH_RISK,MEDIUM (10L-50L),HIMACHAL_PRADESH
2019_HPIPH_27548_1-620,HIMACHAL PRADESH,EXECUTIVE ENGINEER,GOPAL MAHAJAN,8264453.0,5809841.0,3,10.958333333333334,"RF-5, RF-6",35,HIGH_RISK,LARGE (50L-5Cr),HIMACHAL_PRADESH
MAH-MA-2021-01066,MAHARASHTRA,MSEDCL POWER DISTRIBUTION,NCC LIMITED INFRASTRUCTURE,271503461.32,308526660.59,1,6.0,"RF-1, RF-4, RF-6",55,HIGH_RISK,MEGA (>5Cr),MAHARASHTRA
RAJ-RA-2021-01090,RAJASTHAN,RAJASTHAN PUBLIC WORKS DEPARTMENT,GUPTA AND SONS CONTRACTOR,4659850.67,4905105.97,2,6.0,"RF-3, RF-4, RF-6",50,HIGH_RISK,MEDIUM (10L-50L),RAJASTHAN
CEN-CE-2021-01211,CENTRAL,NHAI HIGHWAYS,NCC LIMITED INFRASTRUCTURE,5146500.92,3812222.9,1,14.0,"RF-1, RF-5, RF-6",60,HIGH_RISK,LARGE (50L-5Cr),CENTRAL_CPPP
UTT-UT-2021-01145,UTTAR PRADESH,UTTAR PRADESH PUBLIC WORKS DEPARTMENT,SHREE BALAJI ENTERPRISE,16838884.24,19135095.73,3,6.0,"RF-4, RF-6",30,HIGH_RISK,LARGE (50L-5Cr),UTTAR_PRADESH
MAH-MA-2021-01133,MAHARASHTRA,MMRDA URBAN TRANSPORT,LARSEN AND TOUBRO CONSTRUCTION,6701433.56,4964024.86,1,4.0,"RF-1, RF-4, RF-5, RF-6",75,HIGH_RISK,LARGE (50L-5Cr),MAHARASHTRA
2017_PWD_16222_1,HIMACHAL PRADESH,EXECUTIVE ENGINEER PUBLIC WORKS DEPARTMENT PAONTA SAHIB,MONIKA,2905462.0,3403394.0,9,12.9375,NONE,0,LOW_RISK,MEDIUM (10L-50L),HIMACHAL_PRADESH
2017_PWD_15645_1,HIMACHAL PRADESH,EXECUTIVE ENGINEER,VIPIN KUMAR HAZRI,1713932.0,1337056.0,1,8.791666666666666,"RF-1, RF-6",40,HIGH_RISK,MEDIUM (10L-50L),HIMACHAL_PRADESH
2017_MC_17990_1,HIMACHAL PRADESH,EXCEUTIVE ENGINEER,TEK CHAND,6086000.0,5251620.0,4,10.041666666666666,RF-6,15,MEDIUM_RISK,LARGE (50L-5Cr),HIMACHAL_PRADESH
2018_PWD_20209_1,HIMACHAL PRADESH,EXECUTIVE ENGINEER,RAJ KUMAR,1292292.0,1220692.0,3,5.229166666666667,"RF-4, RF-6",30,HIGH_RISK,MEDIUM (10L-50L),HIMACHAL_PRADESH
2018_MC_20282_12,HIMACHAL PRADESH,EXECUTIVE ENGINEER ROADS AND BUILDINGS MUNICIPAL CORPORATION SHIMLA,NARESH VIJ GOVERNMENT CONTRACTOR,1854362.0,1685000.0,1,7.729166666666667,"RF-1, RF-6",40,HIGH_RISK,MEDIUM (10L-50L),HIMACHAL_PRADESH
RAJ-RA-2021-01211,RAJASTHAN,RAJASTHAN RAJYA VIDYUT PRASARAN,SHARMA ENGINEERING WORKS,199330356.23,147652115.72,4,4.0,"RF-4, RF-5, RF-6",50,HIGH_RISK,MEGA (>5Cr),RAJASTHAN
2017_HPIPH_17003_1-3658,HIMACHAL PRADESH,EXECUTIVE ENGINEER IRRIGATION AND PUBLIC HEALTH DIVISION BA,SUNIL VERMA,267079.0,187688.0,3,6.25,"RF-4, RF-5",35,HIGH_RISK,SMALL (<10L),HIMACHAL_PRADESH
2018_UDDHP_22618_1-656,HIMACHAL PRADESH,EXECUTIVE OFFICER MC SOLAN,VINAY THAKUR,84720.0,300000.0,10,6.125,"RF-4, RF-6",30,HIGH_RISK,SMALL (<10L),HIMACHAL_PRADESH
UTT-UT-2021-01019,UTTAR PRADESH,UTTAR PRADESH JAL NIGAM,TATA PROJECTS LIMITED,18655563.51,17273669.92,3,6.0,"RF-4, RF-6",30,HIGH_RISK,LARGE (50L-5Cr),UTTAR_PRADESH
2018_PWD_20260_1,HIMACHAL PRADESH,EXECUTIVE ENGINEER,G P ACHARYA,1059644.0,777306.0,3,12.125,"RF-5, RF-6",35,HIGH_RISK,MEDIUM (10L-50L),HIMACHAL_PRADESH
2017_PWD_18954_9,HIMACHAL PRADESH,EXECUTIVE ENGINEER,MANJEET SINGH CONTRACTOR,588978.0,696354.0,3,20.95833333333333,NONE,0,LOW_RISK,SMALL (<10L),HIMACHAL_PRADESH
MAH-MA-2021-01285,MAHARASHTRA,PUBLIC HEALTH DEPT MUMBAI,PNC INFRATECH LIMITED,3121702.19,3286002.3,1,30.0,"RF-1, RF-6",40,HIGH_RISK,MEDIUM (10L-50L),MAHARASHTRA
MAH-MA-2021-01093,MAHARASHTRA,MMRDA URBAN TRANSPORT,PNC INFRATECH LIMITED,28328469.92,20984051.79,2,30.0,"RF-5, RF-6",35,HIGH_RISK,LARGE (50L-5Cr),MAHARASHTRA
2018_HPIPH_22023_1,HIMACHAL PRADESH,EXECUTIVE ENGINEER IRRIGATION AND PUBLIC HEALTH DIVISION THURAL,VIJAY KUMAR KUSHWAHA,13862650.0,8260000.0,6,9.0,"RF-5, RF-6",35,HIGH_RISK,LARGE (50L-5Cr),HIMACHAL_PRADESH
2018_PWD_19677_1,HIMACHAL PRADESH,EXECUTIVE ENGINEER PUBLIC WORKS DEPARTMENT PAONTA SAHIB,VINEY KUMAR SHARMA,6143782.0,5857266.0,7,18.0,NONE,0,LOW_RISK,LARGE (50L-5Cr),HIMACHAL_PRADESH
2017_PWD_18077_6,HIMACHAL PRADESH,EXECUTIVE ENGINEER HIMACHAL PRADESH PUBLIC WORKS DEPARTMENT DIVISION SANGRAH,VIJAY SINGH THAKUR,410630.0,293107.0,4,17.0,"RF-5, RF-6",35,HIGH_RISK,SMALL (<10L),HIMACHAL_PRADESH
2016_PWD_10635_1,HIMACHAL PRADESH,EXECUTIVE ENGINEER ELECTRICAL DIVISION HIMACHAL PRADESH PUBLIC WORKS DEPARTMENT MANDI,SATISH KUMAR SHARMA,2082255.0,1575602.0,2,6.270833333333333,"RF-4, RF-5",35,HIGH_RISK,MEDIUM (10L-50L),HIMACHAL_PRADESH
2018_HPIPH_24153_1,HIMACHAL PRADESH,EXECUTIVE ENGINEER,HYDRAULIC ENGINEERING COMPANY,22231940.0,15166575.0,5,21.756944444444443,"RF-5, RF-6",35,HIGH_RISK,LARGE (50L-5Cr),HIMACHAL_PRADESH
2018_PWD_19964_1,HIMACHAL PRADESH,EXECUTIVE ENGINEER CHOPAL,UTTEJ RATHOUR,7211473.0,4683652.0,1,13.020833333333334,"RF-1, RF-5, RF-6",60,HIGH_RISK,LARGE (50L-5Cr),HIMACHAL_PRADESH
2018_PWD_19891_9,HIMACHAL PRADESH,EXECUTIVE ENGINEER PUBLIC WORKS DEPARTMENT DIVISION FATEHPUR,V S SAINI,1610644.0,1453288.0,2,20.27083333333333,RF-6,15,MEDIUM_RISK,MEDIUM (10L-50L),HIMACHAL_PRADESH
UTT-UT-2021-01060,UTTAR PRADESH,UTTAR PRADESH JAL NIGAM,BHARAT DIAGNOSTIC SYSTEMS,4720453.77,4968898.71,3,14.0,"RF-3, RF-6",35,HIGH_RISK,MEDIUM (10L-50L),UTTAR_PRADESH
RAJ-RA-2021-01018,RAJASTHAN,MEDICAL HEALTH SERVICES JAIPUR,TATA PROJECTS LIMITED,3763949.79,3272999.82,3,4.0,"RF-4, RF-6",30,HIGH_RISK,MEDIUM (10L-50L),RAJASTHAN
2017_UDDHP_17051_1,HIMACHAL PRADESH,EXECUTIVE OFFICER MC SOLAN,RAMESH CHAND,213930.0,180750.0,3,6.208333333333333,"RF-4, RF-6",30,HIGH_RISK,SMALL (<10L),HIMACHAL_PRADESH
UTT-UT-2021-01082,UTTAR PRADESH,NOIDA INDUSTRIAL DEVELOPMENT AUTH,APEX MEDITECH SOLUTIONS,3030554.13,2244854.91,3,4.0,"RF-4, RF-5",35,HIGH_RISK,MEDIUM (10L-50L),UTTAR_PRADESH
2017_UDDHP_16012_1,HIMACHAL PRADESH,EXECUTIVE OFFICER MC SOLAN,ANIL CHAUHAN,197101.0,137220.0,3,8.083333333333334,"RF-5, RF-6",35,HIGH_RISK,SMALL (<10L),HIMACHAL_PRADESH
MAH-MA-2021-01234,MAHARASHTRA,MSEDCL POWER DISTRIBUTION,BHARAT DIAGNOSTIC SYSTEMS,195866563.1,181357928.8,1,6.0,"RF-1, RF-4, RF-6",55,HIGH_RISK,MEGA (>5Cr),MAHARASHTRA
KAR-KA-2021-01107,KARNATAKA,HEALTH FAMILY WELFARE KARNATAKA,KNR CONSTRUCTION,4505346.01,4171616.67,3,4.0,"RF-3, RF-4, RF-6",50,HIGH_RISK,MEDIUM (10L-50L),KARNATAKA
MAH-MA-2021-01103,MAHARASHTRA,WATER RESOURCES DEPARTMENT MAHARASHTRA,KNR CONSTRUCTION,3875992.95,3588882.36,3,4.0,"RF-4, RF-6",30,HIGH_RISK,MEDIUM (10L-50L),MAHARASHTRA
2017_PWD_18016_1,HIMACHAL PRADESH,EX EN NH DIVISION HIMACHAL PRADESH PUBLIC WORKS DEPARTMENT SOLAN,JAMNA DASS,2574076.0,1999249.0,3,6.888888888888889,"RF-2, RF-4",40,HIGH_RISK,MEDIUM (10L-50L),HIMACHAL_PRADESH
UTT-UT-2021-01050,UTTAR PRADESH,NOIDA INDUSTRIAL DEVELOPMENT AUTH,NCC LIMITED INFRASTRUCTURE,4340066.16,4931893.36,3,4.0,"RF-4, RF-6",30,HIGH_RISK,MEDIUM (10L-50L),UTTAR_PRADESH
MAH-MA-2021-01283,MAHARASHTRA,MAHARASHTRA PUBLIC WORKS DEPARTMENT,LARSEN AND TOUBRO CONSTRUCTION,151631280.03,148658117.67,4,6.0,"RF-4, RF-6",30,HIGH_RISK,MEGA (>5Cr),MAHARASHTRA
2018_PWD_20163_6,HIMACHAL PRADESH,EXECUTIVE ENGINEER,BHARAT BHUSHAN VERMA,2059635.0,1461468.0,1,8.25,"RF-1, RF-5, RF-6",60,HIGH_RISK,MEDIUM (10L-50L),HIMACHAL_PRADESH
KAR-KA-2021-01242,KARNATAKA,KARNATAKA PUBLIC WORKS PORTS INLAND WATER,TATA PROJECTS LIMITED,6623455.2,4906263.11,1,30.0,"RF-1, RF-5, RF-6",60,HIGH_RISK,LARGE (50L-5Cr),KARNATAKA
2018_PWD_19653_7,HIMACHAL PRADESH,EXECUTIVE ENGINEER DHAMI,ATUL SHARMA,4667232.0,3888377.0,4,14.083333333333334,"RF-3, RF-6",35,HIGH_RISK,MEDIUM (10L-50L),HIMACHAL_PRADESH
CEN-CE-2021-01171,CENTRAL,NHAI HIGHWAYS,GUPTA AND SONS CONTRACTOR,4746784.59,4996615.36,3,6.0,"RF-3, RF-4, RF-6",50,HIGH_RISK,MEDIUM (10L-50L),CENTRAL_CPPP
2017_PWD_17692_2,HIMACHAL PRADESH,EXECUTIVE ENGINEER BANGANA DIVISION HIMACHAL PRADESH PUBLIC WORKS DEPARTMENT BANGAN,RAKESH LATH GOVERNMENT CONTRACTOR,969413.0,1024820.0,2,9.17013888888889,NONE,0,LOW_RISK,SMALL (<10L),HIMACHAL_PRADESH
2017_HPIPH_17998_4,HIMACHAL PRADESH,EXECUTIVE ENGINEER,MAHOKAM SINGH,567000.0,991500.0,6,10.875,RF-6,15,MEDIUM_RISK,SMALL (<10L),HIMACHAL_PRADESH
2017_PWD_15626_2,HIMACHAL PRADESH,EXECUTIVE ENGINEER PUBLIC WORKS DEPARTMENT PAONTA SAHIB,S S ASSOCIATES,7869523.0,6093558.0,1,21.09027777777778,"RF-1, RF-6",40,HIGH_RISK,LARGE (50L-5Cr),HIMACHAL_PRADESH
MAH-MA-2021-01281,MAHARASHTRA,PUBLIC HEALTH DEPT MUMBAI,PNC INFRATECH LIMITED,20711884.43,15342136.61,1,30.0,"RF-1, RF-5, RF-6",60,HIGH_RISK,LARGE (50L-5Cr),MAHARASHTRA
2018_PWD_19122_1,HIMACHAL PRADESH,EXECUTIVE ENGINEER B AND R SOLAN,SUMAN SHARMA,1143697.0,1334049.0,6,5.909722222222222,"RF-4, RF-6",30,HIGH_RISK,MEDIUM (10L-50L),HIMACHAL_PRADESH
UTT-UT-2021-01210,UTTAR PRADESH,UTTAR PRADESH PUBLIC WORKS DEPARTMENT,AHLUWALIA CONTRACTS INDIA LIMITED,2509738.61,2182381.4,2,4.0,"RF-4, RF-6",30,HIGH_RISK,MEDIUM (10L-50L),UTTAR_PRADESH
2018_PWD_20063_3,HIMACHAL PRADESH,EXECUTIVE ENGINEER TISSA DIVISION HIMACHAL PRADESH PUBLIC WORKS DEPARTMENT TISSA,D S THAKUR,1741887.5,1525722.0,1,17.041666666666668,"RF-1, RF-6",40,HIGH_RISK,MEDIUM (10L-50L),HIMACHAL_PRADESH
2018_PWD_20214_1,HIMACHAL PRADESH,EXECUTIVE ENGINEER,AKSHAT SHARMA,5069427.0,4049611.0,3,24.0,NONE,0,LOW_RISK,LARGE (50L-5Cr),HIMACHAL_PRADESH
2017_MC_15003_5,HIMACHAL PRADESH,EXECUTIVE ENGINEER,NARESH VIJ GOVERNMENT CONTRACTOR,1545142.0,1030503.0,2,8.729166666666666,"RF-5, RF-6",35,HIGH_RISK,MEDIUM (10L-50L),HIMACHAL_PRADESH
UTT-UT-2021-01116,UTTAR PRADESH,NOIDA INDUSTRIAL DEVELOPMENT AUTH,DILIP BUILDCON LIMITED,4704181.11,4951769.59,5,30.0,"RF-3, RF-6",35,HIGH_RISK,MEDIUM (10L-50L),UTTAR_PRADESH
2016_HPIPH_13930_1-461,HIMACHAL PRADESH,EXECUTIVE ENGINEER IRRIGATION AND PUBLIC HEALTH DIVISION BARSAR,M S PAWAN KUMAR SHARMA,2708307.37,1948177.0,2,16.083333333333332,"RF-5, RF-6",35,HIGH_RISK,MEDIUM (10L-50L),HIMACHAL_PRADESH
RAJ-RA-2021-01044,RAJASTHAN,RAJASTHAN PUBLIC WORKS DEPARTMENT,AHLUWALIA CONTRACTS INDIA LIMITED,5507607.11,4079708.97,4,21.0,"RF-5, RF-6",35,HIGH_RISK,LARGE (50L-5Cr),RAJASTHAN
2018_PWD_19648_5,HIMACHAL PRADESH,EXECUTIVE ENGINEER CHAMBA DIVISION HIMACHAL PRADESH PUBLIC WORKS DEPARTMENT CHAMBA,DES RAJ AND COMPANY,821097.0,620257.0,2,18.67708333333333,"RF-5, RF-6",35,HIGH_RISK,SMALL (<10L),HIMACHAL_PRADESH
CEN-CE-2021-01333,CENTRAL,DEFENCE RESEARCH DEVELOPMENT ORG,BHARAT DIAGNOSTIC SYSTEMS,5295430.56,4903176.44,3,30.0,RF-6,15,MEDIUM_RISK,LARGE (50L-5Cr),CENTRAL_CPPP
MAH-MA-2021-01003,MAHARASHTRA,PUBLIC HEALTH DEPT MUMBAI,BHARAT DIAGNOSTIC SYSTEMS,19414181.58,22061569.97,5,6.0,"RF-4, RF-6",30,HIGH_RISK,LARGE (50L-5Cr),MAHARASHTRA
2018_PWD_20081_1,HIMACHAL PRADESH,EXECUTIVE ENGINEER,SITENDER SOOD,914567.0,1095280.0,6,11.166666666666666,NONE,0,LOW_RISK,SMALL (<10L),HIMACHAL_PRADESH
2017_PWD_14261_5,HIMACHAL PRADESH,EXECUTIVE ENGINEER HIMACHAL PRADESH PUBLIC WORKS DEPARTMENT DIVISION KALPA,RAHUL VERMA,16209405.0,9762408.0,1,21.0625,"RF-1, RF-5",45,HIGH_RISK,LARGE (50L-5Cr),HIMACHAL_PRADESH
MAH-MA-2021-01159,MAHARASHTRA,PUBLIC HEALTH DEPT MUMBAI,ZENITH INFRASTRUCTURE PROJECTS,18849975.78,13962945.02,1,6.0,"RF-1, RF-4, RF-5, RF-6",75,HIGH_RISK,LARGE (50L-5Cr),MAHARASHTRA
2017_HPIPH_17627_1-3928,HIMACHAL PRADESH,EXECUTIVE ENGINEER IRRIGATION AND PUBLIC HEALTH DIVISION BARSAR,RAMA SHANKAER,193240.0,120921.0,2,6.979166666666667,"RF-4, RF-5, RF-6",50,HIGH_RISK,SMALL (<10L),HIMACHAL_PRADESH
2017_HPIPH_17563_1,HIMACHAL PRADESH,EXECUTIVE ENGINEER,THAKUR TRADERS,4235000.0,3066975.0,7,18.70833333333333,"RF-5, RF-6",35,HIGH_RISK,MEDIUM (10L-50L),HIMACHAL_PRADESH
2017_HIMUD_16513_1,HIMACHAL PRADESH,EXECUTIVE ENGINEER HIMUDA DIV DHARAMSHALA,KUMAR,29299141.0,25435046.0,1,10.947916666666666,RF-1,25,MEDIUM_RISK,LARGE (50L-5Cr),HIMACHAL_PRADESH
CEN-CE-2021-01007,CENTRAL,CENTRAL PUBLIC WORKS DEPARTMENT,PNC INFRATECH LIMITED,265172735.93,245530311.04,1,6.0,"RF-1, RF-4, RF-6",55,HIGH_RISK,MEGA (>5Cr),CENTRAL_CPPP
2019_HPIPH_27044_1,HIMACHAL PRADESH,EXECUTIVE ENGINEER,SUSHIL CHAUHAN,802633.0,770828.0,5,13.708333333333334,RF-6,15,MEDIUM_RISK,SMALL (<10L),HIMACHAL_PRADESH
KAR-KA-2021-01174,KARNATAKA,KARNATAKA PUBLIC WORKS PORTS INLAND WATER,NCC LIMITED INFRASTRUCTURE,4142239.6,4061019.21,2,30.0,RF-6,15,MEDIUM_RISK,MEDIUM (10L-50L),KARNATAKA
2017_PWD_14679_1,HIMACHAL PRADESH,EXECUTIVE ENGINEER,UMESH KUMAR,1073882.0,1539119.0,8,6.6875,"RF-4, RF-6",30,HIGH_RISK,MEDIUM (10L-50L),HIMACHAL_PRADESH
2019_HPIPH_31504_1-3058,HIMACHAL PRADESH,EXECUTIVE ENGINEER IRRIGATION AND PUBLIC HEALTH DIVISION BARSAR,M S PAWAN KUMAR SHARMA,7920000.0,5600420.0,8,19.729166666666668,"RF-5, RF-6",35,HIGH_RISK,LARGE (50L-5Cr),HIMACHAL_PRADESH
2018_PWD_20163_5,HIMACHAL PRADESH,EXECUTIVE ENGINEER,BHARAT BHUSHAN VERMA,2534310.0,1783900.0,1,8.25,"RF-1, RF-5, RF-6",60,HIGH_RISK,MEDIUM (10L-50L),HIMACHAL_PRADESH
2018_UDDHP_22618_1-660,HIMACHAL PRADESH,EXECUTIVE OFFICER MC SOLAN,PARMINDER DHIMAN,97500.0,300000.0,10,6.125,"RF-4, RF-6",30,HIGH_RISK,SMALL (<10L),HIMACHAL_PRADESH
2016_PWD_11926_1,HIMACHAL PRADESH,EXECUTIVE ENGINEER HP PUBLIC WORKS DEPARTMENT DIVISION KANGRA,ROHIT KASHYAP,1350680.0,1162989.0,3,26.041666666666668,NONE,0,LOW_RISK,MEDIUM (10L-50L),HIMACHAL_PRADESH
KAR-KA-2021-01046,KARNATAKA,KARNATAKA PUBLIC WORKS PORTS INLAND WATER,BHARAT DIAGNOSTIC SYSTEMS,21164908.97,22278851.55,1,30.0,"RF-1, RF-6",40,HIGH_RISK,LARGE (50L-5Cr),KARNATAKA
2018_PWD_19824_1-2235,HIMACHAL PRADESH,EXECUTIVE ENGINEER MANDI DIVISION NO II HIMACHAL PRADESH PUBLIC WORKS DEPARTMENT MANDI,DINESH KUMAR SHARMA CONST P LIMITED,1814267.0,1708889.0,2,6.708333333333333,"RF-4, RF-6",30,HIGH_RISK,MEDIUM (10L-50L),HIMACHAL_PRADESH
2016_PWD_11310_1,HIMACHAL PRADESH,EXECUTIVE ENGINEER,YUDHVIR SINGH,8997555.0,7531780.0,2,5.75,"RF-4, RF-6",30,HIGH_RISK,LARGE (50L-5Cr),HIMACHAL_PRADESH
2018_FDC_19573_1,HIMACHAL PRADESH,DIVISIONAL MANAGER,HEMRAJ VERMA,628955.0,490981.0,1,8.166666666666666,"RF-1, RF-6",40,HIGH_RISK,SMALL (<10L),HIMACHAL_PRADESH
UTT-UT-2021-01070,UTTAR PRADESH,UTTAR PRADESH JAL NIGAM,KNR CONSTRUCTION,244092201.37,256939159.33,3,4.0,"RF-4, RF-6",30,HIGH_RISK,MEGA (>5Cr),UTTAR_PRADESH
MAH-MA-2021-01016,MAHARASHTRA,WATER RESOURCES DEPARTMENT MAHARASHTRA,SHARMA ENGINEERING WORKS,287395595.94,281760388.18,5,4.0,"RF-4, RF-6",30,HIGH_RISK,MEGA (>5Cr),MAHARASHTRA
UTT-UT-2021-01246,UTTAR PRADESH,UTTAR PRADESH JAL NIGAM,LARSEN AND TOUBRO CONSTRUCTION,5073191.95,4973717.59,2,4.0,"RF-4, RF-6",30,HIGH_RISK,LARGE (50L-5Cr),UTTAR_PRADESH
KAR-KA-2021-01223,KARNATAKA,KARNATAKA RURAL INFRASTRUCTURE,GUPTA AND SONS CONTRACTOR,27504441.84,23916905.95,4,4.0,"RF-4, RF-6",30,HIGH_RISK,LARGE (50L-5Cr),KARNATAKA
KAR-KA-2021-01109,KARNATAKA,KARNATAKA PUBLIC WORKS PORTS INLAND WATER,LARSEN AND TOUBRO CONSTRUCTION,17149622.04,16813354.94,5,6.0,"RF-4, RF-6",30,HIGH_RISK,LARGE (50L-5Cr),KARNATAKA
MAH-MA-2021-01270,MAHARASHTRA,MSEDCL POWER DISTRIBUTION,KNR CONSTRUCTION,5326006.21,4631309.75,1,4.0,"RF-1, RF-4, RF-6",55,HIGH_RISK,LARGE (50L-5Cr),MAHARASHTRA
2018_HPIPH_25486_1,HIMACHAL PRADESH,EXECUTIVE ENGINEER,RANBIR SINGH,4644214.0,3951519.0,4,14.75,"RF-3, RF-6",35,HIGH_RISK,MEDIUM (10L-50L),HIMACHAL_PRADESH
2019_PWD_26835_1,HIMACHAL PRADESH,EXECUTIVE ENGINEER ELECTRICAL,HIMAT RAJ THAKUR,808376.0,706612.0,3,13.979166666666666,NONE,0,LOW_RISK,SMALL (<10L),HIMACHAL_PRADESH
RAJ-RA-2021-01164,RAJASTHAN,MEDICAL HEALTH SERVICES JAIPUR,TATA PROJECTS LIMITED,21553022.51,22687392.12,1,6.0,"RF-1, RF-4, RF-6",55,HIGH_RISK,LARGE (50L-5Cr),RAJASTHAN
2017_HPIPH_18008_1,HIMACHAL PRADESH,EXECUTIVE ENGINEER,AJAY KUMAR,2017676.0,1374245.0,4,18.25,"RF-5, RF-6",35,HIGH_RISK,MEDIUM (10L-50L),HIMACHAL_PRADESH
RAJ-RA-2021-01138,RAJASTHAN,JAIPUR DEVELOPMENT AUTHORITY,AFCONS INFRASTRUCTURE LIMITED,4374943.18,4971526.34,1,14.0,"RF-1, RF-6",40,HIGH_RISK,MEDIUM (10L-50L),RAJASTHAN
RAJ-RA-2021-01021,RAJASTHAN,RAJASTHAN RAJYA VIDYUT PRASARAN,DILIP BUILDCON LIMITED,220577364.02,232186698.96,1,21.0,"RF-1, RF-6",40,HIGH_RISK,MEGA (>5Cr),RAJASTHAN
2017_HPIPH_18009_1,HIMACHAL PRADESH,EXECUTIVE ENGINEER IRRIGATION AND PUBLIC HEALTH DIVISION NAHAN,M S SHARMA ENTERPIRSES,1760300.0,1047954.0,3,13.75,"RF-5, RF-6",35,HIGH_RISK,MEDIUM (10L-50L),HIMACHAL_PRADESH
MAH-MA-2021-01227,MAHARASHTRA,WATER RESOURCES DEPARTMENT MAHARASHTRA,GUPTA AND SONS CONTRACTOR,1156499.65,1314204.14,1,6.0,"RF-1, RF-4, RF-6",55,HIGH_RISK,MEDIUM (10L-50L),MAHARASHTRA
2018_HPIPH_21648_1,HIMACHAL PRADESH,EXECUTIVE ENGINEER IRRIGATION AND PUBLIC HEALTH DIVN NO 1 UNA HP,PRAFUL BEDI,807567.0,739451.0,5,20.291666666666668,NONE,0,LOW_RISK,SMALL (<10L),HIMACHAL_PRADESH
2017_PWD_17012_1,HIMACHAL PRADESH,EXECUTIVE ENGINEER MANDI DIVISION NO 2 HIMACHAL PRADESH PUBLIC WORKS DEPARTMENT MANDI,ANOOP KUMAR,2393715.0,1798925.0,2,8.729166666666666,RF-5,20,MEDIUM_RISK,MEDIUM (10L-50L),HIMACHAL_PRADESH
KAR-KA-2021-01224,KARNATAKA,KARNATAKA PUBLIC WORKS PORTS INLAND WATER,BHARAT DIAGNOSTIC SYSTEMS,1100186.3,814952.82,1,21.0,"RF-1, RF-5, RF-6",60,HIGH_RISK,MEDIUM (10L-50L),KARNATAKA
2017_PWD_16016_4,HIMACHAL PRADESH,EXECUTIVE ENGINEER CHAMBA DIVISION HIMACHAL PRADESH PUBLIC WORKS DEPARTMENT CHAMBA,RASHID KHAN GOVERNMENT CONTRACTOR,1416631.0,1018278.0,3,19.75,"RF-5, RF-6",35,HIGH_RISK,MEDIUM (10L-50L),HIMACHAL_PRADESH
KAR-KA-2021-01100,KARNATAKA,KARNATAKA RURAL INFRASTRUCTURE,PNC INFRATECH LIMITED,316294235.65,234292026.41,3,30.0,"RF-5, RF-6",35,HIGH_RISK,MEGA (>5Cr),KARNATAKA
2018_HPIPH_20712_1,HIMACHAL PRADESH,EXECUTIVE ENGINEER IRRIGATION AND PUBLIC HEALTH DIVISION THURAL,MADAN KATOCH,4349610.0,4676798.0,4,17.0,NONE,0,LOW_RISK,MEDIUM (10L-50L),HIMACHAL_PRADESH
2018_PWD_19300_9,HIMACHAL PRADESH,EXECUTIVE ENGINEER PUBLIC WORKS DEPARTMENT SHILLAI,NITIN SHARMA,712800.0,381170.0,7,23.08333333333333,"RF-5, RF-6",35,HIGH_RISK,SMALL (<10L),HIMACHAL_PRADESH
2017_PWD_18222_1,HIMACHAL PRADESH,E E HAMIRPUR,ASHWANI KUMAR GOVERNMENT CONTRACTOR,671385.0,638949.0,4,7.6875,NONE,0,LOW_RISK,SMALL (<10L),HIMACHAL_PRADESH
UTT-UT-2021-01241,UTTAR PRADESH,UTTAR PRADESH PUBLIC WORKS DEPARTMENT,TATA PROJECTS LIMITED,1073639.31,1220044.67,2,4.0,"RF-4, RF-6",30,HIGH_RISK,MEDIUM (10L-50L),UTTAR_PRADESH
2017_PWD_15512_1,HIMACHAL PRADESH,EXECUTIVE ENGINEER BILASPUR DIVISION NO 2 HIMACHAL PRADESH PUBLIC WORKS DEPARTMENT BILASPUR,ASPHALT CARPET CONSTRUCTION COMPANY,2386623.0,1925744.0,4,11.020833333333334,RF-6,15,MEDIUM_RISK,MEDIUM (10L-50L),HIMACHAL_PRADESH
2018_PWD_19838_11-2032,HIMACHAL PRADESH,EXECUTIVE ENGINEER BILASPUR DIVISION NO 2 HIMACHAL PRADESH PUBLIC WORKS DEPARTMENT BILASPUR,M S STRIKER BROS,3403600.0,2994614.0,1,10.729166666666666,"RF-1, RF-6",40,HIGH_RISK,MEDIUM (10L-50L),HIMACHAL_PRADESH
2018_PWD_20122_1,HIMACHAL PRADESH,EXECUTIVE ENGINEER UNA DIVISION HIMACHAL PRADESH PUBLIC WORKS DEPARTMENT UNA,M S SATISH KUMAR SHARMA,1256730.0,1354239.0,3,6.270833333333333,"RF-4, RF-6",30,HIGH_RISK,MEDIUM (10L-50L),HIMACHAL_PRADESH
RAJ-RA-2021-01050,RAJASTHAN,RAJASTHAN PUBLIC WORKS DEPARTMENT,AFCONS INFRASTRUCTURE LIMITED,2080724.36,1809325.53,1,6.0,"RF-1, RF-4",40,HIGH_RISK,MEDIUM (10L-50L),RAJASTHAN
KAR-KA-2021-01049,KARNATAKA,KARNATAKA PUBLIC WORKS PORTS INLAND WATER,BHARAT DIAGNOSTIC SYSTEMS,5382283.02,4983595.39,5,30.0,RF-6,15,MEDIUM_RISK,LARGE (50L-5Cr),KARNATAKA
MAH-MA-2021-01213,MAHARASHTRA,MMRDA URBAN TRANSPORT,KNR CONSTRUCTION,5089421.6,4989629.02,3,6.0,"RF-4, RF-6",30,HIGH_RISK,LARGE (50L-5Cr),MAHARASHTRA
2017_PWD_18079_1,HIMACHAL PRADESH,EXECUTIVE ENGINEER,RAKESH KUMAR SHARMA,720066.0,415109.0,28,9.958333333333334,"RF-5, RF-6",35,HIGH_RISK,SMALL (<10L),HIMACHAL_PRADESH
CEN-CE-2021-01342,CENTRAL,NHAI HIGHWAYS,APEX MEDITECH SOLUTIONS,2859251.11,3249148.99,2,4.0,"RF-4, RF-6",30,HIGH_RISK,MEDIUM (10L-50L),CENTRAL_CPPP
RAJ-RA-2021-01023,RAJASTHAN,PUBLIC HEALTH ENGINEERING DEPT RAJASTHAN,TATA PROJECTS LIMITED,4166042.29,4734138.97,3,4.0,"RF-4, RF-6",30,HIGH_RISK,MEDIUM (10L-50L),RAJASTHAN
2017_PWD_18931_1,HIMACHAL PRADESH,EXECUTIVE ENGINEER,SANJEEV BHANDARI,47408485.0,25776306.0,2,23.95833333333333,"RF-5, RF-6",35,HIGH_RISK,LARGE (50L-5Cr),HIMACHAL_PRADESH
2018_HPIPH_20082_1,HIMACHAL PRADESH,EXECUTIVE ENGINEER,REBOUND ENVIRO TECHNOLOGY PRIVATE LIMITED,9875000.0,7424089.0,2,19.875,"RF-5, RF-6",35,HIGH_RISK,LARGE (50L-5Cr),HIMACHAL_PRADESH
2018_PWD_20002_1,HIMACHAL PRADESH,EXECUTIVE ENGINEER,SHIV KUMAR,1693176.0,1085282.0,4,21.041666666666668,"RF-5, RF-6",35,HIGH_RISK,MEDIUM (10L-50L),HIMACHAL_PRADESH
2017_HPIPH_17558_1,HIMACHAL PRADESH,EXECUTIVE ENGINEER IRRIGATION AND PUBLIC HEALTH DIVISION NAHAN,M S SHARMA ENTERPIRSES,1363959.0,1000203.0,6,20.83333333333333,"RF-5, RF-6",35,HIGH_RISK,MEDIUM (10L-50L),HIMACHAL_PRADESH
CEN-CE-2021-01119,CENTRAL,MINISTRY OF HEALTH FAMILY WELFARE,DILIP BUILDCON LIMITED,10294057.63,10835850.14,1,21.0,"RF-1, RF-6",40,HIGH_RISK,LARGE (50L-5Cr),CENTRAL_CPPP
UTT-UT-2021-01245,UTTAR PRADESH,NOIDA INDUSTRIAL DEVELOPMENT AUTH,DILIP BUILDCON LIMITED,5309936.03,4916607.44,1,30.0,"RF-1, RF-6",40,HIGH_RISK,LARGE (50L-5Cr),UTTAR_PRADESH
UTT-UT-2021-01156,UTTAR PRADESH,UTTAR PRADESH JAL NIGAM,VANGUARD POWER SERVICES,412749990.1,305740733.41,4,14.0,"RF-5, RF-6",35,HIGH_RISK,MEGA (>5Cr),UTTAR_PRADESH
2020_HPIPH_34016_1,HIMACHAL PRADESH,EXECUTIVE ENGINEER,KISHORI LAL CONTRACTOR,1530000.0,1110000.0,3,10.75,"RF-5, RF-6",35,HIGH_RISK,MEDIUM (10L-50L),HIMACHAL_PRADESH
CEN-CE-2021-01198,CENTRAL,DEFENCE RESEARCH DEVELOPMENT ORG,TATA PROJECTS LIMITED,5866695.83,6666699.8,5,6.0,"RF-4, RF-6",30,HIGH_RISK,LARGE (50L-5Cr),CENTRAL_CPPP
CEN-CE-2021-01059,CENTRAL,INDIAN RAILWAYS,LARSEN AND TOUBRO CONSTRUCTION,4693774.78,4940815.56,2,14.0,"RF-3, RF-6",35,HIGH_RISK,MEDIUM (10L-50L),CENTRAL_CPPP
2017_HPIPH_16835_1,HIMACHAL PRADESH,EXECUTIVE ENGINEER,SB TRADING COMPANY,26743000.0,18508042.0,4,21.25,"RF-5, RF-6",35,HIGH_RISK,LARGE (50L-5Cr),HIMACHAL_PRADESH
RAJ-RA-2021-01246,RAJASTHAN,JAIPUR DEVELOPMENT AUTHORITY,BHARAT DIAGNOSTIC SYSTEMS,184144250.93,180533579.34,4,4.0,"RF-4, RF-6",30,HIGH_RISK,MEGA (>5Cr),RAJASTHAN
KAR-KA-2021-01147,KARNATAKA,KARNATAKA PUBLIC WORKS PORTS INLAND WATER,VANGUARD POWER SERVICES,321315145.65,238011219.0,4,4.0,"RF-4, RF-5, RF-6",50,HIGH_RISK,MEGA (>5Cr),KARNATAKA
2017_PWD_18343_1,HIMACHAL PRADESH,EXECUTIVE ENGINEER,NEERAJ KUMAR CHOUDHARY,338492.0,241962.0,2,5.6875,"RF-4, RF-5, RF-6",50,HIGH_RISK,SMALL (<10L),HIMACHAL_PRADESH
KAR-KA-2021-01007,KARNATAKA,HEALTH FAMILY WELFARE KARNATAKA,AFCONS INFRASTRUCTURE LIMITED,97023080.92,95120667.57,2,6.0,"RF-4, RF-6",30,HIGH_RISK,MEGA (>5Cr),KARNATAKA
UTT-UT-2021-01064,UTTAR PRADESH,UTTAR PRADESH PUBLIC WORKS DEPARTMENT,GUPTA AND SONS CONTRACTOR,5379400.06,4980925.99,5,4.0,"RF-4, RF-6",30,HIGH_RISK,LARGE (50L-5Cr),UTTAR_PRADESH
CEN-CE-2021-01189,CENTRAL,INDIAN RAILWAYS,NCC LIMITED INFRASTRUCTURE,6013490.87,4454437.68,3,4.0,"RF-4, RF-5, RF-6",50,HIGH_RISK,LARGE (50L-5Cr),CENTRAL_CPPP
CEN-CE-2021-01021,CENTRAL,DEFENCE RESEARCH DEVELOPMENT ORG,BHARAT DIAGNOSTIC SYSTEMS,1662534.43,1231506.98,1,30.0,"RF-1, RF-5, RF-6",60,HIGH_RISK,MEDIUM (10L-50L),CENTRAL_CPPP
2017_PWD_15629_1,HIMACHAL PRADESH,EXECUTIVE ENGINEER,VIPIN KUMAR HAZRI,2524060.0,1980615.0,1,8.75,"RF-1, RF-6",40,HIGH_RISK,MEDIUM (10L-50L),HIMACHAL_PRADESH
2017_HPIPH_17662_1,HIMACHAL PRADESH,EXECUTIVE ENGINEER,ABTAR SINGH AND COMPANY,1182000.0,1437520.0,5,23.791666666666668,RF-6,15,MEDIUM_RISK,MEDIUM (10L-50L),HIMACHAL_PRADESH
2019_PWD_26098_16,HIMACHAL PRADESH,EXECUTIVE ENGINEER,PRITAM SINGH THKUR,1076214.5,708611.0,1,14.96875,"RF-1, RF-5, RF-6",60,HIGH_RISK,MEDIUM (10L-50L),HIMACHAL_PRADESH
2019_HPIPH_33675_1,HIMACHAL PRADESH,EXECUTIVE ENGINEER,M S MAST RAM JASWAL AND COMPANY,1399964.0,701826.0,3,14.708333333333334,"RF-5, RF-6",35,HIGH_RISK,MEDIUM (10L-50L),HIMACHAL_PRADESH
UTT-UT-2021-01199,UTTAR PRADESH,UP STATE HIGHWAY AUTHORITY,PNC INFRATECH LIMITED,182090544.62,168602356.13,1,30.0,"RF-1, RF-6",40,HIGH_RISK,MEGA (>5Cr),UTTAR_PRADESH
2018_HPIPH_23322_1,HIMACHAL PRADESH,EXECUTIVE ENGINEER,SHANKAR DASS,8397127.0,5460676.0,6,19.97222222222222,RF-5,20,MEDIUM_RISK,LARGE (50L-5Cr),HIMACHAL_PRADESH
2018_PWD_19400_1,HIMACHAL PRADESH,EXECUTIVE ENGINEER KARSOG,RAJESH THAKUR,56368076.0,43122086.0,3,5.979166666666667,"RF-4, RF-5",35,HIGH_RISK,MEGA (>5Cr),HIMACHAL_PRADESH
CEN-CE-2021-01179,CENTRAL,INDIAN RAILWAYS,SHARMA ENGINEERING WORKS,13552234.49,15400266.47,2,4.0,"RF-4, RF-6",30,HIGH_RISK,LARGE (50L-5Cr),CENTRAL_CPPP
CEN-CE-2021-01170,CENTRAL,CENTRAL PUBLIC WORKS DEPARTMENT,ZENITH INFRASTRUCTURE PROJECTS,4724291.16,4972938.06,2,6.0,"RF-3, RF-4, RF-6",50,HIGH_RISK,MEDIUM (10L-50L),CENTRAL_CPPP
UTT-UT-2021-01213,UTTAR PRADESH,UTTAR PRADESH PUBLIC WORKS DEPARTMENT,AHLUWALIA CONTRACTS INDIA LIMITED,828550.52,767176.41,1,14.0,"RF-1, RF-6",40,HIGH_RISK,SMALL (<10L),UTTAR_PRADESH
2017_BSMDA_18175_2,HIMACHAL PRADESH,SR EXECUTIVE ENGINEER,AKM,2694606.0,2701666.0,8,19.6875,NONE,0,LOW_RISK,MEDIUM (10L-50L),HIMACHAL_PRADESH
RAJ-RA-2021-01225,RAJASTHAN,MEDICAL HEALTH SERVICES JAIPUR,LARSEN AND TOUBRO CONSTRUCTION,6662051.19,4934852.74,3,4.0,"RF-4, RF-5, RF-6",50,HIGH_RISK,LARGE (50L-5Cr),RAJASTHAN
2017_PWD_14807_1,HIMACHAL PRADESH,EXECUTIVE ENGINEER NH DIVISION HIMACHAL PRADESH PUBLIC WORKS DEPARTMENT RAMPUR BUSHAH,CONTRACTOR,632044.0,1136079.0,9,21.95833333333333,NONE,0,LOW_RISK,SMALL (<10L),HIMACHAL_PRADESH
KAR-KA-2021-01068,KARNATAKA,BANGALORE METRO RAIL CORP,BHARAT DIAGNOSTIC SYSTEMS,4362375.3,4276838.53,2,6.0,"RF-4, RF-6",30,HIGH_RISK,MEDIUM (10L-50L),KARNATAKA
2017_PWD_18555_1,HIMACHAL PRADESH,EXECUTIVE ENGINEER DHAMI,RAMESH DUTT,2130344.0,2168154.0,4,7.041666666666667,NONE,0,LOW_RISK,MEDIUM (10L-50L),HIMACHAL_PRADESH
2019_HPIPH_26377_1,HIMACHAL PRADESH,EXECUTIVE ENGINEER,SHAH JAHAN,3495000.0,3512450.0,4,10.75,NONE,0,LOW_RISK,MEDIUM (10L-50L),HIMACHAL_PRADESH
MAH-MA-2021-01288,MAHARASHTRA,WATER RESOURCES DEPARTMENT MAHARASHTRA,NCC LIMITED INFRASTRUCTURE,330496423.14,244812165.29,1,21.0,"RF-1, RF-5",45,HIGH_RISK,MEGA (>5Cr),MAHARASHTRA
UTT-UT-2021-01143,UTTAR PRADESH,UP STATE HIGHWAY AUTHORITY,APEX MEDITECH SOLUTIONS,115602555.11,107039402.88,3,6.0,"RF-4, RF-6",30,HIGH_RISK,MEGA (>5Cr),UTTAR_PRADESH
2017_HPIPH_17625_1,HIMACHAL PRADESH,EXECUTIVE ENGINEER IRRIGATION AND PUBLIC HEALTH DIVISION BARSAR,DOGRA CONSTRUCTION COMPANY PRIVATE LIMITED,399282.49,300517.0,3,7.0,"RF-5, RF-6",35,HIGH_RISK,SMALL (<10L),HIMACHAL_PRADESH
2017_UDDHP_16126_1,HIMACHAL PRADESH,EXECUTIVE OFFICER MC SOLAN,DEEPAK SHARMA,413383.0,306815.0,3,5.166666666666667,"RF-4, RF-5",35,HIGH_RISK,SMALL (<10L),HIMACHAL_PRADESH
2017_UDDHP_17134_1,HIMACHAL PRADESH,EXECUTIVE OFFICER MC SOLAN,RAJESH KUMAR,715989.0,362918.0,3,6.041666666666667,"RF-4, RF-5, RF-6",50,HIGH_RISK,SMALL (<10L),HIMACHAL_PRADESH
MAH-MA-2021-01214,MAHARASHTRA,PUBLIC HEALTH DEPT MUMBAI,APEX MEDITECH SOLUTIONS,6732362.91,4986935.49,1,14.0,"RF-1, RF-5",45,HIGH_RISK,LARGE (50L-5Cr),MAHARASHTRA
KAR-KA-2021-01165,KARNATAKA,KARNATAKA PUBLIC WORKS PORTS INLAND WATER,BHARAT DIAGNOSTIC SYSTEMS,6698902.42,4962149.94,1,6.0,"RF-1, RF-4, RF-5, RF-6",75,HIGH_RISK,LARGE (50L-5Cr),KARNATAKA
2020_HPIPH_36301_1,HIMACHAL PRADESH,EXECUTIVE ENGINEER JAL SHAKTI DIVISION GHUMARWIN,DHARAM PAL THAKUR,2148084.17,2047288.0,3,44.0,NONE,0,LOW_RISK,MEDIUM (10L-50L),HIMACHAL_PRADESH
2018_IGMC1_25632_1,HIMACHAL PRADESH,PRINCIPAL IGMC SHIMLA,BIO RAD LABORATORIES INDIA PRIVATE LIMITED,5508995.0,10000000.0,3,15.708333333333334,NONE,0,LOW_RISK,LARGE (50L-5Cr),HIMACHAL_PRADESH
CEN-CE-2021-01013,CENTRAL,INDIAN RAILWAYS,KNR CONSTRUCTION,95664904.48,83186873.46,4,4.0,"RF-4, RF-6",30,HIGH_RISK,MEGA (>5Cr),CENTRAL_CPPP
2019_HPIPH_33672_1,HIMACHAL PRADESH,EXECUTIVE ENGINEER,M S MAST RAM JASWAL AND COMPANY,1399964.0,701826.0,3,14.708333333333334,"RF-5, RF-6",35,HIGH_RISK,MEDIUM (10L-50L),HIMACHAL_PRADESH
2019_HPIPH_31504_1-3059,HIMACHAL PRADESH,EXECUTIVE ENGINEER IRRIGATION AND PUBLIC HEALTH DIVISION BARSAR,KARTAR,6663100.0,5600420.0,8,19.729166666666668,NONE,0,LOW_RISK,LARGE (50L-5Cr),HIMACHAL_PRADESH
UTT-UT-2021-01158,UTTAR PRADESH,NOIDA INDUSTRIAL DEVELOPMENT AUTH,NCC LIMITED INFRASTRUCTURE,5646376.75,4909892.83,1,21.0,"RF-1, RF-6",40,HIGH_RISK,LARGE (50L-5Cr),UTTAR_PRADESH
2017_PWD_17836_1,HIMACHAL PRADESH,EXECUTIVE ENGINEER CHAMBA DIVISION HIMACHAL PRADESH PUBLIC WORKS DEPARTMENT CHAMBA,RASHID KHAN GOVERNMENT CONTRACTOR,2957004.0,2189195.0,3,21.75,"RF-5, RF-6",35,HIGH_RISK,MEDIUM (10L-50L),HIMACHAL_PRADESH
2016_PWD_13273_1,HIMACHAL PRADESH,EXECUTIVE ENGINEER ELECTRICAL DIVISION HIMACHAL PRADESH PUBLIC WORKS DEPARTMENT MAND,SHARMA ELECTRICAL COMPANY,1947820.0,1935418.0,1,9.850694444444445,"RF-1, RF-6",40,HIGH_RISK,MEDIUM (10L-50L),HIMACHAL_PRADESH
MAH-MA-2021-01027,MAHARASHTRA,MAHARASHTRA PUBLIC WORKS DEPARTMENT,PNC INFRATECH LIMITED,183892536.88,208968791.91,4,4.0,"RF-4, RF-6",30,HIGH_RISK,MEGA (>5Cr),MAHARASHTRA
2017_HPIPH_16347_1,HIMACHAL PRADESH,EXECUTIVE ENGINEER IRRIGATION AND PUBLIC HEALTH DIVISION BARSAR,NARESH KUMAR,685508.0,595916.0,5,5.979166666666667,"RF-4, RF-6",30,HIGH_RISK,SMALL (<10L),HIMACHAL_PRADESH
CEN-CE-2021-01256,CENTRAL,INDIAN RAILWAYS,GUPTA AND SONS CONTRACTOR,123323444.57,114188374.61,1,4.0,"RF-1, RF-4, RF-6",55,HIGH_RISK,MEGA (>5Cr),CENTRAL_CPPP
UTT-UT-2021-01135,UTTAR PRADESH,NOIDA INDUSTRIAL DEVELOPMENT AUTH,AFCONS INFRASTRUCTURE LIMITED,4748089.46,4997988.9,1,6.0,"RF-1, RF-3, RF-4, RF-6",75,HIGH_RISK,MEDIUM (10L-50L),UTTAR_PRADESH
CEN-CE-2021-01039,CENTRAL,INDIAN RAILWAYS,PNC INFRATECH LIMITED,8396655.38,9541653.84,5,6.0,"RF-4, RF-6",30,HIGH_RISK,LARGE (50L-5Cr),CENTRAL_CPPP
2017_HPIPH_17651_1,HIMACHAL PRADESH,EXECUTIVE ENGINEER IRRIGATION AND PUBLIC HEALTH DIVISION BA,VERMA ELECTRIC INDUSTRY,875000.0,663338.0,6,7.041666666666667,"RF-5, RF-6",35,HIGH_RISK,SMALL (<10L),HIMACHAL_PRADESH
MAH-MA-2021-01146,MAHARASHTRA,PUBLIC HEALTH DEPT MUMBAI,VANGUARD POWER SERVICES,4736106.83,4985375.61,2,14.0,"RF-3, RF-6",35,HIGH_RISK,MEDIUM (10L-50L),MAHARASHTRA
2017_PWD_17377_4,HIMACHAL PRADESH,EXECUTIVE ENGINEER,VISHAL KUMAR GUPTA CONTRACTOR,3390018.0,2723902.0,3,7.708333333333333,RF-6,15,MEDIUM_RISK,MEDIUM (10L-50L),HIMACHAL_PRADESH
2017_PWD_14207_1,HIMACHAL PRADESH,EXECUTIVE ENGINEER SHILLAI,LRC BUILDERS PRIVATED LIMITED,9493811.0,9653088.0,3,15.083333333333334,NONE,0,LOW_RISK,LARGE (50L-5Cr),HIMACHAL_PRADESH
2017_UDDHP_15850_1,HIMACHAL PRADESH,EXECUTIVE OFFICER MC SOLAN,PARMINDER DHIMAN,340027.0,229365.0,3,7.083333333333333,"RF-5, RF-6",35,HIGH_RISK,SMALL (<10L),HIMACHAL_PRADESH
MAH-MA-2021-01222,MAHARASHTRA,MMRDA URBAN TRANSPORT,LARSEN AND TOUBRO CONSTRUCTION,5100879.66,4723036.72,2,14.0,RF-6,15,MEDIUM_RISK,LARGE (50L-5Cr),MAHARASHTRA
CEN-CE-2021-01072,CENTRAL,MINISTRY OF HEALTH FAMILY WELFARE,NCC LIMITED INFRASTRUCTURE,5743971.41,4994757.75,1,4.0,"RF-1, RF-4, RF-6",55,HIGH_RISK,LARGE (50L-5Cr),CENTRAL_CPPP
RAJ-RA-2021-01108,RAJASTHAN,RAJASTHAN RAJYA VIDYUT PRASARAN,ZENITH INFRASTRUCTURE PROJECTS,4335776.75,4927019.03,3,6.0,"RF-4, RF-6",30,HIGH_RISK,MEDIUM (10L-50L),RAJASTHAN
RAJ-RA-2021-01161,RAJASTHAN,JAIPUR DEVELOPMENT AUTHORITY,AHLUWALIA CONTRACTS INDIA LIMITED,16275218.7,14152364.09,3,4.0,"RF-4, RF-6",30,HIGH_RISK,LARGE (50L-5Cr),RAJASTHAN
RAJ-RA-2021-01204,RAJASTHAN,PUBLIC HEALTH ENGINEERING DEPT RAJASTHAN,SHARMA ENGINEERING WORKS,6661131.89,4934171.77,3,21.0,"RF-5, RF-6",35,HIGH_RISK,LARGE (50L-5Cr),RAJASTHAN
MAH-MA-2021-01291,MAHARASHTRA,MAHARASHTRA PUBLIC WORKS DEPARTMENT,PNC INFRATECH LIMITED,4677931.67,4924138.6,3,6.0,"RF-3, RF-4, RF-6",50,HIGH_RISK,MEDIUM (10L-50L),MAHARASHTRA
2017_PWD_17893_3,HIMACHAL PRADESH,EXECUTIVE ENGINEER,SUMAN SHARMA,1477359.0,1825778.0,5,5.708333333333333,"RF-4, RF-6",30,HIGH_RISK,MEDIUM (10L-50L),HIMACHAL_PRADESH
RAJ-RA-2021-01168,RAJASTHAN,PUBLIC HEALTH ENGINEERING DEPT RAJASTHAN,GUPTA AND SONS CONTRACTOR,693872.68,513979.76,2,21.0,"RF-5, RF-6",35,HIGH_RISK,SMALL (<10L),RAJASTHAN
UTT-UT-2021-01128,UTTAR PRADESH,MEDICAL HEALTH FAMILY WELFARE LUCKNOW,KNR CONSTRUCTION,129292422.95,95772165.15,1,4.0,"RF-1, RF-4, RF-5, RF-6",75,HIGH_RISK,MEGA (>5Cr),UTTAR_PRADESH
KAR-KA-2021-01102,KARNATAKA,BRUHAT BENGALURU MAHANAGARA PALIKE BBMP,DILIP BUILDCON LIMITED,24758912.73,24273443.86,1,21.0,"RF-1, RF-6",40,HIGH_RISK,LARGE (50L-5Cr),KARNATAKA
MAH-MA-2021-01135,MAHARASHTRA,WATER RESOURCES DEPARTMENT MAHARASHTRA,LARSEN AND TOUBRO CONSTRUCTION,330664188.77,306170545.16,2,21.0,RF-6,15,MEDIUM_RISK,MEGA (>5Cr),MAHARASHTRA
2017_PWD_14777_1,HIMACHAL PRADESH,EXECUTIVE ENGINEER BILASPUR DIVISION NO 2 HIMACHAL PRADESH PUBLIC WORKS DEPARTMENT BILASPUR,LEKH RAM,5122816.0,4164772.0,2,11.760416666666666,NONE,0,LOW_RISK,LARGE (50L-5Cr),HIMACHAL_PRADESH
2018_MC_25077_10,HIMACHAL PRADESH,EXECUTIVE ENGINEER RB MUNICIPAL CORPORATION SHIMLA,RAMESH CHAND,675570.0,523500.0,1,11.729166666666666,RF-1,25,MEDIUM_RISK,SMALL (<10L),HIMACHAL_PRADESH
RAJ-RA-2021-01094,RAJASTHAN,RAJASTHAN RAJYA VIDYUT PRASARAN,NCC LIMITED INFRASTRUCTURE,2802226.08,2075723.02,1,4.0,"RF-1, RF-4, RF-5, RF-6",75,HIGH_RISK,MEDIUM (10L-50L),RAJASTHAN
2018_HPIPH_19200_1,HIMACHAL PRADESH,EXECUTIVE ENGINEER IRRIGATION AND PUBLIC HEALTH DIVISION BARSAR,AJAY KUMAR GOVERNMENT CONTRACTOR,1449000.0,1218675.0,4,6.208333333333333,"RF-4, RF-6",30,HIGH_RISK,MEDIUM (10L-50L),HIMACHAL_PRADESH
2017_HPIPH_16906_1-1474,HIMACHAL PRADESH,EXECUTIVE ENGINEER IRRIGATION AND PUBLIC HEALTH DIVISION BARSAR,NARESH KUMAR,6587514.65,4077565.0,5,7.055555555555555,"RF-5, RF-6",35,HIGH_RISK,LARGE (50L-5Cr),HIMACHAL_PRADESH
2017_PWD_15224_1,HIMACHAL PRADESH,EXECUTIVE ENGINEER KARSOG,BHUPINDER PAUL MAHAJAN,4728374.19,4330165.0,4,7.979166666666667,"RF-3, RF-6",35,HIGH_RISK,MEDIUM (10L-50L),HIMACHAL_PRADESH
RAJ-RA-2021-01113,RAJASTHAN,RAJASTHAN RAJYA VIDYUT PRASARAN,AHLUWALIA CONTRACTS INDIA LIMITED,17116388.43,12678806.24,2,4.0,"RF-4, RF-5, RF-6",50,HIGH_RISK,LARGE (50L-5Cr),RAJASTHAN
CEN-CE-2021-01064,CENTRAL,INDIAN RAILWAYS,BHARAT DIAGNOSTIC SYSTEMS,2358970.19,2680647.95,5,6.0,"RF-4, RF-6",30,HIGH_RISK,MEDIUM (10L-50L),CENTRAL_CPPP
KAR-KA-2021-01132,KARNATAKA,KARNATAKA RURAL INFRASTRUCTURE,NCC LIMITED INFRASTRUCTURE,380284069.62,281691903.42,5,30.0,"RF-5, RF-6",35,HIGH_RISK,MEGA (>5Cr),KARNATAKA
2017_PWD_16553_1,HIMACHAL PRADESH,EXECUTIVE ENGINEER B AND R SOLAN,SUMAN SHARMA,1403820.0,1273397.0,3,5.958333333333333,"RF-4, RF-6",30,HIGH_RISK,MEDIUM (10L-50L),HIMACHAL_PRADESH
2017_PWD_16288_1,HIMACHAL PRADESH,EXECUTIVE ENGINEER CHAMBA DIVISION HIMACHAL PRADESH PUBLIC WORKS DEPARTMENT CHAMBA,D S THAKUR,1030981.0,766670.0,3,24.041666666666668,"RF-5, RF-6",35,HIGH_RISK,MEDIUM (10L-50L),HIMACHAL_PRADESH
RAJ-RA-2021-01066,RAJASTHAN,MEDICAL HEALTH SERVICES JAIPUR,KNR CONSTRUCTION,208774664.29,181543186.34,2,6.0,"RF-4, RF-6",30,HIGH_RISK,MEGA (>5Cr),RAJASTHAN
RAJ-RA-2021-01033,RAJASTHAN,PUBLIC HEALTH ENGINEERING DEPT RAJASTHAN,NCC LIMITED INFRASTRUCTURE,4655557.47,4900586.81,4,30.0,"RF-3, RF-6",35,HIGH_RISK,MEDIUM (10L-50L),RAJASTHAN
CEN-CE-2021-01237,CENTRAL,CENTRAL PUBLIC WORKS DEPARTMENT,VANGUARD POWER SERVICES,16233494.74,15915190.92,1,14.0,"RF-1, RF-6",40,HIGH_RISK,LARGE (50L-5Cr),CENTRAL_CPPP
KAR-KA-2021-01143,KARNATAKA,KARNATAKA RURAL INFRASTRUCTURE,ZENITH INFRASTRUCTURE PROJECTS,1326780.75,1300765.44,1,21.0,"RF-1, RF-6",40,HIGH_RISK,MEDIUM (10L-50L),KARNATAKA
UTT-UT-2021-01012,UTTAR PRADESH,MEDICAL HEALTH FAMILY WELFARE LUCKNOW,GUPTA AND SONS CONTRACTOR,4479337.27,4715091.86,1,30.0,"RF-1, RF-6",40,HIGH_RISK,MEDIUM (10L-50L),UTTAR_PRADESH
2018_HPIPH_23296_1,HIMACHAL PRADESH,ER KEWAL KRISHAN KAPOOR,M S SIKANDER SINGH GOVERNMENT CONTRACTOR,763198.0,915104.0,4,7.0,NONE,0,LOW_RISK,SMALL (<10L),HIMACHAL_PRADESH
2017_HPIPH_16694_1,HIMACHAL PRADESH,EXECUTIVE ENGINEER IRRIGATION AND PUBLIC HEALTH DIVISION BARSAR,GOVIND CONTRACTOR PRIVATE LIMITED,321194.83,321294.0,4,13.083333333333334,RF-6,15,MEDIUM_RISK,SMALL (<10L),HIMACHAL_PRADESH
2017_UDDHP_17738_1,HIMACHAL PRADESH,EXECUTIVE OFFICER MC SOLAN,RAJESH KUMAR,704633.0,384368.0,4,6.75,"RF-4, RF-5, RF-6",50,HIGH_RISK,SMALL (<10L),HIMACHAL_PRADESH
2019_HPIPH_30344_1,HIMACHAL PRADESH,EXECUTIVE ENGINEER,CHIRAG SETH,6362441.0,4838649.0,3,15.75,"RF-5, RF-6",35,HIGH_RISK,LARGE (50L-5Cr),HIMACHAL_PRADESH
2018_HPIPH_21639_1,HIMACHAL PRADESH,EXECUTIVE ENGINEER,KAILASH NATH MOURYA CONTRACTOR,2599200.0,1440000.0,6,19.75,"RF-5, RF-6",35,HIGH_RISK,MEDIUM (10L-50L),HIMACHAL_PRADESH
MAH-MA-2021-01253,MAHARASHTRA,WATER RESOURCES DEPARTMENT MAHARASHTRA,TATA PROJECTS LIMITED,149108622.15,129659671.44,3,6.0,"RF-4, RF-6",30,HIGH_RISK,MEGA (>5Cr),MAHARASHTRA
MAH-MA-2021-01156,MAHARASHTRA,WATER RESOURCES DEPARTMENT MAHARASHTRA,SHARMA ENGINEERING WORKS,83547447.35,61886998.03,3,21.0,"RF-5, RF-6",35,HIGH_RISK,MEGA (>5Cr),MAHARASHTRA
2017_HAFMS_17078_1,HIMACHAL PRADESH,CHIEF EXECUTIVE OFFICER HPAFMS BILASPUR H P,AMIT KATOCH,2545241.0,2144848.0,4,19.70833333333333,NONE,0,LOW_RISK,MEDIUM (10L-50L),HIMACHAL_PRADESH
2018_HPIPH_24670_1,HIMACHAL PRADESH,EXECUTIVE ENGINEER IRRIGATION AND PUBLIC HEALTH DIVISION BARSAR,SANJEEV KUMAR GOVERNMENT CONTRACTOR,12486140.0,9536418.0,3,10.125,"RF-5, RF-6",35,HIGH_RISK,LARGE (50L-5Cr),HIMACHAL_PRADESH
2019_HPIPH_29463_1,HIMACHAL PRADESH,EXECUTIVE ENGINEER,ABTAR SINGH AND COMPANY,1466950.0,927000.0,2,13.67013888888889,"RF-5, RF-6",35,HIGH_RISK,MEDIUM (10L-50L),HIMACHAL_PRADESH
2017_HPIPH_14658_1,HIMACHAL PRADESH,EXECUTIVE ENGINEER IRRIGATION AND PUBLIC HEALTH DIVISION,SANJEEV KUMAR DHIMAN,913564.0,2047275.0,8,23.75,NONE,0,LOW_RISK,SMALL (<10L),HIMACHAL_PRADESH
2017_UDDHP_17050_1,HIMACHAL PRADESH,EXECUTIVE OFFICER MC SOLAN,VIRENDER THAKUR,967690.0,223410.0,3,6.208333333333333,"RF-4, RF-5, RF-6",50,HIGH_RISK,SMALL (<10L),HIMACHAL_PRADESH
RAJ-RA-2021-01052,RAJASTHAN,PUBLIC HEALTH ENGINEERING DEPT RAJASTHAN,NCC LIMITED INFRASTRUCTURE,7318679.95,6364069.52,3,6.0,"RF-4, RF-6",30,HIGH_RISK,LARGE (50L-5Cr),RAJASTHAN
2017_PWD_15870_1,HIMACHAL PRADESH,EXECUTIVE ENGINEER,ASHA PRAKSH,1683664.0,1113401.0,12,8.75,RF-5,20,MEDIUM_RISK,MEDIUM (10L-50L),HIMACHAL_PRADESH
UTT-UT-2021-01140,UTTAR PRADESH,NOIDA INDUSTRIAL DEVELOPMENT AUTH,LARSEN AND TOUBRO CONSTRUCTION,25083418.35,18580309.89,1,14.0,"RF-1, RF-5, RF-6",60,HIGH_RISK,LARGE (50L-5Cr),UTTAR_PRADESH
2017_HPIPH_18053_2,HIMACHAL PRADESH,EXECUTIVE ENGINEER IRRIGATION AND PUBLIC HEALTH DIVISION NAHAN,DALIP SINGH,302077.0,238621.0,5,17.75,NONE,0,LOW_RISK,SMALL (<10L),HIMACHAL_PRADESH
RAJ-RA-2021-01013,RAJASTHAN,RAJASTHAN PUBLIC WORKS DEPARTMENT,LARSEN AND TOUBRO CONSTRUCTION,70042810.24,51883563.14,1,6.0,"RF-1, RF-4, RF-5, RF-6",75,HIGH_RISK,MEGA (>5Cr),RAJASTHAN
2018_HPIPH_19395_1,HIMACHAL PRADESH,EXECUTIVE ENGINEER,BALRAJ,2719155.0,1994490.0,2,20.6875,"RF-5, RF-6",35,HIGH_RISK,MEDIUM (10L-50L),HIMACHAL_PRADESH
2018_FDC_19382_50,HIMACHAL PRADESH,DIVISIONAL MANAGER,VIDYA SAGAR,404195.0,296631.0,8,6.166666666666667,"RF-4, RF-5",35,HIGH_RISK,SMALL (<10L),HIMACHAL_PRADESH
2017_PWD_16493_1,HIMACHAL PRADESH,EXECUTIVE ENGINEER,GIAN SINGH,35650663.0,22229623.0,9,16.989583333333332,RF-5,20,MEDIUM_RISK,LARGE (50L-5Cr),HIMACHAL_PRADESH
2017_UDDHP_17307_1-3515,HIMACHAL PRADESH,EXECUTIVE ENGINEER,VIKAS,937935.0,502491.0,3,22.70833333333333,"RF-5, RF-6",35,HIGH_RISK,SMALL (<10L),HIMACHAL_PRADESH
2017_PWD_16562_6,HIMACHAL PRADESH,EXECUTIVE ENGINEER,NAVNEET THAKUR,2801283.0,1954061.0,2,12.0,"RF-5, RF-6",35,HIGH_RISK,MEDIUM (10L-50L),HIMACHAL_PRADESH
KAR-KA-2021-01137,KARNATAKA,KARNATAKA RURAL INFRASTRUCTURE,PNC INFRATECH LIMITED,4364677.9,4959861.25,3,4.0,"RF-4, RF-6",30,HIGH_RISK,MEDIUM (10L-50L),KARNATAKA
2018_HPIPH_23625_1,HIMACHAL PRADESH,EXECUTIVE ENGINEER,VINAY KUMAR GUPTA,35027648.0,27318989.0,3,21.70833333333333,RF-6,15,MEDIUM_RISK,LARGE (50L-5Cr),HIMACHAL_PRADESH
2017_PWD_14820_1,HIMACHAL PRADESH,EXECUTIVE ENGINEER CHAMBA DIVISION HIMACHAL PRADESH PUBLIC WORKS DEPARTMENT CHAMBA,RAJ SINGH GOVERNMENT CONTRACTOR,30907318.0,19169974.0,2,21.041666666666668,"RF-5, RF-6",35,HIGH_RISK,LARGE (50L-5Cr),HIMACHAL_PRADESH
RAJ-RA-2021-01112,RAJASTHAN,JAIPUR DEVELOPMENT AUTHORITY,BHARAT DIAGNOSTIC SYSTEMS,4724003.85,4972635.63,4,21.0,"RF-3, RF-6",35,HIGH_RISK,MEDIUM (10L-50L),RAJASTHAN
MAH-MA-2021-01221,MAHARASHTRA,MMRDA URBAN TRANSPORT,ZENITH INFRASTRUCTURE PROJECTS,66902271.64,61946547.81,1,21.0,"RF-1, RF-6",40,HIGH_RISK,MEGA (>5Cr),MAHARASHTRA
2017_PWD_16122_3,HIMACHAL PRADESH,EXECUTIVE ENGINEER,RAJINDER SINGH NEGI,2823281.0,2233010.0,2,13.125,NONE,0,LOW_RISK,MEDIUM (10L-50L),HIMACHAL_PRADESH
CEN-CE-2021-01213,CENTRAL,MINISTRY OF HEALTH FAMILY WELFARE,VANGUARD POWER SERVICES,5635783.63,4900681.42,1,4.0,"RF-1, RF-4, RF-6",55,HIGH_RISK,LARGE (50L-5Cr),CENTRAL_CPPP
2017_UDDHP_17311_1,HIMACHAL PRADESH,EXECUTIVE ENGINEER DMC,BALRAJ PARIHAR,1994850.0,1291165.0,2,22.70833333333333,"RF-5, RF-6",35,HIGH_RISK,MEDIUM (10L-50L),HIMACHAL_PRADESH
UTT-UT-2021-01044,UTTAR PRADESH,NOIDA INDUSTRIAL DEVELOPMENT AUTH,AFCONS INFRASTRUCTURE LIMITED,4369737.82,4965611.16,1,30.0,"RF-1, RF-6",40,HIGH_RISK,MEDIUM (10L-50L),UTTAR_PRADESH
KAR-KA-2021-01221,KARNATAKA,KARNATAKA PUBLIC WORKS PORTS INLAND WATER,TATA PROJECTS LIMITED,121451050.67,127843211.23,2,6.0,"RF-4, RF-6",30,HIGH_RISK,MEGA (>5Cr),KARNATAKA
2018_PWD_20217_1,HIMACHAL PRADESH,EXECUTIVE ENGINEER,VIPIN KUMAR HAZRI,1802485.0,1391366.0,1,18.0,"RF-1, RF-6",40,HIGH_RISK,MEDIUM (10L-50L),HIMACHAL_PRADESH
CEN-CE-2021-01334,CENTRAL,NHAI HIGHWAYS,AHLUWALIA CONTRACTS INDIA LIMITED,3298013.5,3471593.15,1,30.0,"RF-1, RF-6",40,HIGH_RISK,MEDIUM (10L-50L),CENTRAL_CPPP
2017_PWD_15647_2,HIMACHAL PRADESH,EXECUTIVE ENGINEER,VIPIN KUMAR HAZRI,2541353.0,1980615.0,1,8.791666666666666,"RF-1, RF-6",40,HIGH_RISK,MEDIUM (10L-50L),HIMACHAL_PRADESH
MAH-MA-2021-01190,MAHARASHTRA,PUBLIC HEALTH DEPT MUMBAI,AHLUWALIA CONTRACTS INDIA LIMITED,11894747.69,11013655.27,1,14.0,"RF-1, RF-6",40,HIGH_RISK,LARGE (50L-5Cr),MAHARASHTRA
2018_PWD_19838_1,HIMACHAL PRADESH,EXECUTIVE ENGINEER BILASPUR DIVISION NO 2 HIMACHAL PRADESH PUBLIC WORKS DEPARTMENT BILASPUR,SARWAN SINGH,1514423.0,1011384.0,1,10.729166666666666,"RF-1, RF-5",45,HIGH_RISK,MEDIUM (10L-50L),HIMACHAL_PRADESH
MAH-MA-2021-01297,MAHARASHTRA,PUBLIC HEALTH DEPT MUMBAI,GUPTA AND SONS CONTRACTOR,4391249.85,4065972.08,1,21.0,"RF-1, RF-6",40,HIGH_RISK,MEDIUM (10L-50L),MAHARASHTRA
2018_PWD_19458_1,HIMACHAL PRADESH,EEHAMIRPUR,NAVEEN THAKUR,1528201.0,1860662.0,14,14.6875,NONE,0,LOW_RISK,MEDIUM (10L-50L),HIMACHAL_PRADESH
2019_HPIPH_32831_1,HIMACHAL PRADESH,EXECUTIVE ENGINEER,SANJEEV KUMAR,11690358.0,8291546.0,4,11.833333333333334,"RF-5, RF-6",35,HIGH_RISK,LARGE (50L-5Cr),HIMACHAL_PRADESH
MAH-MA-2021-01055,MAHARASHTRA,WATER RESOURCES DEPARTMENT MAHARASHTRA,AHLUWALIA CONTRACTS INDIA LIMITED,6670678.63,4941243.43,2,4.0,"RF-4, RF-5, RF-6",50,HIGH_RISK,LARGE (50L-5Cr),MAHARASHTRA
2016_HPIPH_10398_1,HIMACHAL PRADESH,EXECUTIVE ENGINEER,SURJEET SINGH THAKUR,6639493.0,3910732.0,4,12.083333333333334,"RF-5, RF-6",35,HIGH_RISK,LARGE (50L-5Cr),HIMACHAL_PRADESH
MAH-MA-2021-01241,MAHARASHTRA,WATER RESOURCES DEPARTMENT MAHARASHTRA,AHLUWALIA CONTRACTS INDIA LIMITED,16998037.7,15738923.79,3,6.0,"RF-4, RF-6",30,HIGH_RISK,LARGE (50L-5Cr),MAHARASHTRA
RAJ-RA-2021-01154,RAJASTHAN,JAIPUR DEVELOPMENT AUTHORITY,SHREE BALAJI ENTERPRISE,5011705.58,3712374.51,1,30.0,"RF-1, RF-5, RF-6",60,HIGH_RISK,LARGE (50L-5Cr),RAJASTHAN
UTT-UT-2021-01159,UTTAR PRADESH,UP STATE HIGHWAY AUTHORITY,GUPTA AND SONS CONTRACTOR,4391038.0,4989815.91,1,4.0,"RF-1, RF-4, RF-6",55,HIGH_RISK,MEDIUM (10L-50L),UTTAR_PRADESH
CEN-CE-2021-01078,CENTRAL,MINISTRY OF HEALTH FAMILY WELFARE,KNR CONSTRUCTION,5303172.58,4910344.98,3,21.0,RF-6,15,MEDIUM_RISK,LARGE (50L-5Cr),CENTRAL_CPPP
MAH-MA-2021-01120,MAHARASHTRA,PUBLIC HEALTH DEPT MUMBAI,AFCONS INFRASTRUCTURE LIMITED,221375159.95,251562681.76,1,14.0,"RF-1, RF-6",40,HIGH_RISK,MEGA (>5Cr),MAHARASHTRA
RAJ-RA-2021-01010,RAJASTHAN,RAJASTHAN PUBLIC WORKS DEPARTMENT,LARSEN AND TOUBRO CONSTRUCTION,245440813.98,181808010.35,3,30.0,"RF-5, RF-6",35,HIGH_RISK,MEGA (>5Cr),RAJASTHAN
2017_PWD_15489_1,HIMACHAL PRADESH,EXECUTIVE ENGINEER,PARDEEP SHARMA,2016288.0,1435477.0,2,21.041666666666668,"RF-5, RF-6",35,HIGH_RISK,MEDIUM (10L-50L),HIMACHAL_PRADESH
2018_PWD_20222_1,HIMACHAL PRADESH,EXECUTIVE ENGINEER,KAPIL SHARMA,2334150.0,1773909.0,9,18.041666666666668,"RF-5, RF-6",35,HIGH_RISK,MEDIUM (10L-50L),HIMACHAL_PRADESH
CEN-CE-2021-01253,CENTRAL,DEFENCE RESEARCH DEVELOPMENT ORG,SHREE BALAJI ENTERPRISE,120303449.02,111392082.43,4,4.0,"RF-4, RF-6",30,HIGH_RISK,MEGA (>5Cr),CENTRAL_CPPP
CEN-CE-2021-01281,CENTRAL,INDIAN RAILWAYS,APEX MEDITECH SOLUTIONS,5673331.97,4933332.14,3,4.0,"RF-4, RF-6",30,HIGH_RISK,LARGE (50L-5Cr),CENTRAL_CPPP
2018_HPIPH_19536_1,HIMACHAL PRADESH,EXECUTIVE ENGINEER IRRIGATION AND PUBLIC HEALTH DIVISION BARSAR,M S PAWAN KUMAR SHARMA,8217084.39,4923597.0,6,14.125,"RF-5, RF-6",35,HIGH_RISK,LARGE (50L-5Cr),HIMACHAL_PRADESH
2018_PWD_19168_2,HIMACHAL PRADESH,EXECUTIVE ENGINEER CHAMBA DIVISION HIMACHAL PRADESH PUBLIC WORKS DEPARTMENT CHAMBA,MAST RAM,676323.0,460433.0,7,23.041666666666668,RF-5,20,MEDIUM_RISK,SMALL (<10L),HIMACHAL_PRADESH
2017_FDC_15457_2,HIMACHAL PRADESH,DIVISIONAL MANAGER,SHESH PAL,738300.26,459750.0,2,5.0,"RF-4, RF-5",35,HIGH_RISK,SMALL (<10L),HIMACHAL_PRADESH
2018_PWD_19964_6,HIMACHAL PRADESH,EXECUTIVE ENGINEER CHOPAL,UTTEJ RATHOUR,5608506.0,3813309.0,2,13.020833333333334,"RF-5, RF-6",35,HIGH_RISK,LARGE (50L-5Cr),HIMACHAL_PRADESH
2019_PWD_27342_3,HIMACHAL PRADESH,EXECUTIVE ENGINEER PUBLIC WORKS DEPARTMENT PAONTA SAHIB,S S ASSOCIATES,4280693.0,3445021.0,2,5.958333333333333,"RF-4, RF-6",30,HIGH_RISK,MEDIUM (10L-50L),HIMACHAL_PRADESH
2020_PWD_34414_1,HIMACHAL PRADESH,EXECUTIVE ENGINEER,RAHUL,2881212.0,2235030.0,2,18.08333333333333,RF-6,15,MEDIUM_RISK,MEDIUM (10L-50L),HIMACHAL_PRADESH
2017_UDDHP_16145_1,HIMACHAL PRADESH,EXECUTIVE OFFICER MC SOLAN,DEEPAK SHARMA,213048.0,150770.0,3,5.166666666666667,"RF-4, RF-5",35,HIGH_RISK,SMALL (<10L),HIMACHAL_PRADESH
KAR-KA-2021-01211,KARNATAKA,HEALTH FAMILY WELFARE KARNATAKA,BHARAT DIAGNOSTIC SYSTEMS,74537306.0,78460322.11,1,4.0,"RF-1, RF-4, RF-6",55,HIGH_RISK,MEGA (>5Cr),KARNATAKA
2018_FDC_19811_1,HIMACHAL PRADESH,DIVISIONAL MANAGER,HEMRAJ VERMA,588769.0,470000.0,4,6.166666666666667,"RF-4, RF-6",30,HIGH_RISK,SMALL (<10L),HIMACHAL_PRADESH
2020_UDDHP_37864_1-3157,HIMACHAL PRADESH,EXECUTIVE OFFICER MUNICIPAL COUNCIL SUJANPUR,BADRI VISHAL AND COMPANY,448999.0,450000.0,5,21.14583333333333,NONE,0,LOW_RISK,SMALL (<10L),HIMACHAL_PRADESH
MAH-MA-2021-01094,MAHARASHTRA,MMRDA URBAN TRANSPORT,BHARAT DIAGNOSTIC SYSTEMS,3465992.04,3938627.32,3,4.0,"RF-4, RF-6",30,HIGH_RISK,MEDIUM (10L-50L),MAHARASHTRA
RAJ-RA-2021-01012,RAJASTHAN,RAJASTHAN PUBLIC WORKS DEPARTMENT,GUPTA AND SONS CONTRACTOR,13312595.37,9861181.76,2,21.0,"RF-5, RF-6",35,HIGH_RISK,LARGE (50L-5Cr),RAJASTHAN
CEN-CE-2021-01308,CENTRAL,MINISTRY OF HEALTH FAMILY WELFARE,SHARMA ENGINEERING WORKS,5295293.76,4903049.78,1,6.0,"RF-1, RF-4, RF-6",55,HIGH_RISK,LARGE (50L-5Cr),CENTRAL_CPPP
UTT-UT-2021-01184,UTTAR PRADESH,MEDICAL HEALTH FAMILY WELFARE LUCKNOW,TATA PROJECTS LIMITED,2409558.0,2536376.84,3,4.0,"RF-4, RF-6",30,HIGH_RISK,MEDIUM (10L-50L),UTTAR_PRADESH
MAH-MA-2021-01179,MAHARASHTRA,MAHARASHTRA PUBLIC WORKS DEPARTMENT,NCC LIMITED INFRASTRUCTURE,5396028.4,3997058.07,3,6.0,"RF-4, RF-5, RF-6",50,HIGH_RISK,LARGE (50L-5Cr),MAHARASHTRA
2018_PWD_20066_7,HIMACHAL PRADESH,EXECUTIVE ENGINEER KALPA DIVISION,SUMIT KUMAR,2252432.0,1277189.0,1,15.0625,"RF-1, RF-5",45,HIGH_RISK,MEDIUM (10L-50L),HIMACHAL_PRADESH
2019_HPIPH_25798_1,HIMACHAL PRADESH,EXECUTIVE ENGINEER,HARJEET SINGH,73186375.0,42527764.0,4,20.70833333333333,"RF-5, RF-6",35,HIGH_RISK,MEGA (>5Cr),HIMACHAL_PRADESH
2017_PWD_15294_3,HIMACHAL PRADESH,EXECUTIVE ENGINEER CHAMBA DIVISION HIMACHAL PRADESH PUBLIC WORKS DEPARTMENT CHAMBA,RAJ SINGH GOVERNMENT CONTRACTOR,1612175.0,1207148.0,2,20.6875,"RF-5, RF-6",35,HIGH_RISK,MEDIUM (10L-50L),HIMACHAL_PRADESH
2017_PWD_14929_4,HIMACHAL PRADESH,EXECUTIVE ENGINEER,SANDESH KUMARI GOVERNMENT CONTRACTOR,1431891.0,1492402.0,5,24.291666666666668,NONE,0,LOW_RISK,MEDIUM (10L-50L),HIMACHAL_PRADESH
2017_PWD_16104_1,HIMACHAL PRADESH,EXECUTIVE ENGINEER ELECTRICAL,JOHNSON LIFTS PRIVATE LIMITED,1485000.0,1950000.0,1,25.95833333333333,"RF-1, RF-6",40,HIGH_RISK,MEDIUM (10L-50L),HIMACHAL_PRADESH
2017_PWD_18255_1,HIMACHAL PRADESH,EXECUTIVE ENGINEER,ASHISH DHILLON,1386505.0,1101243.0,5,5.670138888888889,"RF-4, RF-6",30,HIGH_RISK,MEDIUM (10L-50L),HIMACHAL_PRADESH
MAH-MA-2021-01036,MAHARASHTRA,MMRDA URBAN TRANSPORT,VANGUARD POWER SERVICES,4689127.26,4935923.43,3,4.0,"RF-3, RF-4, RF-6",50,HIGH_RISK,MEDIUM (10L-50L),MAHARASHTRA
2017_PWD_15221_1,HIMACHAL PRADESH,EXECUTIVE ENGINEER NH DIVISION HIMACHAL PRADESH PUBLIC WORKS DEPARTMENT SOLAN,ER ANKUSH DEWAN,4878323.0,4468467.0,9,14.03472222222222,RF-3,20,MEDIUM_RISK,MEDIUM (10L-50L),HIMACHAL_PRADESH
CEN-CE-2021-01158,CENTRAL,MINISTRY OF HEALTH FAMILY WELFARE,ZENITH INFRASTRUCTURE PROJECTS,2342720.35,2466021.42,2,30.0,RF-6,15,MEDIUM_RISK,MEDIUM (10L-50L),CENTRAL_CPPP
2017_PWD_14718_1,HIMACHAL PRADESH,EXECUTIVE ENGINEER,OM PARKASH SHARMA AND SONS,2708923.0,1852750.0,2,21.041666666666668,"RF-5, RF-6",35,HIGH_RISK,MEDIUM (10L-50L),HIMACHAL_PRADESH
2018_PWD_19997_11,HIMACHAL PRADESH,EXECUTIVE ENGINEER JUBBAL,RAVINDER CHAUHAN,2009645.0,1488648.0,1,9.166666666666666,"RF-1, RF-5, RF-6",60,HIGH_RISK,MEDIUM (10L-50L),HIMACHAL_PRADESH
2017_HPIPH_17611_1,HIMACHAL PRADESH,EXECUTIVE ENGINEER IRRIGATION AND PUBLIC HEALTH DIVISION BARSAR,SANJEEV KUMAR GOVERNMENT CONTRACTOR,452321.0,248869.0,6,7.291666666666667,"RF-5, RF-6",35,HIGH_RISK,SMALL (<10L),HIMACHAL_PRADESH
UTT-UT-2021-01032,UTTAR PRADESH,NOIDA INDUSTRIAL DEVELOPMENT AUTH,NCC LIMITED INFRASTRUCTURE,239259395.27,177229181.68,3,6.0,"RF-4, RF-5, RF-6",50,HIGH_RISK,MEGA (>5Cr),UTTAR_PRADESH
2017_UDDHP_15569_1,HIMACHAL PRADESH,EXECUTIVE OFFICER MC SOLAN,SUBHASH CHAND RANA,492755.0,250978.0,2,8.07638888888889,"RF-5, RF-6",35,HIGH_RISK,SMALL (<10L),HIMACHAL_PRADESH
UTT-UT-2021-01209,UTTAR PRADESH,MEDICAL HEALTH FAMILY WELFARE LUCKNOW,NCC LIMITED INFRASTRUCTURE,18426717.3,19396544.52,1,14.0,"RF-1, RF-6",40,HIGH_RISK,LARGE (50L-5Cr),UTTAR_PRADESH
2019_PWD_27789_3,HIMACHAL PRADESH,EXECUTIVE ENGINEER,DINESH KUMAR,6208608.0,2978182.0,3,16.041666666666668,"RF-5, RF-6",35,HIGH_RISK,LARGE (50L-5Cr),HIMACHAL_PRADESH
2018_PWD_19824_1,HIMACHAL PRADESH,EXECUTIVE ENGINEER MANDI DIVISION NO II HIMACHAL PRADESH PUBLIC WORKS DEPARTMENT MANDI,M S NAWAL KISHORE AND SONS,1708889.0,1708889.0,2,6.708333333333333,"RF-4, RF-6",30,HIGH_RISK,MEDIUM (10L-50L),HIMACHAL_PRADESH
CEN-CE-2021-01331,CENTRAL,NHAI HIGHWAYS,VANGUARD POWER SERVICES,15673646.12,14512635.3,3,6.0,"RF-4, RF-6",30,HIGH_RISK,LARGE (50L-5Cr),CENTRAL_CPPP
2017_PWD_16442_1,HIMACHAL PRADESH,EXECUTIVE ENGINEER,MANOHAR LAL GOVT CONT,2505853.0,2160303.0,5,6.736111111111111,"RF-4, RF-6",30,HIGH_RISK,MEDIUM (10L-50L),HIMACHAL_PRADESH
2016_HPIPH_13087_1,HIMACHAL PRADESH,EXECUTIVE ENGINEER IRRIGATION AND PUBLIC HEALTH DIVISION THURAL,VIJAY KUMAR KUSHWAHA,2298800.0,1660400.0,3,27.75,"RF-5, RF-6",35,HIGH_RISK,MEDIUM (10L-50L),HIMACHAL_PRADESH
2018_MC_24585_1,HIMACHAL PRADESH,EXECUTIVE ENGINEER,SURENDAR HANSRETTA,12600000.0,8267700.0,16,20.75,"RF-5, RF-6",35,HIGH_RISK,LARGE (50L-5Cr),HIMACHAL_PRADESH
2018_PWD_19627_2,HIMACHAL PRADESH,EXECUTIVE ENGINEER NH DIVISION HIMACHAL PRADESH PUBLIC WORKS DEPARTMENT NAHAN,BALDEV SINGH S O JALAM SINGH R O GUNDAH P O KIYARI GUNDAH TEHSIL SHILLAI DISTT SIRMOUR H P,540636.0,640185.0,11,21.95833333333333,NONE,0,LOW_RISK,SMALL (<10L),HIMACHAL_PRADESH
2017_UDDHP_17260_1,HIMACHAL PRADESH,EXECUTIVE ENGINEER,SURINDER,1804000.0,909166.0,2,11.75,RF-5,20,MEDIUM_RISK,MEDIUM (10L-50L),HIMACHAL_PRADESH
2017_UDDHP_17927_1-3670,HIMACHAL PRADESH,EXECUTIVE ENGINEER DMC,ROHIT,1529448.0,1034751.0,2,15.75,"RF-5, RF-6",35,HIGH_RISK,MEDIUM (10L-50L),HIMACHAL_PRADESH
KAR-KA-2021-01226,KARNATAKA,BRUHAT BENGALURU MAHANAGARA PALIKE BBMP,TATA PROJECTS LIMITED,368680716.99,320591927.82,3,4.0,"RF-4, RF-6",30,HIGH_RISK,MEGA (>5Cr),KARNATAKA
2017_UDDHP_16146_1,HIMACHAL PRADESH,EXECUTIVE OFFICER MC SOLAN,ROHIT CHAUHAN,381154.0,261320.0,3,5.166666666666667,"RF-4, RF-5, RF-6",50,HIGH_RISK,SMALL (<10L),HIMACHAL_PRADESH
RAJ-RA-2021-01217,RAJASTHAN,RAJASTHAN RAJYA VIDYUT PRASARAN,LARSEN AND TOUBRO CONSTRUCTION,4680763.78,4927119.76,1,21.0,"RF-1, RF-3, RF-6",60,HIGH_RISK,MEDIUM (10L-50L),RAJASTHAN
MAH-MA-2021-01233,MAHARASHTRA,WATER RESOURCES DEPARTMENT MAHARASHTRA,TATA PROJECTS LIMITED,2637708.7,2293659.74,5,4.0,"RF-4, RF-6",30,HIGH_RISK,MEDIUM (10L-50L),MAHARASHTRA
2018_HPSED_19882_6,HIMACHAL PRADESH,MANAGING DIRECTOR,TARGUS TECHNOLOGY PRIVATE LIMITED,3412206.0,5400000.0,1,5.916666666666667,"RF-1, RF-4",40,HIGH_RISK,MEDIUM (10L-50L),HIMACHAL_PRADESH
CEN-CE-2021-01345,CENTRAL,DEFENCE RESEARCH DEVELOPMENT ORG,KNR CONSTRUCTION,4319389.36,4908397.0,4,6.0,"RF-4, RF-6",30,HIGH_RISK,MEDIUM (10L-50L),CENTRAL_CPPP
2017_HPIPH_16578_1,HIMACHAL PRADESH,EXECUTIVE ENGINEER,H N SINGH AND COMPANY,4589964.0,4532069.0,4,19.99652777777778,"RF-3, RF-6",35,HIGH_RISK,MEDIUM (10L-50L),HIMACHAL_PRADESH
2017_PWD_17749_1,HIMACHAL PRADESH,EXECUTIVE ENGINEER BILASPUR DIVISION NO 2 HIMACHAL PRADESH PUBLIC WORKS DEPARTMENT BILASPUR,SHIVALIK CONSTRUCTION COMPANY,1331600.0,1160619.0,3,7.020833333333333,RF-6,15,MEDIUM_RISK,MEDIUM (10L-50L),HIMACHAL_PRADESH
2017_HPIPH_17890_1,HIMACHAL PRADESH,EXECUTIVE ENGINEER,BALRAJ,2310579.0,1349728.0,3,19.67708333333333,"RF-5, RF-6",35,HIGH_RISK,MEDIUM (10L-50L),HIMACHAL_PRADESH
2017_UDDHP_17919_1,HIMACHAL PRADESH,EXECUTIVE ENGINEER DMC,ASHOK KUMAR,5613849.0,2163541.0,2,15.75,"RF-5, RF-6",35,HIGH_RISK,LARGE (50L-5Cr),HIMACHAL_PRADESH
2017_UDDHP_14897_1,HIMACHAL PRADESH,EXECUTIVE OFFICER MC SOLAN,ANIL CHAUHAN,1115688.0,934600.0,4,6.041666666666667,"RF-4, RF-6",30,HIGH_RISK,MEDIUM (10L-50L),HIMACHAL_PRADESH
CEN-CE-2021-01192,CENTRAL,NHAI HIGHWAYS,SHARMA ENGINEERING WORKS,21396127.17,18605327.97,4,4.0,"RF-4, RF-6",30,HIGH_RISK,LARGE (50L-5Cr),CENTRAL_CPPP
2019_PWD_26098_15,HIMACHAL PRADESH,EXECUTIVE ENGINEER,VIRENDER PRASHAD SHARMA,1658944.0,1288404.0,1,14.96527777777778,"RF-1, RF-6",40,HIGH_RISK,MEDIUM (10L-50L),HIMACHAL_PRADESH
KAR-KA-2021-01228,KARNATAKA,KARNATAKA PUBLIC WORKS PORTS INLAND WATER,ZENITH INFRASTRUCTURE PROJECTS,6671839.92,4942103.64,1,14.0,"RF-1, RF-5, RF-6",60,HIGH_RISK,LARGE (50L-5Cr),KARNATAKA
KAR-KA-2021-01247,KARNATAKA,BANGALORE METRO RAIL CORP,PNC INFRATECH LIMITED,225862380.65,167305467.15,2,30.0,"RF-5, RF-6",35,HIGH_RISK,MEGA (>5Cr),KARNATAKA
2018_PWD_19648_7,HIMACHAL PRADESH,EXECUTIVE ENGINEER CHAMBA DIVISION HIMACHAL PRADESH PUBLIC WORKS DEPARTMENT CHAMBA,SAHAB SINGH THAKUR,1725349.0,1310722.0,2,18.67013888888889,"RF-5, RF-6",35,HIGH_RISK,MEDIUM (10L-50L),HIMACHAL_PRADESH
2017_HPIPH_14475_1,HIMACHAL PRADESH,EXECUTIVE ENGINEER,M S PARDEEP SUBLAIK,2306588.0,1757235.0,2,25.77083333333333,"RF-5, RF-6",35,HIGH_RISK,MEDIUM (10L-50L),HIMACHAL_PRADESH
2017_PWD_18953_1,HIMACHAL PRADESH,EXECUTIVE ENGINEER PUBLIC WORKS DEPARTMENT PAONTA SAHIB,DARSHAN SINGH,186711.0,166079.0,3,20.166666666666668,NONE,0,LOW_RISK,SMALL (<10L),HIMACHAL_PRADESH
MAH-MA-2021-01113,MAHARASHTRA,PUBLIC HEALTH DEPT MUMBAI,TATA PROJECTS LIMITED,75006866.44,55560641.81,1,21.0,"RF-1, RF-5, RF-6",60,HIGH_RISK,MEGA (>5Cr),MAHARASHTRA
KAR-KA-2021-01171,KARNATAKA,BANGALORE METRO RAIL CORP,GUPTA AND SONS CONTRACTOR,5375380.84,4977204.48,2,4.0,"RF-4, RF-6",30,HIGH_RISK,LARGE (50L-5Cr),KARNATAKA
MAH-MA-2021-01056,MAHARASHTRA,MSEDCL POWER DISTRIBUTION,BHARAT DIAGNOSTIC SYSTEMS,2439269.4,2771897.04,1,30.0,"RF-1, RF-6",40,HIGH_RISK,MEDIUM (10L-50L),MAHARASHTRA
CEN-CE-2021-01140,CENTRAL,NHAI HIGHWAYS,SHREE BALAJI ENTERPRISE,5699525.67,4956109.28,4,30.0,RF-6,15,MEDIUM_RISK,LARGE (50L-5Cr),CENTRAL_CPPP
2017_UDDHP_18136_1,HIMACHAL PRADESH,EXECUTIVE OFFICER MC SOLAN,SUBHASH CHAND RANA,374088.0,215700.0,3,10.25,"RF-5, RF-6",35,HIGH_RISK,SMALL (<10L),HIMACHAL_PRADESH
CEN-CE-2021-01080,CENTRAL,MINISTRY OF HEALTH FAMILY WELFARE,NCC LIMITED INFRASTRUCTURE,182916874.34,159058151.6,1,6.0,"RF-1, RF-4, RF-6",55,HIGH_RISK,MEGA (>5Cr),CENTRAL_CPPP
2017_HPIPH_17632_1,HIMACHAL PRADESH,EXECUTIVE ENGINEER IRRIGATION AND PUBLIC HEALTH DIVISION BARSAR,GOVIND CONTRACTOR PRIVATE LIMITED,329384.0,387483.0,6,6.9375,"RF-4, RF-6",30,HIGH_RISK,SMALL (<10L),HIMACHAL_PRADESH
2018_FDC_19563_1,HIMACHAL PRADESH,DIVISIONAL MANAGER,KARTAR SINGH,603225.0,402176.0,1,5.041666666666667,"RF-1, RF-4, RF-5, RF-6",75,HIGH_RISK,SMALL (<10L),HIMACHAL_PRADESH
2017_MC_15851_1,HIMACHAL PRADESH,EXCEUTIVE ENGINEER,KIRPA RAM,1149670.0,1112344.0,5,22.041666666666668,NONE,0,LOW_RISK,MEDIUM (10L-50L),HIMACHAL_PRADESH
2017_UDDHP_18116_1,HIMACHAL PRADESH,EXECUTIVE OFFICER MC SOLAN,VIVEK DOBHAL,361872.0,230902.0,3,11.25,"RF-5, RF-6",35,HIGH_RISK,SMALL (<10L),HIMACHAL_PRADESH
2018_UDDHP_19114_1,HIMACHAL PRADESH,EXECUTIVE OFFICER MC SOLAN,SHUBHAM ACQUALINK INDIA PRIVATE LIMITED,1493332.0,983560.0,1,9.333333333333334,"RF-1, RF-5",45,HIGH_RISK,MEDIUM (10L-50L),HIMACHAL_PRADESH
2018_PWD_20276_1,HIMACHAL PRADESH,EXECUTIVE ENGINEER,G P ACHARYA,1751815.0,1276999.0,3,11.958333333333334,"RF-5, RF-6",35,HIGH_RISK,MEDIUM (10L-50L),HIMACHAL_PRADESH
2018_PWD_21966_1,HIMACHAL PRADESH,EXECUTIVE ENGINEER B AND R SOLAN,SUMAN SHARMA,926064.0,775771.0,5,6.659722222222222,"RF-4, RF-6",30,HIGH_RISK,SMALL (<10L),HIMACHAL_PRADESH
2017_UDDHP_17267_1-109,HIMACHAL PRADESH,EXECUTIVE ENGINEER,SUNIL KUMAR CHANDEL,969208.0,627319.0,2,11.75,"RF-5, RF-6",35,HIGH_RISK,SMALL (<10L),HIMACHAL_PRADESH
2017_UDDHP_17628_1,HIMACHAL PRADESH,EXECUTIVE OFFICER MC SOLAN,BHUPENDER SINGH THAKUR,787500.0,496212.0,11,7.25,"RF-5, RF-6",35,HIGH_RISK,SMALL (<10L),HIMACHAL_PRADESH
2017_HPIPH_16403_1,HIMACHAL PRADESH,EXECUTIVE ENGINEER IRRIGATION AND PUBLIC HEALTH DIVISION NOHRADHAR,SURJEET SINGH THAKUR,2741716.0,1274423.0,4,5.833333333333333,"RF-4, RF-5",35,HIGH_RISK,MEDIUM (10L-50L),HIMACHAL_PRADESH
2017_HPIPH_17505_5,HIMACHAL PRADESH,EXECUTIVE ENGINEER,AMIN CHAND DOGRA,2300000.0,2049639.0,6,15.291666666666666,NONE,0,LOW_RISK,MEDIUM (10L-50L),HIMACHAL_PRADESH
2016_MC_10913_1,HIMACHAL PRADESH,EXECUTIVE ENGINEEER,AJAY,4100309.0,3117712.0,4,18.89583333333333,"RF-5, RF-6",35,HIGH_RISK,MEDIUM (10L-50L),HIMACHAL_PRADESH
2017_PWD_17504_1,HIMACHAL PRADESH,EXECUTIVE ENGINEER ELECTRICAL,KALRA HARDWARE AND ELECTRIC STORE,1764305.0,1826799.0,1,29.729166666666668,"RF-1, RF-6",40,HIGH_RISK,MEDIUM (10L-50L),HIMACHAL_PRADESH
2017_PWD_17147_7,HIMACHAL PRADESH,EXECUTIVE ENGINEER,SANDEEP SINGH,578963.0,692428.0,8,21.041666666666668,RF-6,15,MEDIUM_RISK,SMALL (<10L),HIMACHAL_PRADESH
2018_HPIPH_21234_1,HIMACHAL PRADESH,EXECUTIVE ENGINEER,ANKUSH CHAUDHARY,4550922.0,3995563.0,4,18.291666666666668,RF-3,20,MEDIUM_RISK,MEDIUM (10L-50L),HIMACHAL_PRADESH
MAH-MA-2021-01091,MAHARASHTRA,MAHARASHTRA PUBLIC WORKS DEPARTMENT,ZENITH INFRASTRUCTURE PROJECTS,4725765.6,4974490.1,2,6.0,"RF-3, RF-4, RF-6",50,HIGH_RISK,MEDIUM (10L-50L),MAHARASHTRA
MAH-MA-2021-01005,MAHARASHTRA,PUBLIC HEALTH DEPT MUMBAI,ZENITH INFRASTRUCTURE PROJECTS,449145607.16,332700449.75,2,14.0,"RF-5, RF-6",35,HIGH_RISK,MEGA (>5Cr),MAHARASHTRA
CEN-CE-2021-01212,CENTRAL,INDIAN RAILWAYS,BHARAT DIAGNOSTIC SYSTEMS,271892480.71,201401837.56,1,6.0,"RF-1, RF-4, RF-5, RF-6",75,HIGH_RISK,MEGA (>5Cr),CENTRAL_CPPP
CEN-CE-2021-01248,CENTRAL,DEFENCE RESEARCH DEVELOPMENT ORG,TATA PROJECTS LIMITED,1305299.38,1373999.35,2,21.0,RF-6,15,MEDIUM_RISK,MEDIUM (10L-50L),CENTRAL_CPPP
2017_PWD_16357_1,HIMACHAL PRADESH,EXECUTIVE ENGINEER BILASPUR DIVISION NO 2 HIMACHAL PRADESH PUBLIC WORKS DEPARTMENT BILASPUR,SHIVALIK CONSTRUCTION COMPANY,1227518.0,1160619.0,5,6.729166666666667,"RF-4, RF-6",30,HIGH_RISK,MEDIUM (10L-50L),HIMACHAL_PRADESH
MAH-MA-2021-01045,MAHARASHTRA,PUBLIC HEALTH DEPT MUMBAI,AHLUWALIA CONTRACTS INDIA LIMITED,160684408.29,139725572.43,1,6.0,"RF-1, RF-4, RF-6",55,HIGH_RISK,MEGA (>5Cr),MAHARASHTRA
MAH-MA-2021-01197,MAHARASHTRA,WATER RESOURCES DEPARTMENT MAHARASHTRA,GUPTA AND SONS CONTRACTOR,4999213.32,4901189.53,3,21.0,"RF-3, RF-6",35,HIGH_RISK,MEDIUM (10L-50L),MAHARASHTRA
UTT-UT-2021-01115,UTTAR PRADESH,UTTAR PRADESH PUBLIC WORKS DEPARTMENT,KNR CONSTRUCTION,237289372.62,206338584.88,2,14.0,NONE,0,LOW_RISK,MEGA (>5Cr),UTTAR_PRADESH
CEN-CE-2021-01220,CENTRAL,MINISTRY OF HEALTH FAMILY WELFARE,APEX MEDITECH SOLUTIONS,17328385.4,15068161.22,1,14.0,"RF-1, RF-6",40,HIGH_RISK,LARGE (50L-5Cr),CENTRAL_CPPP
KAR-KA-2021-01030,KARNATAKA,KARNATAKA RURAL INFRASTRUCTURE,DILIP BUILDCON LIMITED,177667465.82,131605530.23,2,14.0,"RF-5, RF-6",35,HIGH_RISK,MEGA (>5Cr),KARNATAKA
UTT-UT-2021-01154,UTTAR PRADESH,MEDICAL HEALTH FAMILY WELFARE LUCKNOW,LARSEN AND TOUBRO CONSTRUCTION,11856363.76,13473140.64,5,4.0,"RF-4, RF-6",30,HIGH_RISK,LARGE (50L-5Cr),UTTAR_PRADESH
CEN-CE-2021-01048,CENTRAL,MINISTRY OF HEALTH FAMILY WELFARE,ZENITH INFRASTRUCTURE PROJECTS,5064356.04,4965054.94,4,4.0,"RF-4, RF-6",30,HIGH_RISK,LARGE (50L-5Cr),CENTRAL_CPPP
CEN-CE-2021-01296,CENTRAL,DEFENCE RESEARCH DEVELOPMENT ORG,NCC LIMITED INFRASTRUCTURE,1620068.22,1200050.53,1,6.0,"RF-1, RF-4, RF-5, RF-6",75,HIGH_RISK,MEDIUM (10L-50L),CENTRAL_CPPP
RAJ-RA-2021-01086,RAJASTHAN,RAJASTHAN PUBLIC WORKS DEPARTMENT,LARSEN AND TOUBRO CONSTRUCTION,5299008.24,4906489.11,4,6.0,"RF-4, RF-6",30,HIGH_RISK,LARGE (50L-5Cr),RAJASTHAN
MAH-MA-2021-01196,MAHARASHTRA,WATER RESOURCES DEPARTMENT MAHARASHTRA,AFCONS INFRASTRUCTURE LIMITED,6650517.63,4926309.35,4,6.0,"RF-4, RF-5, RF-6",50,HIGH_RISK,LARGE (50L-5Cr),MAHARASHTRA
UTT-UT-2021-01192,UTTAR PRADESH,UTTAR PRADESH PUBLIC WORKS DEPARTMENT,LARSEN AND TOUBRO CONSTRUCTION,217174768.58,246789509.75,4,21.0,RF-6,15,MEDIUM_RISK,MEGA (>5Cr),UTTAR_PRADESH
2019_HPIPH_29426_1,HIMACHAL PRADESH,EXECUTIVE ENGINEER,VINOD KUMAR,6384077.0,3871054.0,4,33.75,"RF-5, RF-6",35,HIGH_RISK,LARGE (50L-5Cr),HIMACHAL_PRADESH
2018_HPIPH_21426_1,HIMACHAL PRADESH,EXECUTIVE ENGINEER IRRIGATION AND PUBLIC HEALTH DIVISION THURAL,RAMESH PARIHAR,1759922.1,1253598.0,2,30.0,"RF-5, RF-6",35,HIGH_RISK,MEDIUM (10L-50L),HIMACHAL_PRADESH
2017_HPSED_17276_1,HIMACHAL PRADESH,MANAGING DIRECTOR,CORPORATE INFOTECH PRIVATE LIMITED,174216852.0,180000000.0,3,15.020833333333334,NONE,0,LOW_RISK,MEGA (>5Cr),HIMACHAL_PRADESH
2019_HPIPH_29985_1,HIMACHAL PRADESH,EXECUTIVE ENGINEER IRRIGATION AND PUBLIC HEALTH DIVN NO 1 UNA HP,ABHISHEK KHAJANCHI,443674.0,530032.0,2,14.291666666666666,NONE,0,LOW_RISK,SMALL (<10L),HIMACHAL_PRADESH
CEN-CE-2021-01012,CENTRAL,INDIAN RAILWAYS,BHARAT DIAGNOSTIC SYSTEMS,15440372.58,14296641.28,8,6.0,"RF-4, RF-6",30,HIGH_RISK,LARGE (50L-5Cr),CENTRAL_CPPP
2020_HPIPH_37667_1-3534,HIMACHAL PRADESH,EXECUTIVE ENGINEER,SATISH KUMAR GOVERNMENT CONTRACTOR,829557.0,829557.0,3,15.75,RF-6,15,MEDIUM_RISK,SMALL (<10L),HIMACHAL_PRADESH
2016_HPIPH_10924_1,HIMACHAL PRADESH,EXECUTIVE ENGINEER,SURENDAR HANSRETTA,1402000.0,960000.0,1,12.75,"RF-1, RF-5, RF-6",60,HIGH_RISK,MEDIUM (10L-50L),HIMACHAL_PRADESH
2017_PWD_16356_1,HIMACHAL PRADESH,EXECUTIVE ENGINEER BILASPUR DIVISION NO 2 HIMACHAL PRADESH PUBLIC WORKS DEPARTMENT BILASPUR,SS CONSTRUCTION COMPANY,3096978.0,2901547.0,5,6.729166666666667,"RF-4, RF-6",30,HIGH_RISK,MEDIUM (10L-50L),HIMACHAL_PRADESH
2020_HPIPH_37667_1,HIMACHAL PRADESH,EXECUTIVE ENGINEER,MOHIT KAUSHAL,1412439.0,829557.0,3,15.75,"RF-5, RF-6",35,HIGH_RISK,MEDIUM (10L-50L),HIMACHAL_PRADESH
CEN-CE-2021-01185,CENTRAL,CENTRAL PUBLIC WORKS DEPARTMENT,VANGUARD POWER SERVICES,10364028.28,9012198.5,4,6.0,"RF-4, RF-6",30,HIGH_RISK,LARGE (50L-5Cr),CENTRAL_CPPP
UTT-UT-2021-01177,UTTAR PRADESH,UP STATE HIGHWAY AUTHORITY,GUPTA AND SONS CONTRACTOR,64906833.93,60098920.31,4,6.0,"RF-4, RF-6",30,HIGH_RISK,MEGA (>5Cr),UTTAR_PRADESH
UTT-UT-2021-01055,UTTAR PRADESH,NOIDA INDUSTRIAL DEVELOPMENT AUTH,LARSEN AND TOUBRO CONSTRUCTION,120957614.49,89598232.96,3,4.0,"RF-4, RF-5, RF-6",50,HIGH_RISK,MEGA (>5Cr),UTTAR_PRADESH
2017_HPIPH_17630_1-3817,HIMACHAL PRADESH,EEIPH DIVISION BARSAR,SHARMA INTERPRISES,291878.75,344844.0,4,6.958333333333333,RF-4,15,MEDIUM_RISK,SMALL (<10L),HIMACHAL_PRADESH
2018_HPIPH_25420_1,HIMACHAL PRADESH,EXECUTIVE ENGINEER,KARAM CHAND,800584.0,775633.0,2,13.708333333333334,NONE,0,LOW_RISK,SMALL (<10L),HIMACHAL_PRADESH
KAR-KA-2021-01200,KARNATAKA,BANGALORE METRO RAIL CORP,PNC INFRATECH LIMITED,17751526.67,17403457.52,1,4.0,"RF-1, RF-4, RF-6",55,HIGH_RISK,LARGE (50L-5Cr),KARNATAKA
UTT-UT-2021-01061,UTTAR PRADESH,UTTAR PRADESH JAL NIGAM,SHREE BALAJI ENTERPRISE,12923427.84,9572909.51,2,6.0,"RF-4, RF-5, RF-6",50,HIGH_RISK,LARGE (50L-5Cr),UTTAR_PRADESH
2018_HPIPH_20709_1,HIMACHAL PRADESH,EXECUTIVE ENGINEER IRRIGATION AND PUBLIC HEALTH DIVISION CHAMBA,SURAJ RANA,2157586.0,1722706.0,4,15.270833333333334,NONE,0,LOW_RISK,MEDIUM (10L-50L),HIMACHAL_PRADESH
2018_HIMUD_19932_1,HIMACHAL PRADESH,E E HIMUDA MANDI,ASHIT THAKUR,5856756.26,4355949.0,8,20.27083333333333,RF-5,20,MEDIUM_RISK,LARGE (50L-5Cr),HIMACHAL_PRADESH
2019_PWD_27880_1,HIMACHAL PRADESH,EXECUTIVE ENGINEER HAMIRPUR,DINESH THAKUR,8470840.0,6716694.0,1,6.6875,"RF-1, RF-4",40,HIGH_RISK,LARGE (50L-5Cr),HIMACHAL_PRADESH
CEN-CE-2021-01242,CENTRAL,CENTRAL PUBLIC WORKS DEPARTMENT,DILIP BUILDCON LIMITED,24414521.09,18084830.44,4,14.0,"RF-5, RF-6",35,HIGH_RISK,LARGE (50L-5Cr),CENTRAL_CPPP
2017_UDDHP_15561_1,HIMACHAL PRADESH,EXECUTIVE OFFICER MC SOLAN,SUBHASH CHAND RANA,492907.0,250978.0,2,8.083333333333334,"RF-5, RF-6",35,HIGH_RISK,SMALL (<10L),HIMACHAL_PRADESH
RAJ-RA-2021-01036,RAJASTHAN,RAJASTHAN RAJYA VIDYUT PRASARAN,LARSEN AND TOUBRO CONSTRUCTION,18056430.2,19006768.63,4,4.0,"RF-4, RF-6",30,HIGH_RISK,LARGE (50L-5Cr),RAJASTHAN
MAH-MA-2021-01232,MAHARASHTRA,MAHARASHTRA PUBLIC WORKS DEPARTMENT,APEX MEDITECH SOLUTIONS,5007708.05,4909517.7,1,14.0,"RF-1, RF-6",40,HIGH_RISK,LARGE (50L-5Cr),MAHARASHTRA
KAR-KA-2021-01206,KARNATAKA,HEALTH FAMILY WELFARE KARNATAKA,AHLUWALIA CONTRACTS INDIA LIMITED,224065170.91,219671736.18,4,6.0,RF-4,15,MEDIUM_RISK,MEGA (>5Cr),KARNATAKA
UTT-UT-2021-01137,UTTAR PRADESH,UTTAR PRADESH JAL NIGAM,VANGUARD POWER SERVICES,190976462.66,141464046.41,3,21.0,"RF-5, RF-6",35,HIGH_RISK,MEGA (>5Cr),UTTAR_PRADESH
2018_YSPU_19144_1,HIMACHAL PRADESH,EXECUTIVE ENGINEER,RAVINDER KUMAR,1723864.0,1300255.0,4,19.70833333333333,"RF-5, RF-6",35,HIGH_RISK,MEDIUM (10L-50L),HIMACHAL_PRADESH
2018_HPIPH_21938_1,HIMACHAL PRADESH,EXECUTIVE ENGINEER,VIJAY KUMAR,18422513.0,9459009.0,4,21.77083333333333,"RF-5, RF-6",35,HIGH_RISK,LARGE (50L-5Cr),HIMACHAL_PRADESH
RAJ-RA-2021-01042,RAJASTHAN,RAJASTHAN RAJYA VIDYUT PRASARAN,DILIP BUILDCON LIMITED,6690102.23,4955631.28,3,14.0,"RF-5, RF-6",35,HIGH_RISK,LARGE (50L-5Cr),RAJASTHAN
CEN-CE-2021-01082,CENTRAL,MINISTRY OF HEALTH FAMILY WELFARE,PNC INFRATECH LIMITED,4376172.12,4972922.86,1,30.0,"RF-1, RF-6",40,HIGH_RISK,MEDIUM (10L-50L),CENTRAL_CPPP
2018_PWD_19300_5,HIMACHAL PRADESH,EXECUTIVE ENGINEER PUBLIC WORKS DEPARTMENT SHILLAI,DROPTI SHARMA,1193540.0,1412189.0,15,23.08333333333333,NONE,0,LOW_RISK,MEDIUM (10L-50L),HIMACHAL_PRADESH
2017_PWD_15502_6,HIMACHAL PRADESH,EXECUTIVE ENGINEER DHAMI,LOV VIJ GOVERNMENT CONTRACTOR,2534997.0,2074631.0,2,10.989583333333334,NONE,0,LOW_RISK,MEDIUM (10L-50L),HIMACHAL_PRADESH
RAJ-RA-2021-01156,RAJASTHAN,RAJASTHAN PUBLIC WORKS DEPARTMENT,SHREE BALAJI ENTERPRISE,5072985.08,4973514.78,1,6.0,"RF-1, RF-4, RF-6",55,HIGH_RISK,LARGE (50L-5Cr),RAJASTHAN
2018_PWD_20063_2,HIMACHAL PRADESH,EXECUTIVE ENGINEER TISSA DIVISION HIMACHAL PRADESH PUBLIC WORKS DEPARTMENT TISSA,D S THAKUR,1954548.0,1481084.0,2,17.041666666666668,"RF-5, RF-6",35,HIGH_RISK,MEDIUM (10L-50L),HIMACHAL_PRADESH
2018_BBNDA_19112_1,HIMACHAL PRADESH,EXECUTIVE ENGINEER BBNDA BADDI,GURMEET SINGH,3647279.0,2653348.0,6,16.0625,"RF-5, RF-6",35,HIGH_RISK,MEDIUM (10L-50L),HIMACHAL_PRADESH
UTT-UT-2021-01112,UTTAR PRADESH,UP STATE HIGHWAY AUTHORITY,GUPTA AND SONS CONTRACTOR,14289467.45,16238031.2,1,30.0,"RF-1, RF-6",40,HIGH_RISK,LARGE (50L-5Cr),UTTAR_PRADESH
2017_UDDHP_18320_1,HIMACHAL PRADESH,EXECUTIVE OFFICER MC SOLAN,ANIL CHAUHAN,467700.0,300000.0,3,5.333333333333333,"RF-4, RF-5, RF-6",50,HIGH_RISK,SMALL (<10L),HIMACHAL_PRADESH
CEN-CE-2021-01183,CENTRAL,NHAI HIGHWAYS,TATA PROJECTS LIMITED,20449933.9,21526246.21,3,6.0,"RF-4, RF-6",30,HIGH_RISK,LARGE (50L-5Cr),CENTRAL_CPPP
2017_PWD_18259_1,HIMACHAL PRADESH,EXECUTIVE ENGINEER,ASHWANI KUMAR,801000.0,523970.0,26,8.125,"RF-5, RF-6",35,HIGH_RISK,SMALL (<10L),HIMACHAL_PRADESH
RAJ-RA-2021-01060,RAJASTHAN,MEDICAL HEALTH SERVICES JAIPUR,KNR CONSTRUCTION,13324169.79,9869755.4,2,21.0,"RF-5, RF-6",35,HIGH_RISK,LARGE (50L-5Cr),RAJASTHAN
2018_HPIPH_19536_1-3200,HIMACHAL PRADESH,EXECUTIVE ENGINEER IRRIGATION AND PUBLIC HEALTH DIVISION BARSAR,AJAY KUMAR GOVERNMENT CONTRACTOR,6912090.99,4923597.0,6,14.125,"RF-5, RF-6",35,HIGH_RISK,LARGE (50L-5Cr),HIMACHAL_PRADESH
2018_PWD_19997_2,HIMACHAL PRADESH,EXECUTIVE ENGINEER JUBBAL,AJAY KUMAR SAUHTA,3981714.0,2977295.0,1,9.208333333333334,"RF-1, RF-5",45,HIGH_RISK,MEDIUM (10L-50L),HIMACHAL_PRADESH
2018_FDC_19129_1,HIMACHAL PRADESH,DIVISIONAL MANAGER,CHAWLA TIN STORE,234850.0,213500.0,1,17.166666666666668,"RF-1, RF-6",40,HIGH_RISK,SMALL (<10L),HIMACHAL_PRADESH
2019_PWD_27063_1,HIMACHAL PRADESH,EXECUTIVE ENGNEER,ISHAN THAKUR,1134375.0,710861.0,5,6.375,"RF-4, RF-5",35,HIGH_RISK,MEDIUM (10L-50L),HIMACHAL_PRADESH
RAJ-RA-2021-01081,RAJASTHAN,MEDICAL HEALTH SERVICES JAIPUR,PNC INFRATECH LIMITED,897234.71,780204.1,2,4.0,"RF-4, RF-6",30,HIGH_RISK,SMALL (<10L),RAJASTHAN
2017_PWD_14945_1,HIMACHAL PRADESH,EXECUTIVE ENGINEER,VB CONST COMPANY,20373001.0,15129417.0,3,21.02083333333333,"RF-5, RF-6",35,HIGH_RISK,LARGE (50L-5Cr),HIMACHAL_PRADESH
2017_HPIPH_14476_2,HIMACHAL PRADESH,EXECUTIVE ENGINEER,M S SHARMA ENTERPIRSES,899227.0,1008999.0,3,5.75,"RF-4, RF-6",30,HIGH_RISK,SMALL (<10L),HIMACHAL_PRADESH
2017_PWD_15684_2,HIMACHAL PRADESH,EXECUTIVE ENGINEER CHAMBA DIVISION HIMACHAL PRADESH PUBLIC WORKS DEPARTMENT CHAMBA,SAHAB SINGH THAKUR,2071377.0,1581788.0,2,18.70833333333333,"RF-5, RF-6",35,HIGH_RISK,MEDIUM (10L-50L),HIMACHAL_PRADESH
2017_PWD_17152_1,HIMACHAL PRADESH,EXECUTIVE ENGINEER,SURESH KUMAR,1883818.0,1424893.0,4,20.83333333333333,"RF-5, RF-6",35,HIGH_RISK,MEDIUM (10L-50L),HIMACHAL_PRADESH
2017_PWD_15646_2,HIMACHAL PRADESH,EXECUTIVE ENGINEER PUBLIC WORKS DEPARTMENT PAONTA SAHIB,HEMANT SHARMA,1479629.0,1567395.0,8,11.92013888888889,RF-6,15,MEDIUM_RISK,MEDIUM (10L-50L),HIMACHAL_PRADESH
2018_PWD_19347_1,HIMACHAL PRADESH,EXECUTIVE ENGINEER KASAULI DIVISION,HANS RAJ,1705896.0,1406598.0,6,20.20833333333333,NONE,0,LOW_RISK,MEDIUM (10L-50L),HIMACHAL_PRADESH
2018_HPIPH_24165_1,HIMACHAL PRADESH,EXECUTIVE ENGINEER,UNIPRO TECHNO INFRASTRUCTURE PRIVATE LIMITED,63333974.0,39496354.0,3,16.0,"RF-5, RF-6",35,HIGH_RISK,MEGA (>5Cr),HIMACHAL_PRADESH
2018_HPIPH_23787_1,HIMACHAL PRADESH,EXECUTIVE ENGINEER RAMPUR,KAILASH THAKUR,17553646.2,12797802.0,3,15.333333333333334,RF-5,20,MEDIUM_RISK,LARGE (50L-5Cr),HIMACHAL_PRADESH
2017_PWD_15597_1-4152,HIMACHAL PRADESH,EXECUTIVE ENGINEER MANDI DIVISION NO 2 HIMACHAL PRADESH PUBLIC WORKS DEPARTMENT MANDI,CHAMAN LAL SHARMA,2150850.0,2311192.0,4,6.6875,"RF-4, RF-6",30,HIGH_RISK,MEDIUM (10L-50L),HIMACHAL_PRADESH
RAJ-RA-2021-01046,RAJASTHAN,RAJASTHAN PUBLIC WORKS DEPARTMENT,SHREE BALAJI ENTERPRISE,5349743.08,4953465.81,3,6.0,"RF-4, RF-6",30,HIGH_RISK,LARGE (50L-5Cr),RAJASTHAN
2019_HPIPH_29124_1,HIMACHAL PRADESH,EXECUTIVE ENGINEER,SANJEEV KUMAR,2572024.0,2626811.0,5,13.75,RF-6,15,MEDIUM_RISK,MEDIUM (10L-50L),HIMACHAL_PRADESH
MAH-MA-2021-01059,MAHARASHTRA,PUBLIC HEALTH DEPT MUMBAI,AHLUWALIA CONTRACTS INDIA LIMITED,304367482.75,264667376.3,3,6.0,"RF-4, RF-6",30,HIGH_RISK,MEGA (>5Cr),MAHARASHTRA
MAH-MA-2021-01017,MAHARASHTRA,MAHARASHTRA PUBLIC WORKS DEPARTMENT,VANGUARD POWER SERVICES,4178619.35,3095273.59,3,6.0,"RF-4, RF-5, RF-6",50,HIGH_RISK,MEDIUM (10L-50L),MAHARASHTRA
2017_PWD_14678_1,HIMACHAL PRADESH,STORE PURCHASE OFFICER,APARNAEXPLOSIVES,112027.0,43200000.0,4,36.72916666666666,NONE,0,LOW_RISK,SMALL (<10L),HIMACHAL_PRADESH
MAH-MA-2021-01086,MAHARASHTRA,PUBLIC HEALTH DEPT MUMBAI,AFCONS INFRASTRUCTURE LIMITED,12744381.53,12494491.7,3,4.0,"RF-4, RF-6",30,HIGH_RISK,LARGE (50L-5Cr),MAHARASHTRA
CEN-CE-2021-01338,CENTRAL,CENTRAL PUBLIC WORKS DEPARTMENT,BHARAT DIAGNOSTIC SYSTEMS,27557851.99,20413223.7,1,4.0,"RF-1, RF-4, RF-5",60,HIGH_RISK,LARGE (50L-5Cr),CENTRAL_CPPP
2018_HPIPH_19010_1,HIMACHAL PRADESH,EXECUTIVE ENGINEER,RAJINDER SINGH,3006909.0,2018459.0,3,15.791666666666666,"RF-5, RF-6",35,HIGH_RISK,MEDIUM (10L-50L),HIMACHAL_PRADESH
RAJ-RA-2021-01071,RAJASTHAN,RAJASTHAN RAJYA VIDYUT PRASARAN,ZENITH INFRASTRUCTURE PROJECTS,2311095.85,2265780.25,1,30.0,"RF-1, RF-6",40,HIGH_RISK,MEDIUM (10L-50L),RAJASTHAN
2017_HCoHP_18830_1,HIMACHAL PRADESH,REGISTRAR GENERAL,GSV SYSTEMS LLP,7400.0,441200.0,1,14.020833333333334,"RF-1, RF-2, RF-6",65,HIGH_RISK,SMALL (<10L),HIMACHAL_PRADESH
2017_PWD_15308_1,HIMACHAL PRADESH,EXECUTIVE ENGINEER,RAJINDER RANA,1497600.0,1322848.0,2,13.1875,RF-6,15,MEDIUM_RISK,MEDIUM (10L-50L),HIMACHAL_PRADESH
MAH-MA-2021-01142,MAHARASHTRA,WATER RESOURCES DEPARTMENT MAHARASHTRA,SHARMA ENGINEERING WORKS,6719391.46,4977327.01,3,14.0,"RF-5, RF-6",35,HIGH_RISK,LARGE (50L-5Cr),MAHARASHTRA
RAJ-RA-2021-01188,RAJASTHAN,PUBLIC HEALTH ENGINEERING DEPT RAJASTHAN,KNR CONSTRUCTION,148729889.94,145813617.59,4,6.0,"RF-4, RF-6",30,HIGH_RISK,MEGA (>5Cr),RAJASTHAN
2017_PWD_16778_1,HIMACHAL PRADESH,EXECUTIVE ENGINEER,RAVI DUTT CONTRACTOR,682058.0,513249.0,12,7.854166666666667,"RF-5, RF-6",35,HIGH_RISK,SMALL (<10L),HIMACHAL_PRADESH
2017_PWD_16762_2,HIMACHAL PRADESH,EXECUTIVE ENGINEER CHAMBA DIVISION HIMACHAL PRADESH PUBLIC WORKS DEPARTMENT CHAMBA,NADEEM ALI SHAH,159000.0,220000.0,2,19.70833333333333,NONE,0,LOW_RISK,SMALL (<10L),HIMACHAL_PRADESH
2016_HPIPH_13977_1,HIMACHAL PRADESH,EXECUTIVE ENGINEER,M S SHARMA ENTERPIRSES,1667200.0,1484126.0,3,21.916666666666668,RF-6,15,MEDIUM_RISK,MEDIUM (10L-50L),HIMACHAL_PRADESH
KAR-KA-2021-01201,KARNATAKA,BRUHAT BENGALURU MAHANAGARA PALIKE BBMP,TATA PROJECTS LIMITED,1653271.81,1878717.97,1,14.0,"RF-1, RF-6",40,HIGH_RISK,MEDIUM (10L-50L),KARNATAKA
RAJ-RA-2021-01219,RAJASTHAN,RAJASTHAN PUBLIC WORKS DEPARTMENT,APEX MEDITECH SOLUTIONS,6638308.13,4917265.28,3,14.0,"RF-5, RF-6",35,HIGH_RISK,LARGE (50L-5Cr),RAJASTHAN
2019_HPIPH_32001_1,HIMACHAL PRADESH,EXECUTIVE ENGINEER,MOHIT KAUSHAL,1902677.0,1176246.0,8,15.75,"RF-5, RF-6",35,HIGH_RISK,MEDIUM (10L-50L),HIMACHAL_PRADESH
RAJ-RA-2021-01093,RAJASTHAN,MEDICAL HEALTH SERVICES JAIPUR,APEX MEDITECH SOLUTIONS,240250244.51,177963144.08,4,21.0,"RF-5, RF-6",35,HIGH_RISK,MEGA (>5Cr),RAJASTHAN
RAJ-RA-2021-01102,RAJASTHAN,MEDICAL HEALTH SERVICES JAIPUR,AHLUWALIA CONTRACTS INDIA LIMITED,437916556.55,324382634.48,2,6.0,"RF-4, RF-5",35,HIGH_RISK,MEGA (>5Cr),RAJASTHAN
UTT-UT-2021-01024,UTTAR PRADESH,NOIDA INDUSTRIAL DEVELOPMENT AUTH,BHARAT DIAGNOSTIC SYSTEMS,6656959.53,4931081.14,2,30.0,"RF-5, RF-6",35,HIGH_RISK,LARGE (50L-5Cr),UTTAR_PRADESH
UTT-UT-2021-01017,UTTAR PRADESH,NOIDA INDUSTRIAL DEVELOPMENT AUTH,TATA PROJECTS LIMITED,6700076.02,4963019.28,3,4.0,"RF-4, RF-5",35,HIGH_RISK,LARGE (50L-5Cr),UTTAR_PRADESH
2018_PWD_23380_1,HIMACHAL PRADESH,EXECUTIVE ENGINEER NH DIVISION HIMACHAL PRADESH PUBLIC WORKS DEPARTMENT NAHAN,SURYA DEV SINGH,2344771.0,1859440.0,3,25.70833333333333,NONE,0,LOW_RISK,MEDIUM (10L-50L),HIMACHAL_PRADESH
CEN-CE-2021-01347,CENTRAL,MINISTRY OF HEALTH FAMILY WELFARE,SHARMA ENGINEERING WORKS,4345870.23,4938488.9,3,4.0,"RF-4, RF-6",30,HIGH_RISK,MEDIUM (10L-50L),CENTRAL_CPPP
2018_PWD_20127_1,HIMACHAL PRADESH,EXECUTIVE ENGINEER,KULVINDER,1704966.0,1032008.0,2,12.25,"RF-5, RF-6",35,HIGH_RISK,MEDIUM (10L-50L),HIMACHAL_PRADESH
2018_FDC_19803_1,HIMACHAL PRADESH,DIVISIONAL MANAGER,KARTAR SINGH,760325.0,645229.0,1,6.75,"RF-1, RF-4, RF-6",55,HIGH_RISK,SMALL (<10L),HIMACHAL_PRADESH
2017_HPIPH_17326_1,HIMACHAL PRADESH,EXECUTIVE ENGINEER,KISHORILAL,4695995.0,4799947.0,4,20.944444444444443,"RF-3, RF-6",35,HIGH_RISK,MEDIUM (10L-50L),HIMACHAL_PRADESH
UTT-UT-2021-01040,UTTAR PRADESH,UTTAR PRADESH JAL NIGAM,SHARMA ENGINEERING WORKS,289101373.39,283432719.01,4,6.0,"RF-4, RF-6",30,HIGH_RISK,MEGA (>5Cr),UTTAR_PRADESH
UTT-UT-2021-01139,UTTAR PRADESH,NOIDA INDUSTRIAL DEVELOPMENT AUTH,SHREE BALAJI ENTERPRISE,13268470.9,12285621.21,1,14.0,"RF-1, RF-6",40,HIGH_RISK,LARGE (50L-5Cr),UTTAR_PRADESH
2017_PWD_18590_1,HIMACHAL PRADESH,EXECUTIVE ENGINEER DHAMI,MUNISH SHARMA,7718142.0,6422721.0,5,9.041666666666666,NONE,0,LOW_RISK,LARGE (50L-5Cr),HIMACHAL_PRADESH
2017_PWD_16211_1,HIMACHAL PRADESH,EXECUTIVE ENGINEER,S S CHAUHANS CONSTRUCTION PRIVATE LIMITED,1368990.0,1160240.0,1,14.802083333333334,"RF-1, RF-6",40,HIGH_RISK,MEDIUM (10L-50L),HIMACHAL_PRADESH
2017_PWD_17873_1,HIMACHAL PRADESH,EXECUTIVE ENGINEER,S S CHAUHANS CONSTRUCTION PRIVATE LIMTED,3716082.0,3259082.0,2,13.0625,RF-6,15,MEDIUM_RISK,MEDIUM (10L-50L),HIMACHAL_PRADESH
KAR-KA-2021-01208,KARNATAKA,KARNATAKA PUBLIC WORKS PORTS INLAND WATER,NCC LIMITED INFRASTRUCTURE,308294019.79,302249039.01,3,4.0,"RF-4, RF-6",30,HIGH_RISK,MEGA (>5Cr),KARNATAKA
MAH-MA-2021-01172,MAHARASHTRA,PUBLIC HEALTH DEPT MUMBAI,DILIP BUILDCON LIMITED,14905660.74,14613392.88,4,4.0,"RF-4, RF-6",30,HIGH_RISK,LARGE (50L-5Cr),MAHARASHTRA
UTT-UT-2021-01185,UTTAR PRADESH,UTTAR PRADESH PUBLIC WORKS DEPARTMENT,LARSEN AND TOUBRO CONSTRUCTION,5097884.5,4997925.98,2,4.0,"RF-4, RF-6",30,HIGH_RISK,LARGE (50L-5Cr),UTTAR_PRADESH
2018_PWD_19065_1,HIMACHAL PRADESH,EXECUTIVE ENGINEER,SUMAN SHARMA,7304930.0,6119895.0,1,25.70833333333333,"RF-1, RF-6",40,HIGH_RISK,LARGE (50L-5Cr),HIMACHAL_PRADESH
2018_HPIPH_21813_1,HIMACHAL PRADESH,EXECUTIVE ENGINEER,DOGRA CONSTRUCTION COMPANY PRIVATE LIMITED,24647051.0,20760450.0,3,19.75,RF-6,15,MEDIUM_RISK,LARGE (50L-5Cr),HIMACHAL_PRADESH
2018_HPIPH_19209_1,HIMACHAL PRADESH,EXECUTIVE ENGINEER IRRIGATION AND PUBLIC HEALTH DIVISION BARSAR,AJAY KUMAR,287500.0,894698.0,2,6.041666666666667,"RF-4, RF-6",30,HIGH_RISK,SMALL (<10L),HIMACHAL_PRADESH
MAH-MA-2021-01278,MAHARASHTRA,MSEDCL POWER DISTRIBUTION,DILIP BUILDCON LIMITED,5346069.36,3960051.38,1,21.0,"RF-1, RF-5, RF-6",60,HIGH_RISK,LARGE (50L-5Cr),MAHARASHTRA
KAR-KA-2021-01037,KARNATAKA,BRUHAT BENGALURU MAHANAGARA PALIKE BBMP,DILIP BUILDCON LIMITED,1733233.68,1699248.7,1,30.0,"RF-1, RF-6",40,HIGH_RISK,MEDIUM (10L-50L),KARNATAKA
UTT-UT-2021-01098,UTTAR PRADESH,UTTAR PRADESH JAL NIGAM,ZENITH INFRASTRUCTURE PROJECTS,359174672.42,332569141.13,1,4.0,"RF-1, RF-4",40,HIGH_RISK,MEGA (>5Cr),UTTAR_PRADESH
KAR-KA-2021-01111,KARNATAKA,KARNATAKA PUBLIC WORKS PORTS INLAND WATER,TATA PROJECTS LIMITED,3285810.59,3042417.22,1,30.0,"RF-1, RF-6",40,HIGH_RISK,MEDIUM (10L-50L),KARNATAKA
KAR-KA-2021-01204,KARNATAKA,HEALTH FAMILY WELFARE KARNATAKA,TATA PROJECTS LIMITED,6217277.98,4605391.1,2,4.0,"RF-4, RF-5, RF-6",50,HIGH_RISK,LARGE (50L-5Cr),KARNATAKA
2017_PWD_18945_2-186,HIMACHAL PRADESH,EXECUTIVE ENGINEER,M S NATIONAL CONSTRUCTION COMPANY,43644650.0,43827240.0,6,23.041666666666668,RF-6,15,MEDIUM_RISK,LARGE (50L-5Cr),HIMACHAL_PRADESH
CEN-CE-2021-01016,CENTRAL,CENTRAL PUBLIC WORKS DEPARTMENT,KNR CONSTRUCTION,5371246.22,4973376.13,4,14.0,RF-6,15,MEDIUM_RISK,LARGE (50L-5Cr),CENTRAL_CPPP
KAR-KA-2021-01166,KARNATAKA,KARNATAKA PUBLIC WORKS PORTS INLAND WATER,TATA PROJECTS LIMITED,2877379.47,2502069.11,4,6.0,"RF-4, RF-6",30,HIGH_RISK,MEDIUM (10L-50L),KARNATAKA
2017_PWD_15928_5,HIMACHAL PRADESH,EXECUTIVE ENGINEER PUBLIC WORKS DEPARTMENT SHILLAI,M S RAGHUBIR SINGH,504994.0,725813.0,6,17.083333333333332,RF-6,15,MEDIUM_RISK,SMALL (<10L),HIMACHAL_PRADESH
2017_HPIPH_17024_1-1150,HIMACHAL PRADESH,EXECUTIVE ENGINEER,THE NANDINI ENTERPRISE AND SONS,8697385.0,8697385.0,6,12.833333333333334,RF-6,15,MEDIUM_RISK,LARGE (50L-5Cr),HIMACHAL_PRADESH
KAR-KA-2021-01054,KARNATAKA,BANGALORE METRO RAIL CORP,SHARMA ENGINEERING WORKS,5397044.11,4997263.07,2,6.0,"RF-4, RF-6",30,HIGH_RISK,LARGE (50L-5Cr),KARNATAKA
CEN-CE-2021-01344,CENTRAL,CENTRAL PUBLIC WORKS DEPARTMENT,VANGUARD POWER SERVICES,6941990.4,6427768.89,4,6.0,"RF-4, RF-6",30,HIGH_RISK,LARGE (50L-5Cr),CENTRAL_CPPP
2017_HPIPH_15835_1-470,HIMACHAL PRADESH,EXECUTIVE ENGINEER IRRIGATION AND PUBLIC HEALTH DIVISION BARSAR,DOGRA CONSTRUCTION COMPANY PRIVATE LIMITED,5802860.0,3817950.0,9,21.20833333333333,"RF-5, RF-6",35,HIGH_RISK,LARGE (50L-5Cr),HIMACHAL_PRADESH
2017_UDDHP_17739_1,HIMACHAL PRADESH,EXECUTIVE OFFICER MC SOLAN,RAJESH KUMAR,607563.0,378991.0,4,6.916666666666667,"RF-4, RF-5, RF-6",50,HIGH_RISK,SMALL (<10L),HIMACHAL_PRADESH
RAJ-RA-2021-01178,RAJASTHAN,RAJASTHAN PUBLIC WORKS DEPARTMENT,APEX MEDITECH SOLUTIONS,753248.74,654998.9,1,30.0,"RF-1, RF-6",40,HIGH_RISK,SMALL (<10L),RAJASTHAN
2017_UDDHP_17049_1,HIMACHAL PRADESH,EXECUTIVE OFFICER MC SOLAN,RAMESH CHAND,302736.0,199975.0,4,6.208333333333333,"RF-4, RF-5, RF-6",50,HIGH_RISK,SMALL (<10L),HIMACHAL_PRADESH
UTT-UT-2021-01007,UTTAR PRADESH,UP STATE HIGHWAY AUTHORITY,APEX MEDITECH SOLUTIONS,6448506.84,6322065.53,2,6.0,"RF-4, RF-6",30,HIGH_RISK,LARGE (50L-5Cr),UTTAR_PRADESH
2017_PWD_16067_2,HIMACHAL PRADESH,EXECUTIVE ENGINEER HIMACHAL PRADESH PUBLIC WORKS DEPARTMENT DIVISION KALPA,M S AMIT SINGLA,1823783.0,1176694.0,1,17.11111111111111,"RF-1, RF-5",45,HIGH_RISK,MEDIUM (10L-50L),HIMACHAL_PRADESH
KAR-KA-2021-01027,KARNATAKA,KARNATAKA PUBLIC WORKS PORTS INLAND WATER,LARSEN AND TOUBRO CONSTRUCTION,15950157.64,18125179.13,1,21.0,"RF-1, RF-6",40,HIGH_RISK,LARGE (50L-5Cr),KARNATAKA
2019_HPIPH_26818_1,HIMACHAL PRADESH,EXECUTIVE ENGINEER,RAJINDER SINGH,1406020.0,1068073.0,3,19.791666666666668,"RF-5, RF-6",35,HIGH_RISK,MEDIUM (10L-50L),HIMACHAL_PRADESH
2017_PWD_17893_1,HIMACHAL PRADESH,EXECUTIVE ENGINEER,SUMAN SHARMA,2448372.0,3025592.0,5,5.708333333333333,"RF-4, RF-6",30,HIGH_RISK,MEDIUM (10L-50L),HIMACHAL_PRADESH
2017_UDDHP_18276_1,HIMACHAL PRADESH,EXECUTIVE OFFICER MC SOLAN,JEEVAN SINGH,327360.0,250000.0,4,5.333333333333333,"RF-4, RF-5, RF-6",50,HIGH_RISK,SMALL (<10L),HIMACHAL_PRADESH
RAJ-RA-2021-01076,RAJASTHAN,JAIPUR DEVELOPMENT AUTHORITY,GUPTA AND SONS CONTRACTOR,4641686.58,3438286.35,1,30.0,"RF-1, RF-3, RF-5, RF-6",80,HIGH_RISK,MEDIUM (10L-50L),RAJASTHAN
KAR-KA-2021-01098,KARNATAKA,HEALTH FAMILY WELFARE KARNATAKA,PNC INFRATECH LIMITED,4521388.82,4759356.65,5,30.0,"RF-3, RF-6",35,HIGH_RISK,MEDIUM (10L-50L),KARNATAKA
KAR-KA-2021-01064,KARNATAKA,BANGALORE METRO RAIL CORP,DILIP BUILDCON LIMITED,210615961.81,156011823.56,1,14.0,"RF-1, RF-5, RF-6",60,HIGH_RISK,MEGA (>5Cr),KARNATAKA
KAR-KA-2021-01104,KARNATAKA,KARNATAKA RURAL INFRASTRUCTURE,GUPTA AND SONS CONTRACTOR,10903003.58,8076298.95,3,6.0,"RF-4, RF-5, RF-6",50,HIGH_RISK,LARGE (50L-5Cr),KARNATAKA
MAH-MA-2021-01092,MAHARASHTRA,PUBLIC HEALTH DEPT MUMBAI,ZENITH INFRASTRUCTURE PROJECTS,3780958.29,2800709.84,1,30.0,"RF-1, RF-5, RF-6",60,HIGH_RISK,MEDIUM (10L-50L),MAHARASHTRA
MAH-MA-2021-01099,MAHARASHTRA,MSEDCL POWER DISTRIBUTION,GUPTA AND SONS CONTRACTOR,63868233.77,67229719.76,1,30.0,"RF-1, RF-6",40,HIGH_RISK,MEGA (>5Cr),MAHARASHTRA
2017_HPIPH_17748_1,HIMACHAL PRADESH,EXECUTIVE ENGINEER IRRIGATION AND PUBLIC HEALTH DIVISION BA,RAJESH ENGINEERING SERVICES,794841.0,540000.0,4,5.083333333333333,"RF-4, RF-5",35,HIGH_RISK,SMALL (<10L),HIMACHAL_PRADESH
RAJ-RA-2021-01054,RAJASTHAN,MEDICAL HEALTH SERVICES JAIPUR,VANGUARD POWER SERVICES,5762120.28,4268237.25,2,4.0,"RF-4, RF-5, RF-6",50,HIGH_RISK,LARGE (50L-5Cr),RAJASTHAN
RAJ-RA-2021-01201,RAJASTHAN,PUBLIC HEALTH ENGINEERING DEPT RAJASTHAN,VANGUARD POWER SERVICES,107716792.72,122405446.27,1,4.0,"RF-1, RF-4, RF-6",55,HIGH_RISK,MEGA (>5Cr),RAJASTHAN
2018_HPIPH_23673_1,HIMACHAL PRADESH,EXECUTIVE ENGINEER,JEEVAN KUMAR,2472518.0,2809925.0,5,20.75,NONE,0,LOW_RISK,MEDIUM (10L-50L),HIMACHAL_PRADESH
2018_HPIPH_19526_1,HIMACHAL PRADESH,EXECUTIVE ENGINEER,MINHAS TECHNO ECONOMICAL CONSULTANCY PRIVATE LIMITED,3912480.0,1670760.0,3,20.75,"RF-5, RF-6",35,HIGH_RISK,MEDIUM (10L-50L),HIMACHAL_PRADESH
UTT-UT-2021-01005,UTTAR PRADESH,UP STATE HIGHWAY AUTHORITY,SHARMA ENGINEERING WORKS,4105344.97,4665164.73,1,4.0,"RF-1, RF-4, RF-6",55,HIGH_RISK,MEDIUM (10L-50L),UTTAR_PRADESH
2019_HPIPH_27219_1,HIMACHAL PRADESH,EXECUTIVE ENGINEER,HARJEET SINGH,55313493.0,31138564.0,3,14.291666666666666,"RF-5, RF-6",35,HIGH_RISK,MEGA (>5Cr),HIMACHAL_PRADESH
MAH-MA-2021-01162,MAHARASHTRA,MAHARASHTRA PUBLIC WORKS DEPARTMENT,AFCONS INFRASTRUCTURE LIMITED,12258483.4,9080358.07,4,4.0,"RF-4, RF-5",35,HIGH_RISK,LARGE (50L-5Cr),MAHARASHTRA
2019_HPIPH_31824_2,HIMACHAL PRADESH,EXECUTIVE ENGINEER,SURJEET SINGH THAKUR,1984578.0,1481695.0,2,17.708333333333332,"RF-5, RF-6",35,HIGH_RISK,MEDIUM (10L-50L),HIMACHAL_PRADESH
2018_HPIPH_25483_1,HIMACHAL PRADESH,EXECUTIVE ENGINEER,RATTAN LAL,5812770.0,3956089.0,4,16.75,"RF-5, RF-6",35,HIGH_RISK,LARGE (50L-5Cr),HIMACHAL_PRADESH
2017_PWD_18954_11,HIMACHAL PRADESH,EXECUTIVE ENGINEER,PUSHPENDER,696472.0,625979.0,3,20.95833333333333,RF-6,15,MEDIUM_RISK,SMALL (<10L),HIMACHAL_PRADESH
2018_HPIPH_21316_1,HIMACHAL PRADESH,ER ARSHAD REHMAN,OM PARKASH SHARMA,2760069.0,2874017.0,7,20.666666666666668,NONE,0,LOW_RISK,MEDIUM (10L-50L),HIMACHAL_PRADESH
2019_PWD_33239_2,HIMACHAL PRADESH,EXECUTIVE ENGINEER MANDI DIVISION NO II HIMACHAL PRADESH PUBLIC WORKS DEPARTMENT MANDI,LABH CHAND,5382745.0,4159454.0,3,14.75,NONE,0,LOW_RISK,LARGE (50L-5Cr),HIMACHAL_PRADESH
2017_PWD_17161_1,HIMACHAL PRADESH,EXECUTIVE ENGINEER,TEJ BAHADUR,1242886.0,1869647.0,12,9.6875,NONE,0,LOW_RISK,MEDIUM (10L-50L),HIMACHAL_PRADESH
CEN-CE-2021-01026,CENTRAL,DEFENCE RESEARCH DEVELOPMENT ORG,APEX MEDITECH SOLUTIONS,135525398.4,117848172.52,1,30.0,"RF-1, RF-6",40,HIGH_RISK,MEGA (>5Cr),CENTRAL_CPPP
2017_PWD_15576_1,HIMACHAL PRADESH,EXECUTIVE ENGINEER ELECTRICAL DIVISION HIMACHAL PRADESH PUBLIC WORKS DEPARTMENT MAND,KUMAR ELECTRONICS COMPANY,1058371.0,1535179.0,7,11.979166666666666,NONE,0,LOW_RISK,MEDIUM (10L-50L),HIMACHAL_PRADESH
2018_SIDC_22323_1,HIMACHAL PRADESH,AE,RAHUL SHARMA,5103240.0,5709870.0,2,28.25,NONE,0,LOW_RISK,LARGE (50L-5Cr),HIMACHAL_PRADESH
2017_HPIPH_16347_1-4136,HIMACHAL PRADESH,EXECUTIVE ENGINEER IRRIGATION AND PUBLIC HEALTH DIVISION BARSAR,M S PAWAN KUMAR SHARMA,748956.44,595916.0,5,5.979166666666667,"RF-4, RF-6",30,HIGH_RISK,SMALL (<10L),HIMACHAL_PRADESH
2017_PWD_15743_1,HIMACHAL PRADESH,EXECUTIVE ENGINEER,PRADEEP KUMAR,2506540.0,1617756.0,3,9.93402777777778,"RF-5, RF-6",35,HIGH_RISK,MEDIUM (10L-50L),HIMACHAL_PRADESH
UTT-UT-2021-01141,UTTAR PRADESH,NOIDA INDUSTRIAL DEVELOPMENT AUTH,LARSEN AND TOUBRO CONSTRUCTION,30887470.32,22879607.65,4,21.0,"RF-5, RF-6",35,HIGH_RISK,LARGE (50L-5Cr),UTTAR_PRADESH
UTT-UT-2021-01015,UTTAR PRADESH,NOIDA INDUSTRIAL DEVELOPMENT AUTH,DILIP BUILDCON LIMITED,412734798.6,305729480.45,2,30.0,"RF-5, RF-6",35,HIGH_RISK,MEGA (>5Cr),UTTAR_PRADESH
2018_HPIPH_24467_1,HIMACHAL PRADESH,EXECUTIVE ENGINEER,OMKAR CHAND,1709108.0,1196111.0,2,7.114583333333333,"RF-5, RF-6",35,HIGH_RISK,MEDIUM (10L-50L),HIMACHAL_PRADESH
2017_UDDHP_16125_1,HIMACHAL PRADESH,EXECUTIVE OFFICER MC SOLAN,NAIN SINGH,268926.0,224329.0,3,5.166666666666667,"RF-4, RF-6",30,HIGH_RISK,SMALL (<10L),HIMACHAL_PRADESH
2019_HPIPH_26408_1,HIMACHAL PRADESH,EXECUTIVE ENGINEER,MAHOKAM SINGH,33103313.0,21171125.0,2,20.729166666666668,"RF-5, RF-6",35,HIGH_RISK,LARGE (50L-5Cr),HIMACHAL_PRADESH
2020_HPIPH_34502_1-744,HIMACHAL PRADESH,EXECUTIVE ENGINEER,HARJEET SINGH,452930404.0,452930404.0,3,17.708333333333332,RF-6,15,MEDIUM_RISK,MEGA (>5Cr),HIMACHAL_PRADESH
KAR-KA-2021-01035,KARNATAKA,BRUHAT BENGALURU MAHANAGARA PALIKE BBMP,AHLUWALIA CONTRACTS INDIA LIMITED,4369221.57,4965024.51,1,30.0,"RF-1, RF-6",40,HIGH_RISK,MEDIUM (10L-50L),KARNATAKA
MAH-MA-2021-01042,MAHARASHTRA,MMRDA URBAN TRANSPORT,TATA PROJECTS LIMITED,4354970.08,4948829.64,5,6.0,"RF-4, RF-6",30,HIGH_RISK,MEDIUM (10L-50L),MAHARASHTRA
RAJ-RA-2021-01143,RAJASTHAN,JAIPUR DEVELOPMENT AUTHORITY,BHARAT DIAGNOSTIC SYSTEMS,2877964.31,2664781.77,4,4.0,"RF-4, RF-6",30,HIGH_RISK,MEDIUM (10L-50L),RAJASTHAN
RAJ-RA-2021-01015,RAJASTHAN,PUBLIC HEALTH ENGINEERING DEPT RAJASTHAN,APEX MEDITECH SOLUTIONS,8636137.98,6397139.24,4,6.0,"RF-4, RF-5",35,HIGH_RISK,LARGE (50L-5Cr),RAJASTHAN
CEN-CE-2021-01225,CENTRAL,DEFENCE RESEARCH DEVELOPMENT ORG,APEX MEDITECH SOLUTIONS,5015600.89,4361392.08,1,4.0,"RF-1, RF-4, RF-6",55,HIGH_RISK,LARGE (50L-5Cr),CENTRAL_CPPP
2018_UDDHP_19971_1,HIMACHAL PRADESH,EXECUTIVE OFFICER MC SOLAN,JEEVAN SINGH,722663.0,429510.0,3,6.291666666666667,"RF-4, RF-5, RF-6",50,HIGH_RISK,SMALL (<10L),HIMACHAL_PRADESH
2017_PWD_17476_1,HIMACHAL PRADESH,EXECUTIVE ENGINEER,AJEET SINGH GOVERNMENT CONTRACTOR,502619.0,344240.0,24,10.125,"RF-5, RF-6",35,HIGH_RISK,SMALL (<10L),HIMACHAL_PRADESH
MAH-MA-2021-01096,MAHARASHTRA,MAHARASHTRA PUBLIC WORKS DEPARTMENT,BHARAT DIAGNOSTIC SYSTEMS,5089466.93,4989673.46,1,14.0,"RF-1, RF-6",40,HIGH_RISK,LARGE (50L-5Cr),MAHARASHTRA
2018_NDTT_23108_1,HIMACHAL PRADESH,TEMPLE OFFICER TTND,KRISHNA NAND,897426.0,641039.0,4,6.916666666666667,"RF-4, RF-5",35,HIGH_RISK,SMALL (<10L),HIMACHAL_PRADESH
2017_PWD_15294_2,HIMACHAL PRADESH,EXECUTIVE ENGINEER CHAMBA DIVISION HIMACHAL PRADESH PUBLIC WORKS DEPARTMENT CHAMBA,MANESH MEHTA,1567725.0,1184054.0,2,20.70833333333333,"RF-5, RF-6",35,HIGH_RISK,MEDIUM (10L-50L),HIMACHAL_PRADESH
CEN-CE-2021-01259,CENTRAL,NHAI HIGHWAYS,APEX MEDITECH SOLUTIONS,5670825.51,4931152.62,3,4.0,"RF-4, RF-6",30,HIGH_RISK,LARGE (50L-5Cr),CENTRAL_CPPP
2018_PWD_22208_1,HIMACHAL PRADESH,EXECUTIVE ENGINEER HIMACHAL PRADESH PUBLIC WORKS DEPARTMENT DIVISION BAIJH,ANIL KATOCH,3203678.0,2100923.0,3,22.6875,"RF-5, RF-6",35,HIGH_RISK,MEDIUM (10L-50L),HIMACHAL_PRADESH
2019_HPIPH_30230_1,HIMACHAL PRADESH,EXECUTIVE ENGINEER,AMIT KATOCH,997803.0,766012.0,3,13.67013888888889,"RF-5, RF-6",35,HIGH_RISK,SMALL (<10L),HIMACHAL_PRADESH
2018_PWD_22692_1,HIMACHAL PRADESH,EXECUTIVE ENGINEER,SUMAN SHARMA,8715993.0,7086392.0,5,5.6875,"RF-4, RF-6",30,HIGH_RISK,LARGE (50L-5Cr),HIMACHAL_PRADESH
2019_HPIPH_27719_1,HIMACHAL PRADESH,EXECUTIVE ENGINEER IRRIGATION AND PUBLIC HEALTH DIVN NO 1 UNA HP,BHARAT ENGINEERING AND SUPPLIERS,595680.0,705000.0,6,13.208333333333334,NONE,0,LOW_RISK,SMALL (<10L),HIMACHAL_PRADESH
RAJ-RA-2021-01082,RAJASTHAN,RAJASTHAN RAJYA VIDYUT PRASARAN,VANGUARD POWER SERVICES,26388487.78,24433784.98,1,6.0,"RF-1, RF-4",40,HIGH_RISK,LARGE (50L-5Cr),RAJASTHAN
RAJ-RA-2021-01032,RAJASTHAN,MEDICAL HEALTH SERVICES JAIPUR,PNC INFRATECH LIMITED,4665165.5,4910700.53,1,30.0,"RF-1, RF-3, RF-6",60,HIGH_RISK,MEDIUM (10L-50L),RAJASTHAN
CEN-CE-2021-01227,CENTRAL,DEFENCE RESEARCH DEVELOPMENT ORG,KNR CONSTRUCTION,5098042.15,4998080.54,1,14.0,"RF-1, RF-6",40,HIGH_RISK,LARGE (50L-5Cr),CENTRAL_CPPP
KAR-KA-2021-01023,KARNATAKA,KARNATAKA PUBLIC WORKS PORTS INLAND WATER,NCC LIMITED INFRASTRUCTURE,929960.8,808661.57,2,4.0,"RF-4, RF-6",30,HIGH_RISK,SMALL (<10L),KARNATAKA
UTT-UT-2021-01136,UTTAR PRADESH,UP STATE HIGHWAY AUTHORITY,NCC LIMITED INFRASTRUCTURE,2452844.98,2271152.76,2,4.0,"RF-4, RF-6",30,HIGH_RISK,MEDIUM (10L-50L),UTTAR_PRADESH
MAH-MA-2021-01079,MAHARASHTRA,MMRDA URBAN TRANSPORT,ZENITH INFRASTRUCTURE PROJECTS,8176737.82,8607092.44,1,30.0,"RF-1, RF-6",40,HIGH_RISK,LARGE (50L-5Cr),MAHARASHTRA
2018_FDC_19569_1,HIMACHAL PRADESH,DIVISIONAL MANAGER,MADAN GOPAL,660069.0,477462.0,1,8.166666666666666,"RF-1, RF-5",45,HIGH_RISK,SMALL (<10L),HIMACHAL_PRADESH
UTT-UT-2021-01222,UTTAR PRADESH,UTTAR PRADESH PUBLIC WORKS DEPARTMENT,BHARAT DIAGNOSTIC SYSTEMS,2349562.65,2175520.97,1,30.0,"RF-1, RF-6",40,HIGH_RISK,MEDIUM (10L-50L),UTTAR_PRADESH
2018_PWD_25112_1,HIMACHAL PRADESH,PUBLIC WORKS DEPARTMENT KARSOG,MAMLESHWAR MAHADEV CONTRUCTIONS INDIA PRIVATE LIMITED,4485757.0,3257946.0,2,6.041666666666667,"RF-4, RF-5",35,HIGH_RISK,MEDIUM (10L-50L),HIMACHAL_PRADESH
2018_PWD_19838_10-1426,HIMACHAL PRADESH,EXECUTIVE ENGINEER BILASPUR DIVISION NO 2 HIMACHAL PRADESH PUBLIC WORKS DEPARTMENT BILASPUR,RAVINDER KUMAR GUPTA,1814498.0,1654481.0,1,10.729166666666666,"RF-1, RF-6",40,HIGH_RISK,MEDIUM (10L-50L),HIMACHAL_PRADESH
2018_HPIPH_23226_1,HIMACHAL PRADESH,EXECUTIVE ENGINEER,SANJEEV KUMAR,1700069.0,1298796.0,2,19.75,"RF-5, RF-6",35,HIGH_RISK,MEDIUM (10L-50L),HIMACHAL_PRADESH
CEN-CE-2021-01110,CENTRAL,MINISTRY OF HEALTH FAMILY WELFARE,AFCONS INFRASTRUCTURE LIMITED,5380163.77,4981633.12,2,6.0,"RF-4, RF-6",30,HIGH_RISK,LARGE (50L-5Cr),CENTRAL_CPPP
KAR-KA-2021-01077,KARNATAKA,KARNATAKA PUBLIC WORKS PORTS INLAND WATER,BHARAT DIAGNOSTIC SYSTEMS,4466505.42,4701584.65,2,4.0,"RF-4, RF-6",30,HIGH_RISK,MEDIUM (10L-50L),KARNATAKA
CEN-CE-2021-01101,CENTRAL,DEFENCE RESEARCH DEVELOPMENT ORG,KNR CONSTRUCTION,2961882.66,2903806.53,1,14.0,"RF-1, RF-6",40,HIGH_RISK,MEDIUM (10L-50L),CENTRAL_CPPP
2017_UDDHP_18337_1,HIMACHAL PRADESH,EXECUTIVE OFFICER MC SOLAN,ANIL SHARMA,556380.0,359088.0,4,5.25,"RF-4, RF-5",35,HIGH_RISK,SMALL (<10L),HIMACHAL_PRADESH
2016_PWD_13390_1,HIMACHAL PRADESH,EXECUTIVE ENGINEER PUBLIC WORKS DEPARTMENT SHILLAI,LAL SINGH CHAUHAN,11474796.0,8011277.0,1,24.291666666666668,"RF-1, RF-5",45,HIGH_RISK,LARGE (50L-5Cr),HIMACHAL_PRADESH
2018_FDC_19812_1,HIMACHAL PRADESH,DIVISIONAL MANAGER,RAMA NAND SHARMA,920264.0,686149.0,1,6.166666666666667,"RF-1, RF-4, RF-5",60,HIGH_RISK,SMALL (<10L),HIMACHAL_PRADESH
2017_HPIPH_16517_1,HIMACHAL PRADESH,EXECUTIVE ENGINEER MANDI,GULZARI LAL,772156.0,751260.0,3,19.92708333333333,NONE,0,LOW_RISK,SMALL (<10L),HIMACHAL_PRADESH
CEN-CE-2021-01052,CENTRAL,DEFENCE RESEARCH DEVELOPMENT ORG,PNC INFRATECH LIMITED,194299880.2,168956417.56,1,6.0,"RF-1, RF-4, RF-6",55,HIGH_RISK,MEGA (>5Cr),CENTRAL_CPPP
2017_UDDHP_18177_1,HIMACHAL PRADESH,EXECUTIVE OFFICER MC SOLAN,PRASHANT KASHYAP,271212.0,189735.0,5,6.25,"RF-4, RF-5",35,HIGH_RISK,SMALL (<10L),HIMACHAL_PRADESH
2018_PWD_20152_1,HIMACHAL PRADESH,E E SUNDER NAGAR DIVISION HIMACHAL PRADESH PUBLIC WORKS DEPARTMENT,S A ASSOCIATE,3849405.0,2813073.0,2,20.95833333333333,"RF-5, RF-6",35,HIGH_RISK,MEDIUM (10L-50L),HIMACHAL_PRADESH
CEN-CE-2021-01265,CENTRAL,NHAI HIGHWAYS,SHARMA ENGINEERING WORKS,79969090.79,84177990.31,1,4.0,"RF-1, RF-4, RF-6",55,HIGH_RISK,MEGA (>5Cr),CENTRAL_CPPP
RAJ-RA-2021-01079,RAJASTHAN,JAIPUR DEVELOPMENT AUTHORITY,AHLUWALIA CONTRACTS INDIA LIMITED,6452321.5,4779497.41,3,14.0,"RF-5, RF-6",35,HIGH_RISK,LARGE (50L-5Cr),RAJASTHAN
KAR-KA-2021-01108,KARNATAKA,BRUHAT BENGALURU MAHANAGARA PALIKE BBMP,ZENITH INFRASTRUCTURE PROJECTS,11180032.31,10960815.99,3,6.0,"RF-4, RF-6",30,HIGH_RISK,LARGE (50L-5Cr),KARNATAKA
UTT-UT-2021-01197,UTTAR PRADESH,UP STATE HIGHWAY AUTHORITY,APEX MEDITECH SOLUTIONS,3651692.45,2704957.37,2,30.0,"RF-5, RF-6",35,HIGH_RISK,MEDIUM (10L-50L),UTTAR_PRADESH
2017_FDC_15175_1,HIMACHAL PRADESH,DIVISIONAL MANAGER SUNDERNAGAR,BALBIR SINGH,2741480.0,1579029.0,3,5.809027777777778,"RF-4, RF-5",35,HIGH_RISK,MEDIUM (10L-50L),HIMACHAL_PRADESH
2017_UDDHP_17922_1-2574,HIMACHAL PRADESH,EXECUTIVE ENGINEER DMC,BALRAJ PARIHAR,1544707.0,999042.0,5,15.75,"RF-5, RF-6",35,HIGH_RISK,MEDIUM (10L-50L),HIMACHAL_PRADESH
UTT-UT-2021-01073,UTTAR PRADESH,UP STATE HIGHWAY AUTHORITY,SHARMA ENGINEERING WORKS,147748423.68,128476890.16,1,6.0,"RF-1, RF-4, RF-6",55,HIGH_RISK,MEGA (>5Cr),UTTAR_PRADESH
2019_DMEHP_27594_1,HIMACHAL PRADESH,PRINCIPAL,NUVISION COMMERCIAL ESCORT SERVICES,10000000.0,5000000.0,6,50.125,RF-5,20,MEDIUM_RISK,LARGE (50L-5Cr),HIMACHAL_PRADESH
2016_HPIPH_13930_1,HIMACHAL PRADESH,EXECUTIVE ENGINEER IRRIGATION AND PUBLIC HEALTH DIVISION BARSAR,AJAY KUMAR,1948177.0,1948177.0,2,16.083333333333332,RF-6,15,MEDIUM_RISK,MEDIUM (10L-50L),HIMACHAL_PRADESH
KAR-KA-2021-01110,KARNATAKA,BRUHAT BENGALURU MAHANAGARA PALIKE BBMP,ZENITH INFRASTRUCTURE PROJECTS,6738727.33,4991649.87,4,14.0,"RF-5, RF-6",35,HIGH_RISK,LARGE (50L-5Cr),KARNATAKA
CEN-CE-2021-01166,CENTRAL,DEFENCE RESEARCH DEVELOPMENT ORG,LARSEN AND TOUBRO CONSTRUCTION,4398471.18,4998262.71,2,6.0,"RF-4, RF-6",30,HIGH_RISK,MEDIUM (10L-50L),CENTRAL_CPPP
RAJ-RA-2021-01190,RAJASTHAN,MEDICAL HEALTH SERVICES JAIPUR,VANGUARD POWER SERVICES,6625471.65,4907756.78,1,4.0,"RF-1, RF-4, RF-5, RF-6",75,HIGH_RISK,LARGE (50L-5Cr),RAJASTHAN
2020_PWD_35265_8,HIMACHAL PRADESH,EXECUTIVE ENGINEER,PUSHPENDER,919655.0,751872.0,4,6.708333333333333,"RF-4, RF-6",30,HIGH_RISK,SMALL (<10L),HIMACHAL_PRADESH
UTT-UT-2021-01217,UTTAR PRADESH,UTTAR PRADESH JAL NIGAM,TATA PROJECTS LIMITED,4365243.13,4960503.56,3,4.0,"RF-4, RF-6",30,HIGH_RISK,MEDIUM (10L-50L),UTTAR_PRADESH
2018_PWD_19804_1,HIMACHAL PRADESH,EXECUTIVE ENGINEER MANDI DIVISION NO II HIMACHAL PRADESH PUBLIC WORKS DEPARTMENT MANDI,CHAMAN LAL SHARMA,5460959.0,5508420.0,2,6.708333333333333,RF-4,15,MEDIUM_RISK,LARGE (50L-5Cr),HIMACHAL_PRADESH
2018_HPIPH_24501_1,HIMACHAL PRADESH,EXECUTIVE ENGINEER,CORPORTE,773259.0,997642.0,3,13.75,NONE,0,LOW_RISK,SMALL (<10L),HIMACHAL_PRADESH
MAH-MA-2021-01226,MAHARASHTRA,MAHARASHTRA PUBLIC WORKS DEPARTMENT,GUPTA AND SONS CONTRACTOR,5975593.69,4426365.69,3,6.0,"RF-4, RF-5, RF-6",50,HIGH_RISK,LARGE (50L-5Cr),MAHARASHTRA
UTT-UT-2021-01018,UTTAR PRADESH,MEDICAL HEALTH FAMILY WELFARE LUCKNOW,BHARAT DIAGNOSTIC SYSTEMS,2583323.19,2532669.79,2,21.0,NONE,0,LOW_RISK,MEDIUM (10L-50L),UTTAR_PRADESH
MAH-MA-2021-01049,MAHARASHTRA,MSEDCL POWER DISTRIBUTION,SHREE BALAJI ENTERPRISE,14374395.47,12499474.32,3,6.0,"RF-4, RF-6",30,HIGH_RISK,LARGE (50L-5Cr),MAHARASHTRA
CEN-CE-2021-01098,CENTRAL,CENTRAL PUBLIC WORKS DEPARTMENT,LARSEN AND TOUBRO CONSTRUCTION,4500288.11,4737145.38,4,4.0,"RF-3, RF-4, RF-6",50,HIGH_RISK,MEDIUM (10L-50L),CENTRAL_CPPP
2017_BSMDA_18176_1,HIMACHAL PRADESH,SR EXECUTIVE ENGINEER,PANKAJ MAHAJAN,1389187.0,1228992.0,4,19.756944444444443,NONE,0,LOW_RISK,MEDIUM (10L-50L),HIMACHAL_PRADESH
2019_PWD_27272_1,HIMACHAL PRADESH,EXECUTIVE ENGINEER,BHAGWAN DASS,599177.0,505091.0,2,13.0,NONE,0,LOW_RISK,SMALL (<10L),HIMACHAL_PRADESH
2017_PWD_16562_3,HIMACHAL PRADESH,EXECUTIVE ENGINEER,NAVNEET THAKUR,2193713.0,1686116.0,2,12.0,"RF-5, RF-6",35,HIGH_RISK,MEDIUM (10L-50L),HIMACHAL_PRADESH
2017_BSMDA_18181_2,HIMACHAL PRADESH,SR EXECUTIVE ENGINEER,RAJESH BHATIA,1176282.0,1120004.0,3,19.756944444444443,NONE,0,LOW_RISK,MEDIUM (10L-50L),HIMACHAL_PRADESH
UTT-UT-2021-01232,UTTAR PRADESH,UTTAR PRADESH JAL NIGAM,ZENITH INFRASTRUCTURE PROJECTS,5376269.98,4978027.76,4,6.0,RF-4,15,MEDIUM_RISK,LARGE (50L-5Cr),UTTAR_PRADESH
MAH-MA-2021-01169,MAHARASHTRA,MAHARASHTRA PUBLIC WORKS DEPARTMENT,BHARAT DIAGNOSTIC SYSTEMS,1630063.68,1509318.22,3,6.0,"RF-4, RF-6",30,HIGH_RISK,MEDIUM (10L-50L),MAHARASHTRA
2018_HPIPH_22842_1,HIMACHAL PRADESH,EXECUTIVE ENGINEER,UNIPRO TECHNO INFRASTRUCTURE PRIVATE LIMITED,582892615.0,424969927.0,4,24.8125,"RF-5, RF-6",35,HIGH_RISK,MEGA (>5Cr),HIMACHAL_PRADESH
RAJ-RA-2021-01119,RAJASTHAN,JAIPUR DEVELOPMENT AUTHORITY,AHLUWALIA CONTRACTS INDIA LIMITED,5058365.45,3746937.37,2,30.0,"RF-5, RF-6",35,HIGH_RISK,LARGE (50L-5Cr),RAJASTHAN
CEN-CE-2021-01348,CENTRAL,NHAI HIGHWAYS,AHLUWALIA CONTRACTS INDIA LIMITED,11661381.53,12275138.45,3,6.0,"RF-4, RF-6",30,HIGH_RISK,LARGE (50L-5Cr),CENTRAL_CPPP
2019_HPIPH_27173_1,HIMACHAL PRADESH,EXECUTIVE ENGINEER,VIRENDER THAKUR CONTRACTOR,5853374.0,2650826.0,3,9.958333333333334,"RF-5, RF-6",35,HIGH_RISK,LARGE (50L-5Cr),HIMACHAL_PRADESH
RAJ-RA-2021-01058,RAJASTHAN,JAIPUR DEVELOPMENT AUTHORITY,VANGUARD POWER SERVICES,122922418.91,139684566.94,3,6.0,"RF-4, RF-6",30,HIGH_RISK,MEGA (>5Cr),RAJASTHAN
MAH-MA-2021-01147,MAHARASHTRA,MAHARASHTRA PUBLIC WORKS DEPARTMENT,LARSEN AND TOUBRO CONSTRUCTION,4748068.94,4997967.31,3,21.0,"RF-3, RF-6",35,HIGH_RISK,MEDIUM (10L-50L),MAHARASHTRA
CEN-CE-2021-01030,CENTRAL,MINISTRY OF HEALTH FAMILY WELFARE,SHREE BALAJI ENTERPRISE,3947475.77,4155237.65,3,6.0,"RF-4, RF-6",30,HIGH_RISK,MEDIUM (10L-50L),CENTRAL_CPPP
CEN-CE-2021-01155,CENTRAL,MINISTRY OF HEALTH FAMILY WELFARE,SHARMA ENGINEERING WORKS,4632902.78,4289724.8,4,14.0,"RF-3, RF-6",35,HIGH_RISK,MEDIUM (10L-50L),CENTRAL_CPPP
2017_PWD_18287_1,HIMACHAL PRADESH,EXECUTIVE ENGINEER,RAKESH KUMAR SHARMA,207820.0,136972.0,35,7.958333333333333,"RF-5, RF-6",35,HIGH_RISK,SMALL (<10L),HIMACHAL_PRADESH
CEN-CE-2021-01182,CENTRAL,INDIAN RAILWAYS,VANGUARD POWER SERVICES,6685374.04,4952128.92,2,14.0,"RF-5, RF-6",35,HIGH_RISK,LARGE (50L-5Cr),CENTRAL_CPPP
2019_PWD_27172_28,HIMACHAL PRADESH,EXECUTIVE ENGINEER HP PUBLIC WORKS DEPARTMENT DIVISION KANGRA,NAVNEET THAKUR,2451749.0,1866015.0,2,14.041666666666666,"RF-5, RF-6",35,HIGH_RISK,MEDIUM (10L-50L),HIMACHAL_PRADESH
2015_HPIPH_9975_1,HIMACHAL PRADESH,EXECUTIVE ENGINEER,JAI BHUSHAN MALIK,130894732.0,98678147.0,1,20.0,"RF-1, RF-5",45,HIGH_RISK,MEGA (>5Cr),HIMACHAL_PRADESH
CEN-CE-2021-01033,CENTRAL,MINISTRY OF HEALTH FAMILY WELFARE,BHARAT DIAGNOSTIC SYSTEMS,5838014.61,4324455.27,3,4.0,"RF-4, RF-5, RF-6",50,HIGH_RISK,LARGE (50L-5Cr),CENTRAL_CPPP
2017_HPIPH_17928_1,HIMACHAL PRADESH,EXECUTIVE ENGINEER,SANJEEV KUMAR,9495000.0,4700000.0,2,21.0,"RF-5, RF-6",35,HIGH_RISK,LARGE (50L-5Cr),HIMACHAL_PRADESH
2018_PWD_25484_4,HIMACHAL PRADESH,EXECUTIVE ENGINEER,GIAN CHAND,1988100.0,1618124.0,4,5.708333333333333,"RF-4, RF-6",30,HIGH_RISK,MEDIUM (10L-50L),HIMACHAL_PRADESH
2016_HPIPH_12744_1,HIMACHAL PRADESH,EXECUTIVE ENGINEER IRRIGATION AND PUBLIC HEALTH DIVISION BARSAR,SANJEEV KUMAR GOVERNMENT CONTRACTOR,3361203.0,2478091.0,8,12.875,"RF-5, RF-6",35,HIGH_RISK,MEDIUM (10L-50L),HIMACHAL_PRADESH
KAR-KA-2021-01144,KARNATAKA,KARNATAKA PUBLIC WORKS PORTS INLAND WATER,GUPTA AND SONS CONTRACTOR,326832275.62,320423799.63,1,6.0,"RF-1, RF-4",40,HIGH_RISK,MEGA (>5Cr),KARNATAKA
CEN-CE-2021-01264,CENTRAL,NHAI HIGHWAYS,KNR CONSTRUCTION,86530611.47,98330240.31,1,6.0,"RF-1, RF-4",40,HIGH_RISK,MEGA (>5Cr),CENTRAL_CPPP
2018_MC_25077_11,HIMACHAL PRADESH,EXECUTIVE ENGINEER RB MUNICIPAL CORPORATION SHIMLA,VIJAY SOLANKY,736691.0,523500.0,1,11.729166666666666,"RF-1, RF-5",45,HIGH_RISK,SMALL (<10L),HIMACHAL_PRADESH
CEN-CE-2021-01181,CENTRAL,DEFENCE RESEARCH DEVELOPMENT ORG,AHLUWALIA CONTRACTS INDIA LIMITED,237904270.52,233239480.9,1,6.0,"RF-1, RF-4, RF-6",55,HIGH_RISK,MEGA (>5Cr),CENTRAL_CPPP
2017_PWD_14798_13,HIMACHAL PRADESH,EXECUTIVE ENGINEER,VIRENDER PRASHAD SHARMA,4987269.0,4716005.0,1,24.08333333333333,"RF-1, RF-3, RF-6",60,HIGH_RISK,MEDIUM (10L-50L),HIMACHAL_PRADESH
2018_PWD_20123_1,HIMACHAL PRADESH,EXECUTIVE ENGINEER UNA DIVISION HIMACHAL PRADESH PUBLIC WORKS DEPARTMENT UNA,M S SATISH KUMAR SHARMA,1157973.0,1174795.0,3,6.270833333333333,"RF-4, RF-6",30,HIGH_RISK,MEDIUM (10L-50L),HIMACHAL_PRADESH
2018_HPIPH_19143_1,HIMACHAL PRADESH,EXECUTIVE ENGINEER,THAKUR TRADERS,2650000.0,1926675.0,4,19.70833333333333,"RF-5, RF-6",35,HIGH_RISK,MEDIUM (10L-50L),HIMACHAL_PRADESH
RAJ-RA-2021-01107,RAJASTHAN,JAIPUR DEVELOPMENT AUTHORITY,GUPTA AND SONS CONTRACTOR,170399040.33,179367410.87,3,4.0,"RF-4, RF-6",30,HIGH_RISK,MEGA (>5Cr),RAJASTHAN
2018_PWD_19639_5,HIMACHAL PRADESH,EXECUTIVE ENGINEER,NAVNEET THAKUR,2497180.0,1918643.0,2,20.791666666666668,"RF-5, RF-6",35,HIGH_RISK,MEDIUM (10L-50L),HIMACHAL_PRADESH
2017_HPIPH_16816_1,HIMACHAL PRADESH,EXECUTIVE ENGINEER IRRIGATION AND PUBLIC HEALTH DIVISION BARSAR,VINAY KUMAR SHARDA,3827704.96,2493776.0,6,10.25,"RF-5, RF-6",35,HIGH_RISK,MEDIUM (10L-50L),HIMACHAL_PRADESH
MAH-MA-2021-01188,MAHARASHTRA,MMRDA URBAN TRANSPORT,DILIP BUILDCON LIMITED,5293057.77,4900979.42,4,4.0,"RF-4, RF-6",30,HIGH_RISK,LARGE (50L-5Cr),MAHARASHTRA
2018_PWD_19977_1,HIMACHAL PRADESH,EXECUTIVE ENGINEER,DEEPAK ATTRI,2415345.5,2054756.0,3,8.25,RF-6,15,MEDIUM_RISK,MEDIUM (10L-50L),HIMACHAL_PRADESH
CEN-CE-2021-01210,CENTRAL,MINISTRY OF HEALTH FAMILY WELFARE,SHARMA ENGINEERING WORKS,5298322.32,4905854.0,4,6.0,"RF-4, RF-6",30,HIGH_RISK,LARGE (50L-5Cr),CENTRAL_CPPP
2017_PWD_17377_10,HIMACHAL PRADESH,EXECUTIVE ENGINEER,KULDEEP SINGH,750915.0,401852.0,9,7.708333333333333,"RF-5, RF-6",35,HIGH_RISK,SMALL (<10L),HIMACHAL_PRADESH
2017_PWD_15009_1,HIMACHAL PRADESH,EXECUTIVE ENGINEER MANDI DIVISION NO 2 HIMACHAL PRADESH PUBLIC WORKS DEPARTMENT MANDI,BHUPINDER PAUL MAHAJAN,2174438.0,2140113.0,3,6.729166666666667,"RF-4, RF-6",30,HIGH_RISK,MEDIUM (10L-50L),HIMACHAL_PRADESH
UTT-UT-2021-01233,UTTAR PRADESH,UP STATE HIGHWAY AUTHORITY,AHLUWALIA CONTRACTS INDIA LIMITED,349677129.69,259020096.07,3,4.0,"RF-4, RF-5, RF-6",50,HIGH_RISK,MEGA (>5Cr),UTTAR_PRADESH
MAH-MA-2021-01181,MAHARASHTRA,PUBLIC HEALTH DEPT MUMBAI,ZENITH INFRASTRUCTURE PROJECTS,17956511.54,16626399.58,1,30.0,"RF-1, RF-6",40,HIGH_RISK,LARGE (50L-5Cr),MAHARASHTRA
2019_PWD_25817_2,HIMACHAL PRADESH,EXECUTIVE ENGINEER,KULDEEP SINGH,5396544.0,4206632.0,6,6.708333333333333,"RF-4, RF-6",30,HIGH_RISK,LARGE (50L-5Cr),HIMACHAL_PRADESH
2018_PWD_25484_1,HIMACHAL PRADESH,EXECUTIVE ENGINEER,RASHID ALI CIVIL CONTRACTOR,29249240.0,16283085.0,4,5.708333333333333,"RF-4, RF-5",35,HIGH_RISK,LARGE (50L-5Cr),HIMACHAL_PRADESH
2017_PWD_14820_1-3918,HIMACHAL PRADESH,EXECUTIVE ENGINEER CHAMBA DIVISION HIMACHAL PRADESH PUBLIC WORKS DEPARTMENT CHAMBA,DES RAJ AND COMPANY,36671856.63,19169974.0,2,21.041666666666668,"RF-5, RF-6",35,HIGH_RISK,LARGE (50L-5Cr),HIMACHAL_PRADESH
MAH-MA-2021-01126,MAHARASHTRA,WATER RESOURCES DEPARTMENT MAHARASHTRA,ZENITH INFRASTRUCTURE PROJECTS,138041912.27,145307276.08,3,6.0,"RF-4, RF-6",30,HIGH_RISK,MEGA (>5Cr),MAHARASHTRA
UTT-UT-2021-01171,UTTAR PRADESH,MEDICAL HEALTH FAMILY WELFARE LUCKNOW,NCC LIMITED INFRASTRUCTURE,2660096.55,2607937.79,2,4.0,"RF-4, RF-6",30,HIGH_RISK,MEDIUM (10L-50L),UTTAR_PRADESH
2018_MC_21514_2,HIMACHAL PRADESH,EXECUTIVE ENGINEER ROADS AND BUILDINGS MUNICIPAL CORPORATION SHIMLA,DINESH,3274242.0,2280000.0,5,11.729166666666666,RF-5,20,MEDIUM_RISK,MEDIUM (10L-50L),HIMACHAL_PRADESH
2018_PWD_20222_3,HIMACHAL PRADESH,EXECUTIVE ENGINEER,NAVNEET THAKUR,1266183.0,945103.0,9,18.041666666666668,"RF-5, RF-6",35,HIGH_RISK,MEDIUM (10L-50L),HIMACHAL_PRADESH
2017_UDDHP_17946_1-2761,HIMACHAL PRADESH,EXECUTIVE ENGINEER DMC,ASHOK KUMAR,6379239.0,2987549.0,6,16.75,"RF-5, RF-6",35,HIGH_RISK,LARGE (50L-5Cr),HIMACHAL_PRADESH
2018_HPIPH_21883_1,HIMACHAL PRADESH,EXECUTIVE ENGINEER,DOGRA CONSTRUCTION COMPANY PRIVATE LIMITED,998000.0,1190963.0,1,22.791666666666668,"RF-1, RF-6",40,HIGH_RISK,SMALL (<10L),HIMACHAL_PRADESH
2017_PWD_17912_1,HIMACHAL PRADESH,EXECUTIVE ENGINEER,MANOHAR LAL GOVT CONT,34147195.0,25423528.0,6,19.83333333333333,"RF-5, RF-6",35,HIGH_RISK,LARGE (50L-5Cr),HIMACHAL_PRADESH
CEN-CE-2021-01054,CENTRAL,CENTRAL PUBLIC WORKS DEPARTMENT,SHARMA ENGINEERING WORKS,5297967.63,4905525.58,4,30.0,RF-6,15,MEDIUM_RISK,LARGE (50L-5Cr),CENTRAL_CPPP
MAH-MA-2021-01106,MAHARASHTRA,PUBLIC HEALTH DEPT MUMBAI,VANGUARD POWER SERVICES,5296186.24,4903876.14,2,14.0,RF-6,15,MEDIUM_RISK,LARGE (50L-5Cr),MAHARASHTRA
2018_HPIPH_19200_1-951,HIMACHAL PRADESH,EXECUTIVE ENGINEER IRRIGATION AND PUBLIC HEALTH DIVISION BARSAR,SS ENGINEERING WORKS,2040000.0,1218675.0,4,6.208333333333333,"RF-4, RF-5, RF-6",50,HIGH_RISK,MEDIUM (10L-50L),HIMACHAL_PRADESH
2017_HPIPH_17173_1-2083,HIMACHAL PRADESH,EXECUTIVE ENGINEER IRRIGATION AND PUBLIC HEALTH DIVISION BARSAR,RAMA SHANKAER,293984.76,197759.0,5,18.291666666666668,"RF-5, RF-6",35,HIGH_RISK,SMALL (<10L),HIMACHAL_PRADESH
2017_PWD_18106_1,HIMACHAL PRADESH,EXECUTIVE ENGINEER UNA DIVISION HIMACHAL PRADESH PUBLIC WORKS DEPARTMENT UNA,SUBHASH CHAND,7971135.0,9913200.0,4,12.270833333333334,NONE,0,LOW_RISK,LARGE (50L-5Cr),HIMACHAL_PRADESH
2017_PWD_17496_1,HIMACHAL PRADESH,EXECUTIVE ENGINEER,RAVI DUTT CONTRACTOR,592363.0,433096.0,13,9.291666666666666,"RF-5, RF-6",35,HIGH_RISK,SMALL (<10L),HIMACHAL_PRADESH
2017_MC_14905_5,HIMACHAL PRADESH,EXECUTIVE ENGINEER,DALIP SINGH,1851839.0,1415000.0,2,6.729166666666667,"RF-4, RF-5",35,HIGH_RISK,MEDIUM (10L-50L),HIMACHAL_PRADESH
RAJ-RA-2021-01248,RAJASTHAN,MEDICAL HEALTH SERVICES JAIPUR,SHARMA ENGINEERING WORKS,15519956.02,13495613.93,1,21.0,"RF-1, RF-6",40,HIGH_RISK,LARGE (50L-5Cr),RAJASTHAN
2019_DMEHP_26591_1,HIMACHAL PRADESH,PRINCIPAL,SYMBIOSIS INC,1995840.0,1000000.0,2,13.083333333333334,"RF-5, RF-6",35,HIGH_RISK,MEDIUM (10L-50L),HIMACHAL_PRADESH
2017_HPIPH_18007_1-3219,HIMACHAL PRADESH,EXECUTIVE ENGINEER IRRIGATION AND PUBLIC HEALTH DIVISION RAMPUR,OJSVI VIJAY BHANDARI,9580274.0,6139057.0,3,6.291666666666667,"RF-4, RF-5",35,HIGH_RISK,LARGE (50L-5Cr),HIMACHAL_PRADESH
MAH-MA-2021-01276,MAHARASHTRA,MSEDCL POWER DISTRIBUTION,VANGUARD POWER SERVICES,4748396.51,4998312.11,4,6.0,"RF-3, RF-4",35,HIGH_RISK,MEDIUM (10L-50L),MAHARASHTRA
2017_PWD_16326_1,HIMACHAL PRADESH,EXECUTIVE ENGINEER,VIPIN KUMAR HAZRI,1650285.0,1282379.0,5,5.729166666666667,"RF-4, RF-6",30,HIGH_RISK,MEDIUM (10L-50L),HIMACHAL_PRADESH
MAH-MA-2021-01203,MAHARASHTRA,MAHARASHTRA PUBLIC WORKS DEPARTMENT,SHARMA ENGINEERING WORKS,18774759.55,21334954.04,1,14.0,"RF-1, RF-6",40,HIGH_RISK,LARGE (50L-5Cr),MAHARASHTRA
2019_HPIPH_31379_1-1137,HIMACHAL PRADESH,EXECUTIVE ENGINEER IRRIGATION AND PUBLIC HEALTH DIVISION BARSAR,VINAY KUMAR GOVT CONT,1621032.0,1539605.0,4,17.791666666666668,NONE,0,LOW_RISK,MEDIUM (10L-50L),HIMACHAL_PRADESH
2017_PWD_14674_1-560,HIMACHAL PRADESH,EXECUTIVE ENGINEER,PARDEEP KUMAR GOVERNMENT CONTRACTOR,6208573.0,6670855.0,6,6.6875,"RF-4, RF-6",30,HIGH_RISK,LARGE (50L-5Cr),HIMACHAL_PRADESH
2016_HPIPH_10768_1,HIMACHAL PRADESH,EXECUTIVE ENGINEER,SURENDAR HANSRETTA,4735000.0,3422250.0,4,16.083333333333332,"RF-3, RF-5, RF-6",55,HIGH_RISK,MEDIUM (10L-50L),HIMACHAL_PRADESH
2019_PWD_26098_10,HIMACHAL PRADESH,EXECUTIVE ENGINEER,VIRENDER PRASHAD SHARMA,823018.0,644164.0,1,15.0,"RF-1, RF-6",40,HIGH_RISK,SMALL (<10L),HIMACHAL_PRADESH
CEN-CE-2021-01120,CENTRAL,DEFENCE RESEARCH DEVELOPMENT ORG,GUPTA AND SONS CONTRACTOR,4730232.6,4979192.21,3,21.0,"RF-3, RF-6",35,HIGH_RISK,MEDIUM (10L-50L),CENTRAL_CPPP
2018_MC_20282_10,HIMACHAL PRADESH,EXECUTIVE ENGINEER ROADS AND BUILDINGS MUNICIPAL CORPORATION SHIMLA,NARESH VIJ GOVERNMENT CONTRACTOR,1524496.0,1007768.0,1,7.729166666666667,"RF-1, RF-5, RF-6",60,HIGH_RISK,MEDIUM (10L-50L),HIMACHAL_PRADESH
2017_PWD_16067_1,HIMACHAL PRADESH,EXECUTIVE ENGINEER HIMACHAL PRADESH PUBLIC WORKS DEPARTMENT DIVISION KALPA,M S AMIT SINGLA,2020045.0,1286006.0,1,17.114583333333332,"RF-1, RF-5",45,HIGH_RISK,MEDIUM (10L-50L),HIMACHAL_PRADESH
CEN-CE-2021-01249,CENTRAL,INDIAN RAILWAYS,BHARAT DIAGNOSTIC SYSTEMS,19295364.42,21926550.48,2,6.0,"RF-4, RF-6",30,HIGH_RISK,LARGE (50L-5Cr),CENTRAL_CPPP
2019_HPIPH_31494_1,HIMACHAL PRADESH,EXECUTIVE ENGINEER,LALIT PAL,744519.0,843153.0,5,21.67013888888889,NONE,0,LOW_RISK,SMALL (<10L),HIMACHAL_PRADESH
UTT-UT-2021-01188,UTTAR PRADESH,UTTAR PRADESH PUBLIC WORKS DEPARTMENT,ZENITH INFRASTRUCTURE PROJECTS,18910361.44,18539570.04,2,4.0,"RF-4, RF-6",30,HIGH_RISK,LARGE (50L-5Cr),UTTAR_PRADESH
2017_UDDHP_15260_1,HIMACHAL PRADESH,EXECUTIVE OFFICER MC SOLAN,GURU DEV SINGH,88900.0,50000.0,2,7.083333333333333,"RF-5, RF-6",35,HIGH_RISK,SMALL (<10L),HIMACHAL_PRADESH
CEN-CE-2021-01314,CENTRAL,MINISTRY OF HEALTH FAMILY WELFARE,ZENITH INFRASTRUCTURE PROJECTS,5675081.92,4934853.85,3,4.0,"RF-4, RF-6",30,HIGH_RISK,LARGE (50L-5Cr),CENTRAL_CPPP
2017_HPIPH_16816_1-1061,HIMACHAL PRADESH,EXECUTIVE ENGINEER IRRIGATION AND PUBLIC HEALTH DIVISION BARSAR,NARESH KUMAR,3490962.18,2493776.0,6,10.25,"RF-5, RF-6",35,HIGH_RISK,MEDIUM (10L-50L),HIMACHAL_PRADESH
UTT-UT-2021-01127,UTTAR PRADESH,UTTAR PRADESH JAL NIGAM,KNR CONSTRUCTION,146350135.29,166306971.92,2,30.0,RF-6,15,MEDIUM_RISK,MEGA (>5Cr),UTTAR_PRADESH
RAJ-RA-2021-01197,RAJASTHAN,MEDICAL HEALTH SERVICES JAIPUR,TATA PROJECTS LIMITED,2238207.95,1946267.78,3,30.0,RF-6,15,MEDIUM_RISK,MEDIUM (10L-50L),RAJASTHAN
2018_HPIPH_23330_1,HIMACHAL PRADESH,EXECUTIVE ENGINEER,KULDEEP KUMAR SHARMA,3382893.0,2041141.0,4,13.958333333333334,RF-5,20,MEDIUM_RISK,MEDIUM (10L-50L),HIMACHAL_PRADESH
2017_HPIPH_17188_1-148,HIMACHAL PRADESH,EXECUTIVE ENGINEER,RATTAN LAL,11749000.0,7552380.0,2,24.80208333333333,"RF-5, RF-6",35,HIGH_RISK,LARGE (50L-5Cr),HIMACHAL_PRADESH
2018_PWD_20138_1,HIMACHAL PRADESH,EXECUTIVE ENGINEER,KULVINDER,2303322.0,1389385.0,2,12.0,"RF-5, RF-6",35,HIGH_RISK,MEDIUM (10L-50L),HIMACHAL_PRADESH
2017_PWD_16764_1,HIMACHAL PRADESH,EXECUTIVE ENGINEER,BHUPINDER SINGH,1580255.0,1052714.0,12,14.333333333333334,"RF-5, RF-6",35,HIGH_RISK,MEDIUM (10L-50L),HIMACHAL_PRADESH
MAH-MA-2021-01107,MAHARASHTRA,MMRDA URBAN TRANSPORT,AHLUWALIA CONTRACTS INDIA LIMITED,16806451.91,15561529.55,2,4.0,"RF-4, RF-6",30,HIGH_RISK,LARGE (50L-5Cr),MAHARASHTRA
2017_PWD_15338_1,HIMACHAL PRADESH,EXECUTIVE ENGINEER,KAMLA ENTERPRISE INDL DIV,4048200.0,1494870.0,3,5.75,"RF-4, RF-5",35,HIGH_RISK,MEDIUM (10L-50L),HIMACHAL_PRADESH
UTT-UT-2021-01004,UTTAR PRADESH,MEDICAL HEALTH FAMILY WELFARE LUCKNOW,ZENITH INFRASTRUCTURE PROJECTS,320844403.85,314553337.11,1,21.0,"RF-1, RF-6",40,HIGH_RISK,MEGA (>5Cr),UTTAR_PRADESH
MAH-MA-2021-01289,MAHARASHTRA,MSEDCL POWER DISTRIBUTION,ZENITH INFRASTRUCTURE PROJECTS,2314357.18,2142923.32,1,30.0,"RF-1, RF-6",40,HIGH_RISK,MEDIUM (10L-50L),MAHARASHTRA
MAH-MA-2021-01082,MAHARASHTRA,WATER RESOURCES DEPARTMENT MAHARASHTRA,AFCONS INFRASTRUCTURE LIMITED,22829614.91,24031173.59,2,6.0,"RF-4, RF-6",30,HIGH_RISK,LARGE (50L-5Cr),MAHARASHTRA
2017_HPIPH_15544_1,HIMACHAL PRADESH,EXECUTIVE ENGINEER,MAOHAR KUMAR SHARMA,1318978.0,1300838.0,5,35.291666666666664,RF-6,15,MEDIUM_RISK,MEDIUM (10L-50L),HIMACHAL_PRADESH
KAR-KA-2021-01096,KARNATAKA,KARNATAKA RURAL INFRASTRUCTURE,NCC LIMITED INFRASTRUCTURE,19513265.27,19130652.23,2,6.0,"RF-4, RF-6",30,HIGH_RISK,LARGE (50L-5Cr),KARNATAKA
2018_MC_19610_11,HIMACHAL PRADESH,EXECUTIVE ENGINEER ROADS AND BUILDINGS MUNICIPAL CORPORATION SHIMLA,YOGENDER MOHAN SHARMA,3173331.0,2117000.0,3,6.729166666666667,"RF-4, RF-5",35,HIGH_RISK,MEDIUM (10L-50L),HIMACHAL_PRADESH
2018_HPIPH_25237_1,HIMACHAL PRADESH,EXECUTIVE ENGINEER,VIJAY KUMAR,962226.0,721617.0,6,14.708333333333334,"RF-5, RF-6",35,HIGH_RISK,SMALL (<10L),HIMACHAL_PRADESH
MAH-MA-2021-01044,MAHARASHTRA,MSEDCL POWER DISTRIBUTION,VANGUARD POWER SERVICES,55926087.34,63552371.97,2,21.0,NONE,0,LOW_RISK,MEGA (>5Cr),MAHARASHTRA
2017_PWD_16957_1,HIMACHAL PRADESH,EXECUTIVE ENGINEER UNA DIVISION HIMACHAL PRADESH PUBLIC WORKS DEPARTMENT UNA,SHIV KUMAR KAPILA,7203857.55,7773165.0,5,11.270833333333334,NONE,0,LOW_RISK,LARGE (50L-5Cr),HIMACHAL_PRADESH
2017_PWD_14983_1,HIMACHAL PRADESH,EXECUTIVE ENGINEER CHAMBA DIVISION HIMACHAL PRADESH PUBLIC WORKS DEPARTMENT CHAMBA,D S THAKUR,2316666.0,1723242.0,3,23.75,"RF-5, RF-6",35,HIGH_RISK,MEDIUM (10L-50L),HIMACHAL_PRADESH
2018_HPIPH_24287_1,HIMACHAL PRADESH,EXECUTIVE ENGINEER,PRITAM SAGAR,925390.0,999610.0,3,15.125,NONE,0,LOW_RISK,SMALL (<10L),HIMACHAL_PRADESH
2017_PWD_16668_1,HIMACHAL PRADESH,EXECUTIVE ENGINEER CHAMBA DIVISION HIMACHAL PRADESH PUBLIC WORKS DEPARTMENT CHAMBA,GOVERNMENT CONTRACTOR,814308.0,386305.0,2,21.0,"RF-5, RF-6",35,HIGH_RISK,SMALL (<10L),HIMACHAL_PRADESH
CEN-CE-2021-01250,CENTRAL,NHAI HIGHWAYS,AFCONS INFRASTRUCTURE LIMITED,300935871.98,295035168.61,1,14.0,"RF-1, RF-6",40,HIGH_RISK,MEGA (>5Cr),CENTRAL_CPPP
2017_PWD_15639_1,HIMACHAL PRADESH,EXECUTIVE ENGINEER,VIPIN KUMAR HAZRI,1972387.0,1544633.0,1,8.791666666666666,"RF-1, RF-6",40,HIGH_RISK,MEDIUM (10L-50L),HIMACHAL_PRADESH
2019_HPIPH_26907_1,HIMACHAL PRADESH,EXECUTIVE ENGINEER,NAIK ELECTRICAL WORKS,1067860.0,764813.0,6,14.75,"RF-5, RF-6",35,HIGH_RISK,MEDIUM (10L-50L),HIMACHAL_PRADESH
2017_UDDHP_18186_1,HIMACHAL PRADESH,EXECUTIVE OFFICER MC SOLAN,RAMESH CHAND,756632.0,430988.0,3,6.333333333333333,"RF-4, RF-5, RF-6",50,HIGH_RISK,SMALL (<10L),HIMACHAL_PRADESH
RAJ-RA-2021-01070,RAJASTHAN,MEDICAL HEALTH SERVICES JAIPUR,DILIP BUILDCON LIMITED,2679533.2,3044924.09,4,4.0,"RF-4, RF-6",30,HIGH_RISK,MEDIUM (10L-50L),RAJASTHAN
CEN-CE-2021-01108,CENTRAL,MINISTRY OF HEALTH FAMILY WELFARE,ZENITH INFRASTRUCTURE PROJECTS,5703983.92,4959986.01,1,14.0,"RF-1, RF-6",40,HIGH_RISK,LARGE (50L-5Cr),CENTRAL_CPPP
RAJ-RA-2021-01031,RAJASTHAN,RAJASTHAN PUBLIC WORKS DEPARTMENT,KNR CONSTRUCTION,7899867.44,5851753.66,1,4.0,"RF-1, RF-4, RF-5, RF-6",75,HIGH_RISK,LARGE (50L-5Cr),RAJASTHAN
MAH-MA-2021-01061,MAHARASHTRA,PUBLIC HEALTH DEPT MUMBAI,AFCONS INFRASTRUCTURE LIMITED,3355193.83,2485328.76,3,6.0,"RF-4, RF-5, RF-6",50,HIGH_RISK,MEDIUM (10L-50L),MAHARASHTRA
RAJ-RA-2021-01234,RAJASTHAN,RAJASTHAN PUBLIC WORKS DEPARTMENT,APEX MEDITECH SOLUTIONS,6667484.42,4938877.35,1,21.0,"RF-1, RF-5, RF-6",60,HIGH_RISK,LARGE (50L-5Cr),RAJASTHAN
2017_PWD_14798_1,HIMACHAL PRADESH,EXECUTIVE ENGINEER,VIRENDER PRASHAD SHARMA,1184566.0,1095909.0,1,24.08333333333333,"RF-1, RF-6",40,HIGH_RISK,MEDIUM (10L-50L),HIMACHAL_PRADESH
MAH-MA-2021-01204,MAHARASHTRA,PUBLIC HEALTH DEPT MUMBAI,LARSEN AND TOUBRO CONSTRUCTION,124705314.87,92374307.31,2,14.0,"RF-5, RF-6",35,HIGH_RISK,MEGA (>5Cr),MAHARASHTRA
2017_HPIPH_16522_1,HIMACHAL PRADESH,EXECUTIVE ENGINEER,HILL CONSTRUCTION AND ENGINEERING COMPANY SOLAN,4453496.0,2493219.0,4,25.70833333333333,"RF-5, RF-6",35,HIGH_RISK,MEDIUM (10L-50L),HIMACHAL_PRADESH
2019_HPIPH_31698_1,HIMACHAL PRADESH,EXECUTIVE ENGINEER RAMPUR,PRATAP SINGH VERMA GOVERNMENT CONTRACTOR,37648174.0,19524159.0,2,11.0,RF-5,20,MEDIUM_RISK,LARGE (50L-5Cr),HIMACHAL_PRADESH
2019_HPIPH_33372_1,HIMACHAL PRADESH,EXECUTIVE ENGINEER CHAUNTRA,YOG RAJ,8727082.0,9577752.0,9,13.0,NONE,0,LOW_RISK,LARGE (50L-5Cr),HIMACHAL_PRADESH
2017_UDDHP_17307_1,HIMACHAL PRADESH,EXECUTIVE ENGINEER,SUNIL KUMAR CHANDEL,655016.0,502491.0,3,22.70833333333333,"RF-5, RF-6",35,HIGH_RISK,SMALL (<10L),HIMACHAL_PRADESH
CEN-CE-2021-01287,CENTRAL,INDIAN RAILWAYS,ZENITH INFRASTRUCTURE PROJECTS,84633982.46,96174980.07,1,6.0,"RF-1, RF-4, RF-6",55,HIGH_RISK,MEGA (>5Cr),CENTRAL_CPPP
UTT-UT-2021-01168,UTTAR PRADESH,MEDICAL HEALTH FAMILY WELFARE LUCKNOW,AFCONS INFRASTRUCTURE LIMITED,376868668.02,327711885.24,2,4.0,"RF-4, RF-6",30,HIGH_RISK,MEGA (>5Cr),UTTAR_PRADESH
CEN-CE-2021-01036,CENTRAL,CENTRAL PUBLIC WORKS DEPARTMENT,KNR CONSTRUCTION,6729580.37,4984874.35,3,14.0,"RF-5, RF-6",35,HIGH_RISK,LARGE (50L-5Cr),CENTRAL_CPPP
KAR-KA-2021-01094,KARNATAKA,HEALTH FAMILY WELFARE KARNATAKA,VANGUARD POWER SERVICES,2014111.88,1864918.41,1,4.0,"RF-1, RF-4, RF-6",55,HIGH_RISK,MEDIUM (10L-50L),KARNATAKA
CEN-CE-2021-01063,CENTRAL,CENTRAL PUBLIC WORKS DEPARTMENT,PNC INFRATECH LIMITED,4662877.73,4908292.35,3,4.0,"RF-3, RF-4, RF-6",50,HIGH_RISK,MEDIUM (10L-50L),CENTRAL_CPPP
2019_HPIPH_33694_1,HIMACHAL PRADESH,EXECUTIVE ENGINEER,ABTAR SINGH AND COMPANY,871600.0,710835.0,3,13.67013888888889,RF-6,15,MEDIUM_RISK,SMALL (<10L),HIMACHAL_PRADESH
KAR-KA-2021-01140,KARNATAKA,BRUHAT BENGALURU MAHANAGARA PALIKE BBMP,LARSEN AND TOUBRO CONSTRUCTION,19075567.58,18701536.84,3,6.0,"RF-4, RF-6",30,HIGH_RISK,LARGE (50L-5Cr),KARNATAKA
RAJ-RA-2021-01193,RAJASTHAN,PUBLIC HEALTH ENGINEERING DEPT RAJASTHAN,PNC INFRATECH LIMITED,6632556.57,4913004.86,3,6.0,"RF-4, RF-5",35,HIGH_RISK,LARGE (50L-5Cr),RAJASTHAN
CEN-CE-2021-01047,CENTRAL,CENTRAL PUBLIC WORKS DEPARTMENT,SHARMA ENGINEERING WORKS,6667581.52,4938949.27,8,6.0,"RF-4, RF-5, RF-6",50,HIGH_RISK,LARGE (50L-5Cr),CENTRAL_CPPP
2020_DFHW_36651_1,HIMACHAL PRADESH,SR MEDICAL SUPERINTENDENT HHMH AND R SHIMLA 5,CORPORATE CARE,7500000.0,7500000.0,5,5.690972222222222,"RF-2, RF-4",40,HIGH_RISK,LARGE (50L-5Cr),HIMACHAL_PRADESH
2017_MC_15003_9,HIMACHAL PRADESH,EXECUTIVE ENGINEER,NARESH VIJ GOVERNMENT CONTRACTOR,5076323.0,3385447.0,2,8.729166666666666,"RF-5, RF-6",35,HIGH_RISK,LARGE (50L-5Cr),HIMACHAL_PRADESH
MAH-MA-2021-01268,MAHARASHTRA,WATER RESOURCES DEPARTMENT MAHARASHTRA,AFCONS INFRASTRUCTURE LIMITED,3527782.56,3266465.34,2,4.0,"RF-4, RF-6",30,HIGH_RISK,MEDIUM (10L-50L),MAHARASHTRA
KAR-KA-2021-01138,KARNATAKA,KARNATAKA PUBLIC WORKS PORTS INLAND WATER,DILIP BUILDCON LIMITED,107489696.48,79621997.39,3,4.0,"RF-4, RF-5, RF-6",50,HIGH_RISK,MEGA (>5Cr),KARNATAKA
2017_HPIPH_17650_1-2374,HIMACHAL PRADESH,EXECUTIVE ENGINEER IRRIGATION AND PUBLIC HEALTH DIVISION BARSAR,SS ENGINEERING WORKS,1250000.0,925549.0,3,7.0625,"RF-5, RF-6",35,HIGH_RISK,MEDIUM (10L-50L),HIMACHAL_PRADESH
2017_PWD_15452_1,HIMACHAL PRADESH,EXECUTIVE ENGINEER B AND R SOLAN,NARESH VIJ GOVERNMENT CONTRACTOR,4319583.0,4130320.0,2,6.743055555555555,"RF-4, RF-6",30,HIGH_RISK,MEDIUM (10L-50L),HIMACHAL_PRADESH
RAJ-RA-2021-01181,RAJASTHAN,PUBLIC HEALTH ENGINEERING DEPT RAJASTHAN,SHREE BALAJI ENTERPRISE,267802371.69,198372127.18,3,6.0,"RF-4, RF-5, RF-6",50,HIGH_RISK,MEGA (>5Cr),RAJASTHAN
2018_FDC_19560_1,HIMACHAL PRADESH,DIVISIONAL MANAGER,RAM LAL,1842760.0,1572316.0,1,5.041666666666667,"RF-1, RF-4",40,HIGH_RISK,MEDIUM (10L-50L),HIMACHAL_PRADESH
2017_UDDHP_18139_1,HIMACHAL PRADESH,EXECUTIVE OFFICER MC SOLAN,ATS ENTERPRISE,310430.0,196000.0,3,10.25,RF-5,20,MEDIUM_RISK,SMALL (<10L),HIMACHAL_PRADESH
CEN-CE-2021-01044,CENTRAL,CENTRAL PUBLIC WORKS DEPARTMENT,GUPTA AND SONS CONTRACTOR,4713017.57,4961071.13,4,6.0,"RF-3, RF-4, RF-6",50,HIGH_RISK,MEDIUM (10L-50L),CENTRAL_CPPP
2018_HPIPH_22178_1,HIMACHAL PRADESH,EXECUTIVE ENGINEER IRRIGATION AND PUBLIC HEALTH DIVISION THURAL,VIJAY KUMAR KUSHWAHA,1080000.0,817500.0,3,27.0,"RF-5, RF-6",35,HIGH_RISK,MEDIUM (10L-50L),HIMACHAL_PRADESH
2019_HPIPH_31012_1,HIMACHAL PRADESH,ER K K KAPOORK,A K TRADERS,1122744.0,1004966.0,3,20.75,NONE,0,LOW_RISK,MEDIUM (10L-50L),HIMACHAL_PRADESH
2017_HPIPH_16878_1,HIMACHAL PRADESH,EXECUTIVE ENGINEER,DOGRA CONSTRUCTION COMPANY PRIVATE LIMITED,1920000.0,1373573.0,4,20.75,"RF-5, RF-6",35,HIGH_RISK,MEDIUM (10L-50L),HIMACHAL_PRADESH
2019_HPIPH_31376_1,HIMACHAL PRADESH,EXECUTIVE ENGINEER,MINHAS TECHNO ECONOMICAL CONSULTANCY PRIVATE LIMITED,1893570.0,1426845.0,4,13.0,"RF-5, RF-6",35,HIGH_RISK,MEDIUM (10L-50L),HIMACHAL_PRADESH
CEN-CE-2021-01127,CENTRAL,NHAI HIGHWAYS,DILIP BUILDCON LIMITED,22342981.31,19428679.4,2,6.0,"RF-4, RF-6",30,HIGH_RISK,LARGE (50L-5Cr),CENTRAL_CPPP
2018_HPIPH_19950_1,HIMACHAL PRADESH,EXECUTIVE ENGINEER,DINESH KUMAR,4503923.68,4162321.0,1,14.291666666666666,"RF-1, RF-3, RF-6",60,HIGH_RISK,MEDIUM (10L-50L),HIMACHAL_PRADESH
2018_PWD_19648_12,HIMACHAL PRADESH,EXECUTIVE ENGINEER CHAMBA DIVISION HIMACHAL PRADESH PUBLIC WORKS DEPARTMENT CHAMBA,DES RAJ AND COMPANY,2049928.0,1554622.0,2,18.041666666666668,"RF-5, RF-6",35,HIGH_RISK,MEDIUM (10L-50L),HIMACHAL_PRADESH
UTT-UT-2021-01220,UTTAR PRADESH,UTTAR PRADESH PUBLIC WORKS DEPARTMENT,TATA PROJECTS LIMITED,12636647.04,13301733.73,1,21.0,"RF-1, RF-6",40,HIGH_RISK,LARGE (50L-5Cr),UTTAR_PRADESH
UTT-UT-2021-01065,UTTAR PRADESH,UTTAR PRADESH PUBLIC WORKS DEPARTMENT,ZENITH INFRASTRUCTURE PROJECTS,4384160.03,4059407.43,2,6.0,"RF-4, RF-6",30,HIGH_RISK,MEDIUM (10L-50L),UTTAR_PRADESH
2017_HPIPH_15020_1,HIMACHAL PRADESH,EXECUTIVE ENGINEER,VINAY KUMAR CONTRACTOR,2202510.0,2077172.0,2,23.0,RF-6,15,MEDIUM_RISK,MEDIUM (10L-50L),HIMACHAL_PRADESH
2017_UDDHP_15848_1,HIMACHAL PRADESH,EXECUTIVE OFFICER MC SOLAN,VIRENDER THAKUR,644625.0,375349.0,3,7.083333333333333,"RF-5, RF-6",35,HIGH_RISK,SMALL (<10L),HIMACHAL_PRADESH
KAR-KA-2021-01002,KARNATAKA,BRUHAT BENGALURU MAHANAGARA PALIKE BBMP,DILIP BUILDCON LIMITED,4557769.32,3376125.42,3,21.0,"RF-3, RF-5, RF-6",55,HIGH_RISK,MEDIUM (10L-50L),KARNATAKA
2017_UDDHP_15839_1,HIMACHAL PRADESH,EXECUTIVE OFFICER MC SOLAN,BHUPENDER SINGH THAKUR,209991.0,134343.0,3,7.083333333333333,"RF-5, RF-6",35,HIGH_RISK,SMALL (<10L),HIMACHAL_PRADESH
2019_HPIPH_26547_1,HIMACHAL PRADESH,EXECUTIVE ENGINEER,SURESH KUMAR,132413.0,187290.0,3,5.770833333333333,"RF-4, RF-6",30,HIGH_RISK,SMALL (<10L),HIMACHAL_PRADESH
2017_PWD_14439_1,HIMACHAL PRADESH,EXECUTIVE ENGINEER DHAMI,MGI INFRASTRUCTURE PRIVATE LIMITED,17839412.0,16844080.0,8,16.958333333333332,NONE,0,LOW_RISK,LARGE (50L-5Cr),HIMACHAL_PRADESH
2018_PWD_19891_11,HIMACHAL PRADESH,EXECUTIVE ENGINEER PUBLIC WORKS DEPARTMENT DIVISION FATEHPUR,M S CHANAN SINGH AND COMPANY,1509224.0,1391267.0,2,20.27083333333333,RF-6,15,MEDIUM_RISK,MEDIUM (10L-50L),HIMACHAL_PRADESH
KAR-KA-2021-01009,KARNATAKA,BANGALORE METRO RAIL CORP,VANGUARD POWER SERVICES,5735820.56,4987670.05,1,6.0,"RF-1, RF-4, RF-6",55,HIGH_RISK,LARGE (50L-5Cr),KARNATAKA
KAR-KA-2021-01057,KARNATAKA,HEALTH FAMILY WELFARE KARNATAKA,AFCONS INFRASTRUCTURE LIMITED,6735236.04,4989063.73,1,6.0,"RF-1, RF-4, RF-5, RF-6",75,HIGH_RISK,LARGE (50L-5Cr),KARNATAKA
2018_PWD_19648_6,HIMACHAL PRADESH,EXECUTIVE ENGINEER CHAMBA DIVISION HIMACHAL PRADESH PUBLIC WORKS DEPARTMENT CHAMBA,SAHAB SINGH THAKUR,2306248.0,1752085.0,2,18.67708333333333,"RF-5, RF-6",35,HIGH_RISK,MEDIUM (10L-50L),HIMACHAL_PRADESH
2018_PWD_20279_1,HIMACHAL PRADESH,EXECUTIVE ENGINEER,YUDHVIR SINGH,881545.0,646789.0,3,11.958333333333334,"RF-5, RF-6",35,HIGH_RISK,SMALL (<10L),HIMACHAL_PRADESH
RAJ-RA-2021-01182,RAJASTHAN,PUBLIC HEALTH ENGINEERING DEPT RAJASTHAN,AFCONS INFRASTRUCTURE LIMITED,8732131.3,6468245.41,1,14.0,"RF-1, RF-5, RF-6",60,HIGH_RISK,LARGE (50L-5Cr),RAJASTHAN
2016_HPIPH_13836_1,HIMACHAL PRADESH,EXECUTIVE ENGINEER IRRIGATION AND PUBLIC HEALTH DIVISION RAMPUR,JIA LAL KAPATIA,10062256.0,6048746.0,1,14.958333333333334,"RF-1, RF-5",45,HIGH_RISK,LARGE (50L-5Cr),HIMACHAL_PRADESH
2018_MC_20116_3,HIMACHAL PRADESH,EXECUTIVE ENGINEER,DP CONSTRUCTION,4725715.0,3280000.0,8,13.729166666666666,"RF-3, RF-5",40,HIGH_RISK,MEDIUM (10L-50L),HIMACHAL_PRADESH
CEN-CE-2021-01135,CENTRAL,NHAI HIGHWAYS,DILIP BUILDCON LIMITED,214730873.97,210520464.67,2,6.0,"RF-4, RF-6",30,HIGH_RISK,MEGA (>5Cr),CENTRAL_CPPP
2018_HPIPH_21716_1,HIMACHAL PRADESH,EXECUTIVE ENGINEER,VIJAY KUMAR KUSHWAHA,6157000.0,2440000.0,4,23.70833333333333,"RF-5, RF-6",35,HIGH_RISK,LARGE (50L-5Cr),HIMACHAL_PRADESH
2017_PWD_14784_1,HIMACHAL PRADESH,EXECUTIVE ENGINEER NH DIVISION HP PUBLIC WORKS DEPARTMENT SOLAN,JD CONSTRUCTION,2574076.0,1531957.0,1,16.78125,"RF-1, RF-5",45,HIGH_RISK,MEDIUM (10L-50L),HIMACHAL_PRADESH
2017_HPIPH_16692_1,HIMACHAL PRADESH,EXECUTIVE ENGINEER IRRIGATION AND PUBLIC HEALTH DIVISION BARSAR,SANJEEV KUMAR,430000.0,148725.0,2,13.083333333333334,"RF-5, RF-6",35,HIGH_RISK,SMALL (<10L),HIMACHAL_PRADESH
KAR-KA-2021-01087,KARNATAKA,BANGALORE METRO RAIL CORP,GUPTA AND SONS CONTRACTOR,5297907.65,4905470.05,1,6.0,"RF-1, RF-4, RF-6",55,HIGH_RISK,LARGE (50L-5Cr),KARNATAKA
CEN-CE-2021-01311,CENTRAL,CENTRAL PUBLIC WORKS DEPARTMENT,LARSEN AND TOUBRO CONSTRUCTION,5398551.37,4998658.67,3,4.0,"RF-4, RF-6",30,HIGH_RISK,LARGE (50L-5Cr),CENTRAL_CPPP
UTT-UT-2021-01203,UTTAR PRADESH,NOIDA INDUSTRIAL DEVELOPMENT AUTH,BHARAT DIAGNOSTIC SYSTEMS,109588011.88,101470381.37,2,4.0,"RF-4, RF-6",30,HIGH_RISK,MEGA (>5Cr),UTTAR_PRADESH
2017_PWD_18014_1,HIMACHAL PRADESH,EX EN NH DIVISION HIMACHAL PRADESH PUBLIC WORKS DEPARTMENT SOLAN,JAMNA DASS,1659460.0,1299249.0,6,6.895833333333333,"RF-2, RF-4",40,HIGH_RISK,MEDIUM (10L-50L),HIMACHAL_PRADESH
2019_PWD_26098_12,HIMACHAL PRADESH,EXECUTIVE ENGINEER,PRITAM SINGH THKUR,1646134.0,1288404.0,1,14.975694444444445,"RF-1, RF-6",40,HIGH_RISK,MEDIUM (10L-50L),HIMACHAL_PRADESH
UTT-UT-2021-01169,UTTAR PRADESH,UTTAR PRADESH PUBLIC WORKS DEPARTMENT,AHLUWALIA CONTRACTS INDIA LIMITED,71650647.74,75421734.46,1,4.0,"RF-1, RF-4, RF-6",55,HIGH_RISK,MEGA (>5Cr),UTTAR_PRADESH
2017_UDDHP_18329_1,HIMACHAL PRADESH,EXECUTIVE OFFICER MC SOLAN,SUBHASH CHAND RANA,370860.0,245000.0,3,5.333333333333333,"RF-4, RF-5, RF-6",50,HIGH_RISK,SMALL (<10L),HIMACHAL_PRADESH
MAH-MA-2021-01298,MAHARASHTRA,PUBLIC HEALTH DEPT MUMBAI,AHLUWALIA CONTRACTS INDIA LIMITED,14208598.79,12355303.3,2,6.0,"RF-4, RF-6",30,HIGH_RISK,LARGE (50L-5Cr),MAHARASHTRA
MAH-MA-2021-01075,MAHARASHTRA,WATER RESOURCES DEPARTMENT MAHARASHTRA,DILIP BUILDCON LIMITED,19620284.46,17061116.92,4,6.0,"RF-4, RF-6",30,HIGH_RISK,LARGE (50L-5Cr),MAHARASHTRA
2017_UDDHP_17916_1,HIMACHAL PRADESH,EXECUTIVE ENGINEER DMC,ABHAY RANA,765819.0,495675.0,3,15.75,RF-5,20,MEDIUM_RISK,SMALL (<10L),HIMACHAL_PRADESH
CEN-CE-2021-01241,CENTRAL,MINISTRY OF HEALTH FAMILY WELFARE,SHARMA ENGINEERING WORKS,31482746.14,23320552.69,4,14.0,"RF-5, RF-6",35,HIGH_RISK,LARGE (50L-5Cr),CENTRAL_CPPP
2019_DFHW_28789_1,HIMACHAL PRADESH,MISSION DIRECTOR IONAL HEALTH MISSION HP,ASHOK CHAUHAN AND COMPANY,168488424.0,60000000.0,6,5.75,"RF-4, RF-5",35,HIGH_RISK,MEGA (>5Cr),HIMACHAL_PRADESH
2017_UDDHP_17617_1,HIMACHAL PRADESH,EXECUTIVE OFFICER MC SOLAN,BHUPENDER SINGH THAKUR,787500.0,496212.0,3,7.25,"RF-5, RF-6",35,HIGH_RISK,SMALL (<10L),HIMACHAL_PRADESH
2019_PWD_26814_1,HIMACHAL PRADESH,EXECUTIVE ENGINEER,ASHWANI KUMAR,4018254.0,3450565.0,1,7.708333333333333,"RF-1, RF-6",40,HIGH_RISK,MEDIUM (10L-50L),HIMACHAL_PRADESH
CEN-CE-2021-01085,CENTRAL,NHAI HIGHWAYS,SHARMA ENGINEERING WORKS,385362697.91,335097998.18,3,4.0,"RF-4, RF-6",30,HIGH_RISK,MEGA (>5Cr),CENTRAL_CPPP
CEN-CE-2021-01065,CENTRAL,NHAI HIGHWAYS,AHLUWALIA CONTRACTS INDIA LIMITED,16203647.84,17056471.41,2,6.0,"RF-4, RF-6",30,HIGH_RISK,LARGE (50L-5Cr),CENTRAL_CPPP
KAR-KA-2021-01060,KARNATAKA,KARNATAKA PUBLIC WORKS PORTS INLAND WATER,ZENITH INFRASTRUCTURE PROJECTS,5096992.73,4997051.69,1,30.0,"RF-1, RF-6",40,HIGH_RISK,LARGE (50L-5Cr),KARNATAKA
MAH-MA-2021-01143,MAHARASHTRA,MSEDCL POWER DISTRIBUTION,SHARMA ENGINEERING WORKS,4959389.47,4312512.58,4,14.0,"RF-3, RF-6",35,HIGH_RISK,MEDIUM (10L-50L),MAHARASHTRA
KAR-KA-2021-01004,KARNATAKA,KARNATAKA PUBLIC WORKS PORTS INLAND WATER,APEX MEDITECH SOLUTIONS,5034259.88,4935548.9,8,4.0,RF-4,15,MEDIUM_RISK,LARGE (50L-5Cr),KARNATAKA
2017_UDDHP_17922_1,HIMACHAL PRADESH,EXECUTIVE ENGINEER DMC,AJAY KUMAR,2627146.0,999042.0,5,15.75,"RF-5, RF-6",35,HIGH_RISK,MEDIUM (10L-50L),HIMACHAL_PRADESH
UTT-UT-2021-01138,UTTAR PRADESH,MEDICAL HEALTH FAMILY WELFARE LUCKNOW,TATA PROJECTS LIMITED,743846.09,550997.11,2,21.0,"RF-5, RF-6",35,HIGH_RISK,SMALL (<10L),UTTAR_PRADESH
2018_HPIPH_23754_1-917,HIMACHAL PRADESH,EXECUTIVE ENGINEER IRRIGATION AND PUBLIC HEALTH DIVISION BARSAR,M S PAWAN KUMAR SHARMA,4534701.0,3724315.0,10,13.041666666666666,"RF-3, RF-6",35,HIGH_RISK,MEDIUM (10L-50L),HIMACHAL_PRADESH
2017_PWD_17564_1,HIMACHAL PRADESH,EXECUTIVE ENGINEER,BHUPINDER SINGH,1185750.0,592527.0,26,18.729166666666668,"RF-5, RF-6",35,HIGH_RISK,MEDIUM (10L-50L),HIMACHAL_PRADESH
2017_PWD_18299_1,HIMACHAL PRADESH,EXECUTIVE ENGINEER,VINAY KUMAR GUPTA,167174.0,112317.0,15,7.25,"RF-5, RF-6",35,HIGH_RISK,SMALL (<10L),HIMACHAL_PRADESH
2018_HPSED_19882_2,HIMACHAL PRADESH,MANAGING DIRECTOR,H H TECHNOLOGY PRIVATE LIMITED,33337844.0,38000000.0,2,5.916666666666667,RF-4,15,MEDIUM_RISK,LARGE (50L-5Cr),HIMACHAL_PRADESH
2017_UDDHP_17954_1,HIMACHAL PRADESH,EXECUTIVE ENGINEER DMC,VIKAS,5398630.0,1745440.0,4,16.75,"RF-5, RF-6",35,HIGH_RISK,LARGE (50L-5Cr),HIMACHAL_PRADESH
2019_HPIPH_27364_1,HIMACHAL PRADESH,EXECUTIVE ENGINEER RAMPUR,DUSHANT SHARMA,4123611.76,3185164.0,2,12.083333333333334,NONE,0,LOW_RISK,MEDIUM (10L-50L),HIMACHAL_PRADESH
2017_HPIPH_16792_1,HIMACHAL PRADESH,EXECUTIVE ENGINEER IRRIGATION AND PUBLIC HEALTH DIVISION NAHAN,THE NANDINI ENTERPRISE AND SONS,11626185.0,7975731.0,5,18.77083333333333,"RF-5, RF-6",35,HIGH_RISK,LARGE (50L-5Cr),HIMACHAL_PRADESH
MAH-MA-2021-01040,MAHARASHTRA,PUBLIC HEALTH DEPT MUMBAI,LARSEN AND TOUBRO CONSTRUCTION,149092477.72,129645632.8,3,4.0,"RF-4, RF-6",30,HIGH_RISK,MEGA (>5Cr),MAHARASHTRA
CEN-CE-2021-01138,CENTRAL,MINISTRY OF HEALTH FAMILY WELFARE,VANGUARD POWER SERVICES,4371065.42,4967119.79,2,6.0,"RF-4, RF-6",30,HIGH_RISK,MEDIUM (10L-50L),CENTRAL_CPPP
CEN-CE-2021-01121,CENTRAL,INDIAN RAILWAYS,PNC INFRATECH LIMITED,23391429.29,24622557.15,4,4.0,"RF-4, RF-6",30,HIGH_RISK,LARGE (50L-5Cr),CENTRAL_CPPP
KAR-KA-2021-01159,KARNATAKA,BRUHAT BENGALURU MAHANAGARA PALIKE BBMP,KNR CONSTRUCTION,15054378.02,14759194.14,1,30.0,"RF-1, RF-6",40,HIGH_RISK,LARGE (50L-5Cr),KARNATAKA
UTT-UT-2021-01131,UTTAR PRADESH,UTTAR PRADESH PUBLIC WORKS DEPARTMENT,LARSEN AND TOUBRO CONSTRUCTION,4397997.87,4997724.86,1,14.0,"RF-1, RF-6",40,HIGH_RISK,MEDIUM (10L-50L),UTTAR_PRADESH
2018_PWD_19790_1,HIMACHAL PRADESH,EXECUTIVE ENGINEER MANDI DIVISION NO II HIMACHAL PRADESH PUBLIC WORKS DEPARTMENT MANDI,DINESH KUMAR SHARMA CONST P LIMITED,2065665.0,1693114.0,2,6.708333333333333,"RF-4, RF-6",30,HIGH_RISK,MEDIUM (10L-50L),HIMACHAL_PRADESH
CEN-CE-2021-01143,CENTRAL,MINISTRY OF HEALTH FAMILY WELFARE,AFCONS INFRASTRUCTURE LIMITED,1629202.95,1597257.8,1,6.0,"RF-1, RF-4, RF-6",55,HIGH_RISK,MEDIUM (10L-50L),CENTRAL_CPPP
2017_UDDHP_15792_1,HIMACHAL PRADESH,EXECUTIVE OFFICER MC SOLAN,NITIN BHASIN,261548.0,158471.0,7,6.041666666666667,"RF-4, RF-5",35,HIGH_RISK,SMALL (<10L),HIMACHAL_PRADESH
2018_PWD_25364_2,HIMACHAL PRADESH,EXECUTIVE ENGINEER,SURENDER THAKUR,9629519.0,5835392.0,1,12.083333333333334,"RF-1, RF-5",45,HIGH_RISK,LARGE (50L-5Cr),HIMACHAL_PRADESH
KAR-KA-2021-01033,KARNATAKA,HEALTH FAMILY WELFARE KARNATAKA,KNR CONSTRUCTION,187062480.93,196907874.66,3,4.0,"RF-4, RF-6",30,HIGH_RISK,MEGA (>5Cr),KARNATAKA
2017_PWD_16857_1,HIMACHAL PRADESH,EXECUTIVE ENGINEER,MANOHAR LAL GOVT CONT,1461941.0,1312385.0,2,14.666666666666666,RF-6,15,MEDIUM_RISK,MEDIUM (10L-50L),HIMACHAL_PRADESH
CEN-CE-2021-01258,CENTRAL,INDIAN RAILWAYS,BHARAT DIAGNOSTIC SYSTEMS,5089070.67,4989284.97,2,6.0,"RF-4, RF-6",30,HIGH_RISK,LARGE (50L-5Cr),CENTRAL_CPPP
2017_PWD_15702_3,HIMACHAL PRADESH,EXECUTIVE ENGINEER CHAMBA DIVISION HIMACHAL PRADESH PUBLIC WORKS DEPARTMENT CHAMBA,MANESH MEHTA,1960200.0,1496475.0,2,20.75,"RF-5, RF-6",35,HIGH_RISK,MEDIUM (10L-50L),HIMACHAL_PRADESH
UTT-UT-2021-01111,UTTAR PRADESH,MEDICAL HEALTH FAMILY WELFARE LUCKNOW,KNR CONSTRUCTION,3913216.64,4119175.41,3,4.0,"RF-4, RF-6",30,HIGH_RISK,MEDIUM (10L-50L),UTTAR_PRADESH
2017_UDDHP_15781_1,HIMACHAL PRADESH,EXECUTIVE OFFICER MC SOLAN,SHAH JAHAN,168020.0,117462.0,3,6.083333333333333,"RF-4, RF-5, RF-6",50,HIGH_RISK,SMALL (<10L),HIMACHAL_PRADESH
2017_PWD_15814_1,HIMACHAL PRADESH,EXECUTIVE ENGINEER PUBLIC WORKS DEPARTMENT DIVISION FATEHPUR,RAKESH KUMAR,1516620.0,1505410.0,5,29.27083333333333,NONE,0,LOW_RISK,MEDIUM (10L-50L),HIMACHAL_PRADESH
2017_HPIPH_17651_1-4055,HIMACHAL PRADESH,EXECUTIVE ENGINEER IRRIGATION AND PUBLIC HEALTH DIVISION BA,M S PAWAN KUMAR SHARMA,905000.0,663338.0,6,7.041666666666667,RF-5,20,MEDIUM_RISK,SMALL (<10L),HIMACHAL_PRADESH
2019_HPIPH_31950_1,HIMACHAL PRADESH,EXECUTIVE ENGINEER,NIRBHAY SINGH JASWAL,592513.0,747013.0,9,13.708333333333334,NONE,0,LOW_RISK,SMALL (<10L),HIMACHAL_PRADESH
2018_HPIPH_22137_1-3470,HIMACHAL PRADESH,EXECUTIVE ENGINEER,RATTAN LAL,4170685.84,2752331.0,4,24.75,"RF-5, RF-6",35,HIGH_RISK,MEDIUM (10L-50L),HIMACHAL_PRADESH
2018_HPIPH_19456_1-33,HIMACHAL PRADESH,EXECUTIVE ENGINEER,GOPAL MAHAJAN,6331200.0,5921960.0,3,27.760416666666668,RF-6,15,MEDIUM_RISK,LARGE (50L-5Cr),HIMACHAL_PRADESH
2018_PWD_19848_2,HIMACHAL PRADESH,EXECUTIVE ENGINEER CHAMBA DIVISION HIMACHAL PRADESH PUBLIC WORKS DEPARTMENT CHAMBA,MANESH MEHTA,1642404.0,1218611.0,2,20.75,"RF-5, RF-6",35,HIGH_RISK,MEDIUM (10L-50L),HIMACHAL_PRADESH
2018_PWD_19916_1,HIMACHAL PRADESH,EXECUTIVE ENGINEER,S S CHAUHANS CONSTRUCTION PRIVATE LIMTED,1215313.0,1051984.0,1,12.0,"RF-1, RF-6",40,HIGH_RISK,MEDIUM (10L-50L),HIMACHAL_PRADESH
KAR-KA-2021-01113,KARNATAKA,KARNATAKA RURAL INFRASTRUCTURE,SHARMA ENGINEERING WORKS,1734336.7,1700330.1,1,6.0,"RF-1, RF-4",40,HIGH_RISK,MEDIUM (10L-50L),KARNATAKA
CEN-CE-2021-01318,CENTRAL,NHAI HIGHWAYS,VANGUARD POWER SERVICES,11110688.17,9661467.97,1,6.0,"RF-1, RF-4, RF-6",55,HIGH_RISK,LARGE (50L-5Cr),CENTRAL_CPPP
2019_HPIPH_31540_1,HIMACHAL PRADESH,EXECUTIVE ENGINEER,HARJEET SINGH,91293964.0,58905925.0,3,20.67013888888889,"RF-5, RF-6",35,HIGH_RISK,MEGA (>5Cr),HIMACHAL_PRADESH
CEN-CE-2021-01303,CENTRAL,DEFENCE RESEARCH DEVELOPMENT ORG,ZENITH INFRASTRUCTURE PROJECTS,16823514.11,16493641.28,2,21.0,RF-6,15,MEDIUM_RISK,LARGE (50L-5Cr),CENTRAL_CPPP
2019_HPIPH_28313_1,HIMACHAL PRADESH,EXECUTIVE EGINEER,RNJEET SINGH,2704825.0,2897927.0,5,19.0,NONE,0,LOW_RISK,MEDIUM (10L-50L),HIMACHAL_PRADESH
2017_UDDHP_17044_1,HIMACHAL PRADESH,EXECUTIVE OFFICER MC SOLAN,PARMINDER DHIMAN,370486.0,268685.0,4,6.208333333333333,"RF-4, RF-5, RF-6",50,HIGH_RISK,SMALL (<10L),HIMACHAL_PRADESH
2017_PWD_16936_1,HIMACHAL PRADESH,EXECUTIVE ENGINEER B AND R SOLAN,NARESH VIJ GOVERNMENT CONTRACTOR,2639546.0,2279720.0,2,6.659722222222222,"RF-4, RF-6",30,HIGH_RISK,MEDIUM (10L-50L),HIMACHAL_PRADESH
2018_PWD_20228_9,HIMACHAL PRADESH,EXECUTIVE ENGINEER,NAVNEET THAKUR,1081578.0,823100.0,3,20.916666666666668,"RF-5, RF-6",35,HIGH_RISK,MEDIUM (10L-50L),HIMACHAL_PRADESH
2018_PWD_20253_1,HIMACHAL PRADESH,EXECUTIVE ENGINEER,G P ACHARYA,875862.0,638467.0,3,12.125,"RF-5, RF-6",35,HIGH_RISK,SMALL (<10L),HIMACHAL_PRADESH
RAJ-RA-2021-01109,RAJASTHAN,RAJASTHAN PUBLIC WORKS DEPARTMENT,LARSEN AND TOUBRO CONSTRUCTION,4130199.23,3059406.84,1,30.0,"RF-1, RF-5, RF-6",60,HIGH_RISK,MEDIUM (10L-50L),RAJASTHAN
2018_HPIPH_19453_1,HIMACHAL PRADESH,EXECUTIVE ENGINEER,GOPAL MAHAJAN,6745011.0,4710891.0,3,27.760416666666668,"RF-5, RF-6",35,HIGH_RISK,LARGE (50L-5Cr),HIMACHAL_PRADESH
2018_HPIPH_25214_1,HIMACHAL PRADESH,EXECUTIVE ENGINEER,SUDESH KUMAR,2263992.0,2893157.0,5,13.75,NONE,0,LOW_RISK,MEDIUM (10L-50L),HIMACHAL_PRADESH
2018_PWD_19772_12,HIMACHAL PRADESH,EXECUTIVE ENGINEER SHILLAI,GEETA RAM,1474622.0,1179994.0,15,27.08333333333333,NONE,0,LOW_RISK,MEDIUM (10L-50L),HIMACHAL_PRADESH
2017_PWD_14242_1,HIMACHAL PRADESH,EXECUTIVE ENGINEER HIMACHAL PRADESH PUBLIC WORKS DEPARTMENT DIVISION SANGRAH,RAHUL CHUHAN,6314859.0,3986458.0,3,34.041666666666664,RF-5,20,MEDIUM_RISK,LARGE (50L-5Cr),HIMACHAL_PRADESH
2018_PWD_22857_9,HIMACHAL PRADESH,EXECUTIVE ENGINEER HIMACHAL PRADESH PUBLIC WORKS DEPARTMENT DIVISION DALHOUSIE,MS R K MAHAJAN,3321524.0,3066201.0,2,5.708333333333333,"RF-4, RF-6",30,HIGH_RISK,MEDIUM (10L-50L),HIMACHAL_PRADESH
CEN-CE-2021-01104,CENTRAL,CENTRAL PUBLIC WORKS DEPARTMENT,VANGUARD POWER SERVICES,428097320.47,317109126.28,2,6.0,"RF-4, RF-5, RF-6",50,HIGH_RISK,MEGA (>5Cr),CENTRAL_CPPP
MAH-MA-2021-01069,MAHARASHTRA,WATER RESOURCES DEPARTMENT MAHARASHTRA,TATA PROJECTS LIMITED,17054927.84,16720517.49,1,14.0,"RF-1, RF-6",40,HIGH_RISK,LARGE (50L-5Cr),MAHARASHTRA
2018_UDDHP_19957_1,HIMACHAL PRADESH,EXECUTIVE OFFICER MC SOLAN,CHAMAN LAL GOVT CONT,217206.0,160218.0,3,6.125,"RF-4, RF-5",35,HIGH_RISK,SMALL (<10L),HIMACHAL_PRADESH
RAJ-RA-2021-01134,RAJASTHAN,MEDICAL HEALTH SERVICES JAIPUR,NCC LIMITED INFRASTRUCTURE,4369875.91,4965768.08,2,6.0,RF-4,15,MEDIUM_RISK,MEDIUM (10L-50L),RAJASTHAN
2017_UDDHP_15841_1,HIMACHAL PRADESH,EXECUTIVE OFFICER MC SOLAN,VINAY THAKUR,1372237.0,813096.0,3,7.083333333333333,"RF-5, RF-6",35,HIGH_RISK,MEDIUM (10L-50L),HIMACHAL_PRADESH
CEN-CE-2021-01146,CENTRAL,MINISTRY OF HEALTH FAMILY WELFARE,GUPTA AND SONS CONTRACTOR,5635159.21,4900138.45,3,30.0,NONE,0,LOW_RISK,LARGE (50L-5Cr),CENTRAL_CPPP
2019_DMEHP_32877_1,HIMACHAL PRADESH,PRINCIPAL,SYMBIOSIS INC,3594528.0,100.0,2,20.791666666666668,"RF-5, RF-6",35,HIGH_RISK,MEDIUM (10L-50L),HIMACHAL_PRADESH
KAR-KA-2021-01163,KARNATAKA,BANGALORE METRO RAIL CORP,TATA PROJECTS LIMITED,5064006.66,4964712.41,3,4.0,"RF-4, RF-6",30,HIGH_RISK,LARGE (50L-5Cr),KARNATAKA
2017_PWD_16343_1,HIMACHAL PRADESH,EXECUTIVE ENGINEER DHAMI,KESHAV RAM,1332551.0,1533083.0,9,13.989583333333334,NONE,0,LOW_RISK,MEDIUM (10L-50L),HIMACHAL_PRADESH
MAH-MA-2021-01182,MAHARASHTRA,MAHARASHTRA PUBLIC WORKS DEPARTMENT,APEX MEDITECH SOLUTIONS,5005388.53,4907243.65,1,21.0,"RF-1, RF-6",40,HIGH_RISK,LARGE (50L-5Cr),MAHARASHTRA
2018_HPIPH_19765_1,HIMACHAL PRADESH,EXECUTIVE ENGINEER,RAJNEESH KUMAR GOVERNMENT CONTRACTOR,3001000.0,1365152.0,4,19.875,"RF-5, RF-6",35,HIGH_RISK,MEDIUM (10L-50L),HIMACHAL_PRADESH
2018_PWD_19408_2,HIMACHAL PRADESH,EXECUTIVE ENGINEER SHILLAI,SHUPA RAM,320682.0,409488.0,18,22.08333333333333,NONE,0,LOW_RISK,SMALL (<10L),HIMACHAL_PRADESH
2018_PWD_19823_1,HIMACHAL PRADESH,EXECUTIVE ENGINEER MANDI DIVISION NO II HIMACHAL PRADESH PUBLIC WORKS DEPARTMENT MANDI,DINESH KUMAR SHARMA CONST P LIMITED,1434720.0,1367077.0,3,6.708333333333333,"RF-4, RF-6",30,HIGH_RISK,MEDIUM (10L-50L),HIMACHAL_PRADESH
MAH-MA-2021-01173,MAHARASHTRA,MSEDCL POWER DISTRIBUTION,PNC INFRATECH LIMITED,309249486.68,303185771.25,2,4.0,"RF-4, RF-6",30,HIGH_RISK,MEGA (>5Cr),MAHARASHTRA
2018_FDC_19522_7,HIMACHAL PRADESH,DIVISIONAL MANAGER FWD HAMIRPUR,DEVDUTT,117480.0,89564.0,1,5.166666666666667,"RF-1, RF-4, RF-5",60,HIGH_RISK,SMALL (<10L),HIMACHAL_PRADESH
2020_DFHW_34839_1,HIMACHAL PRADESH,SR MEDICAL SUPERINTENDENT HHMH AND R SHIMLA 5,CORPORATE CARE,1150000.0,700000.0,3,18.70833333333333,"RF-2, RF-5",45,HIGH_RISK,MEDIUM (10L-50L),HIMACHAL_PRADESH
UTT-UT-2021-01038,UTTAR PRADESH,MEDICAL HEALTH FAMILY WELFARE LUCKNOW,LARSEN AND TOUBRO CONSTRUCTION,1133235.3,1287767.39,2,4.0,"RF-4, RF-6",30,HIGH_RISK,MEDIUM (10L-50L),UTTAR_PRADESH
2017_PWD_16911_5,HIMACHAL PRADESH,EXECUTIVE ENGINEER NH NAHAN,ANIL SHARMA,171120.0,210552.0,8,20.95833333333333,NONE,0,LOW_RISK,SMALL (<10L),HIMACHAL_PRADESH
CEN-CE-2021-01203,CENTRAL,INDIAN RAILWAYS,SHARMA ENGINEERING WORKS,7280762.05,6331097.43,4,6.0,"RF-4, RF-6",30,HIGH_RISK,LARGE (50L-5Cr),CENTRAL_CPPP
2017_PWD_15602_1,HIMACHAL PRADESH,EXECUTIVE ENGINEER,SATISH THAKUR,592253.0,386185.0,34,13.25,"RF-5, RF-6",35,HIGH_RISK,SMALL (<10L),HIMACHAL_PRADESH
UTT-UT-2021-01074,UTTAR PRADESH,NOIDA INDUSTRIAL DEVELOPMENT AUTH,LARSEN AND TOUBRO CONSTRUCTION,188912842.32,214673684.45,1,21.0,"RF-1, RF-6",40,HIGH_RISK,MEGA (>5Cr),UTTAR_PRADESH
RAJ-RA-2021-01099,RAJASTHAN,JAIPUR DEVELOPMENT AUTHORITY,AHLUWALIA CONTRACTS INDIA LIMITED,5093035.83,4993172.38,8,6.0,"RF-4, RF-6",30,HIGH_RISK,LARGE (50L-5Cr),RAJASTHAN
2017_PWD_18173_5,HIMACHAL PRADESH,EXECUTIVE ENGINEER,SUNIL KAPOOR,160502.0,188669.0,6,20.729166666666668,NONE,0,LOW_RISK,SMALL (<10L),HIMACHAL_PRADESH
RAJ-RA-2021-01030,RAJASTHAN,JAIPUR DEVELOPMENT AUTHORITY,SHARMA ENGINEERING WORKS,876426.23,859241.4,2,14.0,NONE,0,LOW_RISK,SMALL (<10L),RAJASTHAN
2017_UDDHP_14898_1,HIMACHAL PRADESH,EXECUTIVE OFFICER MC SOLAN,YAJU PANT,892485.0,982500.0,4,6.041666666666667,"RF-4, RF-6",30,HIGH_RISK,SMALL (<10L),HIMACHAL_PRADESH
KAR-KA-2021-01088,KARNATAKA,KARNATAKA RURAL INFRASTRUCTURE,APEX MEDITECH SOLUTIONS,2816414.29,2449055.91,3,4.0,"RF-4, RF-6",30,HIGH_RISK,MEDIUM (10L-50L),KARNATAKA
KAR-KA-2021-01197,KARNATAKA,BANGALORE METRO RAIL CORP,VANGUARD POWER SERVICES,276616950.74,204901444.99,3,21.0,"RF-5, RF-6",35,HIGH_RISK,MEGA (>5Cr),KARNATAKA
2017_UDDHP_18117_1,HIMACHAL PRADESH,EXECUTIVE OFFICER MC SOLAN,NAIN SINGH,224799.0,150000.0,3,11.25,"RF-5, RF-6",35,HIGH_RISK,SMALL (<10L),HIMACHAL_PRADESH
UTT-UT-2021-01072,UTTAR PRADESH,MEDICAL HEALTH FAMILY WELFARE LUCKNOW,KNR CONSTRUCTION,1516932.29,1123653.55,4,6.0,"RF-4, RF-5, RF-6",50,HIGH_RISK,MEDIUM (10L-50L),UTTAR_PRADESH
UTT-UT-2021-01107,UTTAR PRADESH,UTTAR PRADESH PUBLIC WORKS DEPARTMENT,BHARAT DIAGNOSTIC SYSTEMS,6730074.41,4985240.3,3,6.0,"RF-4, RF-5, RF-6",50,HIGH_RISK,LARGE (50L-5Cr),UTTAR_PRADESH
2018_PWD_19134_1,HIMACHAL PRADESH,EXECUTIVE ENGINEER B AND R SOLAN,AKSHAY KUMAR,4816924.0,4037122.0,6,5.631944444444445,"RF-3, RF-4",35,HIGH_RISK,MEDIUM (10L-50L),HIMACHAL_PRADESH
2018_PWD_20125_1,HIMACHAL PRADESH,EXECUTIVE ENGINEER UNA DIVISION HIMACHAL PRADESH PUBLIC WORKS DEPARTMENT UNA,M S SATISH KUMAR SHARMA,1038298.0,1139305.0,4,6.270833333333333,"RF-4, RF-6",30,HIGH_RISK,MEDIUM (10L-50L),HIMACHAL_PRADESH
2017_UDDHP_18130_1,HIMACHAL PRADESH,EXECUTIVE OFFICER MC SOLAN,VIVEK DOBHAL,478119.0,289000.0,3,11.25,"RF-5, RF-6",35,HIGH_RISK,SMALL (<10L),HIMACHAL_PRADESH
2020_DFHW_34986_4,HIMACHAL PRADESH,CHIEF MEDICAL OFFICER HAMIRPUR,HAMEER FACILITY MANAGEMENT PRIVATE LIMITED,2601900.0,2601900.0,5,16.333333333333332,"RF-2, RF-6",40,HIGH_RISK,MEDIUM (10L-50L),HIMACHAL_PRADESH
UTT-UT-2021-01046,UTTAR PRADESH,UTTAR PRADESH PUBLIC WORKS DEPARTMENT,SHARMA ENGINEERING WORKS,5032498.26,4933821.82,1,4.0,"RF-1, RF-4",40,HIGH_RISK,LARGE (50L-5Cr),UTTAR_PRADESH
CEN-CE-2021-01045,CENTRAL,CENTRAL PUBLIC WORKS DEPARTMENT,AHLUWALIA CONTRACTS INDIA LIMITED,10258034.72,11656857.64,1,30.0,"RF-1, RF-6",40,HIGH_RISK,LARGE (50L-5Cr),CENTRAL_CPPP
2017_PWD_17317_1,HIMACHAL PRADESH,EXECUTIVE ENGINEER CHAMBA DIVISION HIMACHAL PRADESH PUBLIC WORKS DEPARTMENT CHAMBA,GOVERNMENT CONTRACTOR,30327824.0,14729060.0,3,23.041666666666668,"RF-5, RF-6",35,HIGH_RISK,LARGE (50L-5Cr),HIMACHAL_PRADESH
2018_HPIPH_22536_1,HIMACHAL PRADESH,EXECUTIVE ENGINEER,MS R K MAHAJAN,131354539.0,95761276.0,3,21.75,"RF-5, RF-6",35,HIGH_RISK,MEGA (>5Cr),HIMACHAL_PRADESH
2017_HPIPH_17632_1-774,HIMACHAL PRADESH,EXECUTIVE ENGINEER IRRIGATION AND PUBLIC HEALTH DIVISION BARSAR,M SBALAGI CONTECTOR,298633.4,387483.0,6,6.9375,"RF-4, RF-6",30,HIGH_RISK,SMALL (<10L),HIMACHAL_PRADESH
RAJ-RA-2021-01004,RAJASTHAN,JAIPUR DEVELOPMENT AUTHORITY,VANGUARD POWER SERVICES,86275638.6,84583959.41,2,4.0,"RF-4, RF-6",30,HIGH_RISK,MEGA (>5Cr),RAJASTHAN
UTT-UT-2021-01226,UTTAR PRADESH,UTTAR PRADESH JAL NIGAM,GUPTA AND SONS CONTRACTOR,280376582.19,243805723.65,1,6.0,"RF-1, RF-4",40,HIGH_RISK,MEGA (>5Cr),UTTAR_PRADESH
2015_HPIPH_9560_2,HIMACHAL PRADESH,EXECUTIVE ENGINEER IRRIGATION AND PUBLIC HEALTH JUBBAL,M S PARDEEP SUBLAIK,2221671.0,2825045.0,5,5.729166666666667,RF-4,15,MEDIUM_RISK,MEDIUM (10L-50L),HIMACHAL_PRADESH
CEN-CE-2021-01305,CENTRAL,NHAI HIGHWAYS,APEX MEDITECH SOLUTIONS,5006908.77,4908734.09,1,30.0,"RF-1, RF-6",40,HIGH_RISK,LARGE (50L-5Cr),CENTRAL_CPPP
2017_HPCDP_15662_1,HIMACHAL PRADESH,DISTRICT PROJECT MANAGER,SHIV KUMAR,395488.0,467500.0,4,10.708333333333334,RF-6,15,MEDIUM_RISK,SMALL (<10L),HIMACHAL_PRADESH
MAH-MA-2021-01047,MAHARASHTRA,MSEDCL POWER DISTRIBUTION,GUPTA AND SONS CONTRACTOR,6667253.12,4938706.02,1,21.0,"RF-1, RF-5, RF-6",60,HIGH_RISK,LARGE (50L-5Cr),MAHARASHTRA
CEN-CE-2021-01142,CENTRAL,INDIAN RAILWAYS,VANGUARD POWER SERVICES,4377091.18,4973967.25,1,4.0,"RF-1, RF-4, RF-6",55,HIGH_RISK,MEDIUM (10L-50L),CENTRAL_CPPP
2017_PWD_18744_10,HIMACHAL PRADESH,EXECUTIVE ENGINEER,M S ATUL THAKUR GOVERNMENT CONTRACTOR,265948.0,251952.0,4,20.95138888888889,RF-6,15,MEDIUM_RISK,SMALL (<10L),HIMACHAL_PRADESH
RAJ-RA-2021-01241,RAJASTHAN,MEDICAL HEALTH SERVICES JAIPUR,PNC INFRATECH LIMITED,4540728.88,3363502.87,4,21.0,"RF-3, RF-5, RF-6",55,HIGH_RISK,MEDIUM (10L-50L),RAJASTHAN
2018_HPIPH_24330_1,HIMACHAL PRADESH,EXECUTIVE ENGINEER IRRIGATION AND PUBLIC HEALTH DIVISION BARSAR,M SBALAGI CONTECTOR,2614243.0,2029579.0,4,9.916666666666666,RF-6,15,MEDIUM_RISK,MEDIUM (10L-50L),HIMACHAL_PRADESH
KAR-KA-2021-01193,KARNATAKA,HEALTH FAMILY WELFARE KARNATAKA,AFCONS INFRASTRUCTURE LIMITED,12916851.9,12663580.29,5,4.0,"RF-4, RF-6",30,HIGH_RISK,LARGE (50L-5Cr),KARNATAKA
2017_PWD_18093_1,HIMACHAL PRADESH,EXECUTIVE ENGINEER,GEETA RAM,714057.0,513909.0,40,9.25,"RF-5, RF-6",35,HIGH_RISK,SMALL (<10L),HIMACHAL_PRADESH
2017_HPIPH_17748_1-3497,HIMACHAL PRADESH,EXECUTIVE ENGINEER IRRIGATION AND PUBLIC HEALTH DIVISION BA,VERMA ELECTRIC INDUSTRY,803750.0,540000.0,4,5.083333333333333,"RF-4, RF-5, RF-6",50,HIGH_RISK,SMALL (<10L),HIMACHAL_PRADESH
RAJ-RA-2021-01158,RAJASTHAN,RAJASTHAN PUBLIC WORKS DEPARTMENT,SHARMA ENGINEERING WORKS,5362079.73,4964888.64,4,4.0,"RF-4, RF-6",30,HIGH_RISK,LARGE (50L-5Cr),RAJASTHAN
2017_PWD_17999_1,HIMACHAL PRADESH,EXECUTIVE ENGINEER,KESHWA NAND,1519815.0,1141585.0,4,5.708333333333333,"RF-4, RF-5",35,HIGH_RISK,MEDIUM (10L-50L),HIMACHAL_PRADESH
