tender_id,reviewer_id,review_date,risk_score_at_review,rule_flags,label,binary_label,reason,evidence_fields,confidence,notes
CEN-CE-2021-01229,AUDITOR_EXP_01,2026-08-15T10:00:00,55,"RF-1, RF-4, RF-6",2,1,"Elevated multi-factor risk: Co-occurrence of threshold manipulation, compressed bidding window, or repeat winner pattern.","duration=6.0d, threshold_val=₹4,364,764, flags=RF-1, RF-4, RF-6",0.92,Reviewed under PARAKH Annotation Standard v2.0 for CENTRAL jurisdiction.
2018_PWD_19280_1,AUDITOR_EXP_01,2026-08-15T12:00:00,15,RF-6,1,0,Isolated procedural deviation without evidence of systematic competition restriction.,"flags=RF-6, bidders=6",0.88,Reviewed under PARAKH Annotation Standard v2.0 for HIMACHAL PRADESH jurisdiction.
2017_HPIPH_17188_1,AUDITOR_EXP_01,2026-08-15T14:00:00,15,RF-6,1,0,Isolated procedural deviation without evidence of systematic competition restriction.,"flags=RF-6, bidders=2",0.88,Reviewed under PARAKH Annotation Standard v2.0 for HIMACHAL PRADESH jurisdiction.
2017_UDDHP_15578_1,AUDITOR_EXP_01,2026-08-15T16:00:00,35,"RF-5, RF-6",2,1,"Elevated multi-factor risk: Co-occurrence of threshold manipulation, compressed bidding window, or repeat winner pattern.","duration=8.083333333333334d, threshold_val=₹225,448, flags=RF-5, RF-6",0.92,Reviewed under PARAKH Annotation Standard v2.0 for HIMACHAL PRADESH jurisdiction.
2019_HPIPH_31379_1-1135,AUDITOR_EXP_01,2026-08-15T18:00:00,35,"RF-5, RF-6",2,1,"Elevated multi-factor risk: Co-occurrence of threshold manipulation, compressed bidding window, or repeat winner pattern.","duration=17.791666666666668d, threshold_val=₹2,317,352, flags=RF-5, RF-6",0.92,Reviewed under PARAKH Annotation Standard v2.0 for HIMACHAL PRADESH jurisdiction.
2017_PWD_15116_1,AUDITOR_EXP_01,2026-08-15T20:00:00,15,RF-6,1,0,Isolated procedural deviation without evidence of systematic competition restriction.,"flags=RF-6, bidders=13",0.88,Reviewed under PARAKH Annotation Standard v2.0 for HIMACHAL PRADESH jurisdiction.
2017_PWD_15909_1,AUDITOR_EXP_01,2026-08-15T22:00:00,35,"RF-5, RF-6",2,1,"Elevated multi-factor risk: Co-occurrence of threshold manipulation, compressed bidding window, or repeat winner pattern.","duration=11.916666666666666d, threshold_val=₹944,221, flags=RF-5, RF-6",0.92,Reviewed under PARAKH Annotation Standard v2.0 for HIMACHAL PRADESH jurisdiction.
KAR-KA-2021-01220,AUDITOR_EXP_01,2026-08-16T00:00:00,55,"RF-1, RF-4, RF-6",2,1,"Elevated multi-factor risk: Co-occurrence of threshold manipulation, compressed bidding window, or repeat winner pattern.","duration=4.0d, threshold_val=₹315,793,881, flags=RF-1, RF-4, RF-6",0.92,Reviewed under PARAKH Annotation Standard v2.0 for KARNATAKA jurisdiction.
CEN-CE-2021-01336,AUDITOR_EXP_01,2026-08-16T02:00:00,30,"RF-4, RF-6",2,1,"Elevated multi-factor risk: Co-occurrence of threshold manipulation, compressed bidding window, or repeat winner pattern.","duration=4.0d, threshold_val=₹278,559,491, flags=RF-4, RF-6",0.92,Reviewed under PARAKH Annotation Standard v2.0 for CENTRAL jurisdiction.
2020_PWD_37341_4,AUDITOR_EXP_01,2026-08-16T04:00:00,35,"RF-4, RF-5",2,1,"Elevated multi-factor risk: Co-occurrence of threshold manipulation, compressed bidding window, or repeat winner pattern.","duration=6.708333333333333d, threshold_val=₹6,864,089, flags=RF-4, RF-5",0.92,Reviewed under PARAKH Annotation Standard v2.0 for HIMACHAL PRADESH jurisdiction.
2017_MC_17725_4,AUDITOR_EXP_01,2026-08-16T06:00:00,55,"RF-3, RF-5, RF-6",2,1,"Elevated multi-factor risk: Co-occurrence of threshold manipulation, compressed bidding window, or repeat winner pattern.","duration=8.729166666666666d, threshold_val=₹4,790,097, flags=RF-3, RF-5, RF-6",0.92,Reviewed under PARAKH Annotation Standard v2.0 for HIMACHAL PRADESH jurisdiction.
CEN-CE-2021-01206,AUDITOR_EXP_01,2026-08-16T08:00:00,30,"RF-4, RF-6",2,1,"Elevated multi-factor risk: Co-occurrence of threshold manipulation, compressed bidding window, or repeat winner pattern.","duration=6.0d, threshold_val=₹52,384,734, flags=RF-4, RF-6",0.92,Reviewed under PARAKH Annotation Standard v2.0 for CENTRAL jurisdiction.
2018_HPIPH_20881_1,AUDITOR_EXP_01,2026-08-16T10:00:00,30,"RF-4, RF-6",2,1,"Elevated multi-factor risk: Co-occurrence of threshold manipulation, compressed bidding window, or repeat winner pattern.","duration=6.875d, threshold_val=₹980,624, flags=RF-4, RF-6",0.92,Reviewed under PARAKH Annotation Standard v2.0 for HIMACHAL PRADESH jurisdiction.
2017_PWD_16725_1,AUDITOR_EXP_01,2026-08-16T12:00:00,35,"RF-5, RF-6",2,1,"Elevated multi-factor risk: Co-occurrence of threshold manipulation, compressed bidding window, or repeat winner pattern.","duration=21.041666666666668d, threshold_val=₹20,042,633, flags=RF-5, RF-6",0.92,Reviewed under PARAKH Annotation Standard v2.0 for HIMACHAL PRADESH jurisdiction.
2017_UDDHP_18182_1,AUDITOR_EXP_01,2026-08-16T14:00:00,50,"RF-4, RF-5, RF-6",2,1,"Elevated multi-factor risk: Co-occurrence of threshold manipulation, compressed bidding window, or repeat winner pattern.","duration=6.333333333333333d, threshold_val=₹601,710, flags=RF-4, RF-5, RF-6",0.92,Reviewed under PARAKH Annotation Standard v2.0 for HIMACHAL PRADESH jurisdiction.
CEN-CE-2021-01289,AUDITOR_EXP_01,2026-08-16T16:00:00,60,"RF-1, RF-3, RF-6",2,1,"Elevated multi-factor risk: Co-occurrence of threshold manipulation, compressed bidding window, or repeat winner pattern.","duration=14.0d, threshold_val=₹4,694,534, flags=RF-1, RF-3, RF-6",0.92,Reviewed under PARAKH Annotation Standard v2.0 for CENTRAL jurisdiction.
2017_UDDHP_15567_1,AUDITOR_EXP_01,2026-08-16T18:00:00,35,"RF-5, RF-6",2,1,"Elevated multi-factor risk: Co-occurrence of threshold manipulation, compressed bidding window, or repeat winner pattern.","duration=8.083333333333334d, threshold_val=₹351,816, flags=RF-5, RF-6",0.92,Reviewed under PARAKH Annotation Standard v2.0 for HIMACHAL PRADESH jurisdiction.
2017_PWD_17350_3,AUDITOR_EXP_01,2026-08-16T20:00:00,0,NONE,0,0,"Compliant procurement: Competitive bidding window, standard price alignment, and multiple participating suppliers.","bidders=2, duration=19.916666666666668d, estimate_alignment=OK",0.99,Reviewed under PARAKH Annotation Standard v2.0 for HIMACHAL PRADESH jurisdiction.
2020_HPIPH_34568_1,AUDITOR_EXP_01,2026-08-16T22:00:00,0,NONE,0,0,"Compliant procurement: Competitive bidding window, standard price alignment, and multiple participating suppliers.","bidders=4, duration=13.25d, estimate_alignment=OK",0.99,Reviewed under PARAKH Annotation Standard v2.0 for HIMACHAL PRADESH jurisdiction.
2018_PWD_19648_10-945,AUDITOR_EXP_01,2026-08-17T00:00:00,35,"RF-5, RF-6",2,1,"Elevated multi-factor risk: Co-occurrence of threshold manipulation, compressed bidding window, or repeat winner pattern.","duration=18.041666666666668d, threshold_val=₹2,891,768, flags=RF-5, RF-6",0.92,Reviewed under PARAKH Annotation Standard v2.0 for HIMACHAL PRADESH jurisdiction.
CEN-CE-2021-01042,AUDITOR_EXP_01,2026-08-17T02:00:00,40,"RF-1, RF-6",2,1,"Elevated multi-factor risk: Co-occurrence of threshold manipulation, compressed bidding window, or repeat winner pattern.","duration=21.0d, threshold_val=₹5,646,571, flags=RF-1, RF-6",0.92,Reviewed under PARAKH Annotation Standard v2.0 for CENTRAL jurisdiction.
2017_PWD_14982_11,AUDITOR_EXP_01,2026-08-17T04:00:00,40,"RF-1, RF-6",2,1,"Elevated multi-factor risk: Co-occurrence of threshold manipulation, compressed bidding window, or repeat winner pattern.","duration=21.041666666666668d, threshold_val=₹2,044,708, flags=RF-1, RF-6",0.92,Reviewed under PARAKH Annotation Standard v2.0 for HIMACHAL PRADESH jurisdiction.
2017_PWD_15556_3,AUDITOR_EXP_01,2026-08-17T06:00:00,40,"RF-1, RF-6",2,1,"Elevated multi-factor risk: Co-occurrence of threshold manipulation, compressed bidding window, or repeat winner pattern.","duration=11.114583333333334d, threshold_val=₹2,727,663, flags=RF-1, RF-6",0.92,Reviewed under PARAKH Annotation Standard v2.0 for HIMACHAL PRADESH jurisdiction.
2017_PWD_16759_2,AUDITOR_EXP_01,2026-08-17T08:00:00,35,"RF-5, RF-6",2,1,"Elevated multi-factor risk: Co-occurrence of threshold manipulation, compressed bidding window, or repeat winner pattern.","duration=19.70833333333333d, threshold_val=₹1,230,880, flags=RF-5, RF-6",0.92,Reviewed under PARAKH Annotation Standard v2.0 for HIMACHAL PRADESH jurisdiction.
2019_HPIPH_27040_1,AUDITOR_EXP_01,2026-08-17T10:00:00,0,NONE,0,0,"Compliant procurement: Competitive bidding window, standard price alignment, and multiple participating suppliers.","bidders=2, duration=12.975694444444445d, estimate_alignment=OK",0.99,Reviewed under PARAKH Annotation Standard v2.0 for HIMACHAL PRADESH jurisdiction.
2017_PWD_16854_1,AUDITOR_EXP_01,2026-08-17T12:00:00,15,RF-6,1,0,Isolated procedural deviation without evidence of systematic competition restriction.,"flags=RF-6, bidders=2",0.88,Reviewed under PARAKH Annotation Standard v2.0 for HIMACHAL PRADESH jurisdiction.
MAH-MA-2021-01105,AUDITOR_EXP_01,2026-08-17T14:00:00,50,"RF-4, RF-5, RF-6",2,1,"Elevated multi-factor risk: Co-occurrence of threshold manipulation, compressed bidding window, or repeat winner pattern.","duration=6.0d, threshold_val=₹73,460,810, flags=RF-4, RF-5, RF-6",0.92,Reviewed under PARAKH Annotation Standard v2.0 for MAHARASHTRA jurisdiction.
RAJ-RA-2021-01091,AUDITOR_EXP_01,2026-08-17T16:00:00,15,RF-6,1,0,Isolated procedural deviation without evidence of systematic competition restriction.,"flags=RF-6, bidders=2",0.88,Reviewed under PARAKH Annotation Standard v2.0 for RAJASTHAN jurisdiction.
CEN-CE-2021-01332,AUDITOR_EXP_01,2026-08-17T18:00:00,50,"RF-4, RF-5, RF-6",2,1,"Elevated multi-factor risk: Co-occurrence of threshold manipulation, compressed bidding window, or repeat winner pattern.","duration=4.0d, threshold_val=₹6,737,053, flags=RF-4, RF-5, RF-6",0.92,Reviewed under PARAKH Annotation Standard v2.0 for CENTRAL jurisdiction.
KAR-KA-2021-01123,AUDITOR_EXP_01,2026-08-17T20:00:00,30,"RF-4, RF-6",2,1,"Elevated multi-factor risk: Co-occurrence of threshold manipulation, compressed bidding window, or repeat winner pattern.","duration=4.0d, threshold_val=₹7,027,688, flags=RF-4, RF-6",0.92,Reviewed under PARAKH Annotation Standard v2.0 for KARNATAKA jurisdiction.
UTT-UT-2021-01088,AUDITOR_EXP_01,2026-08-17T22:00:00,30,"RF-4, RF-6",2,1,"Elevated multi-factor risk: Co-occurrence of threshold manipulation, compressed bidding window, or repeat winner pattern.","duration=6.0d, threshold_val=₹10,088,855, flags=RF-4, RF-6",0.92,Reviewed under PARAKH Annotation Standard v2.0 for UTTAR PRADESH jurisdiction.
KAR-KA-2021-01097,AUDITOR_EXP_01,2026-08-18T00:00:00,60,"RF-1, RF-5, RF-6",3,1,Severe procurement anomaly: Single-bidder monopoly coupled with high price deviation or department dominance.,"bidders=1, price_deviation=0.35, flags=RF-1, RF-5, RF-6",0.98,Reviewed under PARAKH Annotation Standard v2.0 for KARNATAKA jurisdiction.
2017_UDDHP_15249_1,AUDITOR_EXP_01,2026-08-18T02:00:00,35,"RF-5, RF-6",2,1,"Elevated multi-factor risk: Co-occurrence of threshold manipulation, compressed bidding window, or repeat winner pattern.","duration=7.0625d, threshold_val=₹602,880, flags=RF-5, RF-6",0.92,Reviewed under PARAKH Annotation Standard v2.0 for HIMACHAL PRADESH jurisdiction.
2018_HPIPH_24330_1-2099,AUDITOR_EXP_01,2026-08-18T04:00:00,35,"RF-5, RF-6",2,1,"Elevated multi-factor risk: Co-occurrence of threshold manipulation, compressed bidding window, or repeat winner pattern.","duration=9.916666666666666d, threshold_val=₹2,799,214, flags=RF-5, RF-6",0.92,Reviewed under PARAKH Annotation Standard v2.0 for HIMACHAL PRADESH jurisdiction.
2019_HPIPH_31482_1,AUDITOR_EXP_01,2026-08-18T06:00:00,35,"RF-5, RF-6",2,1,"Elevated multi-factor risk: Co-occurrence of threshold manipulation, compressed bidding window, or repeat winner pattern.","duration=14.75d, threshold_val=₹5,074,502, flags=RF-5, RF-6",0.92,Reviewed under PARAKH Annotation Standard v2.0 for HIMACHAL PRADESH jurisdiction.
RAJ-RA-2021-01065,AUDITOR_EXP_01,2026-08-18T08:00:00,40,"RF-1, RF-6",2,1,"Elevated multi-factor risk: Co-occurrence of threshold manipulation, compressed bidding window, or repeat winner pattern.","duration=30.0d, threshold_val=₹16,342,380, flags=RF-1, RF-6",0.92,Reviewed under PARAKH Annotation Standard v2.0 for RAJASTHAN jurisdiction.
2017_PWD_15616_1,AUDITOR_EXP_01,2026-08-18T10:00:00,40,"RF-1, RF-6",2,1,"Elevated multi-factor risk: Co-occurrence of threshold manipulation, compressed bidding window, or repeat winner pattern.","duration=21.14583333333333d, threshold_val=₹2,579,577, flags=RF-1, RF-6",0.92,Reviewed under PARAKH Annotation Standard v2.0 for HIMACHAL PRADESH jurisdiction.
2019_HPIPH_27732_1,AUDITOR_EXP_01,2026-08-18T12:00:00,20,RF-5,1,0,Isolated procedural deviation without evidence of systematic competition restriction.,"flags=RF-5, bidders=3",0.88,Reviewed under PARAKH Annotation Standard v2.0 for HIMACHAL PRADESH jurisdiction.
KAR-KA-2021-01203,AUDITOR_EXP_01,2026-08-18T14:00:00,55,"RF-1, RF-4, RF-6",2,1,"Elevated multi-factor risk: Co-occurrence of threshold manipulation, compressed bidding window, or repeat winner pattern.","duration=4.0d, threshold_val=₹3,023,939, flags=RF-1, RF-4, RF-6",0.92,Reviewed under PARAKH Annotation Standard v2.0 for KARNATAKA jurisdiction.
RAJ-RA-2021-01205,AUDITOR_EXP_01,2026-08-18T16:00:00,50,"RF-4, RF-5, RF-6",2,1,"Elevated multi-factor risk: Co-occurrence of threshold manipulation, compressed bidding window, or repeat winner pattern.","duration=6.0d, threshold_val=₹2,986,234, flags=RF-4, RF-5, RF-6",0.92,Reviewed under PARAKH Annotation Standard v2.0 for RAJASTHAN jurisdiction.
2018_MC_22410_1,AUDITOR_EXP_01,2026-08-18T18:00:00,15,RF-6,1,0,Isolated procedural deviation without evidence of systematic competition restriction.,"flags=RF-6, bidders=4",0.88,Reviewed under PARAKH Annotation Standard v2.0 for HIMACHAL PRADESH jurisdiction.
KAR-KA-2021-01205,AUDITOR_EXP_01,2026-08-18T20:00:00,35,"RF-5, RF-6",2,1,"Elevated multi-factor risk: Co-occurrence of threshold manipulation, compressed bidding window, or repeat winner pattern.","duration=21.0d, threshold_val=₹1,176,090, flags=RF-5, RF-6",0.92,Reviewed under PARAKH Annotation Standard v2.0 for KARNATAKA jurisdiction.
2018_HPIPH_22260_1,AUDITOR_EXP_01,2026-08-18T22:00:00,0,NONE,0,0,"Compliant procurement: Competitive bidding window, standard price alignment, and multiple participating suppliers.","bidders=7, duration=21.08333333333333d, estimate_alignment=OK",0.99,Reviewed under PARAKH Annotation Standard v2.0 for HIMACHAL PRADESH jurisdiction.
2018_HPIPH_22738_1,AUDITOR_EXP_01,2026-08-19T00:00:00,35,"RF-5, RF-6",2,1,"Elevated multi-factor risk: Co-occurrence of threshold manipulation, compressed bidding window, or repeat winner pattern.","duration=17.791666666666668d, threshold_val=₹1,540,000, flags=RF-5, RF-6",0.92,Reviewed under PARAKH Annotation Standard v2.0 for HIMACHAL PRADESH jurisdiction.
2020_HPIPH_35637_1,AUDITOR_EXP_01,2026-08-19T02:00:00,35,"RF-5, RF-6",2,1,"Elevated multi-factor risk: Co-occurrence of threshold manipulation, compressed bidding window, or repeat winner pattern.","duration=14.75d, threshold_val=₹3,974,845, flags=RF-5, RF-6",0.92,Reviewed under PARAKH Annotation Standard v2.0 for HIMACHAL PRADESH jurisdiction.
CEN-CE-2021-01262,AUDITOR_EXP_01,2026-08-19T04:00:00,35,"RF-5, RF-6",2,1,"Elevated multi-factor risk: Co-occurrence of threshold manipulation, compressed bidding window, or repeat winner pattern.","duration=14.0d, threshold_val=₹102,059,113, flags=RF-5, RF-6",0.92,Reviewed under PARAKH Annotation Standard v2.0 for CENTRAL jurisdiction.
2017_PWD_17327_1,AUDITOR_EXP_01,2026-08-19T06:00:00,35,"RF-5, RF-6",2,1,"Elevated multi-factor risk: Co-occurrence of threshold manipulation, compressed bidding window, or repeat winner pattern.","duration=21.041666666666668d, threshold_val=₹1,227,797, flags=RF-5, RF-6",0.92,Reviewed under PARAKH Annotation Standard v2.0 for HIMACHAL PRADESH jurisdiction.
2017_PWD_17482_1,AUDITOR_EXP_01,2026-08-19T08:00:00,0,NONE,0,0,"Compliant procurement: Competitive bidding window, standard price alignment, and multiple participating suppliers.","bidders=7, duration=20.875d, estimate_alignment=OK",0.99,Reviewed under PARAKH Annotation Standard v2.0 for HIMACHAL PRADESH jurisdiction.
MAH-MA-2021-01267,AUDITOR_EXP_01,2026-08-19T10:00:00,15,RF-6,1,0,Isolated procedural deviation without evidence of systematic competition restriction.,"flags=RF-6, bidders=4",0.88,Reviewed under PARAKH Annotation Standard v2.0 for MAHARASHTRA jurisdiction.
MAH-MA-2021-01118,AUDITOR_EXP_01,2026-08-19T12:00:00,30,"RF-4, RF-6",2,1,"Elevated multi-factor risk: Co-occurrence of threshold manipulation, compressed bidding window, or repeat winner pattern.","duration=4.0d, threshold_val=₹144,265,171, flags=RF-4, RF-6",0.92,Reviewed under PARAKH Annotation Standard v2.0 for MAHARASHTRA jurisdiction.
RAJ-RA-2021-01105,AUDITOR_EXP_01,2026-08-19T14:00:00,55,"RF-1, RF-4, RF-6",2,1,"Elevated multi-factor risk: Co-occurrence of threshold manipulation, compressed bidding window, or repeat winner pattern.","duration=6.0d, threshold_val=₹2,505,850, flags=RF-1, RF-4, RF-6",0.92,Reviewed under PARAKH Annotation Standard v2.0 for RAJASTHAN jurisdiction.
MAH-MA-2021-01158,AUDITOR_EXP_01,2026-08-19T16:00:00,35,"RF-4, RF-5",2,1,"Elevated multi-factor risk: Co-occurrence of threshold manipulation, compressed bidding window, or repeat winner pattern.","duration=6.0d, threshold_val=₹6,684,943, flags=RF-4, RF-5",0.92,Reviewed under PARAKH Annotation Standard v2.0 for MAHARASHTRA jurisdiction.
CEN-CE-2021-01057,AUDITOR_EXP_01,2026-08-19T18:00:00,30,"RF-4, RF-6",2,1,"Elevated multi-factor risk: Co-occurrence of threshold manipulation, compressed bidding window, or repeat winner pattern.","duration=6.0d, threshold_val=₹7,924,231, flags=RF-4, RF-6",0.92,Reviewed under PARAKH Annotation Standard v2.0 for CENTRAL jurisdiction.
2017_UDDHP_16127_1,AUDITOR_EXP_01,2026-08-19T20:00:00,50,"RF-4, RF-5, RF-6",2,1,"Elevated multi-factor risk: Co-occurrence of threshold manipulation, compressed bidding window, or repeat winner pattern.","duration=5.166666666666667d, threshold_val=₹231,754, flags=RF-4, RF-5, RF-6",0.92,Reviewed under PARAKH Annotation Standard v2.0 for HIMACHAL PRADESH jurisdiction.
2018_UDDHP_21954_1,AUDITOR_EXP_01,2026-08-19T22:00:00,0,NONE,0,0,"Compliant procurement: Competitive bidding window, standard price alignment, and multiple participating suppliers.","bidders=3, duration=20.33333333333333d, estimate_alignment=OK",0.99,Reviewed under PARAKH Annotation Standard v2.0 for HIMACHAL PRADESH jurisdiction.
KAR-KA-2021-01156,AUDITOR_EXP_01,2026-08-20T00:00:00,55,"RF-1, RF-4, RF-6",2,1,"Elevated multi-factor risk: Co-occurrence of threshold manipulation, compressed bidding window, or repeat winner pattern.","duration=4.0d, threshold_val=₹192,566,458, flags=RF-1, RF-4, RF-6",0.92,Reviewed under PARAKH Annotation Standard v2.0 for KARNATAKA jurisdiction.
UTT-UT-2021-01100,AUDITOR_EXP_01,2026-08-20T02:00:00,55,"RF-1, RF-4, RF-6",2,1,"Elevated multi-factor risk: Co-occurrence of threshold manipulation, compressed bidding window, or repeat winner pattern.","duration=6.0d, threshold_val=₹4,388,750, flags=RF-1, RF-4, RF-6",0.92,Reviewed under PARAKH Annotation Standard v2.0 for UTTAR PRADESH jurisdiction.
2018_PWD_20190_1,AUDITOR_EXP_01,2026-08-20T04:00:00,35,"RF-4, RF-5",2,1,"Elevated multi-factor risk: Co-occurrence of threshold manipulation, compressed bidding window, or repeat winner pattern.","duration=6.041666666666667d, threshold_val=₹10,349,981, flags=RF-4, RF-5",0.92,Reviewed under PARAKH Annotation Standard v2.0 for HIMACHAL PRADESH jurisdiction.
2017_PWD_16971_1,AUDITOR_EXP_01,2026-08-20T06:00:00,0,NONE,0,0,"Compliant procurement: Competitive bidding window, standard price alignment, and multiple participating suppliers.","bidders=4, duration=18.979166666666668d, estimate_alignment=OK",0.99,Reviewed under PARAKH Annotation Standard v2.0 for HIMACHAL PRADESH jurisdiction.
RAJ-RA-2021-01017,AUDITOR_EXP_01,2026-08-20T08:00:00,30,"RF-4, RF-6",2,1,"Elevated multi-factor risk: Co-occurrence of threshold manipulation, compressed bidding window, or repeat winner pattern.","duration=6.0d, threshold_val=₹18,185,981, flags=RF-4, RF-6",0.92,Reviewed under PARAKH Annotation Standard v2.0 for RAJASTHAN jurisdiction.
2018_PWD_19844_5,AUDITOR_EXP_01,2026-08-20T10:00:00,35,"RF-5, RF-6",2,1,"Elevated multi-factor risk: Co-occurrence of threshold manipulation, compressed bidding window, or repeat winner pattern.","duration=20.0d, threshold_val=₹2,515,704, flags=RF-5, RF-6",0.92,Reviewed under PARAKH Annotation Standard v2.0 for HIMACHAL PRADESH jurisdiction.
2017_HPIPH_17632_1-772,AUDITOR_EXP_01,2026-08-20T12:00:00,30,"RF-4, RF-6",2,1,"Elevated multi-factor risk: Co-occurrence of threshold manipulation, compressed bidding window, or repeat winner pattern.","duration=6.9375d, threshold_val=₹288,308, flags=RF-4, RF-6",0.92,Reviewed under PARAKH Annotation Standard v2.0 for HIMACHAL PRADESH jurisdiction.
CEN-CE-2021-01066,AUDITOR_EXP_01,2026-08-20T14:00:00,35,"RF-5, RF-6",2,1,"Elevated multi-factor risk: Co-occurrence of threshold manipulation, compressed bidding window, or repeat winner pattern.","duration=21.0d, threshold_val=₹135,934,432, flags=RF-5, RF-6",0.92,Reviewed under PARAKH Annotation Standard v2.0 for CENTRAL jurisdiction.
CEN-CE-2021-01224,AUDITOR_EXP_01,2026-08-20T16:00:00,30,"RF-4, RF-6",2,1,"Elevated multi-factor risk: Co-occurrence of threshold manipulation, compressed bidding window, or repeat winner pattern.","duration=6.0d, threshold_val=₹15,007,436, flags=RF-4, RF-6",0.92,Reviewed under PARAKH Annotation Standard v2.0 for CENTRAL jurisdiction.
2017_PWD_15803_1,AUDITOR_EXP_01,2026-08-20T18:00:00,15,RF-6,1,0,Isolated procedural deviation without evidence of systematic competition restriction.,"flags=RF-6, bidders=3",0.88,Reviewed under PARAKH Annotation Standard v2.0 for HIMACHAL PRADESH jurisdiction.
2019_HPIPH_32629_1,AUDITOR_EXP_01,2026-08-20T20:00:00,0,NONE,0,0,"Compliant procurement: Competitive bidding window, standard price alignment, and multiple participating suppliers.","bidders=6, duration=19.83333333333333d, estimate_alignment=OK",0.99,Reviewed under PARAKH Annotation Standard v2.0 for HIMACHAL PRADESH jurisdiction.
MAH-MA-2021-01140,AUDITOR_EXP_01,2026-08-20T22:00:00,60,"RF-1, RF-5, RF-6",3,1,Severe procurement anomaly: Single-bidder monopoly coupled with high price deviation or department dominance.,"bidders=1, price_deviation=0.35, flags=RF-1, RF-5, RF-6",0.98,Reviewed under PARAKH Annotation Standard v2.0 for MAHARASHTRA jurisdiction.
2017_HPIPH_17745_1-466,AUDITOR_EXP_01,2026-08-21T00:00:00,30,"RF-4, RF-6",2,1,"Elevated multi-factor risk: Co-occurrence of threshold manipulation, compressed bidding window, or repeat winner pattern.","duration=5.125d, threshold_val=₹676,500, flags=RF-4, RF-6",0.92,Reviewed under PARAKH Annotation Standard v2.0 for HIMACHAL PRADESH jurisdiction.
2018_HPIPH_21428_1,AUDITOR_EXP_01,2026-08-21T02:00:00,35,"RF-5, RF-6",2,1,"Elevated multi-factor risk: Co-occurrence of threshold manipulation, compressed bidding window, or repeat winner pattern.","duration=30.0d, threshold_val=₹1,627,629, flags=RF-5, RF-6",0.92,Reviewed under PARAKH Annotation Standard v2.0 for HIMACHAL PRADESH jurisdiction.
2017_HPIPH_14668_1,AUDITOR_EXP_01,2026-08-21T04:00:00,0,NONE,0,0,"Compliant procurement: Competitive bidding window, standard price alignment, and multiple participating suppliers.","bidders=4, duration=22.75d, estimate_alignment=OK",0.99,Reviewed under PARAKH Annotation Standard v2.0 for HIMACHAL PRADESH jurisdiction.
CEN-CE-2021-01009,AUDITOR_EXP_01,2026-08-21T06:00:00,35,"RF-5, RF-6",2,1,"Elevated multi-factor risk: Co-occurrence of threshold manipulation, compressed bidding window, or repeat winner pattern.","duration=14.0d, threshold_val=₹751,864, flags=RF-5, RF-6",0.92,Reviewed under PARAKH Annotation Standard v2.0 for CENTRAL jurisdiction.
2018_HPIPH_22389_1,AUDITOR_EXP_01,2026-08-21T08:00:00,35,"RF-5, RF-6",2,1,"Elevated multi-factor risk: Co-occurrence of threshold manipulation, compressed bidding window, or repeat winner pattern.","duration=22.75d, threshold_val=₹2,584,957, flags=RF-5, RF-6",0.92,Reviewed under PARAKH Annotation Standard v2.0 for HIMACHAL PRADESH jurisdiction.
2018_PWD_19808_1,AUDITOR_EXP_01,2026-08-21T10:00:00,30,"RF-4, RF-6",2,1,"Elevated multi-factor risk: Co-occurrence of threshold manipulation, compressed bidding window, or repeat winner pattern.","duration=6.708333333333333d, threshold_val=₹5,452,524, flags=RF-4, RF-6",0.92,Reviewed under PARAKH Annotation Standard v2.0 for HIMACHAL PRADESH jurisdiction.
2020_HPIPH_34744_2,AUDITOR_EXP_01,2026-08-21T12:00:00,35,"RF-5, RF-6",2,1,"Elevated multi-factor risk: Co-occurrence of threshold manipulation, compressed bidding window, or repeat winner pattern.","duration=13.75d, threshold_val=₹5,945,255, flags=RF-5, RF-6",0.92,Reviewed under PARAKH Annotation Standard v2.0 for HIMACHAL PRADESH jurisdiction.
2018_HPIPH_22256_1,AUDITOR_EXP_01,2026-08-21T14:00:00,0,NONE,0,0,"Compliant procurement: Competitive bidding window, standard price alignment, and multiple participating suppliers.","bidders=7, duration=21.08333333333333d, estimate_alignment=OK",0.99,Reviewed under PARAKH Annotation Standard v2.0 for HIMACHAL PRADESH jurisdiction.
MAH-MA-2021-01157,AUDITOR_EXP_01,2026-08-21T16:00:00,55,"RF-1, RF-4, RF-6",2,1,"Elevated multi-factor risk: Co-occurrence of threshold manipulation, compressed bidding window, or repeat winner pattern.","duration=6.0d, threshold_val=₹5,028,923, flags=RF-1, RF-4, RF-6",0.92,Reviewed under PARAKH Annotation Standard v2.0 for MAHARASHTRA jurisdiction.
2019_HPIPH_27745_1,AUDITOR_EXP_01,2026-08-21T18:00:00,35,"RF-5, RF-6",2,1,"Elevated multi-factor risk: Co-occurrence of threshold manipulation, compressed bidding window, or repeat winner pattern.","duration=12.0d, threshold_val=₹1,814,619, flags=RF-5, RF-6",0.92,Reviewed under PARAKH Annotation Standard v2.0 for HIMACHAL PRADESH jurisdiction.
CEN-CE-2021-01020,AUDITOR_EXP_01,2026-08-21T20:00:00,55,"RF-1, RF-4, RF-6",2,1,"Elevated multi-factor risk: Co-occurrence of threshold manipulation, compressed bidding window, or repeat winner pattern.","duration=4.0d, threshold_val=₹252,591,542, flags=RF-1, RF-4, RF-6",0.92,Reviewed under PARAKH Annotation Standard v2.0 for CENTRAL jurisdiction.
KAR-KA-2021-01151,AUDITOR_EXP_01,2026-08-21T22:00:00,15,RF-6,1,0,Isolated procedural deviation without evidence of systematic competition restriction.,"flags=RF-6, bidders=3",0.88,Reviewed under PARAKH Annotation Standard v2.0 for KARNATAKA jurisdiction.
UTT-UT-2021-01085,AUDITOR_EXP_01,2026-08-22T00:00:00,50,"RF-4, RF-5, RF-6",2,1,"Elevated multi-factor risk: Co-occurrence of threshold manipulation, compressed bidding window, or repeat winner pattern.","duration=4.0d, threshold_val=₹312,531,737, flags=RF-4, RF-5, RF-6",0.92,Reviewed under PARAKH Annotation Standard v2.0 for UTTAR PRADESH jurisdiction.
UTT-UT-2021-01077,AUDITOR_EXP_01,2026-08-22T02:00:00,60,"RF-1, RF-5, RF-6",3,1,Severe procurement anomaly: Single-bidder monopoly coupled with high price deviation or department dominance.,"bidders=1, price_deviation=0.35, flags=RF-1, RF-5, RF-6",0.98,Reviewed under PARAKH Annotation Standard v2.0 for UTTAR PRADESH jurisdiction.
UTT-UT-2021-01033,AUDITOR_EXP_01,2026-08-22T04:00:00,50,"RF-4, RF-5, RF-6",2,1,"Elevated multi-factor risk: Co-occurrence of threshold manipulation, compressed bidding window, or repeat winner pattern.","duration=6.0d, threshold_val=₹20,273,142, flags=RF-4, RF-5, RF-6",0.92,Reviewed under PARAKH Annotation Standard v2.0 for UTTAR PRADESH jurisdiction.
2017_PWD_18216_1,AUDITOR_EXP_01,2026-08-22T06:00:00,25,RF-2,1,0,Isolated procedural deviation without evidence of systematic competition restriction.,"flags=RF-2, bidders=4",0.88,Reviewed under PARAKH Annotation Standard v2.0 for HIMACHAL PRADESH jurisdiction.
2016_HPIPH_13183_1,AUDITOR_EXP_01,2026-08-22T08:00:00,35,"RF-5, RF-6",2,1,"Elevated multi-factor risk: Co-occurrence of threshold manipulation, compressed bidding window, or repeat winner pattern.","duration=23.0d, threshold_val=₹1,406,020, flags=RF-5, RF-6",0.92,Reviewed under PARAKH Annotation Standard v2.0 for HIMACHAL PRADESH jurisdiction.
2017_PWD_15289_1,AUDITOR_EXP_01,2026-08-22T10:00:00,35,"RF-5, RF-6",2,1,"Elevated multi-factor risk: Co-occurrence of threshold manipulation, compressed bidding window, or repeat winner pattern.","duration=20.6875d, threshold_val=₹828,550, flags=RF-5, RF-6",0.92,Reviewed under PARAKH Annotation Standard v2.0 for HIMACHAL PRADESH jurisdiction.
2018_PWD_20138_1-403,AUDITOR_EXP_01,2026-08-22T12:00:00,35,"RF-5, RF-6",2,1,"Elevated multi-factor risk: Co-occurrence of threshold manipulation, compressed bidding window, or repeat winner pattern.","duration=12.0d, threshold_val=₹2,057,697, flags=RF-5, RF-6",0.92,Reviewed under PARAKH Annotation Standard v2.0 for HIMACHAL PRADESH jurisdiction.
2018_PWD_20117_1,AUDITOR_EXP_01,2026-08-22T14:00:00,30,"RF-4, RF-6",2,1,"Elevated multi-factor risk: Co-occurrence of threshold manipulation, compressed bidding window, or repeat winner pattern.","duration=6.270833333333333d, threshold_val=₹1,909,394, flags=RF-4, RF-6",0.92,Reviewed under PARAKH Annotation Standard v2.0 for HIMACHAL PRADESH jurisdiction.
MAH-MA-2021-01220,AUDITOR_EXP_01,2026-08-22T16:00:00,55,"RF-1, RF-4, RF-6",2,1,"Elevated multi-factor risk: Co-occurrence of threshold manipulation, compressed bidding window, or repeat winner pattern.","duration=4.0d, threshold_val=₹4,390,553, flags=RF-1, RF-4, RF-6",0.92,Reviewed under PARAKH Annotation Standard v2.0 for MAHARASHTRA jurisdiction.
2017_UDDHP_15849_1,AUDITOR_EXP_01,2026-08-22T18:00:00,35,"RF-5, RF-6",2,1,"Elevated multi-factor risk: Co-occurrence of threshold manipulation, compressed bidding window, or repeat winner pattern.","duration=7.083333333333333d, threshold_val=₹319,453, flags=RF-5, RF-6",0.92,Reviewed under PARAKH Annotation Standard v2.0 for HIMACHAL PRADESH jurisdiction.
2017_PWD_15710_1,AUDITOR_EXP_01,2026-08-22T20:00:00,50,"RF-3, RF-4, RF-6",2,1,"Elevated multi-factor risk: Co-occurrence of threshold manipulation, compressed bidding window, or repeat winner pattern.","duration=5.041666666666667d, threshold_val=₹4,669,538, flags=RF-3, RF-4, RF-6",0.92,Reviewed under PARAKH Annotation Standard v2.0 for HIMACHAL PRADESH jurisdiction.
MAH-MA-2021-01053,AUDITOR_EXP_01,2026-08-22T22:00:00,40,"RF-1, RF-6",2,1,"Elevated multi-factor risk: Co-occurrence of threshold manipulation, compressed bidding window, or repeat winner pattern.","duration=30.0d, threshold_val=₹110,178,644, flags=RF-1, RF-6",0.92,Reviewed under PARAKH Annotation Standard v2.0 for MAHARASHTRA jurisdiction.
2017_PWD_14679_1-1450,AUDITOR_EXP_01,2026-08-23T00:00:00,30,"RF-4, RF-6",2,1,"Elevated multi-factor risk: Co-occurrence of threshold manipulation, compressed bidding window, or repeat winner pattern.","duration=6.6875d, threshold_val=₹1,176,241, flags=RF-4, RF-6",0.92,Reviewed under PARAKH Annotation Standard v2.0 for HIMACHAL PRADESH jurisdiction.
2017_UDDHP_17262_1-3790,AUDITOR_EXP_01,2026-08-23T02:00:00,35,"RF-5, RF-6",2,1,"Elevated multi-factor risk: Co-occurrence of threshold manipulation, compressed bidding window, or repeat winner pattern.","duration=11.75d, threshold_val=₹1,516,685, flags=RF-5, RF-6",0.92,Reviewed under PARAKH Annotation Standard v2.0 for HIMACHAL PRADESH jurisdiction.
2017_HPIPH_17745_1,AUDITOR_EXP_01,2026-08-23T04:00:00,35,"RF-4, RF-5",2,1,"Elevated multi-factor risk: Co-occurrence of threshold manipulation, compressed bidding window, or repeat winner pattern.","duration=5.125d, threshold_val=₹718,841, flags=RF-4, RF-5",0.92,Reviewed under PARAKH Annotation Standard v2.0 for HIMACHAL PRADESH jurisdiction.
2018_HPIPH_19208_1-2917,AUDITOR_EXP_01,2026-08-23T06:00:00,30,"RF-4, RF-6",2,1,"Elevated multi-factor risk: Co-occurrence of threshold manipulation, compressed bidding window, or repeat winner pattern.","duration=6.083333333333333d, threshold_val=₹1,178,386, flags=RF-4, RF-6",0.92,Reviewed under PARAKH Annotation Standard v2.0 for HIMACHAL PRADESH jurisdiction.
2018_FDC_19809_1,AUDITOR_EXP_01,2026-08-23T08:00:00,55,"RF-1, RF-4, RF-6",2,1,"Elevated multi-factor risk: Co-occurrence of threshold manipulation, compressed bidding window, or repeat winner pattern.","duration=6.166666666666667d, threshold_val=₹1,276,483, flags=RF-1, RF-4, RF-6",0.92,Reviewed under PARAKH Annotation Standard v2.0 for HIMACHAL PRADESH jurisdiction.
2018_HPIPH_21007_1,AUDITOR_EXP_01,2026-08-23T10:00:00,15,RF-6,1,0,Isolated procedural deviation without evidence of systematic competition restriction.,"flags=RF-6, bidders=7",0.88,Reviewed under PARAKH Annotation Standard v2.0 for HIMACHAL PRADESH jurisdiction.
2017_PWD_18189_2,AUDITOR_EXP_01,2026-08-23T12:00:00,45,"RF-1, RF-5",3,1,Severe procurement anomaly: Single-bidder monopoly coupled with high price deviation or department dominance.,"bidders=1, price_deviation=0.62, flags=RF-1, RF-5",0.98,Reviewed under PARAKH Annotation Standard v2.0 for HIMACHAL PRADESH jurisdiction.
2017_UDDHP_18297_1,AUDITOR_EXP_01,2026-08-23T14:00:00,50,"RF-4, RF-5, RF-6",2,1,"Elevated multi-factor risk: Co-occurrence of threshold manipulation, compressed bidding window, or repeat winner pattern.","duration=5.333333333333333d, threshold_val=₹298,985, flags=RF-4, RF-5, RF-6",0.92,Reviewed under PARAKH Annotation Standard v2.0 for HIMACHAL PRADESH jurisdiction.
2018_MC_19610_12,AUDITOR_EXP_01,2026-08-23T16:00:00,35,"RF-4, RF-5",2,1,"Elevated multi-factor risk: Co-occurrence of threshold manipulation, compressed bidding window, or repeat winner pattern.","duration=6.6875d, threshold_val=₹1,995,165, flags=RF-4, RF-5",0.92,Reviewed under PARAKH Annotation Standard v2.0 for HIMACHAL PRADESH jurisdiction.
MAH-MA-2021-01205,AUDITOR_EXP_01,2026-08-23T18:00:00,55,"RF-1, RF-4, RF-6",2,1,"Elevated multi-factor risk: Co-occurrence of threshold manipulation, compressed bidding window, or repeat winner pattern.","duration=4.0d, threshold_val=₹12,423,966, flags=RF-1, RF-4, RF-6",0.92,Reviewed under PARAKH Annotation Standard v2.0 for MAHARASHTRA jurisdiction.
2017_PWD_18050_1,AUDITOR_EXP_01,2026-08-23T20:00:00,40,"RF-1, RF-6",2,1,"Elevated multi-factor risk: Co-occurrence of threshold manipulation, compressed bidding window, or repeat winner pattern.","duration=7.083333333333333d, threshold_val=₹9,311,226, flags=RF-1, RF-6",0.92,Reviewed under PARAKH Annotation Standard v2.0 for HIMACHAL PRADESH jurisdiction.
RAJ-RA-2021-01133,AUDITOR_EXP_01,2026-08-23T22:00:00,50,"RF-3, RF-4, RF-6",2,1,"Elevated multi-factor risk: Co-occurrence of threshold manipulation, compressed bidding window, or repeat winner pattern.","duration=6.0d, threshold_val=₹4,706,152, flags=RF-3, RF-4, RF-6",0.92,Reviewed under PARAKH Annotation Standard v2.0 for RAJASTHAN jurisdiction.
2019_PWD_30934_2,AUDITOR_EXP_01,2026-08-24T00:00:00,35,"RF-4, RF-5",2,1,"Elevated multi-factor risk: Co-occurrence of threshold manipulation, compressed bidding window, or repeat winner pattern.","duration=5.708333333333333d, threshold_val=₹6,828,723, flags=RF-4, RF-5",0.92,Reviewed under PARAKH Annotation Standard v2.0 for HIMACHAL PRADESH jurisdiction.
UTT-UT-2021-01201,AUDITOR_EXP_01,2026-08-24T02:00:00,40,"RF-1, RF-6",2,1,"Elevated multi-factor risk: Co-occurrence of threshold manipulation, compressed bidding window, or repeat winner pattern.","duration=21.0d, threshold_val=₹303,551,519, flags=RF-1, RF-6",0.92,Reviewed under PARAKH Annotation Standard v2.0 for UTTAR PRADESH jurisdiction.
2018_HPIPH_24148_1,AUDITOR_EXP_01,2026-08-24T04:00:00,35,"RF-5, RF-6",2,1,"Elevated multi-factor risk: Co-occurrence of threshold manipulation, compressed bidding window, or repeat winner pattern.","duration=21.76736111111111d, threshold_val=₹34,106,258, flags=RF-5, RF-6",0.92,Reviewed under PARAKH Annotation Standard v2.0 for HIMACHAL PRADESH jurisdiction.
2019_PWD_26941_1,AUDITOR_EXP_01,2026-08-24T06:00:00,0,NONE,0,0,"Compliant procurement: Competitive bidding window, standard price alignment, and multiple participating suppliers.","bidders=7, duration=20.729166666666668d, estimate_alignment=OK",0.99,Reviewed under PARAKH Annotation Standard v2.0 for HIMACHAL PRADESH jurisdiction.
2019_HPIPH_30432_1,AUDITOR_EXP_01,2026-08-24T08:00:00,20,RF-5,1,0,Isolated procedural deviation without evidence of systematic competition restriction.,"flags=RF-5, bidders=3",0.88,Reviewed under PARAKH Annotation Standard v2.0 for HIMACHAL PRADESH jurisdiction.
2018_HPIPH_19198_1-1846,AUDITOR_EXP_01,2026-08-24T10:00:00,50,"RF-4, RF-5, RF-6",2,1,"Elevated multi-factor risk: Co-occurrence of threshold manipulation, compressed bidding window, or repeat winner pattern.","duration=6.208333333333333d, threshold_val=₹2,280,000, flags=RF-4, RF-5, RF-6",0.92,Reviewed under PARAKH Annotation Standard v2.0 for HIMACHAL PRADESH jurisdiction.
2018_FD_19656_1,AUDITOR_EXP_01,2026-08-24T12:00:00,0,NONE,0,0,"Compliant procurement: Competitive bidding window, standard price alignment, and multiple participating suppliers.","bidders=4, duration=10.96875d, estimate_alignment=OK",0.99,Reviewed under PARAKH Annotation Standard v2.0 for HIMACHAL PRADESH jurisdiction.
2017_UDDHP_16372_1,AUDITOR_EXP_01,2026-08-24T14:00:00,35,"RF-5, RF-6",2,1,"Elevated multi-factor risk: Co-occurrence of threshold manipulation, compressed bidding window, or repeat winner pattern.","duration=8.208333333333334d, threshold_val=₹605,525, flags=RF-5, RF-6",0.92,Reviewed under PARAKH Annotation Standard v2.0 for HIMACHAL PRADESH jurisdiction.
2018_PWD_20277_1,AUDITOR_EXP_01,2026-08-24T16:00:00,35,"RF-5, RF-6",2,1,"Elevated multi-factor risk: Co-occurrence of threshold manipulation, compressed bidding window, or repeat winner pattern.","duration=11.958333333333334d, threshold_val=₹881,545, flags=RF-5, RF-6",0.92,Reviewed under PARAKH Annotation Standard v2.0 for HIMACHAL PRADESH jurisdiction.
CEN-CE-2021-01089,AUDITOR_EXP_01,2026-08-24T18:00:00,50,"RF-4, RF-5, RF-6",2,1,"Elevated multi-factor risk: Co-occurrence of threshold manipulation, compressed bidding window, or repeat winner pattern.","duration=4.0d, threshold_val=₹364,343,378, flags=RF-4, RF-5, RF-6",0.92,Reviewed under PARAKH Annotation Standard v2.0 for CENTRAL jurisdiction.
2019_HPIPH_26804_1,AUDITOR_EXP_01,2026-08-24T20:00:00,35,"RF-5, RF-6",2,1,"Elevated multi-factor risk: Co-occurrence of threshold manipulation, compressed bidding window, or repeat winner pattern.","duration=19.916666666666668d, threshold_val=₹2,167,550, flags=RF-5, RF-6",0.92,Reviewed under PARAKH Annotation Standard v2.0 for HIMACHAL PRADESH jurisdiction.
2019_HPIPH_28090_1-554,AUDITOR_EXP_01,2026-08-24T22:00:00,0,NONE,0,0,"Compliant procurement: Competitive bidding window, standard price alignment, and multiple participating suppliers.","bidders=4, duration=8.083333333333334d, estimate_alignment=OK",0.99,Reviewed under PARAKH Annotation Standard v2.0 for HIMACHAL PRADESH jurisdiction.
RAJ-RA-2021-01222,AUDITOR_EXP_01,2026-08-25T00:00:00,35,"RF-3, RF-6",2,1,"Elevated multi-factor risk: Co-occurrence of threshold manipulation, compressed bidding window, or repeat winner pattern.","duration=21.0d, threshold_val=₹4,696,505, flags=RF-3, RF-6",0.92,Reviewed under PARAKH Annotation Standard v2.0 for RAJASTHAN jurisdiction.
2017_PWD_14983_2,AUDITOR_EXP_01,2026-08-25T02:00:00,35,"RF-5, RF-6",2,1,"Elevated multi-factor risk: Co-occurrence of threshold manipulation, compressed bidding window, or repeat winner pattern.","duration=23.75d, threshold_val=₹11,021,288, flags=RF-5, RF-6",0.92,Reviewed under PARAKH Annotation Standard v2.0 for HIMACHAL PRADESH jurisdiction.
UTT-UT-2021-01075,AUDITOR_EXP_01,2026-08-25T04:00:00,20,RF-5,1,0,Isolated procedural deviation without evidence of systematic competition restriction.,"flags=RF-5, bidders=4",0.88,Reviewed under PARAKH Annotation Standard v2.0 for UTTAR PRADESH jurisdiction.
MAH-MA-2021-01163,AUDITOR_EXP_01,2026-08-25T06:00:00,35,"RF-5, RF-6",2,1,"Elevated multi-factor risk: Co-occurrence of threshold manipulation, compressed bidding window, or repeat winner pattern.","duration=30.0d, threshold_val=₹2,263,363, flags=RF-5, RF-6",0.92,Reviewed under PARAKH Annotation Standard v2.0 for MAHARASHTRA jurisdiction.
RAJ-RA-2021-01206,AUDITOR_EXP_01,2026-08-25T08:00:00,60,"RF-1, RF-5, RF-6",3,1,Severe procurement anomaly: Single-bidder monopoly coupled with high price deviation or department dominance.,"bidders=1, price_deviation=0.35, flags=RF-1, RF-5, RF-6",0.98,Reviewed under PARAKH Annotation Standard v2.0 for RAJASTHAN jurisdiction.
CEN-CE-2021-01126,AUDITOR_EXP_01,2026-08-25T10:00:00,40,"RF-1, RF-6",2,1,"Elevated multi-factor risk: Co-occurrence of threshold manipulation, compressed bidding window, or repeat winner pattern.","duration=30.0d, threshold_val=₹11,276,430, flags=RF-1, RF-6",0.92,Reviewed under PARAKH Annotation Standard v2.0 for CENTRAL jurisdiction.
2017_UDDHP_15234_1,AUDITOR_EXP_01,2026-08-25T12:00:00,0,NONE,0,0,"Compliant procurement: Competitive bidding window, standard price alignment, and multiple participating suppliers.","bidders=8, duration=7.041666666666667d, estimate_alignment=OK",0.99,Reviewed under PARAKH Annotation Standard v2.0 for HIMACHAL PRADESH jurisdiction.
CEN-CE-2021-01153,AUDITOR_EXP_01,2026-08-25T14:00:00,60,"RF-1, RF-5, RF-6",3,1,Severe procurement anomaly: Single-bidder monopoly coupled with high price deviation or department dominance.,"bidders=1, price_deviation=0.35, flags=RF-1, RF-5, RF-6",0.98,Reviewed under PARAKH Annotation Standard v2.0 for CENTRAL jurisdiction.
RAJ-RA-2021-01057,AUDITOR_EXP_01,2026-08-25T16:00:00,40,"RF-1, RF-6",2,1,"Elevated multi-factor risk: Co-occurrence of threshold manipulation, compressed bidding window, or repeat winner pattern.","duration=30.0d, threshold_val=₹2,551,717, flags=RF-1, RF-6",0.92,Reviewed under PARAKH Annotation Standard v2.0 for RAJASTHAN jurisdiction.
2020_HPIPH_37316_1,AUDITOR_EXP_01,2026-08-25T18:00:00,0,NONE,0,0,"Compliant procurement: Competitive bidding window, standard price alignment, and multiple participating suppliers.","bidders=4, duration=18.08333333333333d, estimate_alignment=OK",0.99,Reviewed under PARAKH Annotation Standard v2.0 for HIMACHAL PRADESH jurisdiction.
2017_HPIPH_16906_1,AUDITOR_EXP_01,2026-08-25T20:00:00,35,"RF-3, RF-6",2,1,"Elevated multi-factor risk: Co-occurrence of threshold manipulation, compressed bidding window, or repeat winner pattern.","duration=7.055555555555555d, threshold_val=₹4,807,435, flags=RF-3, RF-6",0.92,Reviewed under PARAKH Annotation Standard v2.0 for HIMACHAL PRADESH jurisdiction.
2017_PWD_15403_1,AUDITOR_EXP_01,2026-08-25T22:00:00,35,"RF-5, RF-6",2,1,"Elevated multi-factor risk: Co-occurrence of threshold manipulation, compressed bidding window, or repeat winner pattern.","duration=20.291666666666668d, threshold_val=₹207,686, flags=RF-5, RF-6",0.92,Reviewed under PARAKH Annotation Standard v2.0 for HIMACHAL PRADESH jurisdiction.
UTT-UT-2021-01132,AUDITOR_EXP_01,2026-08-26T00:00:00,55,"RF-1, RF-4, RF-6",2,1,"Elevated multi-factor risk: Co-occurrence of threshold manipulation, compressed bidding window, or repeat winner pattern.","duration=6.0d, threshold_val=₹296,434,881, flags=RF-1, RF-4, RF-6",0.92,Reviewed under PARAKH Annotation Standard v2.0 for UTTAR PRADESH jurisdiction.
2017_UDDHP_14931_1,AUDITOR_EXP_01,2026-08-26T02:00:00,50,"RF-4, RF-5, RF-6",2,1,"Elevated multi-factor risk: Co-occurrence of threshold manipulation, compressed bidding window, or repeat winner pattern.","duration=5.166666666666667d, threshold_val=₹292,627, flags=RF-4, RF-5, RF-6",0.92,Reviewed under PARAKH Annotation Standard v2.0 for HIMACHAL PRADESH jurisdiction.
2018_PWD_19806_1,AUDITOR_EXP_01,2026-08-26T04:00:00,20,RF-5,1,0,Isolated procedural deviation without evidence of systematic competition restriction.,"flags=RF-5, bidders=14",0.88,Reviewed under PARAKH Annotation Standard v2.0 for HIMACHAL PRADESH jurisdiction.
KAR-KA-2021-01085,AUDITOR_EXP_01,2026-08-26T06:00:00,55,"RF-1, RF-4, RF-6",2,1,"Elevated multi-factor risk: Co-occurrence of threshold manipulation, compressed bidding window, or repeat winner pattern.","duration=4.0d, threshold_val=₹5,066,602, flags=RF-1, RF-4, RF-6",0.92,Reviewed under PARAKH Annotation Standard v2.0 for KARNATAKA jurisdiction.
2018_HPIPH_23120_1,AUDITOR_EXP_01,2026-08-26T08:00:00,35,"RF-5, RF-6",2,1,"Elevated multi-factor risk: Co-occurrence of threshold manipulation, compressed bidding window, or repeat winner pattern.","duration=21.75d, threshold_val=₹3,575,000, flags=RF-5, RF-6",0.92,Reviewed under PARAKH Annotation Standard v2.0 for HIMACHAL PRADESH jurisdiction.
2017_PWD_16474_1,AUDITOR_EXP_01,2026-08-26T10:00:00,35,"RF-4, RF-5",2,1,"Elevated multi-factor risk: Co-occurrence of threshold manipulation, compressed bidding window, or repeat winner pattern.","duration=6.6875d, threshold_val=₹3,144,094, flags=RF-4, RF-5",0.92,Reviewed under PARAKH Annotation Standard v2.0 for HIMACHAL PRADESH jurisdiction.
MAH-MA-2021-01067,AUDITOR_EXP_01,2026-08-26T12:00:00,40,"RF-1, RF-6",2,1,"Elevated multi-factor risk: Co-occurrence of threshold manipulation, compressed bidding window, or repeat winner pattern.","duration=14.0d, threshold_val=₹1,343,086, flags=RF-1, RF-6",0.92,Reviewed under PARAKH Annotation Standard v2.0 for MAHARASHTRA jurisdiction.
UTT-UT-2021-01122,AUDITOR_EXP_01,2026-08-26T14:00:00,30,"RF-4, RF-6",2,1,"Elevated multi-factor risk: Co-occurrence of threshold manipulation, compressed bidding window, or repeat winner pattern.","duration=4.0d, threshold_val=₹5,668,749, flags=RF-4, RF-6",0.92,Reviewed under PARAKH Annotation Standard v2.0 for UTTAR PRADESH jurisdiction.
UTT-UT-2021-01151,AUDITOR_EXP_01,2026-08-26T16:00:00,30,"RF-4, RF-6",2,1,"Elevated multi-factor risk: Co-occurrence of threshold manipulation, compressed bidding window, or repeat winner pattern.","duration=4.0d, threshold_val=₹126,277,011, flags=RF-4, RF-6",0.92,Reviewed under PARAKH Annotation Standard v2.0 for UTTAR PRADESH jurisdiction.
2017_UDDHP_15842_1,AUDITOR_EXP_01,2026-08-26T18:00:00,35,"RF-5, RF-6",2,1,"Elevated multi-factor risk: Co-occurrence of threshold manipulation, compressed bidding window, or repeat winner pattern.","duration=7.083333333333333d, threshold_val=₹671,773, flags=RF-5, RF-6",0.92,Reviewed under PARAKH Annotation Standard v2.0 for HIMACHAL PRADESH jurisdiction.
2017_PWD_18081_1,AUDITOR_EXP_01,2026-08-26T20:00:00,35,"RF-5, RF-6",2,1,"Elevated multi-factor risk: Co-occurrence of threshold manipulation, compressed bidding window, or repeat winner pattern.","duration=9.958333333333334d, threshold_val=₹1,902,744, flags=RF-5, RF-6",0.92,Reviewed under PARAKH Annotation Standard v2.0 for HIMACHAL PRADESH jurisdiction.
2018_MC_20282_9,AUDITOR_EXP_01,2026-08-26T22:00:00,35,"RF-5, RF-6",2,1,"Elevated multi-factor risk: Co-occurrence of threshold manipulation, compressed bidding window, or repeat winner pattern.","duration=7.729166666666667d, threshold_val=₹3,251,817, flags=RF-5, RF-6",0.92,Reviewed under PARAKH Annotation Standard v2.0 for HIMACHAL PRADESH jurisdiction.
2017_UDDHP_17131_1,AUDITOR_EXP_01,2026-08-27T00:00:00,50,"RF-4, RF-5, RF-6",2,1,"Elevated multi-factor risk: Co-occurrence of threshold manipulation, compressed bidding window, or repeat winner pattern.","duration=6.041666666666667d, threshold_val=₹252,081, flags=RF-4, RF-5, RF-6",0.92,Reviewed under PARAKH Annotation Standard v2.0 for HIMACHAL PRADESH jurisdiction.
KAR-KA-2021-01006,AUDITOR_EXP_01,2026-08-27T02:00:00,35,"RF-3, RF-6",2,1,"Elevated multi-factor risk: Co-occurrence of threshold manipulation, compressed bidding window, or repeat winner pattern.","duration=14.0d, threshold_val=₹4,721,107, flags=RF-3, RF-6",0.92,Reviewed under PARAKH Annotation Standard v2.0 for KARNATAKA jurisdiction.
2019_HPIPH_30434_1,AUDITOR_EXP_01,2026-08-27T04:00:00,35,"RF-5, RF-6",2,1,"Elevated multi-factor risk: Co-occurrence of threshold manipulation, compressed bidding window, or repeat winner pattern.","duration=14.708333333333334d, threshold_val=₹1,580,000, flags=RF-5, RF-6",0.92,Reviewed under PARAKH Annotation Standard v2.0 for HIMACHAL PRADESH jurisdiction.
KAR-KA-2021-01029,AUDITOR_EXP_01,2026-08-27T06:00:00,55,"RF-1, RF-4, RF-6",2,1,"Elevated multi-factor risk: Co-occurrence of threshold manipulation, compressed bidding window, or repeat winner pattern.","duration=4.0d, threshold_val=₹1,049,264, flags=RF-1, RF-4, RF-6",0.92,Reviewed under PARAKH Annotation Standard v2.0 for KARNATAKA jurisdiction.
2018_PWD_20084_1,AUDITOR_EXP_01,2026-08-27T08:00:00,15,RF-4,1,0,Isolated procedural deviation without evidence of systematic competition restriction.,"flags=RF-4, bidders=9",0.88,Reviewed under PARAKH Annotation Standard v2.0 for HIMACHAL PRADESH jurisdiction.
MAH-MA-2021-01035,AUDITOR_EXP_01,2026-08-27T10:00:00,30,"RF-4, RF-6",2,1,"Elevated multi-factor risk: Co-occurrence of threshold manipulation, compressed bidding window, or repeat winner pattern.","duration=4.0d, threshold_val=₹10,626,717, flags=RF-4, RF-6",0.92,Reviewed under PARAKH Annotation Standard v2.0 for MAHARASHTRA jurisdiction.
2018_HPIPH_21005_1-1676,AUDITOR_EXP_01,2026-08-27T12:00:00,15,RF-6,1,0,Isolated procedural deviation without evidence of systematic competition restriction.,"flags=RF-6, bidders=7",0.88,Reviewed under PARAKH Annotation Standard v2.0 for HIMACHAL PRADESH jurisdiction.
CEN-CE-2021-01202,AUDITOR_EXP_01,2026-08-27T14:00:00,30,"RF-4, RF-6",2,1,"Elevated multi-factor risk: Co-occurrence of threshold manipulation, compressed bidding window, or repeat winner pattern.","duration=4.0d, threshold_val=₹5,892,057, flags=RF-4, RF-6",0.92,Reviewed under PARAKH Annotation Standard v2.0 for CENTRAL jurisdiction.
MAH-MA-2021-01296,AUDITOR_EXP_01,2026-08-27T16:00:00,40,"RF-1, RF-6",2,1,"Elevated multi-factor risk: Co-occurrence of threshold manipulation, compressed bidding window, or repeat winner pattern.","duration=14.0d, threshold_val=₹3,398,242, flags=RF-1, RF-6",0.92,Reviewed under PARAKH Annotation Standard v2.0 for MAHARASHTRA jurisdiction.
2018_HPIPH_19837_1,AUDITOR_EXP_01,2026-08-27T18:00:00,15,RF-6,1,0,Isolated procedural deviation without evidence of systematic competition restriction.,"flags=RF-6, bidders=5",0.88,Reviewed under PARAKH Annotation Standard v2.0 for HIMACHAL PRADESH jurisdiction.
2018_HPIPH_23283_1,AUDITOR_EXP_01,2026-08-27T20:00:00,35,"RF-3, RF-4",2,1,"Elevated multi-factor risk: Co-occurrence of threshold manipulation, compressed bidding window, or repeat winner pattern.","duration=5.0d, threshold_val=₹4,742,258, flags=RF-3, RF-4",0.92,Reviewed under PARAKH Annotation Standard v2.0 for HIMACHAL PRADESH jurisdiction.
2017_PWD_15742_3,AUDITOR_EXP_01,2026-08-27T22:00:00,35,"RF-5, RF-6",2,1,"Elevated multi-factor risk: Co-occurrence of threshold manipulation, compressed bidding window, or repeat winner pattern.","duration=13.833333333333334d, threshold_val=₹2,805,470, flags=RF-5, RF-6",0.92,Reviewed under PARAKH Annotation Standard v2.0 for HIMACHAL PRADESH jurisdiction.
2017_UDDHP_17982_1,AUDITOR_EXP_01,2026-08-28T00:00:00,25,RF-2,1,0,Isolated procedural deviation without evidence of systematic competition restriction.,"flags=RF-2, bidders=3",0.88,Reviewed under PARAKH Annotation Standard v2.0 for HIMACHAL PRADESH jurisdiction.
CEN-CE-2021-01297,AUDITOR_EXP_01,2026-08-28T02:00:00,30,"RF-4, RF-6",2,1,"Elevated multi-factor risk: Co-occurrence of threshold manipulation, compressed bidding window, or repeat winner pattern.","duration=6.0d, threshold_val=₹3,288,811, flags=RF-4, RF-6",0.92,Reviewed under PARAKH Annotation Standard v2.0 for CENTRAL jurisdiction.
2016_PWD_13923_1,AUDITOR_EXP_01,2026-08-28T04:00:00,35,"RF-5, RF-6",2,1,"Elevated multi-factor risk: Co-occurrence of threshold manipulation, compressed bidding window, or repeat winner pattern.","duration=21.041666666666668d, threshold_val=₹63,311,571, flags=RF-5, RF-6",0.92,Reviewed under PARAKH Annotation Standard v2.0 for HIMACHAL PRADESH jurisdiction.
2018_PWD_19819_1,AUDITOR_EXP_01,2026-08-28T06:00:00,30,"RF-4, RF-6",2,1,"Elevated multi-factor risk: Co-occurrence of threshold manipulation, compressed bidding window, or repeat winner pattern.","duration=6.708333333333333d, threshold_val=₹3,172,715, flags=RF-4, RF-6",0.92,Reviewed under PARAKH Annotation Standard v2.0 for HIMACHAL PRADESH jurisdiction.
MAH-MA-2021-01127,AUDITOR_EXP_01,2026-08-28T08:00:00,40,"RF-1, RF-6",2,1,"Elevated multi-factor risk: Co-occurrence of threshold manipulation, compressed bidding window, or repeat winner pattern.","duration=21.0d, threshold_val=₹25,812,801, flags=RF-1, RF-6",0.92,Reviewed under PARAKH Annotation Standard v2.0 for MAHARASHTRA jurisdiction.
CEN-CE-2021-01093,AUDITOR_EXP_01,2026-08-28T10:00:00,30,"RF-4, RF-6",2,1,"Elevated multi-factor risk: Co-occurrence of threshold manipulation, compressed bidding window, or repeat winner pattern.","duration=4.0d, threshold_val=₹20,163,817, flags=RF-4, RF-6",0.92,Reviewed under PARAKH Annotation Standard v2.0 for CENTRAL jurisdiction.
2017_UDDHP_17946_1-2763,AUDITOR_EXP_01,2026-08-28T12:00:00,55,"RF-3, RF-5, RF-6",2,1,"Elevated multi-factor risk: Co-occurrence of threshold manipulation, compressed bidding window, or repeat winner pattern.","duration=16.75d, threshold_val=₹4,557,637, flags=RF-3, RF-5, RF-6",0.92,Reviewed under PARAKH Annotation Standard v2.0 for HIMACHAL PRADESH jurisdiction.
2017_UDDHP_17314_1,AUDITOR_EXP_01,2026-08-28T14:00:00,35,"RF-5, RF-6",2,1,"Elevated multi-factor risk: Co-occurrence of threshold manipulation, compressed bidding window, or repeat winner pattern.","duration=22.70833333333333d, threshold_val=₹1,486,833, flags=RF-5, RF-6",0.92,Reviewed under PARAKH Annotation Standard v2.0 for HIMACHAL PRADESH jurisdiction.
CEN-CE-2021-01268,AUDITOR_EXP_01,2026-08-28T16:00:00,40,"RF-1, RF-6",2,1,"Elevated multi-factor risk: Co-occurrence of threshold manipulation, compressed bidding window, or repeat winner pattern.","duration=30.0d, threshold_val=₹27,858,500, flags=RF-1, RF-6",0.92,Reviewed under PARAKH Annotation Standard v2.0 for CENTRAL jurisdiction.
RAJ-RA-2021-01006,AUDITOR_EXP_01,2026-08-28T18:00:00,30,"RF-4, RF-6",2,1,"Elevated multi-factor risk: Co-occurrence of threshold manipulation, compressed bidding window, or repeat winner pattern.","duration=6.0d, threshold_val=₹264,249,303, flags=RF-4, RF-6",0.92,Reviewed under PARAKH Annotation Standard v2.0 for RAJASTHAN jurisdiction.
2018_PWD_20210_1,AUDITOR_EXP_01,2026-08-28T20:00:00,55,"RF-2, RF-4, RF-6",2,1,"Elevated multi-factor risk: Co-occurrence of threshold manipulation, compressed bidding window, or repeat winner pattern.","duration=5.229166666666667d, threshold_val=₹1,086,330, flags=RF-2, RF-4, RF-6",0.92,Reviewed under PARAKH Annotation Standard v2.0 for HIMACHAL PRADESH jurisdiction.
CEN-CE-2021-01091,AUDITOR_EXP_01,2026-08-28T22:00:00,35,"RF-5, RF-6",2,1,"Elevated multi-factor risk: Co-occurrence of threshold manipulation, compressed bidding window, or repeat winner pattern.","duration=30.0d, threshold_val=₹20,634,392, flags=RF-5, RF-6",0.92,Reviewed under PARAKH Annotation Standard v2.0 for CENTRAL jurisdiction.
2017_UDDHP_15565_1,AUDITOR_EXP_01,2026-08-29T00:00:00,35,"RF-5, RF-6",2,1,"Elevated multi-factor risk: Co-occurrence of threshold manipulation, compressed bidding window, or repeat winner pattern.","duration=8.083333333333334d, threshold_val=₹336,780, flags=RF-5, RF-6",0.92,Reviewed under PARAKH Annotation Standard v2.0 for HIMACHAL PRADESH jurisdiction.
2017_PWD_15615_1,AUDITOR_EXP_01,2026-08-29T02:00:00,35,"RF-5, RF-6",2,1,"Elevated multi-factor risk: Co-occurrence of threshold manipulation, compressed bidding window, or repeat winner pattern.","duration=12.25d, threshold_val=₹1,150,328, flags=RF-5, RF-6",0.92,Reviewed under PARAKH Annotation Standard v2.0 for HIMACHAL PRADESH jurisdiction.
RAJ-RA-2021-01169,AUDITOR_EXP_01,2026-08-29T04:00:00,40,"RF-1, RF-4",2,1,"Elevated multi-factor risk: Co-occurrence of threshold manipulation, compressed bidding window, or repeat winner pattern.","duration=4.0d, threshold_val=₹210,726,329, flags=RF-1, RF-4",0.92,Reviewed under PARAKH Annotation Standard v2.0 for RAJASTHAN jurisdiction.
2016_HPIPH_12744_1-1966,AUDITOR_EXP_01,2026-08-29T06:00:00,35,"RF-5, RF-6",2,1,"Elevated multi-factor risk: Co-occurrence of threshold manipulation, compressed bidding window, or repeat winner pattern.","duration=12.875d, threshold_val=₹4,107,602, flags=RF-5, RF-6",0.92,Reviewed under PARAKH Annotation Standard v2.0 for HIMACHAL PRADESH jurisdiction.
KAR-KA-2021-01250,AUDITOR_EXP_01,2026-08-29T08:00:00,35,"RF-3, RF-4",2,1,"Elevated multi-factor risk: Co-occurrence of threshold manipulation, compressed bidding window, or repeat winner pattern.","duration=6.0d, threshold_val=₹4,683,471, flags=RF-3, RF-4",0.92,Reviewed under PARAKH Annotation Standard v2.0 for KARNATAKA jurisdiction.
2016_PWD_12632_1,AUDITOR_EXP_01,2026-08-29T10:00:00,35,"RF-5, RF-6",2,1,"Elevated multi-factor risk: Co-occurrence of threshold manipulation, compressed bidding window, or repeat winner pattern.","duration=25.041666666666668d, threshold_val=₹2,061,000, flags=RF-5, RF-6",0.92,Reviewed under PARAKH Annotation Standard v2.0 for HIMACHAL PRADESH jurisdiction.
2016_PWD_13923_1-3031,AUDITOR_EXP_01,2026-08-29T12:00:00,35,"RF-5, RF-6",2,1,"Elevated multi-factor risk: Co-occurrence of threshold manipulation, compressed bidding window, or repeat winner pattern.","duration=21.041666666666668d, threshold_val=₹68,806,265, flags=RF-5, RF-6",0.92,Reviewed under PARAKH Annotation Standard v2.0 for HIMACHAL PRADESH jurisdiction.
2017_PWD_16447_3,AUDITOR_EXP_01,2026-08-29T14:00:00,0,NONE,0,0,"Compliant procurement: Competitive bidding window, standard price alignment, and multiple participating suppliers.","bidders=4, duration=7.020833333333333d, estimate_alignment=OK",0.99,Reviewed under PARAKH Annotation Standard v2.0 for HIMACHAL PRADESH jurisdiction.
RAJ-RA-2021-01187,AUDITOR_EXP_01,2026-08-29T16:00:00,50,"RF-4, RF-5, RF-6",2,1,"Elevated multi-factor risk: Co-occurrence of threshold manipulation, compressed bidding window, or repeat winner pattern.","duration=6.0d, threshold_val=₹443,077,358, flags=RF-4, RF-5, RF-6",0.92,Reviewed under PARAKH Annotation Standard v2.0 for RAJASTHAN jurisdiction.
2019_HPIPH_27768_1,AUDITOR_EXP_01,2026-08-29T18:00:00,35,"RF-5, RF-6",2,1,"Elevated multi-factor risk: Co-occurrence of threshold manipulation, compressed bidding window, or repeat winner pattern.","duration=10.958333333333334d, threshold_val=₹1,693,298, flags=RF-5, RF-6",0.92,Reviewed under PARAKH Annotation Standard v2.0 for HIMACHAL PRADESH jurisdiction.
2018_PWD_19375_1,AUDITOR_EXP_01,2026-08-29T20:00:00,35,"RF-5, RF-6",2,1,"Elevated multi-factor risk: Co-occurrence of threshold manipulation, compressed bidding window, or repeat winner pattern.","duration=18.95833333333333d, threshold_val=₹1,702,786, flags=RF-5, RF-6",0.92,Reviewed under PARAKH Annotation Standard v2.0 for HIMACHAL PRADESH jurisdiction.
2017_PWD_14798_5,AUDITOR_EXP_01,2026-08-29T22:00:00,40,"RF-1, RF-6",2,1,"Elevated multi-factor risk: Co-occurrence of threshold manipulation, compressed bidding window, or repeat winner pattern.","duration=24.08333333333333d, threshold_val=₹2,103,727, flags=RF-1, RF-6",0.92,Reviewed under PARAKH Annotation Standard v2.0 for HIMACHAL PRADESH jurisdiction.
2017_PWD_14798_10,AUDITOR_EXP_01,2026-08-30T00:00:00,40,"RF-1, RF-6",2,1,"Elevated multi-factor risk: Co-occurrence of threshold manipulation, compressed bidding window, or repeat winner pattern.","duration=24.08333333333333d, threshold_val=₹2,580,553, flags=RF-1, RF-6",0.92,Reviewed under PARAKH Annotation Standard v2.0 for HIMACHAL PRADESH jurisdiction.
2019_HPIPH_32137_1,AUDITOR_EXP_01,2026-08-30T02:00:00,35,"RF-5, RF-6",2,1,"Elevated multi-factor risk: Co-occurrence of threshold manipulation, compressed bidding window, or repeat winner pattern.","duration=14.0d, threshold_val=₹46,565,066, flags=RF-5, RF-6",0.92,Reviewed under PARAKH Annotation Standard v2.0 for HIMACHAL PRADESH jurisdiction.
2017_FDC_16062_1,AUDITOR_EXP_01,2026-08-30T04:00:00,35,"RF-5, RF-6",2,1,"Elevated multi-factor risk: Co-occurrence of threshold manipulation, compressed bidding window, or repeat winner pattern.","duration=11.041666666666666d, threshold_val=₹2,518,760, flags=RF-5, RF-6",0.92,Reviewed under PARAKH Annotation Standard v2.0 for HIMACHAL PRADESH jurisdiction.
RAJ-RA-2021-01212,AUDITOR_EXP_01,2026-08-30T06:00:00,40,"RF-1, RF-6",2,1,"Elevated multi-factor risk: Co-occurrence of threshold manipulation, compressed bidding window, or repeat winner pattern.","duration=14.0d, threshold_val=₹1,376,636, flags=RF-1, RF-6",0.92,Reviewed under PARAKH Annotation Standard v2.0 for RAJASTHAN jurisdiction.
2016_PWD_13923_1-3032,AUDITOR_EXP_01,2026-08-30T08:00:00,35,"RF-5, RF-6",2,1,"Elevated multi-factor risk: Co-occurrence of threshold manipulation, compressed bidding window, or repeat winner pattern.","duration=21.041666666666668d, threshold_val=₹69,990,218, flags=RF-5, RF-6",0.92,Reviewed under PARAKH Annotation Standard v2.0 for HIMACHAL PRADESH jurisdiction.
2017_HPIPH_15152_1,AUDITOR_EXP_01,2026-08-30T10:00:00,35,"RF-5, RF-6",2,1,"Elevated multi-factor risk: Co-occurrence of threshold manipulation, compressed bidding window, or repeat winner pattern.","duration=14.708333333333334d, threshold_val=₹4,203,859, flags=RF-5, RF-6",0.92,Reviewed under PARAKH Annotation Standard v2.0 for HIMACHAL PRADESH jurisdiction.
CEN-CE-2021-01071,AUDITOR_EXP_01,2026-08-30T12:00:00,50,"RF-4, RF-5, RF-6",2,1,"Elevated multi-factor risk: Co-occurrence of threshold manipulation, compressed bidding window, or repeat winner pattern.","duration=4.0d, threshold_val=₹6,468,094, flags=RF-4, RF-5, RF-6",0.92,Reviewed under PARAKH Annotation Standard v2.0 for CENTRAL jurisdiction.
MAH-MA-2021-01200,AUDITOR_EXP_01,2026-08-30T14:00:00,35,"RF-5, RF-6",2,1,"Elevated multi-factor risk: Co-occurrence of threshold manipulation, compressed bidding window, or repeat winner pattern.","duration=21.0d, threshold_val=₹6,619,787, flags=RF-5, RF-6",0.92,Reviewed under PARAKH Annotation Standard v2.0 for MAHARASHTRA jurisdiction.
RAJ-RA-2021-01172,AUDITOR_EXP_01,2026-08-30T16:00:00,40,"RF-1, RF-6",2,1,"Elevated multi-factor risk: Co-occurrence of threshold manipulation, compressed bidding window, or repeat winner pattern.","duration=30.0d, threshold_val=₹4,453,392, flags=RF-1, RF-6",0.92,Reviewed under PARAKH Annotation Standard v2.0 for RAJASTHAN jurisdiction.
2017_PWD_15417_1,AUDITOR_EXP_01,2026-08-30T18:00:00,35,"RF-5, RF-6",2,1,"Elevated multi-factor risk: Co-occurrence of threshold manipulation, compressed bidding window, or repeat winner pattern.","duration=20.0d, threshold_val=₹190,854, flags=RF-5, RF-6",0.92,Reviewed under PARAKH Annotation Standard v2.0 for HIMACHAL PRADESH jurisdiction.
2017_PWD_14661_8,AUDITOR_EXP_01,2026-08-30T20:00:00,35,"RF-5, RF-6",2,1,"Elevated multi-factor risk: Co-occurrence of threshold manipulation, compressed bidding window, or repeat winner pattern.","duration=20.041666666666668d, threshold_val=₹2,883,290, flags=RF-5, RF-6",0.92,Reviewed under PARAKH Annotation Standard v2.0 for HIMACHAL PRADESH jurisdiction.
2018_HPIPH_22854_1,AUDITOR_EXP_01,2026-08-30T22:00:00,35,"RF-5, RF-6",2,1,"Elevated multi-factor risk: Co-occurrence of threshold manipulation, compressed bidding window, or repeat winner pattern.","duration=20.70833333333333d, threshold_val=₹161,470,193, flags=RF-5, RF-6",0.92,Reviewed under PARAKH Annotation Standard v2.0 for HIMACHAL PRADESH jurisdiction.
CEN-CE-2021-01254,AUDITOR_EXP_01,2026-08-31T00:00:00,40,"RF-1, RF-6",2,1,"Elevated multi-factor risk: Co-occurrence of threshold manipulation, compressed bidding window, or repeat winner pattern.","duration=30.0d, threshold_val=₹18,739,310, flags=RF-1, RF-6",0.92,Reviewed under PARAKH Annotation Standard v2.0 for CENTRAL jurisdiction.
CEN-CE-2021-01068,AUDITOR_EXP_01,2026-08-31T02:00:00,30,"RF-4, RF-6",2,1,"Elevated multi-factor risk: Co-occurrence of threshold manipulation, compressed bidding window, or repeat winner pattern.","duration=6.0d, threshold_val=₹4,068,571, flags=RF-4, RF-6",0.92,Reviewed under PARAKH Annotation Standard v2.0 for CENTRAL jurisdiction.
2018_HPIPH_23672_1,AUDITOR_EXP_01,2026-08-31T04:00:00,0,NONE,0,0,"Compliant procurement: Competitive bidding window, standard price alignment, and multiple participating suppliers.","bidders=9, duration=20.75d, estimate_alignment=OK",0.99,Reviewed under PARAKH Annotation Standard v2.0 for HIMACHAL PRADESH jurisdiction.
2017_PWD_16555_1,AUDITOR_EXP_01,2026-08-31T06:00:00,30,"RF-4, RF-6",2,1,"Elevated multi-factor risk: Co-occurrence of threshold manipulation, compressed bidding window, or repeat winner pattern.","duration=5.958333333333333d, threshold_val=₹1,484,097, flags=RF-4, RF-6",0.92,Reviewed under PARAKH Annotation Standard v2.0 for HIMACHAL PRADESH jurisdiction.
2018_HPIPH_24776_1,AUDITOR_EXP_01,2026-08-31T08:00:00,35,"RF-5, RF-6",2,1,"Elevated multi-factor risk: Co-occurrence of threshold manipulation, compressed bidding window, or repeat winner pattern.","duration=12.708333333333334d, threshold_val=₹979,980, flags=RF-5, RF-6",0.92,Reviewed under PARAKH Annotation Standard v2.0 for HIMACHAL PRADESH jurisdiction.
RAJ-RA-2021-01120,AUDITOR_EXP_01,2026-08-31T10:00:00,30,"RF-4, RF-6",2,1,"Elevated multi-factor risk: Co-occurrence of threshold manipulation, compressed bidding window, or repeat winner pattern.","duration=4.0d, threshold_val=₹763,817, flags=RF-4, RF-6",0.92,Reviewed under PARAKH Annotation Standard v2.0 for RAJASTHAN jurisdiction.
2017_PWD_16263_1,AUDITOR_EXP_01,2026-08-31T12:00:00,35,"RF-5, RF-6",2,1,"Elevated multi-factor risk: Co-occurrence of threshold manipulation, compressed bidding window, or repeat winner pattern.","duration=9.291666666666666d, threshold_val=₹388,374, flags=RF-5, RF-6",0.92,Reviewed under PARAKH Annotation Standard v2.0 for HIMACHAL PRADESH jurisdiction.
2019_PWD_26098_14,AUDITOR_EXP_01,2026-08-31T14:00:00,40,"RF-1, RF-6",2,1,"Elevated multi-factor risk: Co-occurrence of threshold manipulation, compressed bidding window, or repeat winner pattern.","duration=14.96875d, threshold_val=₹1,654,141, flags=RF-1, RF-6",0.92,Reviewed under PARAKH Annotation Standard v2.0 for HIMACHAL PRADESH jurisdiction.
2017_PWD_16466_1,AUDITOR_EXP_01,2026-08-31T16:00:00,45,"RF-1, RF-5",3,1,Severe procurement anomaly: Single-bidder monopoly coupled with high price deviation or department dominance.,"bidders=1, price_deviation=0.52, flags=RF-1, RF-5",0.98,Reviewed under PARAKH Annotation Standard v2.0 for HIMACHAL PRADESH jurisdiction.
2017_UDDHP_17736_1,AUDITOR_EXP_01,2026-08-31T18:00:00,50,"RF-4, RF-5, RF-6",2,1,"Elevated multi-factor risk: Co-occurrence of threshold manipulation, compressed bidding window, or repeat winner pattern.","duration=6.916666666666667d, threshold_val=₹706,630, flags=RF-4, RF-5, RF-6",0.92,Reviewed under PARAKH Annotation Standard v2.0 for HIMACHAL PRADESH jurisdiction.
2017_UDDHP_15784_1,AUDITOR_EXP_01,2026-08-31T20:00:00,50,"RF-4, RF-5, RF-6",2,1,"Elevated multi-factor risk: Co-occurrence of threshold manipulation, compressed bidding window, or repeat winner pattern.","duration=6.083333333333333d, threshold_val=₹305,218, flags=RF-4, RF-5, RF-6",0.92,Reviewed under PARAKH Annotation Standard v2.0 for HIMACHAL PRADESH jurisdiction.
KAR-KA-2021-01246,AUDITOR_EXP_01,2026-08-31T22:00:00,35,"RF-5, RF-6",2,1,"Elevated multi-factor risk: Co-occurrence of threshold manipulation, compressed bidding window, or repeat winner pattern.","duration=30.0d, threshold_val=₹6,671,238, flags=RF-5, RF-6",0.92,Reviewed under PARAKH Annotation Standard v2.0 for KARNATAKA jurisdiction.
2019_HPIPH_25796_1,AUDITOR_EXP_01,2026-09-01T00:00:00,35,"RF-5, RF-6",2,1,"Elevated multi-factor risk: Co-occurrence of threshold manipulation, compressed bidding window, or repeat winner pattern.","duration=14.0d, threshold_val=₹8,337,664, flags=RF-5, RF-6",0.92,Reviewed under PARAKH Annotation Standard v2.0 for HIMACHAL PRADESH jurisdiction.
2017_HPIPH_16816_1-1058,AUDITOR_EXP_01,2026-09-01T02:00:00,35,"RF-5, RF-6",2,1,"Elevated multi-factor risk: Co-occurrence of threshold manipulation, compressed bidding window, or repeat winner pattern.","duration=10.25d, threshold_val=₹3,776,959, flags=RF-5, RF-6",0.92,Reviewed under PARAKH Annotation Standard v2.0 for HIMACHAL PRADESH jurisdiction.
2017_PWD_16450_1,AUDITOR_EXP_01,2026-09-01T04:00:00,30,"RF-4, RF-6",2,1,"Elevated multi-factor risk: Co-occurrence of threshold manipulation, compressed bidding window, or repeat winner pattern.","duration=5.0625d, threshold_val=₹4,449,900, flags=RF-4, RF-6",0.92,Reviewed under PARAKH Annotation Standard v2.0 for HIMACHAL PRADESH jurisdiction.
2017_HPIPH_17291_2,AUDITOR_EXP_01,2026-09-01T06:00:00,35,"RF-5, RF-6",2,1,"Elevated multi-factor risk: Co-occurrence of threshold manipulation, compressed bidding window, or repeat winner pattern.","duration=21.95833333333333d, threshold_val=₹2,791,088, flags=RF-5, RF-6",0.92,Reviewed under PARAKH Annotation Standard v2.0 for HIMACHAL PRADESH jurisdiction.
UTT-UT-2021-01029,AUDITOR_EXP_01,2026-09-01T08:00:00,0,NONE,0,0,"Compliant procurement: Competitive bidding window, standard price alignment, and multiple participating suppliers.","bidders=3, duration=21.0d, estimate_alignment=OK",0.99,Reviewed under PARAKH Annotation Standard v2.0 for UTTAR PRADESH jurisdiction.
2017_PWD_16927_1,AUDITOR_EXP_01,2026-09-01T10:00:00,0,NONE,0,0,"Compliant procurement: Competitive bidding window, standard price alignment, and multiple participating suppliers.","bidders=6, duration=11.979166666666666d, estimate_alignment=OK",0.99,Reviewed under PARAKH Annotation Standard v2.0 for HIMACHAL PRADESH jurisdiction.
KAR-KA-2021-01070,AUDITOR_EXP_01,2026-09-01T12:00:00,30,"RF-4, RF-6",2,1,"Elevated multi-factor risk: Co-occurrence of threshold manipulation, compressed bidding window, or repeat winner pattern.","duration=6.0d, threshold_val=₹4,361,654, flags=RF-4, RF-6",0.92,Reviewed under PARAKH Annotation Standard v2.0 for KARNATAKA jurisdiction.
CEN-CE-2021-01190,AUDITOR_EXP_01,2026-09-01T14:00:00,15,RF-6,1,0,Isolated procedural deviation without evidence of systematic competition restriction.,"flags=RF-6, bidders=3",0.88,Reviewed under PARAKH Annotation Standard v2.0 for CENTRAL jurisdiction.
RAJ-RA-2021-01166,AUDITOR_EXP_01,2026-09-01T16:00:00,40,"RF-1, RF-6",2,1,"Elevated multi-factor risk: Co-occurrence of threshold manipulation, compressed bidding window, or repeat winner pattern.","duration=30.0d, threshold_val=₹600,212, flags=RF-1, RF-6",0.92,Reviewed under PARAKH Annotation Standard v2.0 for RAJASTHAN jurisdiction.
2019_HPIPH_31770_1,AUDITOR_EXP_01,2026-09-01T18:00:00,35,"RF-5, RF-6",2,1,"Elevated multi-factor risk: Co-occurrence of threshold manipulation, compressed bidding window, or repeat winner pattern.","duration=18.0d, threshold_val=₹1,399,156, flags=RF-5, RF-6",0.92,Reviewed under PARAKH Annotation Standard v2.0 for HIMACHAL PRADESH jurisdiction.
RAJ-RA-2021-01141,AUDITOR_EXP_01,2026-09-01T20:00:00,30,"RF-4, RF-6",2,1,"Elevated multi-factor risk: Co-occurrence of threshold manipulation, compressed bidding window, or repeat winner pattern.","duration=4.0d, threshold_val=₹5,646,398, flags=RF-4, RF-6",0.92,Reviewed under PARAKH Annotation Standard v2.0 for RAJASTHAN jurisdiction.
2018_PWD_23341_1,AUDITOR_EXP_01,2026-09-01T22:00:00,35,"RF-5, RF-6",2,1,"Elevated multi-factor risk: Co-occurrence of threshold manipulation, compressed bidding window, or repeat winner pattern.","duration=9.958333333333334d, threshold_val=₹153,964,587, flags=RF-5, RF-6",0.92,Reviewed under PARAKH Annotation Standard v2.0 for HIMACHAL PRADESH jurisdiction.
2017_PWD_15456_1,AUDITOR_EXP_01,2026-09-02T00:00:00,60,"RF-1, RF-5, RF-6",3,1,Severe procurement anomaly: Single-bidder monopoly coupled with high price deviation or department dominance.,"bidders=1, price_deviation=0.47, flags=RF-1, RF-5, RF-6",0.98,Reviewed under PARAKH Annotation Standard v2.0 for HIMACHAL PRADESH jurisdiction.
2017_PWD_15698_1,AUDITOR_EXP_01,2026-09-02T02:00:00,0,NONE,0,0,"Compliant procurement: Competitive bidding window, standard price alignment, and multiple participating suppliers.","bidders=2, duration=12.270833333333334d, estimate_alignment=OK",0.99,Reviewed under PARAKH Annotation Standard v2.0 for HIMACHAL PRADESH jurisdiction.
2018_PWD_19775_3,AUDITOR_EXP_01,2026-09-02T04:00:00,15,RF-6,1,0,Isolated procedural deviation without evidence of systematic competition restriction.,"flags=RF-6, bidders=4",0.88,Reviewed under PARAKH Annotation Standard v2.0 for HIMACHAL PRADESH jurisdiction.
2017_PWD_18012_1,AUDITOR_EXP_01,2026-09-02T06:00:00,15,RF-4,1,0,Isolated procedural deviation without evidence of systematic competition restriction.,"flags=RF-4, bidders=4",0.88,Reviewed under PARAKH Annotation Standard v2.0 for HIMACHAL PRADESH jurisdiction.
RAJ-RA-2021-01087,AUDITOR_EXP_01,2026-09-02T08:00:00,30,"RF-4, RF-6",2,1,"Elevated multi-factor risk: Co-occurrence of threshold manipulation, compressed bidding window, or repeat winner pattern.","duration=6.0d, threshold_val=₹3,374,037, flags=RF-4, RF-6",0.92,Reviewed under PARAKH Annotation Standard v2.0 for RAJASTHAN jurisdiction.
CEN-CE-2021-01156,AUDITOR_EXP_01,2026-09-02T10:00:00,30,"RF-4, RF-6",2,1,"Elevated multi-factor risk: Co-occurrence of threshold manipulation, compressed bidding window, or repeat winner pattern.","duration=4.0d, threshold_val=₹11,473,525, flags=RF-4, RF-6",0.92,Reviewed under PARAKH Annotation Standard v2.0 for CENTRAL jurisdiction.
2017_HPIPH_17680_1,AUDITOR_EXP_01,2026-09-02T12:00:00,20,RF-5,1,0,Isolated procedural deviation without evidence of systematic competition restriction.,"flags=RF-5, bidders=2",0.88,Reviewed under PARAKH Annotation Standard v2.0 for HIMACHAL PRADESH jurisdiction.
2016_HPIPH_13212_1,AUDITOR_EXP_01,2026-09-02T14:00:00,35,"RF-5, RF-6",2,1,"Elevated multi-factor risk: Co-occurrence of threshold manipulation, compressed bidding window, or repeat winner pattern.","duration=7.708333333333333d, threshold_val=₹1,872,550, flags=RF-5, RF-6",0.92,Reviewed under PARAKH Annotation Standard v2.0 for HIMACHAL PRADESH jurisdiction.
2019_MC_28264_10,AUDITOR_EXP_01,2026-09-02T16:00:00,0,NONE,0,0,"Compliant procurement: Competitive bidding window, standard price alignment, and multiple participating suppliers.","bidders=3, duration=11.729166666666666d, estimate_alignment=OK",0.99,Reviewed under PARAKH Annotation Standard v2.0 for HIMACHAL PRADESH jurisdiction.
KAR-KA-2021-01003,AUDITOR_EXP_01,2026-09-02T18:00:00,75,"RF-1, RF-4, RF-5, RF-6",3,1,Severe procurement anomaly: Single-bidder monopoly coupled with high price deviation or department dominance.,"bidders=1, price_deviation=0.35, flags=RF-1, RF-4, RF-5, RF-6",0.98,Reviewed under PARAKH Annotation Standard v2.0 for KARNATAKA jurisdiction.
2017_UDDHP_16007_1,AUDITOR_EXP_01,2026-09-02T20:00:00,35,"RF-5, RF-6",2,1,"Elevated multi-factor risk: Co-occurrence of threshold manipulation, compressed bidding window, or repeat winner pattern.","duration=8.083333333333334d, threshold_val=₹194,093, flags=RF-5, RF-6",0.92,Reviewed under PARAKH Annotation Standard v2.0 for HIMACHAL PRADESH jurisdiction.
RAJ-RA-2021-01194,AUDITOR_EXP_01,2026-09-02T22:00:00,55,"RF-1, RF-4, RF-6",2,1,"Elevated multi-factor risk: Co-occurrence of threshold manipulation, compressed bidding window, or repeat winner pattern.","duration=4.0d, threshold_val=₹285,442,353, flags=RF-1, RF-4, RF-6",0.92,Reviewed under PARAKH Annotation Standard v2.0 for RAJASTHAN jurisdiction.
MAH-MA-2021-01193,AUDITOR_EXP_01,2026-09-03T00:00:00,40,"RF-1, RF-6",2,1,"Elevated multi-factor risk: Co-occurrence of threshold manipulation, compressed bidding window, or repeat winner pattern.","duration=21.0d, threshold_val=₹21,503,826, flags=RF-1, RF-6",0.92,Reviewed under PARAKH Annotation Standard v2.0 for MAHARASHTRA jurisdiction.
2018_PWD_21632_1,AUDITOR_EXP_01,2026-09-03T02:00:00,20,RF-5,1,0,Isolated procedural deviation without evidence of systematic competition restriction.,"flags=RF-5, bidders=6",0.88,Reviewed under PARAKH Annotation Standard v2.0 for HIMACHAL PRADESH jurisdiction.
KAR-KA-2021-01089,AUDITOR_EXP_01,2026-09-03T04:00:00,40,"RF-1, RF-6",2,1,"Elevated multi-factor risk: Co-occurrence of threshold manipulation, compressed bidding window, or repeat winner pattern.","duration=30.0d, threshold_val=₹24,966,890, flags=RF-1, RF-6",0.92,Reviewed under PARAKH Annotation Standard v2.0 for KARNATAKA jurisdiction.
2017_UDDHP_15237_1,AUDITOR_EXP_01,2026-09-03T06:00:00,35,"RF-5, RF-6",2,1,"Elevated multi-factor risk: Co-occurrence of threshold manipulation, compressed bidding window, or repeat winner pattern.","duration=7.041666666666667d, threshold_val=₹220,182, flags=RF-5, RF-6",0.92,Reviewed under PARAKH Annotation Standard v2.0 for HIMACHAL PRADESH jurisdiction.
MAH-MA-2021-01275,AUDITOR_EXP_01,2026-09-03T08:00:00,30,"RF-4, RF-6",2,1,"Elevated multi-factor risk: Co-occurrence of threshold manipulation, compressed bidding window, or repeat winner pattern.","duration=4.0d, threshold_val=₹22,382,552, flags=RF-4, RF-6",0.92,Reviewed under PARAKH Annotation Standard v2.0 for MAHARASHTRA jurisdiction.
UTT-UT-2021-01227,AUDITOR_EXP_01,2026-09-03T10:00:00,30,"RF-4, RF-6",2,1,"Elevated multi-factor risk: Co-occurrence of threshold manipulation, compressed bidding window, or repeat winner pattern.","duration=6.0d, threshold_val=₹4,338,277, flags=RF-4, RF-6",0.92,Reviewed under PARAKH Annotation Standard v2.0 for UTTAR PRADESH jurisdiction.
2017_PWD_15064_1,AUDITOR_EXP_01,2026-09-03T12:00:00,35,"RF-5, RF-6",2,1,"Elevated multi-factor risk: Co-occurrence of threshold manipulation, compressed bidding window, or repeat winner pattern.","duration=18.02083333333333d, threshold_val=₹8,439,104, flags=RF-5, RF-6",0.92,Reviewed under PARAKH Annotation Standard v2.0 for HIMACHAL PRADESH jurisdiction.
2018_PWD_19064_1,AUDITOR_EXP_01,2026-09-03T14:00:00,35,"RF-5, RF-6",2,1,"Elevated multi-factor risk: Co-occurrence of threshold manipulation, compressed bidding window, or repeat winner pattern.","duration=25.70833333333333d, threshold_val=₹5,333,796, flags=RF-5, RF-6",0.92,Reviewed under PARAKH Annotation Standard v2.0 for HIMACHAL PRADESH jurisdiction.
2018_HPIPH_19200_1-950,AUDITOR_EXP_01,2026-09-03T16:00:00,30,"RF-4, RF-6",2,1,"Elevated multi-factor risk: Co-occurrence of threshold manipulation, compressed bidding window, or repeat winner pattern.","duration=6.208333333333333d, threshold_val=₹1,489,000, flags=RF-4, RF-6",0.92,Reviewed under PARAKH Annotation Standard v2.0 for HIMACHAL PRADESH jurisdiction.
2017_PWD_15725_4,AUDITOR_EXP_01,2026-09-03T18:00:00,15,RF-6,1,0,Isolated procedural deviation without evidence of systematic competition restriction.,"flags=RF-6, bidders=2",0.88,Reviewed under PARAKH Annotation Standard v2.0 for HIMACHAL PRADESH jurisdiction.
KAR-KA-2021-01164,AUDITOR_EXP_01,2026-09-03T20:00:00,30,"RF-4, RF-6",2,1,"Elevated multi-factor risk: Co-occurrence of threshold manipulation, compressed bidding window, or repeat winner pattern.","duration=4.0d, threshold_val=₹293,343,321, flags=RF-4, RF-6",0.92,Reviewed under PARAKH Annotation Standard v2.0 for KARNATAKA jurisdiction.
2017_HPIPH_16816_1-1060,AUDITOR_EXP_01,2026-09-03T22:00:00,35,"RF-5, RF-6",2,1,"Elevated multi-factor risk: Co-occurrence of threshold manipulation, compressed bidding window, or repeat winner pattern.","duration=10.25d, threshold_val=₹3,866,920, flags=RF-5, RF-6",0.92,Reviewed under PARAKH Annotation Standard v2.0 for HIMACHAL PRADESH jurisdiction.
2018_HPIPH_22465_1,AUDITOR_EXP_01,2026-09-04T00:00:00,35,"RF-5, RF-6",2,1,"Elevated multi-factor risk: Co-occurrence of threshold manipulation, compressed bidding window, or repeat winner pattern.","duration=22.75d, threshold_val=₹3,105,000, flags=RF-5, RF-6",0.92,Reviewed under PARAKH Annotation Standard v2.0 for HIMACHAL PRADESH jurisdiction.
2018_PWD_20222_2,AUDITOR_EXP_01,2026-09-04T02:00:00,35,"RF-5, RF-6",2,1,"Elevated multi-factor risk: Co-occurrence of threshold manipulation, compressed bidding window, or repeat winner pattern.","duration=18.041666666666668d, threshold_val=₹1,386,452, flags=RF-5, RF-6",0.92,Reviewed under PARAKH Annotation Standard v2.0 for HIMACHAL PRADESH jurisdiction.
2017_PWD_17893_4,AUDITOR_EXP_01,2026-09-04T04:00:00,30,"RF-4, RF-6",2,1,"Elevated multi-factor risk: Co-occurrence of threshold manipulation, compressed bidding window, or repeat winner pattern.","duration=5.708333333333333d, threshold_val=₹1,219,162, flags=RF-4, RF-6",0.92,Reviewed under PARAKH Annotation Standard v2.0 for HIMACHAL PRADESH jurisdiction.
CEN-CE-2021-01286,AUDITOR_EXP_01,2026-09-04T06:00:00,15,RF-6,1,0,Isolated procedural deviation without evidence of systematic competition restriction.,"flags=RF-6, bidders=3",0.88,Reviewed under PARAKH Annotation Standard v2.0 for CENTRAL jurisdiction.
2018_PWD_19298_1,AUDITOR_EXP_01,2026-09-04T08:00:00,20,RF-5,1,0,Isolated procedural deviation without evidence of systematic competition restriction.,"flags=RF-5, bidders=8",0.88,Reviewed under PARAKH Annotation Standard v2.0 for HIMACHAL PRADESH jurisdiction.
2017_HPIPH_17611_1-1907,AUDITOR_EXP_01,2026-09-04T10:00:00,35,"RF-5, RF-6",2,1,"Elevated multi-factor risk: Co-occurrence of threshold manipulation, compressed bidding window, or repeat winner pattern.","duration=7.291666666666667d, threshold_val=₹500,934, flags=RF-5, RF-6",0.92,Reviewed under PARAKH Annotation Standard v2.0 for HIMACHAL PRADESH jurisdiction.
2017_PWD_18080_1,AUDITOR_EXP_01,2026-09-04T12:00:00,50,"RF-4, RF-5, RF-6",2,1,"Elevated multi-factor risk: Co-occurrence of threshold manipulation, compressed bidding window, or repeat winner pattern.","duration=6.746527777777778d, threshold_val=₹2,039,573, flags=RF-4, RF-5, RF-6",0.92,Reviewed under PARAKH Annotation Standard v2.0 for HIMACHAL PRADESH jurisdiction.
RAJ-RA-2021-01228,AUDITOR_EXP_01,2026-09-04T14:00:00,35,"RF-5, RF-6",2,1,"Elevated multi-factor risk: Co-occurrence of threshold manipulation, compressed bidding window, or repeat winner pattern.","duration=14.0d, threshold_val=₹4,072,530, flags=RF-5, RF-6",0.92,Reviewed under PARAKH Annotation Standard v2.0 for RAJASTHAN jurisdiction.
2017_UDDHP_17735_1,AUDITOR_EXP_01,2026-09-04T16:00:00,50,"RF-4, RF-5, RF-6",2,1,"Elevated multi-factor risk: Co-occurrence of threshold manipulation, compressed bidding window, or repeat winner pattern.","duration=6.708333333333333d, threshold_val=₹998,010, flags=RF-4, RF-5, RF-6",0.92,Reviewed under PARAKH Annotation Standard v2.0 for HIMACHAL PRADESH jurisdiction.
KAR-KA-2021-01153,AUDITOR_EXP_01,2026-09-04T18:00:00,30,"RF-4, RF-6",2,1,"Elevated multi-factor risk: Co-occurrence of threshold manipulation, compressed bidding window, or repeat winner pattern.","duration=4.0d, threshold_val=₹17,947,090, flags=RF-4, RF-6",0.92,Reviewed under PARAKH Annotation Standard v2.0 for KARNATAKA jurisdiction.
2017_UDDHP_16375_1,AUDITOR_EXP_01,2026-09-04T20:00:00,35,"RF-5, RF-6",2,1,"Elevated multi-factor risk: Co-occurrence of threshold manipulation, compressed bidding window, or repeat winner pattern.","duration=8.208333333333334d, threshold_val=₹901,842, flags=RF-5, RF-6",0.92,Reviewed under PARAKH Annotation Standard v2.0 for HIMACHAL PRADESH jurisdiction.
2018_PWD_19794_1,AUDITOR_EXP_01,2026-09-04T22:00:00,30,"RF-4, RF-6",2,1,"Elevated multi-factor risk: Co-occurrence of threshold manipulation, compressed bidding window, or repeat winner pattern.","duration=6.708333333333333d, threshold_val=₹2,968,744, flags=RF-4, RF-6",0.92,Reviewed under PARAKH Annotation Standard v2.0 for HIMACHAL PRADESH jurisdiction.
2017_PWD_16988_1,AUDITOR_EXP_01,2026-09-05T00:00:00,35,"RF-5, RF-6",2,1,"Elevated multi-factor risk: Co-occurrence of threshold manipulation, compressed bidding window, or repeat winner pattern.","duration=25.0d, threshold_val=₹397,707, flags=RF-5, RF-6",0.92,Reviewed under PARAKH Annotation Standard v2.0 for HIMACHAL PRADESH jurisdiction.
2017_HPIPH_17572_1,AUDITOR_EXP_01,2026-09-05T02:00:00,0,NONE,0,0,"Compliant procurement: Competitive bidding window, standard price alignment, and multiple participating suppliers.","bidders=3, duration=21.291666666666668d, estimate_alignment=OK",0.99,Reviewed under PARAKH Annotation Standard v2.0 for HIMACHAL PRADESH jurisdiction.
UTT-UT-2021-01121,AUDITOR_EXP_01,2026-09-05T04:00:00,30,"RF-4, RF-6",2,1,"Elevated multi-factor risk: Co-occurrence of threshold manipulation, compressed bidding window, or repeat winner pattern.","duration=4.0d, threshold_val=₹306,077,038, flags=RF-4, RF-6",0.92,Reviewed under PARAKH Annotation Standard v2.0 for UTTAR PRADESH jurisdiction.
2019_PWD_28286_1,AUDITOR_EXP_01,2026-09-05T06:00:00,0,NONE,0,0,"Compliant procurement: Competitive bidding window, standard price alignment, and multiple participating suppliers.","bidders=3, duration=13.979166666666666d, estimate_alignment=OK",0.99,Reviewed under PARAKH Annotation Standard v2.0 for HIMACHAL PRADESH jurisdiction.
2017_PWD_15702_5,AUDITOR_EXP_01,2026-09-05T08:00:00,35,"RF-5, RF-6",2,1,"Elevated multi-factor risk: Co-occurrence of threshold manipulation, compressed bidding window, or repeat winner pattern.","duration=20.75d, threshold_val=₹1,698,356, flags=RF-5, RF-6",0.92,Reviewed under PARAKH Annotation Standard v2.0 for HIMACHAL PRADESH jurisdiction.
2017_UDDHP_15239_1,AUDITOR_EXP_01,2026-09-05T10:00:00,35,"RF-5, RF-6",2,1,"Elevated multi-factor risk: Co-occurrence of threshold manipulation, compressed bidding window, or repeat winner pattern.","duration=7.052083333333333d, threshold_val=₹209,939, flags=RF-5, RF-6",0.92,Reviewed under PARAKH Annotation Standard v2.0 for HIMACHAL PRADESH jurisdiction.
KAR-KA-2021-01139,AUDITOR_EXP_01,2026-09-05T12:00:00,35,"RF-4, RF-5",2,1,"Elevated multi-factor risk: Co-occurrence of threshold manipulation, compressed bidding window, or repeat winner pattern.","duration=4.0d, threshold_val=₹5,385,579, flags=RF-4, RF-5",0.92,Reviewed under PARAKH Annotation Standard v2.0 for KARNATAKA jurisdiction.
RAJ-RA-2021-01245,AUDITOR_EXP_01,2026-09-05T14:00:00,30,"RF-4, RF-6",2,1,"Elevated multi-factor risk: Co-occurrence of threshold manipulation, compressed bidding window, or repeat winner pattern.","duration=6.0d, threshold_val=₹210,080,883, flags=RF-4, RF-6",0.92,Reviewed under PARAKH Annotation Standard v2.0 for RAJASTHAN jurisdiction.
CEN-CE-2021-01295,AUDITOR_EXP_01,2026-09-05T16:00:00,50,"RF-3, RF-4, RF-6",2,1,"Elevated multi-factor risk: Co-occurrence of threshold manipulation, compressed bidding window, or repeat winner pattern.","duration=6.0d, threshold_val=₹4,520,854, flags=RF-3, RF-4, RF-6",0.92,Reviewed under PARAKH Annotation Standard v2.0 for CENTRAL jurisdiction.
MAH-MA-2021-01115,AUDITOR_EXP_01,2026-09-05T18:00:00,30,"RF-4, RF-6",2,1,"Elevated multi-factor risk: Co-occurrence of threshold manipulation, compressed bidding window, or repeat winner pattern.","duration=4.0d, threshold_val=₹4,338,354, flags=RF-4, RF-6",0.92,Reviewed under PARAKH Annotation Standard v2.0 for MAHARASHTRA jurisdiction.
CEN-CE-2021-01076,AUDITOR_EXP_01,2026-09-05T20:00:00,30,"RF-4, RF-6",2,1,"Elevated multi-factor risk: Co-occurrence of threshold manipulation, compressed bidding window, or repeat winner pattern.","duration=4.0d, threshold_val=₹5,297,855, flags=RF-4, RF-6",0.92,Reviewed under PARAKH Annotation Standard v2.0 for CENTRAL jurisdiction.
2017_PWD_18526_2,AUDITOR_EXP_01,2026-09-05T22:00:00,35,"RF-4, RF-5",2,1,"Elevated multi-factor risk: Co-occurrence of threshold manipulation, compressed bidding window, or repeat winner pattern.","duration=6.916666666666667d, threshold_val=₹9,670,236, flags=RF-4, RF-5",0.92,Reviewed under PARAKH Annotation Standard v2.0 for HIMACHAL PRADESH jurisdiction.
KAR-KA-2021-01155,AUDITOR_EXP_01,2026-09-06T00:00:00,30,"RF-4, RF-6",2,1,"Elevated multi-factor risk: Co-occurrence of threshold manipulation, compressed bidding window, or repeat winner pattern.","duration=6.0d, threshold_val=₹5,100,393, flags=RF-4, RF-6",0.92,Reviewed under PARAKH Annotation Standard v2.0 for KARNATAKA jurisdiction.
2019_HPIPH_31436_1,AUDITOR_EXP_01,2026-09-06T02:00:00,35,"RF-5, RF-6",2,1,"Elevated multi-factor risk: Co-occurrence of threshold manipulation, compressed bidding window, or repeat winner pattern.","duration=13.67013888888889d, threshold_val=₹2,400,000, flags=RF-5, RF-6",0.92,Reviewed under PARAKH Annotation Standard v2.0 for HIMACHAL PRADESH jurisdiction.
CEN-CE-2021-01310,AUDITOR_EXP_01,2026-09-06T04:00:00,30,"RF-4, RF-6",2,1,"Elevated multi-factor risk: Co-occurrence of threshold manipulation, compressed bidding window, or repeat winner pattern.","duration=6.0d, threshold_val=₹680,751, flags=RF-4, RF-6",0.92,Reviewed under PARAKH Annotation Standard v2.0 for CENTRAL jurisdiction.
RAJ-RA-2021-01150,AUDITOR_EXP_01,2026-09-06T06:00:00,40,"RF-1, RF-6",2,1,"Elevated multi-factor risk: Co-occurrence of threshold manipulation, compressed bidding window, or repeat winner pattern.","duration=30.0d, threshold_val=₹235,234,742, flags=RF-1, RF-6",0.92,Reviewed under PARAKH Annotation Standard v2.0 for RAJASTHAN jurisdiction.
2018_PWD_19891_12-1120,AUDITOR_EXP_01,2026-09-06T08:00:00,15,RF-6,1,0,Isolated procedural deviation without evidence of systematic competition restriction.,"flags=RF-6, bidders=2",0.88,Reviewed under PARAKH Annotation Standard v2.0 for HIMACHAL PRADESH jurisdiction.
2018_FDC_19021_2,AUDITOR_EXP_01,2026-09-06T10:00:00,40,"RF-1, RF-4",2,1,"Elevated multi-factor risk: Co-occurrence of threshold manipulation, compressed bidding window, or repeat winner pattern.","duration=5.020833333333333d, threshold_val=₹327,867, flags=RF-1, RF-4",0.92,Reviewed under PARAKH Annotation Standard v2.0 for HIMACHAL PRADESH jurisdiction.
2018_FDC_19798_1,AUDITOR_EXP_01,2026-09-06T12:00:00,60,"RF-1, RF-3, RF-4",2,1,"Elevated multi-factor risk: Co-occurrence of threshold manipulation, compressed bidding window, or repeat winner pattern.","duration=6.75d, threshold_val=₹4,859,887, flags=RF-1, RF-3, RF-4",0.92,Reviewed under PARAKH Annotation Standard v2.0 for HIMACHAL PRADESH jurisdiction.
MAH-MA-2021-01134,AUDITOR_EXP_01,2026-09-06T14:00:00,35,"RF-5, RF-6",2,1,"Elevated multi-factor risk: Co-occurrence of threshold manipulation, compressed bidding window, or repeat winner pattern.","duration=21.0d, threshold_val=₹82,160,007, flags=RF-5, RF-6",0.92,Reviewed under PARAKH Annotation Standard v2.0 for MAHARASHTRA jurisdiction.
RAJ-RA-2021-01095,AUDITOR_EXP_01,2026-09-06T16:00:00,60,"RF-1, RF-5, RF-6",3,1,Severe procurement anomaly: Single-bidder monopoly coupled with high price deviation or department dominance.,"bidders=1, price_deviation=0.35, flags=RF-1, RF-5, RF-6",0.98,Reviewed under PARAKH Annotation Standard v2.0 for RAJASTHAN jurisdiction.
MAH-MA-2021-01293,AUDITOR_EXP_01,2026-09-06T18:00:00,55,"RF-1, RF-4, RF-6",2,1,"Elevated multi-factor risk: Co-occurrence of threshold manipulation, compressed bidding window, or repeat winner pattern.","duration=6.0d, threshold_val=₹19,556,466, flags=RF-1, RF-4, RF-6",0.92,Reviewed under PARAKH Annotation Standard v2.0 for MAHARASHTRA jurisdiction.
CEN-CE-2021-01226,AUDITOR_EXP_01,2026-09-06T20:00:00,50,"RF-4, RF-5, RF-6",2,1,"Elevated multi-factor risk: Co-occurrence of threshold manipulation, compressed bidding window, or repeat winner pattern.","duration=6.0d, threshold_val=₹6,669,039, flags=RF-4, RF-5, RF-6",0.92,Reviewed under PARAKH Annotation Standard v2.0 for CENTRAL jurisdiction.
2017_UDDHP_15794_1,AUDITOR_EXP_01,2026-09-06T22:00:00,50,"RF-4, RF-5, RF-6",2,1,"Elevated multi-factor risk: Co-occurrence of threshold manipulation, compressed bidding window, or repeat winner pattern.","duration=6.041666666666667d, threshold_val=₹621,911, flags=RF-4, RF-5, RF-6",0.92,Reviewed under PARAKH Annotation Standard v2.0 for HIMACHAL PRADESH jurisdiction.
2017_UDDHP_17981_1,AUDITOR_EXP_01,2026-09-07T00:00:00,25,RF-2,1,0,Isolated procedural deviation without evidence of systematic competition restriction.,"flags=RF-2, bidders=3",0.88,Reviewed under PARAKH Annotation Standard v2.0 for HIMACHAL PRADESH jurisdiction.
KAR-KA-2021-01005,AUDITOR_EXP_01,2026-09-07T02:00:00,50,"RF-3, RF-4, RF-6",2,1,"Elevated multi-factor risk: Co-occurrence of threshold manipulation, compressed bidding window, or repeat winner pattern.","duration=6.0d, threshold_val=₹4,668,154, flags=RF-3, RF-4, RF-6",0.92,Reviewed under PARAKH Annotation Standard v2.0 for KARNATAKA jurisdiction.
CEN-CE-2021-01343,AUDITOR_EXP_01,2026-09-07T04:00:00,40,"RF-1, RF-6",2,1,"Elevated multi-factor risk: Co-occurrence of threshold manipulation, compressed bidding window, or repeat winner pattern.","duration=21.0d, threshold_val=₹124,270,178, flags=RF-1, RF-6",0.92,Reviewed under PARAKH Annotation Standard v2.0 for CENTRAL jurisdiction.
2018_HPIPH_25164_1,AUDITOR_EXP_01,2026-09-07T06:00:00,20,RF-5,1,0,Isolated procedural deviation without evidence of systematic competition restriction.,"flags=RF-5, bidders=3",0.88,Reviewed under PARAKH Annotation Standard v2.0 for HIMACHAL PRADESH jurisdiction.
2017_PWD_14695_1,AUDITOR_EXP_01,2026-09-07T08:00:00,0,NONE,0,0,"Compliant procurement: Competitive bidding window, standard price alignment, and multiple participating suppliers.","bidders=2, duration=20.166666666666668d, estimate_alignment=OK",0.99,Reviewed under PARAKH Annotation Standard v2.0 for HIMACHAL PRADESH jurisdiction.
2018_PWD_19848_1,AUDITOR_EXP_01,2026-09-07T10:00:00,35,"RF-5, RF-6",2,1,"Elevated multi-factor risk: Co-occurrence of threshold manipulation, compressed bidding window, or repeat winner pattern.","duration=20.75d, threshold_val=₹442,883, flags=RF-5, RF-6",0.92,Reviewed under PARAKH Annotation Standard v2.0 for HIMACHAL PRADESH jurisdiction.
2018_HPIPH_24741_1,AUDITOR_EXP_01,2026-09-07T12:00:00,35,"RF-5, RF-6",2,1,"Elevated multi-factor risk: Co-occurrence of threshold manipulation, compressed bidding window, or repeat winner pattern.","duration=9.041666666666666d, threshold_val=₹55,736,491, flags=RF-5, RF-6",0.92,Reviewed under PARAKH Annotation Standard v2.0 for HIMACHAL PRADESH jurisdiction.
MAH-MA-2021-01247,AUDITOR_EXP_01,2026-09-07T14:00:00,15,RF-6,1,0,Isolated procedural deviation without evidence of systematic competition restriction.,"flags=RF-6, bidders=8",0.88,Reviewed under PARAKH Annotation Standard v2.0 for MAHARASHTRA jurisdiction.
2018_PWD_19361_1-692,AUDITOR_EXP_01,2026-09-07T16:00:00,0,NONE,0,0,"Compliant procurement: Competitive bidding window, standard price alignment, and multiple participating suppliers.","bidders=5, duration=10.708333333333334d, estimate_alignment=OK",0.99,Reviewed under PARAKH Annotation Standard v2.0 for HIMACHAL PRADESH jurisdiction.
2019_PWD_32979_3,AUDITOR_EXP_01,2026-09-07T18:00:00,35,"RF-5, RF-6",2,1,"Elevated multi-factor risk: Co-occurrence of threshold manipulation, compressed bidding window, or repeat winner pattern.","duration=13.291666666666666d, threshold_val=₹2,930,636, flags=RF-5, RF-6",0.92,Reviewed under PARAKH Annotation Standard v2.0 for HIMACHAL PRADESH jurisdiction.
2017_PWD_17427_2,AUDITOR_EXP_01,2026-09-07T20:00:00,15,RF-6,1,0,Isolated procedural deviation without evidence of systematic competition restriction.,"flags=RF-6, bidders=4",0.88,Reviewed under PARAKH Annotation Standard v2.0 for HIMACHAL PRADESH jurisdiction.
2018_YSPU_24669_1,AUDITOR_EXP_01,2026-09-07T22:00:00,0,NONE,0,0,"Compliant procurement: Competitive bidding window, standard price alignment, and multiple participating suppliers.","bidders=7, duration=8.680555555555555d, estimate_alignment=OK",0.99,Reviewed under PARAKH Annotation Standard v2.0 for HIMACHAL PRADESH jurisdiction.
CEN-CE-2021-01326,AUDITOR_EXP_01,2026-09-08T00:00:00,30,"RF-4, RF-6",2,1,"Elevated multi-factor risk: Co-occurrence of threshold manipulation, compressed bidding window, or repeat winner pattern.","duration=4.0d, threshold_val=₹84,122,563, flags=RF-4, RF-6",0.92,Reviewed under PARAKH Annotation Standard v2.0 for CENTRAL jurisdiction.
2017_PWD_17626_2,AUDITOR_EXP_01,2026-09-08T02:00:00,15,RF-6,1,0,Isolated procedural deviation without evidence of systematic competition restriction.,"flags=RF-6, bidders=3",0.88,Reviewed under PARAKH Annotation Standard v2.0 for HIMACHAL PRADESH jurisdiction.
2018_HPIPH_24755_1,AUDITOR_EXP_01,2026-09-08T04:00:00,35,"RF-5, RF-6",2,1,"Elevated multi-factor risk: Co-occurrence of threshold manipulation, compressed bidding window, or repeat winner pattern.","duration=12.75d, threshold_val=₹3,442,800, flags=RF-5, RF-6",0.92,Reviewed under PARAKH Annotation Standard v2.0 for HIMACHAL PRADESH jurisdiction.
CEN-CE-2021-01113,AUDITOR_EXP_01,2026-09-08T06:00:00,40,"RF-1, RF-6",2,1,"Elevated multi-factor risk: Co-occurrence of threshold manipulation, compressed bidding window, or repeat winner pattern.","duration=14.0d, threshold_val=₹1,712,227, flags=RF-1, RF-6",0.92,Reviewed under PARAKH Annotation Standard v2.0 for CENTRAL jurisdiction.
KAR-KA-2021-01168,AUDITOR_EXP_01,2026-09-08T08:00:00,40,"RF-1, RF-4",2,1,"Elevated multi-factor risk: Co-occurrence of threshold manipulation, compressed bidding window, or repeat winner pattern.","duration=6.0d, threshold_val=₹2,396,986, flags=RF-1, RF-4",0.92,Reviewed under PARAKH Annotation Standard v2.0 for KARNATAKA jurisdiction.
2018_HPIPH_25211_1,AUDITOR_EXP_01,2026-09-08T10:00:00,35,"RF-3, RF-6",2,1,"Elevated multi-factor risk: Co-occurrence of threshold manipulation, compressed bidding window, or repeat winner pattern.","duration=13.75d, threshold_val=₹4,997,940, flags=RF-3, RF-6",0.92,Reviewed under PARAKH Annotation Standard v2.0 for HIMACHAL PRADESH jurisdiction.
2019_HPIPH_26067_1,AUDITOR_EXP_01,2026-09-08T12:00:00,0,NONE,0,0,"Compliant procurement: Competitive bidding window, standard price alignment, and multiple participating suppliers.","bidders=3, duration=16.0d, estimate_alignment=OK",0.99,Reviewed under PARAKH Annotation Standard v2.0 for HIMACHAL PRADESH jurisdiction.
MAH-MA-2021-01029,AUDITOR_EXP_01,2026-09-08T14:00:00,30,"RF-4, RF-6",2,1,"Elevated multi-factor risk: Co-occurrence of threshold manipulation, compressed bidding window, or repeat winner pattern.","duration=4.0d, threshold_val=₹4,386,128, flags=RF-4, RF-6",0.92,Reviewed under PARAKH Annotation Standard v2.0 for MAHARASHTRA jurisdiction.
KAR-KA-2021-01125,AUDITOR_EXP_01,2026-09-08T16:00:00,50,"RF-4, RF-5, RF-6",2,1,"Elevated multi-factor risk: Co-occurrence of threshold manipulation, compressed bidding window, or repeat winner pattern.","duration=4.0d, threshold_val=₹24,640,220, flags=RF-4, RF-5, RF-6",0.92,Reviewed under PARAKH Annotation Standard v2.0 for KARNATAKA jurisdiction.
CEN-CE-2021-01136,AUDITOR_EXP_01,2026-09-08T18:00:00,50,"RF-4, RF-5, RF-6",2,1,"Elevated multi-factor risk: Co-occurrence of threshold manipulation, compressed bidding window, or repeat winner pattern.","duration=4.0d, threshold_val=₹6,707,719, flags=RF-4, RF-5, RF-6",0.92,Reviewed under PARAKH Annotation Standard v2.0 for CENTRAL jurisdiction.
RAJ-RA-2021-01028,AUDITOR_EXP_01,2026-09-08T20:00:00,15,RF-6,1,0,Isolated procedural deviation without evidence of systematic competition restriction.,"flags=RF-6, bidders=3",0.88,Reviewed under PARAKH Annotation Standard v2.0 for RAJASTHAN jurisdiction.
CEN-CE-2021-01099,AUDITOR_EXP_01,2026-09-08T22:00:00,30,"RF-4, RF-6",2,1,"Elevated multi-factor risk: Co-occurrence of threshold manipulation, compressed bidding window, or repeat winner pattern.","duration=4.0d, threshold_val=₹15,598,587, flags=RF-4, RF-6",0.92,Reviewed under PARAKH Annotation Standard v2.0 for CENTRAL jurisdiction.
MAH-MA-2021-01178,AUDITOR_EXP_01,2026-09-09T00:00:00,50,"RF-4, RF-5, RF-6",2,1,"Elevated multi-factor risk: Co-occurrence of threshold manipulation, compressed bidding window, or repeat winner pattern.","duration=4.0d, threshold_val=₹13,475,901, flags=RF-4, RF-5, RF-6",0.92,Reviewed under PARAKH Annotation Standard v2.0 for MAHARASHTRA jurisdiction.
2017_HPIPH_18200_1,AUDITOR_EXP_01,2026-09-09T02:00:00,35,"RF-5, RF-6",2,1,"Elevated multi-factor risk: Co-occurrence of threshold manipulation, compressed bidding window, or repeat winner pattern.","duration=23.791666666666668d, threshold_val=₹19,890,327, flags=RF-5, RF-6",0.92,Reviewed under PARAKH Annotation Standard v2.0 for HIMACHAL PRADESH jurisdiction.
CEN-CE-2021-01128,AUDITOR_EXP_01,2026-09-09T04:00:00,35,"RF-5, RF-6",2,1,"Elevated multi-factor risk: Co-occurrence of threshold manipulation, compressed bidding window, or repeat winner pattern.","duration=14.0d, threshold_val=₹6,738,334, flags=RF-5, RF-6",0.92,Reviewed under PARAKH Annotation Standard v2.0 for CENTRAL jurisdiction.
2018_PWD_20127_1-928,AUDITOR_EXP_01,2026-09-09T06:00:00,35,"RF-5, RF-6",2,1,"Elevated multi-factor risk: Co-occurrence of threshold manipulation, compressed bidding window, or repeat winner pattern.","duration=12.25d, threshold_val=₹1,524,591, flags=RF-5, RF-6",0.92,Reviewed under PARAKH Annotation Standard v2.0 for HIMACHAL PRADESH jurisdiction.
2017_PWD_15210_5,AUDITOR_EXP_01,2026-09-09T08:00:00,35,"RF-5, RF-6",2,1,"Elevated multi-factor risk: Co-occurrence of threshold manipulation, compressed bidding window, or repeat winner pattern.","duration=21.041666666666668d, threshold_val=₹953,228, flags=RF-5, RF-6",0.92,Reviewed under PARAKH Annotation Standard v2.0 for HIMACHAL PRADESH jurisdiction.
2017_HPIPH_17989_1,AUDITOR_EXP_01,2026-09-09T10:00:00,15,RF-6,1,0,Isolated procedural deviation without evidence of systematic competition restriction.,"flags=RF-6, bidders=2",0.88,Reviewed under PARAKH Annotation Standard v2.0 for HIMACHAL PRADESH jurisdiction.
CEN-CE-2021-01201,AUDITOR_EXP_01,2026-09-09T12:00:00,75,"RF-1, RF-4, RF-5, RF-6",3,1,Severe procurement anomaly: Single-bidder monopoly coupled with high price deviation or department dominance.,"bidders=1, price_deviation=0.35, flags=RF-1, RF-4, RF-5, RF-6",0.98,Reviewed under PARAKH Annotation Standard v2.0 for CENTRAL jurisdiction.
CEN-CE-2021-01028,AUDITOR_EXP_01,2026-09-09T14:00:00,30,"RF-4, RF-6",2,1,"Elevated multi-factor risk: Co-occurrence of threshold manipulation, compressed bidding window, or repeat winner pattern.","duration=4.0d, threshold_val=₹5,366,133, flags=RF-4, RF-6",0.92,Reviewed under PARAKH Annotation Standard v2.0 for CENTRAL jurisdiction.
2019_HPIPH_29540_1,AUDITOR_EXP_01,2026-09-09T16:00:00,35,"RF-5, RF-6",2,1,"Elevated multi-factor risk: Co-occurrence of threshold manipulation, compressed bidding window, or repeat winner pattern.","duration=13.75d, threshold_val=₹2,650,598, flags=RF-5, RF-6",0.92,Reviewed under PARAKH Annotation Standard v2.0 for HIMACHAL PRADESH jurisdiction.
2017_PWD_17016_1,AUDITOR_EXP_01,2026-09-09T18:00:00,40,"RF-1, RF-4",2,1,"Elevated multi-factor risk: Co-occurrence of threshold manipulation, compressed bidding window, or repeat winner pattern.","duration=6.0d, threshold_val=₹1,854,296, flags=RF-1, RF-4",0.92,Reviewed under PARAKH Annotation Standard v2.0 for HIMACHAL PRADESH jurisdiction.
2017_PWD_14869_1,AUDITOR_EXP_01,2026-09-09T20:00:00,35,"RF-4, RF-5",2,1,"Elevated multi-factor risk: Co-occurrence of threshold manipulation, compressed bidding window, or repeat winner pattern.","duration=6.333333333333333d, threshold_val=₹913,806, flags=RF-4, RF-5",0.92,Reviewed under PARAKH Annotation Standard v2.0 for HIMACHAL PRADESH jurisdiction.
2018_PWD_23121_3,AUDITOR_EXP_01,2026-09-09T22:00:00,35,"RF-5, RF-6",2,1,"Elevated multi-factor risk: Co-occurrence of threshold manipulation, compressed bidding window, or repeat winner pattern.","duration=23.02083333333333d, threshold_val=₹2,219,098, flags=RF-5, RF-6",0.92,Reviewed under PARAKH Annotation Standard v2.0 for HIMACHAL PRADESH jurisdiction.
2018_PWD_19821_1,AUDITOR_EXP_01,2026-09-10T00:00:00,15,RF-6,1,0,Isolated procedural deviation without evidence of systematic competition restriction.,"flags=RF-6, bidders=6",0.88,Reviewed under PARAKH Annotation Standard v2.0 for HIMACHAL PRADESH jurisdiction.
2019_HPIPH_31379_1,AUDITOR_EXP_01,2026-09-10T02:00:00,20,RF-5,1,0,Isolated procedural deviation without evidence of systematic competition restriction.,"flags=RF-5, bidders=4",0.88,Reviewed under PARAKH Annotation Standard v2.0 for HIMACHAL PRADESH jurisdiction.
2017_PWD_14662_1,AUDITOR_EXP_01,2026-09-10T04:00:00,35,"RF-5, RF-6",2,1,"Elevated multi-factor risk: Co-occurrence of threshold manipulation, compressed bidding window, or repeat winner pattern.","duration=21.02083333333333d, threshold_val=₹2,816,164, flags=RF-5, RF-6",0.92,Reviewed under PARAKH Annotation Standard v2.0 for HIMACHAL PRADESH jurisdiction.
2017_PWD_17358_2,AUDITOR_EXP_01,2026-09-10T06:00:00,0,NONE,0,0,"Compliant procurement: Competitive bidding window, standard price alignment, and multiple participating suppliers.","bidders=2, duration=7.666666666666667d, estimate_alignment=OK",0.99,Reviewed under PARAKH Annotation Standard v2.0 for HIMACHAL PRADESH jurisdiction.
CEN-CE-2021-01302,AUDITOR_EXP_01,2026-09-10T08:00:00,30,"RF-4, RF-6",2,1,"Elevated multi-factor risk: Co-occurrence of threshold manipulation, compressed bidding window, or repeat winner pattern.","duration=6.0d, threshold_val=₹1,227,105, flags=RF-4, RF-6",0.92,Reviewed under PARAKH Annotation Standard v2.0 for CENTRAL jurisdiction.
KAR-KA-2021-01001,AUDITOR_EXP_01,2026-09-10T10:00:00,30,"RF-4, RF-6",2,1,"Elevated multi-factor risk: Co-occurrence of threshold manipulation, compressed bidding window, or repeat winner pattern.","duration=6.0d, threshold_val=₹4,080,087, flags=RF-4, RF-6",0.92,Reviewed under PARAKH Annotation Standard v2.0 for KARNATAKA jurisdiction.
CEN-CE-2021-01231,AUDITOR_EXP_01,2026-09-10T12:00:00,60,"RF-1, RF-5, RF-6",3,1,Severe procurement anomaly: Single-bidder monopoly coupled with high price deviation or department dominance.,"bidders=1, price_deviation=0.35, flags=RF-1, RF-5, RF-6",0.98,Reviewed under PARAKH Annotation Standard v2.0 for CENTRAL jurisdiction.
KAR-KA-2021-01025,AUDITOR_EXP_01,2026-09-10T14:00:00,35,"RF-4, RF-5",2,1,"Elevated multi-factor risk: Co-occurrence of threshold manipulation, compressed bidding window, or repeat winner pattern.","duration=4.0d, threshold_val=₹447,008,578, flags=RF-4, RF-5",0.92,Reviewed under PARAKH Annotation Standard v2.0 for KARNATAKA jurisdiction.
CEN-CE-2021-01075,AUDITOR_EXP_01,2026-09-10T16:00:00,30,"RF-4, RF-6",2,1,"Elevated multi-factor risk: Co-occurrence of threshold manipulation, compressed bidding window, or repeat winner pattern.","duration=4.0d, threshold_val=₹15,392,319, flags=RF-4, RF-6",0.92,Reviewed under PARAKH Annotation Standard v2.0 for CENTRAL jurisdiction.
MAH-MA-2021-01201,AUDITOR_EXP_01,2026-09-10T18:00:00,30,"RF-4, RF-6",2,1,"Elevated multi-factor risk: Co-occurrence of threshold manipulation, compressed bidding window, or repeat winner pattern.","duration=4.0d, threshold_val=₹2,071,407, flags=RF-4, RF-6",0.92,Reviewed under PARAKH Annotation Standard v2.0 for MAHARASHTRA jurisdiction.
2019_HPIPH_27950_1,AUDITOR_EXP_01,2026-09-10T20:00:00,50,"RF-4, RF-5, RF-6",2,1,"Elevated multi-factor risk: Co-occurrence of threshold manipulation, compressed bidding window, or repeat winner pattern.","duration=5.041666666666667d, threshold_val=₹2,116,617, flags=RF-4, RF-5, RF-6",0.92,Reviewed under PARAKH Annotation Standard v2.0 for HIMACHAL PRADESH jurisdiction.
CEN-CE-2021-01244,AUDITOR_EXP_01,2026-09-10T22:00:00,30,"RF-4, RF-6",2,1,"Elevated multi-factor risk: Co-occurrence of threshold manipulation, compressed bidding window, or repeat winner pattern.","duration=6.0d, threshold_val=₹14,158,697, flags=RF-4, RF-6",0.92,Reviewed under PARAKH Annotation Standard v2.0 for CENTRAL jurisdiction.
MAH-MA-2021-01104,AUDITOR_EXP_01,2026-09-11T00:00:00,40,"RF-1, RF-6",2,1,"Elevated multi-factor risk: Co-occurrence of threshold manipulation, compressed bidding window, or repeat winner pattern.","duration=21.0d, threshold_val=₹10,105,507, flags=RF-1, RF-6",0.92,Reviewed under PARAKH Annotation Standard v2.0 for MAHARASHTRA jurisdiction.
2019_PWD_28032_1,AUDITOR_EXP_01,2026-09-11T02:00:00,50,"RF-4, RF-5, RF-6",2,1,"Elevated multi-factor risk: Co-occurrence of threshold manipulation, compressed bidding window, or repeat winner pattern.","duration=5.708333333333333d, threshold_val=₹8,804,146, flags=RF-4, RF-5, RF-6",0.92,Reviewed under PARAKH Annotation Standard v2.0 for HIMACHAL PRADESH jurisdiction.
2017_MC_14905_6,AUDITOR_EXP_01,2026-09-11T04:00:00,15,RF-4,1,0,Isolated procedural deviation without evidence of systematic competition restriction.,"flags=RF-4, bidders=2",0.88,Reviewed under PARAKH Annotation Standard v2.0 for HIMACHAL PRADESH jurisdiction.
2018_HPSED_19882_4,AUDITOR_EXP_01,2026-09-11T06:00:00,15,RF-4,1,0,Isolated procedural deviation without evidence of systematic competition restriction.,"flags=RF-4, bidders=2",0.88,Reviewed under PARAKH Annotation Standard v2.0 for HIMACHAL PRADESH jurisdiction.
2018_HPIPH_25500_1,AUDITOR_EXP_01,2026-09-11T08:00:00,35,"RF-5, RF-6",2,1,"Elevated multi-factor risk: Co-occurrence of threshold manipulation, compressed bidding window, or repeat winner pattern.","duration=17.75d, threshold_val=₹3,847,379, flags=RF-5, RF-6",0.92,Reviewed under PARAKH Annotation Standard v2.0 for HIMACHAL PRADESH jurisdiction.
2019_HPIPH_26965_1-2042,AUDITOR_EXP_01,2026-09-11T10:00:00,15,RF-6,1,0,Isolated procedural deviation without evidence of systematic competition restriction.,"flags=RF-6, bidders=2",0.88,Reviewed under PARAKH Annotation Standard v2.0 for HIMACHAL PRADESH jurisdiction.
2017_UDDHP_17135_1,AUDITOR_EXP_01,2026-09-11T12:00:00,50,"RF-4, RF-5, RF-6",2,1,"Elevated multi-factor risk: Co-occurrence of threshold manipulation, compressed bidding window, or repeat winner pattern.","duration=6.041666666666667d, threshold_val=₹479,586, flags=RF-4, RF-5, RF-6",0.92,Reviewed under PARAKH Annotation Standard v2.0 for HIMACHAL PRADESH jurisdiction.
2018_HIMUD_25303_1,AUDITOR_EXP_01,2026-09-11T14:00:00,45,"RF-1, RF-5",3,1,Severe procurement anomaly: Single-bidder monopoly coupled with high price deviation or department dominance.,"bidders=1, price_deviation=0.37, flags=RF-1, RF-5",0.98,Reviewed under PARAKH Annotation Standard v2.0 for HIMACHAL PRADESH jurisdiction.
2017_PWD_17633_4,AUDITOR_EXP_01,2026-09-11T16:00:00,15,RF-6,1,0,Isolated procedural deviation without evidence of systematic competition restriction.,"flags=RF-6, bidders=2",0.88,Reviewed under PARAKH Annotation Standard v2.0 for HIMACHAL PRADESH jurisdiction.
UTT-UT-2021-01023,AUDITOR_EXP_01,2026-09-11T18:00:00,40,"RF-1, RF-6",2,1,"Elevated multi-factor risk: Co-occurrence of threshold manipulation, compressed bidding window, or repeat winner pattern.","duration=21.0d, threshold_val=₹12,749,445, flags=RF-1, RF-6",0.92,Reviewed under PARAKH Annotation Standard v2.0 for UTTAR PRADESH jurisdiction.
2017_UDDHP_17955_1,AUDITOR_EXP_01,2026-09-11T20:00:00,35,"RF-5, RF-6",2,1,"Elevated multi-factor risk: Co-occurrence of threshold manipulation, compressed bidding window, or repeat winner pattern.","duration=16.708333333333332d, threshold_val=₹1,353,852, flags=RF-5, RF-6",0.92,Reviewed under PARAKH Annotation Standard v2.0 for HIMACHAL PRADESH jurisdiction.
KAR-KA-2021-01244,AUDITOR_EXP_01,2026-09-11T22:00:00,50,"RF-4, RF-5, RF-6",2,1,"Elevated multi-factor risk: Co-occurrence of threshold manipulation, compressed bidding window, or repeat winner pattern.","duration=4.0d, threshold_val=₹239,531,309, flags=RF-4, RF-5, RF-6",0.92,Reviewed under PARAKH Annotation Standard v2.0 for KARNATAKA jurisdiction.
2017_UDDHP_18347_1,AUDITOR_EXP_01,2026-09-12T00:00:00,50,"RF-4, RF-5, RF-6",2,1,"Elevated multi-factor risk: Co-occurrence of threshold manipulation, compressed bidding window, or repeat winner pattern.","duration=5.25d, threshold_val=₹396,204, flags=RF-4, RF-5, RF-6",0.92,Reviewed under PARAKH Annotation Standard v2.0 for HIMACHAL PRADESH jurisdiction.
2018_PWD_19631_2,AUDITOR_EXP_01,2026-09-12T02:00:00,15,RF-6,1,0,Isolated procedural deviation without evidence of systematic competition restriction.,"flags=RF-6, bidders=9",0.88,Reviewed under PARAKH Annotation Standard v2.0 for HIMACHAL PRADESH jurisdiction.
2018_PWD_19997_6,AUDITOR_EXP_01,2026-09-12T04:00:00,60,"RF-1, RF-5, RF-6",3,1,Severe procurement anomaly: Single-bidder monopoly coupled with high price deviation or department dominance.,"bidders=1, price_deviation=0.33, flags=RF-1, RF-5, RF-6",0.98,Reviewed under PARAKH Annotation Standard v2.0 for HIMACHAL PRADESH jurisdiction.
UTT-UT-2021-01037,AUDITOR_EXP_01,2026-09-12T06:00:00,30,"RF-4, RF-6",2,1,"Elevated multi-factor risk: Co-occurrence of threshold manipulation, compressed bidding window, or repeat winner pattern.","duration=6.0d, threshold_val=₹25,321,304, flags=RF-4, RF-6",0.92,Reviewed under PARAKH Annotation Standard v2.0 for UTTAR PRADESH jurisdiction.
CEN-CE-2021-01205,AUDITOR_EXP_01,2026-09-12T08:00:00,30,"RF-4, RF-6",2,1,"Elevated multi-factor risk: Co-occurrence of threshold manipulation, compressed bidding window, or repeat winner pattern.","duration=4.0d, threshold_val=₹2,232,410, flags=RF-4, RF-6",0.92,Reviewed under PARAKH Annotation Standard v2.0 for CENTRAL jurisdiction.
2019_HPIPH_29616_1,AUDITOR_EXP_01,2026-09-12T10:00:00,0,NONE,0,0,"Compliant procurement: Competitive bidding window, standard price alignment, and multiple participating suppliers.","bidders=2, duration=7.041666666666667d, estimate_alignment=OK",0.99,Reviewed under PARAKH Annotation Standard v2.0 for HIMACHAL PRADESH jurisdiction.
2018_HPIPH_19200_1-949,AUDITOR_EXP_01,2026-09-12T12:00:00,30,"RF-4, RF-6",2,1,"Elevated multi-factor risk: Co-occurrence of threshold manipulation, compressed bidding window, or repeat winner pattern.","duration=6.208333333333333d, threshold_val=₹358,627, flags=RF-4, RF-6",0.92,Reviewed under PARAKH Annotation Standard v2.0 for HIMACHAL PRADESH jurisdiction.
MAH-MA-2021-01202,AUDITOR_EXP_01,2026-09-12T14:00:00,55,"RF-1, RF-4, RF-6",2,1,"Elevated multi-factor risk: Co-occurrence of threshold manipulation, compressed bidding window, or repeat winner pattern.","duration=6.0d, threshold_val=₹4,351,204, flags=RF-1, RF-4, RF-6",0.92,Reviewed under PARAKH Annotation Standard v2.0 for MAHARASHTRA jurisdiction.
RAJ-RA-2021-01055,AUDITOR_EXP_01,2026-09-12T16:00:00,30,"RF-4, RF-6",2,1,"Elevated multi-factor risk: Co-occurrence of threshold manipulation, compressed bidding window, or repeat winner pattern.","duration=4.0d, threshold_val=₹13,457,857, flags=RF-4, RF-6",0.92,Reviewed under PARAKH Annotation Standard v2.0 for RAJASTHAN jurisdiction.
2018_HPIPH_21565_1,AUDITOR_EXP_01,2026-09-12T18:00:00,0,NONE,0,0,"Compliant procurement: Competitive bidding window, standard price alignment, and multiple participating suppliers.","bidders=2, duration=20.27083333333333d, estimate_alignment=OK",0.99,Reviewed under PARAKH Annotation Standard v2.0 for HIMACHAL PRADESH jurisdiction.
2017_HCoHP_18772_1,AUDITOR_EXP_01,2026-09-12T20:00:00,40,"RF-2, RF-6",2,1,"Elevated multi-factor risk: Co-occurrence of threshold manipulation, compressed bidding window, or repeat winner pattern.","duration=15.25d, threshold_val=₹10,180,250, flags=RF-2, RF-6",0.92,Reviewed under PARAKH Annotation Standard v2.0 for HIMACHAL PRADESH jurisdiction.
MAH-MA-2021-01083,AUDITOR_EXP_01,2026-09-12T22:00:00,55,"RF-1, RF-4, RF-6",2,1,"Elevated multi-factor risk: Co-occurrence of threshold manipulation, compressed bidding window, or repeat winner pattern.","duration=6.0d, threshold_val=₹8,636,338, flags=RF-1, RF-4, RF-6",0.92,Reviewed under PARAKH Annotation Standard v2.0 for MAHARASHTRA jurisdiction.
2017_PWD_18448_1,AUDITOR_EXP_01,2026-09-13T00:00:00,0,NONE,0,0,"Compliant procurement: Competitive bidding window, standard price alignment, and multiple participating suppliers.","bidders=4, duration=9.21875d, estimate_alignment=OK",0.99,Reviewed under PARAKH Annotation Standard v2.0 for HIMACHAL PRADESH jurisdiction.
CEN-CE-2021-01094,AUDITOR_EXP_01,2026-09-13T02:00:00,50,"RF-3, RF-4, RF-6",2,1,"Elevated multi-factor risk: Co-occurrence of threshold manipulation, compressed bidding window, or repeat winner pattern.","duration=6.0d, threshold_val=₹4,879,441, flags=RF-3, RF-4, RF-6",0.92,Reviewed under PARAKH Annotation Standard v2.0 for CENTRAL jurisdiction.
CEN-CE-2021-01193,AUDITOR_EXP_01,2026-09-13T04:00:00,35,"RF-5, RF-6",2,1,"Elevated multi-factor risk: Co-occurrence of threshold manipulation, compressed bidding window, or repeat winner pattern.","duration=30.0d, threshold_val=₹6,618,607, flags=RF-5, RF-6",0.92,Reviewed under PARAKH Annotation Standard v2.0 for CENTRAL jurisdiction.
2017_PWD_15398_1,AUDITOR_EXP_01,2026-09-13T06:00:00,35,"RF-5, RF-6",2,1,"Elevated multi-factor risk: Co-occurrence of threshold manipulation, compressed bidding window, or repeat winner pattern.","duration=20.291666666666668d, threshold_val=₹321,782, flags=RF-5, RF-6",0.92,Reviewed under PARAKH Annotation Standard v2.0 for HIMACHAL PRADESH jurisdiction.
2017_PWD_18526_1,AUDITOR_EXP_01,2026-09-13T08:00:00,35,"RF-4, RF-5",2,1,"Elevated multi-factor risk: Co-occurrence of threshold manipulation, compressed bidding window, or repeat winner pattern.","duration=6.916666666666667d, threshold_val=₹9,670,236, flags=RF-4, RF-5",0.92,Reviewed under PARAKH Annotation Standard v2.0 for HIMACHAL PRADESH jurisdiction.
2017_PWD_15624_1,AUDITOR_EXP_01,2026-09-13T10:00:00,40,"RF-1, RF-6",2,1,"Elevated multi-factor risk: Co-occurrence of threshold manipulation, compressed bidding window, or repeat winner pattern.","duration=21.104166666666668d, threshold_val=₹4,293,079, flags=RF-1, RF-6",0.92,Reviewed under PARAKH Annotation Standard v2.0 for HIMACHAL PRADESH jurisdiction.
2018_PWD_20124_1,AUDITOR_EXP_01,2026-09-13T12:00:00,15,RF-4,1,0,Isolated procedural deviation without evidence of systematic competition restriction.,"flags=RF-4, bidders=3",0.88,Reviewed under PARAKH Annotation Standard v2.0 for HIMACHAL PRADESH jurisdiction.
CEN-CE-2021-01149,AUDITOR_EXP_01,2026-09-13T14:00:00,15,RF-6,1,0,Isolated procedural deviation without evidence of systematic competition restriction.,"flags=RF-6, bidders=4",0.88,Reviewed under PARAKH Annotation Standard v2.0 for CENTRAL jurisdiction.
2017_PWD_18072_1,AUDITOR_EXP_01,2026-09-13T16:00:00,20,RF-5,1,0,Isolated procedural deviation without evidence of systematic competition restriction.,"flags=RF-5, bidders=4",0.88,Reviewed under PARAKH Annotation Standard v2.0 for HIMACHAL PRADESH jurisdiction.
2020_DFHW_34986_6,AUDITOR_EXP_01,2026-09-13T18:00:00,40,"RF-2, RF-6",2,1,"Elevated multi-factor risk: Co-occurrence of threshold manipulation, compressed bidding window, or repeat winner pattern.","duration=16.333333333333332d, threshold_val=₹1,357,000, flags=RF-2, RF-6",0.92,Reviewed under PARAKH Annotation Standard v2.0 for HIMACHAL PRADESH jurisdiction.
2019_HPIPH_29428_1,AUDITOR_EXP_01,2026-09-13T20:00:00,35,"RF-5, RF-6",2,1,"Elevated multi-factor risk: Co-occurrence of threshold manipulation, compressed bidding window, or repeat winner pattern.","duration=33.75d, threshold_val=₹5,668,121, flags=RF-5, RF-6",0.92,Reviewed under PARAKH Annotation Standard v2.0 for HIMACHAL PRADESH jurisdiction.
2017_PWD_15011_1,AUDITOR_EXP_01,2026-09-13T22:00:00,30,"RF-4, RF-6",2,1,"Elevated multi-factor risk: Co-occurrence of threshold manipulation, compressed bidding window, or repeat winner pattern.","duration=6.729166666666667d, threshold_val=₹1,497,691, flags=RF-4, RF-6",0.92,Reviewed under PARAKH Annotation Standard v2.0 for HIMACHAL PRADESH jurisdiction.
KAR-KA-2021-01075,AUDITOR_EXP_01,2026-09-14T00:00:00,30,"RF-4, RF-6",2,1,"Elevated multi-factor risk: Co-occurrence of threshold manipulation, compressed bidding window, or repeat winner pattern.","duration=6.0d, threshold_val=₹5,022,890, flags=RF-4, RF-6",0.92,Reviewed under PARAKH Annotation Standard v2.0 for KARNATAKA jurisdiction.
2017_PWD_15011_1-3581,AUDITOR_EXP_01,2026-09-14T02:00:00,30,"RF-4, RF-6",2,1,"Elevated multi-factor risk: Co-occurrence of threshold manipulation, compressed bidding window, or repeat winner pattern.","duration=6.729166666666667d, threshold_val=₹1,426,768, flags=RF-4, RF-6",0.92,Reviewed under PARAKH Annotation Standard v2.0 for HIMACHAL PRADESH jurisdiction.
2018_PWD_22672_1,AUDITOR_EXP_01,2026-09-14T04:00:00,45,"RF-1, RF-5",3,1,Severe procurement anomaly: Single-bidder monopoly coupled with high price deviation or department dominance.,"bidders=1, price_deviation=0.76, flags=RF-1, RF-5",0.98,Reviewed under PARAKH Annotation Standard v2.0 for HIMACHAL PRADESH jurisdiction.
2016_PWD_12382_5,AUDITOR_EXP_01,2026-09-14T06:00:00,20,RF-5,1,0,Isolated procedural deviation without evidence of systematic competition restriction.,"flags=RF-5, bidders=2",0.88,Reviewed under PARAKH Annotation Standard v2.0 for HIMACHAL PRADESH jurisdiction.
CEN-CE-2021-01194,AUDITOR_EXP_01,2026-09-14T08:00:00,40,"RF-1, RF-6",2,1,"Elevated multi-factor risk: Co-occurrence of threshold manipulation, compressed bidding window, or repeat winner pattern.","duration=14.0d, threshold_val=₹16,652,757, flags=RF-1, RF-6",0.92,Reviewed under PARAKH Annotation Standard v2.0 for CENTRAL jurisdiction.
CEN-CE-2021-01238,AUDITOR_EXP_01,2026-09-14T10:00:00,30,"RF-4, RF-6",2,1,"Elevated multi-factor risk: Co-occurrence of threshold manipulation, compressed bidding window, or repeat winner pattern.","duration=4.0d, threshold_val=₹18,435,626, flags=RF-4, RF-6",0.92,Reviewed under PARAKH Annotation Standard v2.0 for CENTRAL jurisdiction.
2017_BBNDA_18708_1,AUDITOR_EXP_01,2026-09-14T12:00:00,35,"RF-4, RF-5",2,1,"Elevated multi-factor risk: Co-occurrence of threshold manipulation, compressed bidding window, or repeat winner pattern.","duration=5.180555555555555d, threshold_val=₹521,120, flags=RF-4, RF-5",0.92,Reviewed under PARAKH Annotation Standard v2.0 for HIMACHAL PRADESH jurisdiction.
CEN-CE-2021-01097,AUDITOR_EXP_01,2026-09-14T14:00:00,55,"RF-1, RF-4, RF-6",2,1,"Elevated multi-factor risk: Co-occurrence of threshold manipulation, compressed bidding window, or repeat winner pattern.","duration=4.0d, threshold_val=₹72,422,420, flags=RF-1, RF-4, RF-6",0.92,Reviewed under PARAKH Annotation Standard v2.0 for CENTRAL jurisdiction.
2017_PWD_15400_1,AUDITOR_EXP_01,2026-09-14T16:00:00,35,"RF-5, RF-6",2,1,"Elevated multi-factor risk: Co-occurrence of threshold manipulation, compressed bidding window, or repeat winner pattern.","duration=20.291666666666668d, threshold_val=₹337,048, flags=RF-5, RF-6",0.92,Reviewed under PARAKH Annotation Standard v2.0 for HIMACHAL PRADESH jurisdiction.
2014_HPIPH_4957_1-2469,AUDITOR_EXP_01,2026-09-14T18:00:00,0,NONE,0,0,"Compliant procurement: Competitive bidding window, standard price alignment, and multiple participating suppliers.","bidders=5, duration=27.75d, estimate_alignment=OK",0.99,Reviewed under PARAKH Annotation Standard v2.0 for HIMACHAL PRADESH jurisdiction.
2017_PWD_18173_1,AUDITOR_EXP_01,2026-09-14T20:00:00,35,"RF-5, RF-6",2,1,"Elevated multi-factor risk: Co-occurrence of threshold manipulation, compressed bidding window, or repeat winner pattern.","duration=20.729166666666668d, threshold_val=₹608,188, flags=RF-5, RF-6",0.92,Reviewed under PARAKH Annotation Standard v2.0 for HIMACHAL PRADESH jurisdiction.
2017_HPIPH_17653_1-689,AUDITOR_EXP_01,2026-09-14T22:00:00,15,RF-6,1,0,Isolated procedural deviation without evidence of systematic competition restriction.,"flags=RF-6, bidders=6",0.88,Reviewed under PARAKH Annotation Standard v2.0 for HIMACHAL PRADESH jurisdiction.
KAR-KA-2021-01196,AUDITOR_EXP_01,2026-09-15T00:00:00,60,"RF-1, RF-4, RF-5",3,1,Severe procurement anomaly: Single-bidder monopoly coupled with high price deviation or department dominance.,"bidders=1, price_deviation=0.35, flags=RF-1, RF-4, RF-5",0.98,Reviewed under PARAKH Annotation Standard v2.0 for KARNATAKA jurisdiction.
2016_MC_10913_5,AUDITOR_EXP_01,2026-09-15T02:00:00,35,"RF-5, RF-6",2,1,"Elevated multi-factor risk: Co-occurrence of threshold manipulation, compressed bidding window, or repeat winner pattern.","duration=18.875d, threshold_val=₹2,017,821, flags=RF-5, RF-6",0.92,Reviewed under PARAKH Annotation Standard v2.0 for HIMACHAL PRADESH jurisdiction.
2017_PWD_14994_1,AUDITOR_EXP_01,2026-09-15T04:00:00,0,NONE,0,0,"Compliant procurement: Competitive bidding window, standard price alignment, and multiple participating suppliers.","bidders=7, duration=16.77777777777778d, estimate_alignment=OK",0.99,Reviewed under PARAKH Annotation Standard v2.0 for HIMACHAL PRADESH jurisdiction.
2017_PWD_14650_1,AUDITOR_EXP_01,2026-09-15T06:00:00,0,NONE,0,0,"Compliant procurement: Competitive bidding window, standard price alignment, and multiple participating suppliers.","bidders=9, duration=29.916666666666668d, estimate_alignment=OK",0.99,Reviewed under PARAKH Annotation Standard v2.0 for HIMACHAL PRADESH jurisdiction.
2018_PWD_19300_6,AUDITOR_EXP_01,2026-09-15T08:00:00,35,"RF-5, RF-6",2,1,"Elevated multi-factor risk: Co-occurrence of threshold manipulation, compressed bidding window, or repeat winner pattern.","duration=23.08333333333333d, threshold_val=₹600,093, flags=RF-5, RF-6",0.92,Reviewed under PARAKH Annotation Standard v2.0 for HIMACHAL PRADESH jurisdiction.
2017_PWD_17633_5,AUDITOR_EXP_01,2026-09-15T10:00:00,35,"RF-5, RF-6",2,1,"Elevated multi-factor risk: Co-occurrence of threshold manipulation, compressed bidding window, or repeat winner pattern.","duration=20.791666666666668d, threshold_val=₹1,444,387, flags=RF-5, RF-6",0.92,Reviewed under PARAKH Annotation Standard v2.0 for HIMACHAL PRADESH jurisdiction.
CEN-CE-2021-01215,AUDITOR_EXP_01,2026-09-15T12:00:00,15,RF-6,1,0,Isolated procedural deviation without evidence of systematic competition restriction.,"flags=RF-6, bidders=2",0.88,Reviewed under PARAKH Annotation Standard v2.0 for CENTRAL jurisdiction.
2017_UDDHP_15259_1,AUDITOR_EXP_01,2026-09-15T14:00:00,35,"RF-5, RF-6",2,1,"Elevated multi-factor risk: Co-occurrence of threshold manipulation, compressed bidding window, or repeat winner pattern.","duration=7.083333333333333d, threshold_val=₹347,405, flags=RF-5, RF-6",0.92,Reviewed under PARAKH Annotation Standard v2.0 for HIMACHAL PRADESH jurisdiction.
CEN-CE-2021-01339,AUDITOR_EXP_01,2026-09-15T16:00:00,50,"RF-4, RF-5, RF-6",2,1,"Elevated multi-factor risk: Co-occurrence of threshold manipulation, compressed bidding window, or repeat winner pattern.","duration=4.0d, threshold_val=₹938,436, flags=RF-4, RF-5, RF-6",0.92,Reviewed under PARAKH Annotation Standard v2.0 for CENTRAL jurisdiction.
2020_DFHW_36684_1,AUDITOR_EXP_01,2026-09-15T18:00:00,35,"RF-3, RF-4",2,1,"Elevated multi-factor risk: Co-occurrence of threshold manipulation, compressed bidding window, or repeat winner pattern.","duration=5.690972222222222d, threshold_val=₹4,500,000, flags=RF-3, RF-4",0.92,Reviewed under PARAKH Annotation Standard v2.0 for HIMACHAL PRADESH jurisdiction.
2019_HPIPH_28925_1,AUDITOR_EXP_01,2026-09-15T20:00:00,35,"RF-5, RF-6",2,1,"Elevated multi-factor risk: Co-occurrence of threshold manipulation, compressed bidding window, or repeat winner pattern.","duration=20.875d, threshold_val=₹1,993,844, flags=RF-5, RF-6",0.92,Reviewed under PARAKH Annotation Standard v2.0 for HIMACHAL PRADESH jurisdiction.
2017_PWD_18082_1,AUDITOR_EXP_01,2026-09-15T22:00:00,20,RF-5,1,0,Isolated procedural deviation without evidence of systematic competition restriction.,"flags=RF-5, bidders=22",0.88,Reviewed under PARAKH Annotation Standard v2.0 for HIMACHAL PRADESH jurisdiction.
CEN-CE-2021-01124,AUDITOR_EXP_01,2026-09-16T00:00:00,30,"RF-4, RF-6",2,1,"Elevated multi-factor risk: Co-occurrence of threshold manipulation, compressed bidding window, or repeat winner pattern.","duration=6.0d, threshold_val=₹3,398,182, flags=RF-4, RF-6",0.92,Reviewed under PARAKH Annotation Standard v2.0 for CENTRAL jurisdiction.
2018_PWD_19706_1,AUDITOR_EXP_01,2026-09-16T02:00:00,35,"RF-5, RF-6",2,1,"Elevated multi-factor risk: Co-occurrence of threshold manipulation, compressed bidding window, or repeat winner pattern.","duration=16.9375d, threshold_val=₹4,277,112, flags=RF-5, RF-6",0.92,Reviewed under PARAKH Annotation Standard v2.0 for HIMACHAL PRADESH jurisdiction.
2012_HPIPH_488_1,AUDITOR_EXP_01,2026-09-16T04:00:00,35,"RF-5, RF-6",2,1,"Elevated multi-factor risk: Co-occurrence of threshold manipulation, compressed bidding window, or repeat winner pattern.","duration=22.1875d, threshold_val=₹11,962,500, flags=RF-5, RF-6",0.92,Reviewed under PARAKH Annotation Standard v2.0 for HIMACHAL PRADESH jurisdiction.
2017_PWD_14728_1,AUDITOR_EXP_01,2026-09-16T06:00:00,35,"RF-5, RF-6",2,1,"Elevated multi-factor risk: Co-occurrence of threshold manipulation, compressed bidding window, or repeat winner pattern.","duration=21.041666666666668d, threshold_val=₹3,767,039, flags=RF-5, RF-6",0.92,Reviewed under PARAKH Annotation Standard v2.0 for HIMACHAL PRADESH jurisdiction.
2017_UDDHP_15584_1,AUDITOR_EXP_01,2026-09-16T08:00:00,35,"RF-5, RF-6",2,1,"Elevated multi-factor risk: Co-occurrence of threshold manipulation, compressed bidding window, or repeat winner pattern.","duration=8.083333333333334d, threshold_val=₹505,893, flags=RF-5, RF-6",0.92,Reviewed under PARAKH Annotation Standard v2.0 for HIMACHAL PRADESH jurisdiction.
2018_PWD_19674_1,AUDITOR_EXP_01,2026-09-16T10:00:00,35,"RF-3, RF-6",2,1,"Elevated multi-factor risk: Co-occurrence of threshold manipulation, compressed bidding window, or repeat winner pattern.","duration=13.0d, threshold_val=₹4,854,517, flags=RF-3, RF-6",0.92,Reviewed under PARAKH Annotation Standard v2.0 for HIMACHAL PRADESH jurisdiction.
CEN-CE-2021-01278,AUDITOR_EXP_01,2026-09-16T12:00:00,30,"RF-4, RF-6",2,1,"Elevated multi-factor risk: Co-occurrence of threshold manipulation, compressed bidding window, or repeat winner pattern.","duration=6.0d, threshold_val=₹92,517,221, flags=RF-4, RF-6",0.92,Reviewed under PARAKH Annotation Standard v2.0 for CENTRAL jurisdiction.
KAR-KA-2021-01091,AUDITOR_EXP_01,2026-09-16T14:00:00,35,"RF-3, RF-4",2,1,"Elevated multi-factor risk: Co-occurrence of threshold manipulation, compressed bidding window, or repeat winner pattern.","duration=4.0d, threshold_val=₹4,670,797, flags=RF-3, RF-4",0.92,Reviewed under PARAKH Annotation Standard v2.0 for KARNATAKA jurisdiction.
2017_PWD_16562_1,AUDITOR_EXP_01,2026-09-16T16:00:00,35,"RF-5, RF-6",2,1,"Elevated multi-factor risk: Co-occurrence of threshold manipulation, compressed bidding window, or repeat winner pattern.","duration=12.0d, threshold_val=₹2,354,643, flags=RF-5, RF-6",0.92,Reviewed under PARAKH Annotation Standard v2.0 for HIMACHAL PRADESH jurisdiction.
2017_UDDHP_16441_1,AUDITOR_EXP_01,2026-09-16T18:00:00,50,"RF-4, RF-5, RF-6",2,1,"Elevated multi-factor risk: Co-occurrence of threshold manipulation, compressed bidding window, or repeat winner pattern.","duration=6.291666666666667d, threshold_val=₹240,650, flags=RF-4, RF-5, RF-6",0.92,Reviewed under PARAKH Annotation Standard v2.0 for HIMACHAL PRADESH jurisdiction.
UTT-UT-2021-01053,AUDITOR_EXP_01,2026-09-16T20:00:00,60,"RF-1, RF-5, RF-6",3,1,Severe procurement anomaly: Single-bidder monopoly coupled with high price deviation or department dominance.,"bidders=1, price_deviation=0.35, flags=RF-1, RF-5, RF-6",0.98,Reviewed under PARAKH Annotation Standard v2.0 for UTTAR PRADESH jurisdiction.
KAR-KA-2021-01017,AUDITOR_EXP_01,2026-09-16T22:00:00,40,"RF-1, RF-6",2,1,"Elevated multi-factor risk: Co-occurrence of threshold manipulation, compressed bidding window, or repeat winner pattern.","duration=30.0d, threshold_val=₹15,306,762, flags=RF-1, RF-6",0.92,Reviewed under PARAKH Annotation Standard v2.0 for KARNATAKA jurisdiction.
2018_PWD_20211_1,AUDITOR_EXP_01,2026-09-17T00:00:00,80,"RF-1, RF-2, RF-4, RF-6",3,1,Severe procurement anomaly: Single-bidder monopoly coupled with high price deviation or department dominance.,"bidders=1, price_deviation=0.05, flags=RF-1, RF-2, RF-4, RF-6",0.98,Reviewed under PARAKH Annotation Standard v2.0 for HIMACHAL PRADESH jurisdiction.
2019_PWD_26098_1,AUDITOR_EXP_01,2026-09-17T02:00:00,35,"RF-5, RF-6",2,1,"Elevated multi-factor risk: Co-occurrence of threshold manipulation, compressed bidding window, or repeat winner pattern.","duration=15.0d, threshold_val=₹816,638, flags=RF-5, RF-6",0.92,Reviewed under PARAKH Annotation Standard v2.0 for HIMACHAL PRADESH jurisdiction.
MAH-MA-2021-01207,AUDITOR_EXP_01,2026-09-17T04:00:00,55,"RF-1, RF-4, RF-6",2,1,"Elevated multi-factor risk: Co-occurrence of threshold manipulation, compressed bidding window, or repeat winner pattern.","duration=4.0d, threshold_val=₹5,650,917, flags=RF-1, RF-4, RF-6",0.92,Reviewed under PARAKH Annotation Standard v2.0 for MAHARASHTRA jurisdiction.
2017_UDDHP_16017_1,AUDITOR_EXP_01,2026-09-17T06:00:00,35,"RF-5, RF-6",2,1,"Elevated multi-factor risk: Co-occurrence of threshold manipulation, compressed bidding window, or repeat winner pattern.","duration=8.083333333333334d, threshold_val=₹346,046, flags=RF-5, RF-6",0.92,Reviewed under PARAKH Annotation Standard v2.0 for HIMACHAL PRADESH jurisdiction.
CEN-CE-2021-01209,AUDITOR_EXP_01,2026-09-17T08:00:00,35,"RF-3, RF-6",2,1,"Elevated multi-factor risk: Co-occurrence of threshold manipulation, compressed bidding window, or repeat winner pattern.","duration=21.0d, threshold_val=₹4,743,959, flags=RF-3, RF-6",0.92,Reviewed under PARAKH Annotation Standard v2.0 for CENTRAL jurisdiction.
UTT-UT-2021-01102,AUDITOR_EXP_01,2026-09-17T10:00:00,50,"RF-4, RF-5, RF-6",2,1,"Elevated multi-factor risk: Co-occurrence of threshold manipulation, compressed bidding window, or repeat winner pattern.","duration=6.0d, threshold_val=₹129,047,511, flags=RF-4, RF-5, RF-6",0.92,Reviewed under PARAKH Annotation Standard v2.0 for UTTAR PRADESH jurisdiction.
2017_PWD_16960_3,AUDITOR_EXP_01,2026-09-17T12:00:00,40,"RF-1, RF-6",2,1,"Elevated multi-factor risk: Co-occurrence of threshold manipulation, compressed bidding window, or repeat winner pattern.","duration=11.0625d, threshold_val=₹710,186, flags=RF-1, RF-6",0.92,Reviewed under PARAKH Annotation Standard v2.0 for HIMACHAL PRADESH jurisdiction.
2017_PWD_17732_3,AUDITOR_EXP_01,2026-09-17T14:00:00,20,RF-5,1,0,Isolated procedural deviation without evidence of systematic competition restriction.,"flags=RF-5, bidders=2",0.88,Reviewed under PARAKH Annotation Standard v2.0 for HIMACHAL PRADESH jurisdiction.
UTT-UT-2021-01041,AUDITOR_EXP_01,2026-09-17T16:00:00,30,"RF-4, RF-6",2,1,"Elevated multi-factor risk: Co-occurrence of threshold manipulation, compressed bidding window, or repeat winner pattern.","duration=4.0d, threshold_val=₹249,219,704, flags=RF-4, RF-6",0.92,Reviewed under PARAKH Annotation Standard v2.0 for UTTAR PRADESH jurisdiction.
2018_HPIPH_21971_1,AUDITOR_EXP_01,2026-09-17T18:00:00,35,"RF-5, RF-6",2,1,"Elevated multi-factor risk: Co-occurrence of threshold manipulation, compressed bidding window, or repeat winner pattern.","duration=19.70833333333333d, threshold_val=₹3,398,517, flags=RF-5, RF-6",0.92,Reviewed under PARAKH Annotation Standard v2.0 for HIMACHAL PRADESH jurisdiction.
2018_PWD_20243_1,AUDITOR_EXP_01,2026-09-17T20:00:00,35,"RF-5, RF-6",2,1,"Elevated multi-factor risk: Co-occurrence of threshold manipulation, compressed bidding window, or repeat winner pattern.","duration=12.125d, threshold_val=₹2,138,792, flags=RF-5, RF-6",0.92,Reviewed under PARAKH Annotation Standard v2.0 for HIMACHAL PRADESH jurisdiction.
UTT-UT-2021-01081,AUDITOR_EXP_01,2026-09-17T22:00:00,30,"RF-4, RF-6",2,1,"Elevated multi-factor risk: Co-occurrence of threshold manipulation, compressed bidding window, or repeat winner pattern.","duration=4.0d, threshold_val=₹21,684,834, flags=RF-4, RF-6",0.92,Reviewed under PARAKH Annotation Standard v2.0 for UTTAR PRADESH jurisdiction.
2017_UDDHP_15782_1,AUDITOR_EXP_01,2026-09-18T00:00:00,30,"RF-4, RF-6",2,1,"Elevated multi-factor risk: Co-occurrence of threshold manipulation, compressed bidding window, or repeat winner pattern.","duration=6.083333333333333d, threshold_val=₹626,830, flags=RF-4, RF-6",0.92,Reviewed under PARAKH Annotation Standard v2.0 for HIMACHAL PRADESH jurisdiction.
2017_HPIPH_18083_1,AUDITOR_EXP_01,2026-09-18T02:00:00,35,"RF-5, RF-6",2,1,"Elevated multi-factor risk: Co-occurrence of threshold manipulation, compressed bidding window, or repeat winner pattern.","duration=16.125d, threshold_val=₹25,011,049, flags=RF-5, RF-6",0.92,Reviewed under PARAKH Annotation Standard v2.0 for HIMACHAL PRADESH jurisdiction.
2018_HPIPH_21226_1,AUDITOR_EXP_01,2026-09-18T04:00:00,0,NONE,0,0,"Compliant procurement: Competitive bidding window, standard price alignment, and multiple participating suppliers.","bidders=9, duration=12.75d, estimate_alignment=OK",0.99,Reviewed under PARAKH Annotation Standard v2.0 for HIMACHAL PRADESH jurisdiction.
2018_HPIPH_21855_1,AUDITOR_EXP_01,2026-09-18T06:00:00,35,"RF-5, RF-6",2,1,"Elevated multi-factor risk: Co-occurrence of threshold manipulation, compressed bidding window, or repeat winner pattern.","duration=21.729166666666668d, threshold_val=₹1,565,000, flags=RF-5, RF-6",0.92,Reviewed under PARAKH Annotation Standard v2.0 for HIMACHAL PRADESH jurisdiction.
2018_PWD_19879_1,AUDITOR_EXP_01,2026-09-18T08:00:00,40,"RF-1, RF-6",2,1,"Elevated multi-factor risk: Co-occurrence of threshold manipulation, compressed bidding window, or repeat winner pattern.","duration=12.0d, threshold_val=₹2,137,690, flags=RF-1, RF-6",0.92,Reviewed under PARAKH Annotation Standard v2.0 for HIMACHAL PRADESH jurisdiction.
RAJ-RA-2021-01129,AUDITOR_EXP_01,2026-09-18T10:00:00,30,"RF-4, RF-6",2,1,"Elevated multi-factor risk: Co-occurrence of threshold manipulation, compressed bidding window, or repeat winner pattern.","duration=6.0d, threshold_val=₹4,373,321, flags=RF-4, RF-6",0.92,Reviewed under PARAKH Annotation Standard v2.0 for RAJASTHAN jurisdiction.
RAJ-RA-2021-01208,AUDITOR_EXP_01,2026-09-18T12:00:00,30,"RF-4, RF-6",2,1,"Elevated multi-factor risk: Co-occurrence of threshold manipulation, compressed bidding window, or repeat winner pattern.","duration=4.0d, threshold_val=₹7,369,398, flags=RF-4, RF-6",0.92,Reviewed under PARAKH Annotation Standard v2.0 for RAJASTHAN jurisdiction.
KAR-KA-2021-01086,AUDITOR_EXP_01,2026-09-18T14:00:00,40,"RF-1, RF-4",2,1,"Elevated multi-factor risk: Co-occurrence of threshold manipulation, compressed bidding window, or repeat winner pattern.","duration=6.0d, threshold_val=₹5,085,971, flags=RF-1, RF-4",0.92,Reviewed under PARAKH Annotation Standard v2.0 for KARNATAKA jurisdiction.
2017_HPIPH_17462_1,AUDITOR_EXP_01,2026-09-18T16:00:00,15,RF-6,1,0,Isolated procedural deviation without evidence of systematic competition restriction.,"flags=RF-6, bidders=7",0.88,Reviewed under PARAKH Annotation Standard v2.0 for HIMACHAL PRADESH jurisdiction.
KAR-KA-2021-01129,AUDITOR_EXP_01,2026-09-18T18:00:00,40,"RF-1, RF-6",2,1,"Elevated multi-factor risk: Co-occurrence of threshold manipulation, compressed bidding window, or repeat winner pattern.","duration=14.0d, threshold_val=₹228,381,005, flags=RF-1, RF-6",0.92,Reviewed under PARAKH Annotation Standard v2.0 for KARNATAKA jurisdiction.
MAH-MA-2021-01160,AUDITOR_EXP_01,2026-09-18T20:00:00,35,"RF-4, RF-5",2,1,"Elevated multi-factor risk: Co-occurrence of threshold manipulation, compressed bidding window, or repeat winner pattern.","duration=6.0d, threshold_val=₹2,018,215, flags=RF-4, RF-5",0.92,Reviewed under PARAKH Annotation Standard v2.0 for MAHARASHTRA jurisdiction.
2017_PWD_16447_4,AUDITOR_EXP_01,2026-09-18T22:00:00,0,NONE,0,0,"Compliant procurement: Competitive bidding window, standard price alignment, and multiple participating suppliers.","bidders=5, duration=7.020833333333333d, estimate_alignment=OK",0.99,Reviewed under PARAKH Annotation Standard v2.0 for HIMACHAL PRADESH jurisdiction.
2018_MC_22409_1,AUDITOR_EXP_01,2026-09-19T00:00:00,0,NONE,0,0,"Compliant procurement: Competitive bidding window, standard price alignment, and multiple participating suppliers.","bidders=6, duration=15.75d, estimate_alignment=OK",0.99,Reviewed under PARAKH Annotation Standard v2.0 for HIMACHAL PRADESH jurisdiction.
RAJ-RA-2021-01067,AUDITOR_EXP_01,2026-09-19T02:00:00,40,"RF-3, RF-5",2,1,"Elevated multi-factor risk: Co-occurrence of threshold manipulation, compressed bidding window, or repeat winner pattern.","duration=14.0d, threshold_val=₹4,759,875, flags=RF-3, RF-5",0.92,Reviewed under PARAKH Annotation Standard v2.0 for RAJASTHAN jurisdiction.
2018_BSMDA_19499_1,AUDITOR_EXP_01,2026-09-19T04:00:00,0,NONE,0,0,"Compliant procurement: Competitive bidding window, standard price alignment, and multiple participating suppliers.","bidders=4, duration=10.92361111111111d, estimate_alignment=OK",0.99,Reviewed under PARAKH Annotation Standard v2.0 for HIMACHAL PRADESH jurisdiction.
RAJ-RA-2021-01096,AUDITOR_EXP_01,2026-09-19T06:00:00,40,"RF-1, RF-6",2,1,"Elevated multi-factor risk: Co-occurrence of threshold manipulation, compressed bidding window, or repeat winner pattern.","duration=30.0d, threshold_val=₹16,552,526, flags=RF-1, RF-6",0.92,Reviewed under PARAKH Annotation Standard v2.0 for RAJASTHAN jurisdiction.
2018_HPIPH_22823_1-2353,AUDITOR_EXP_01,2026-09-19T08:00:00,35,"RF-5, RF-6",2,1,"Elevated multi-factor risk: Co-occurrence of threshold manipulation, compressed bidding window, or repeat winner pattern.","duration=14.729166666666666d, threshold_val=₹6,337,726, flags=RF-5, RF-6",0.92,Reviewed under PARAKH Annotation Standard v2.0 for HIMACHAL PRADESH jurisdiction.
MAH-MA-2021-01048,AUDITOR_EXP_01,2026-09-19T10:00:00,30,"RF-4, RF-6",2,1,"Elevated multi-factor risk: Co-occurrence of threshold manipulation, compressed bidding window, or repeat winner pattern.","duration=6.0d, threshold_val=₹6,756,913, flags=RF-4, RF-6",0.92,Reviewed under PARAKH Annotation Standard v2.0 for MAHARASHTRA jurisdiction.
2018_PWD_20136_1,AUDITOR_EXP_01,2026-09-19T12:00:00,35,"RF-5, RF-6",2,1,"Elevated multi-factor risk: Co-occurrence of threshold manipulation, compressed bidding window, or repeat winner pattern.","duration=12.0d, threshold_val=₹2,288,874, flags=RF-5, RF-6",0.92,Reviewed under PARAKH Annotation Standard v2.0 for HIMACHAL PRADESH jurisdiction.
2018_MC_19418_1,AUDITOR_EXP_01,2026-09-19T14:00:00,0,NONE,0,0,"Compliant procurement: Competitive bidding window, standard price alignment, and multiple participating suppliers.","bidders=10, duration=13.71875d, estimate_alignment=OK",0.99,Reviewed under PARAKH Annotation Standard v2.0 for HIMACHAL PRADESH jurisdiction.
2018_PWD_19513_1,AUDITOR_EXP_01,2026-09-19T16:00:00,0,NONE,0,0,"Compliant procurement: Competitive bidding window, standard price alignment, and multiple participating suppliers.","bidders=6, duration=19.62847222222222d, estimate_alignment=OK",0.99,Reviewed under PARAKH Annotation Standard v2.0 for HIMACHAL PRADESH jurisdiction.
UTT-UT-2021-01198,AUDITOR_EXP_01,2026-09-19T18:00:00,40,"RF-1, RF-6",2,1,"Elevated multi-factor risk: Co-occurrence of threshold manipulation, compressed bidding window, or repeat winner pattern.","duration=21.0d, threshold_val=₹2,485,437, flags=RF-1, RF-6",0.92,Reviewed under PARAKH Annotation Standard v2.0 for UTTAR PRADESH jurisdiction.
RAJ-RA-2021-01200,AUDITOR_EXP_01,2026-09-19T20:00:00,30,"RF-4, RF-6",2,1,"Elevated multi-factor risk: Co-occurrence of threshold manipulation, compressed bidding window, or repeat winner pattern.","duration=4.0d, threshold_val=₹4,488,924, flags=RF-4, RF-6",0.92,Reviewed under PARAKH Annotation Standard v2.0 for RAJASTHAN jurisdiction.
2018_HPIPH_19015_1,AUDITOR_EXP_01,2026-09-19T22:00:00,35,"RF-5, RF-6",2,1,"Elevated multi-factor risk: Co-occurrence of threshold manipulation, compressed bidding window, or repeat winner pattern.","duration=20.791666666666668d, threshold_val=₹2,777,477, flags=RF-5, RF-6",0.92,Reviewed under PARAKH Annotation Standard v2.0 for HIMACHAL PRADESH jurisdiction.
RAJ-RA-2021-01078,AUDITOR_EXP_01,2026-09-20T00:00:00,35,"RF-5, RF-6",2,1,"Elevated multi-factor risk: Co-occurrence of threshold manipulation, compressed bidding window, or repeat winner pattern.","duration=30.0d, threshold_val=₹91,059,350, flags=RF-5, RF-6",0.92,Reviewed under PARAKH Annotation Standard v2.0 for RAJASTHAN jurisdiction.
UTT-UT-2021-01114,AUDITOR_EXP_01,2026-09-20T02:00:00,50,"RF-4, RF-5, RF-6",2,1,"Elevated multi-factor risk: Co-occurrence of threshold manipulation, compressed bidding window, or repeat winner pattern.","duration=4.0d, threshold_val=₹19,312,819, flags=RF-4, RF-5, RF-6",0.92,Reviewed under PARAKH Annotation Standard v2.0 for UTTAR PRADESH jurisdiction.
KAR-KA-2021-01040,AUDITOR_EXP_01,2026-09-20T04:00:00,50,"RF-4, RF-5, RF-6",2,1,"Elevated multi-factor risk: Co-occurrence of threshold manipulation, compressed bidding window, or repeat winner pattern.","duration=6.0d, threshold_val=₹6,712,962, flags=RF-4, RF-5, RF-6",0.92,Reviewed under PARAKH Annotation Standard v2.0 for KARNATAKA jurisdiction.
UTT-UT-2021-01242,AUDITOR_EXP_01,2026-09-20T06:00:00,35,"RF-3, RF-6",2,1,"Elevated multi-factor risk: Co-occurrence of threshold manipulation, compressed bidding window, or repeat winner pattern.","duration=30.0d, threshold_val=₹4,692,517, flags=RF-3, RF-6",0.92,Reviewed under PARAKH Annotation Standard v2.0 for UTTAR PRADESH jurisdiction.
CEN-CE-2021-01147,AUDITOR_EXP_01,2026-09-20T08:00:00,30,"RF-4, RF-6",2,1,"Elevated multi-factor risk: Co-occurrence of threshold manipulation, compressed bidding window, or repeat winner pattern.","duration=4.0d, threshold_val=₹8,004,307, flags=RF-4, RF-6",0.92,Reviewed under PARAKH Annotation Standard v2.0 for CENTRAL jurisdiction.
2017_MC_17869_1,AUDITOR_EXP_01,2026-09-20T10:00:00,0,NONE,0,0,"Compliant procurement: Competitive bidding window, standard price alignment, and multiple participating suppliers.","bidders=6, duration=17.041666666666668d, estimate_alignment=OK",0.99,Reviewed under PARAKH Annotation Standard v2.0 for HIMACHAL PRADESH jurisdiction.
2017_PWD_15102_4,AUDITOR_EXP_01,2026-09-20T12:00:00,15,RF-6,1,0,Isolated procedural deviation without evidence of systematic competition restriction.,"flags=RF-6, bidders=5",0.88,Reviewed under PARAKH Annotation Standard v2.0 for HIMACHAL PRADESH jurisdiction.
CEN-CE-2021-01335,AUDITOR_EXP_01,2026-09-20T14:00:00,35,"RF-5, RF-6",2,1,"Elevated multi-factor risk: Co-occurrence of threshold manipulation, compressed bidding window, or repeat winner pattern.","duration=30.0d, threshold_val=₹6,642,178, flags=RF-5, RF-6",0.92,Reviewed under PARAKH Annotation Standard v2.0 for CENTRAL jurisdiction.
CEN-CE-2021-01299,AUDITOR_EXP_01,2026-09-20T16:00:00,50,"RF-3, RF-4, RF-6",2,1,"Elevated multi-factor risk: Co-occurrence of threshold manipulation, compressed bidding window, or repeat winner pattern.","duration=4.0d, threshold_val=₹4,717,690, flags=RF-3, RF-4, RF-6",0.92,Reviewed under PARAKH Annotation Standard v2.0 for CENTRAL jurisdiction.
MAH-MA-2021-01174,AUDITOR_EXP_01,2026-09-20T18:00:00,15,RF-6,1,0,Isolated procedural deviation without evidence of systematic competition restriction.,"flags=RF-6, bidders=4",0.88,Reviewed under PARAKH Annotation Standard v2.0 for MAHARASHTRA jurisdiction.
2017_HPIPH_17737_1,AUDITOR_EXP_01,2026-09-20T20:00:00,35,"RF-5, RF-6",2,1,"Elevated multi-factor risk: Co-occurrence of threshold manipulation, compressed bidding window, or repeat winner pattern.","duration=10.229166666666666d, threshold_val=₹3,455,580, flags=RF-5, RF-6",0.92,Reviewed under PARAKH Annotation Standard v2.0 for HIMACHAL PRADESH jurisdiction.
2018_PWD_20222_4,AUDITOR_EXP_01,2026-09-20T22:00:00,0,NONE,0,0,"Compliant procurement: Competitive bidding window, standard price alignment, and multiple participating suppliers.","bidders=2, duration=18.041666666666668d, estimate_alignment=OK",0.99,Reviewed under PARAKH Annotation Standard v2.0 for HIMACHAL PRADESH jurisdiction.
2018_PWD_19648_4,AUDITOR_EXP_01,2026-09-21T00:00:00,35,"RF-5, RF-6",2,1,"Elevated multi-factor risk: Co-occurrence of threshold manipulation, compressed bidding window, or repeat winner pattern.","duration=18.67708333333333d, threshold_val=₹1,067,450, flags=RF-5, RF-6",0.92,Reviewed under PARAKH Annotation Standard v2.0 for HIMACHAL PRADESH jurisdiction.
MAH-MA-2021-01250,AUDITOR_EXP_01,2026-09-21T02:00:00,35,"RF-5, RF-6",2,1,"Elevated multi-factor risk: Co-occurrence of threshold manipulation, compressed bidding window, or repeat winner pattern.","duration=14.0d, threshold_val=₹6,673,106, flags=RF-5, RF-6",0.92,Reviewed under PARAKH Annotation Standard v2.0 for MAHARASHTRA jurisdiction.
RAJ-RA-2021-01049,AUDITOR_EXP_01,2026-09-21T04:00:00,50,"RF-3, RF-4, RF-6",2,1,"Elevated multi-factor risk: Co-occurrence of threshold manipulation, compressed bidding window, or repeat winner pattern.","duration=6.0d, threshold_val=₹4,741,858, flags=RF-3, RF-4, RF-6",0.92,Reviewed under PARAKH Annotation Standard v2.0 for RAJASTHAN jurisdiction.
RAJ-RA-2021-01128,AUDITOR_EXP_01,2026-09-21T06:00:00,30,"RF-4, RF-6",2,1,"Elevated multi-factor risk: Co-occurrence of threshold manipulation, compressed bidding window, or repeat winner pattern.","duration=4.0d, threshold_val=₹366,772,225, flags=RF-4, RF-6",0.92,Reviewed under PARAKH Annotation Standard v2.0 for RAJASTHAN jurisdiction.
2016_MC_10913_2,AUDITOR_EXP_01,2026-09-21T08:00:00,35,"RF-5, RF-6",2,1,"Elevated multi-factor risk: Co-occurrence of threshold manipulation, compressed bidding window, or repeat winner pattern.","duration=18.89583333333333d, threshold_val=₹4,100,309, flags=RF-5, RF-6",0.92,Reviewed under PARAKH Annotation Standard v2.0 for HIMACHAL PRADESH jurisdiction.
MAH-MA-2021-01251,AUDITOR_EXP_01,2026-09-21T10:00:00,15,RF-6,1,0,Isolated procedural deviation without evidence of systematic competition restriction.,"flags=RF-6, bidders=4",0.88,Reviewed under PARAKH Annotation Standard v2.0 for MAHARASHTRA jurisdiction.
UTT-UT-2021-01118,AUDITOR_EXP_01,2026-09-21T12:00:00,55,"RF-1, RF-4, RF-6",2,1,"Elevated multi-factor risk: Co-occurrence of threshold manipulation, compressed bidding window, or repeat winner pattern.","duration=4.0d, threshold_val=₹20,890,868, flags=RF-1, RF-4, RF-6",0.92,Reviewed under PARAKH Annotation Standard v2.0 for UTTAR PRADESH jurisdiction.
KAR-KA-2021-01076,AUDITOR_EXP_01,2026-09-21T14:00:00,40,"RF-1, RF-6",2,1,"Elevated multi-factor risk: Co-occurrence of threshold manipulation, compressed bidding window, or repeat winner pattern.","duration=21.0d, threshold_val=₹5,662,692, flags=RF-1, RF-6",0.92,Reviewed under PARAKH Annotation Standard v2.0 for KARNATAKA jurisdiction.
UTT-UT-2021-01146,AUDITOR_EXP_01,2026-09-21T16:00:00,40,"RF-1, RF-6",2,1,"Elevated multi-factor risk: Co-occurrence of threshold manipulation, compressed bidding window, or repeat winner pattern.","duration=30.0d, threshold_val=₹1,995,397, flags=RF-1, RF-6",0.92,Reviewed under PARAKH Annotation Standard v2.0 for UTTAR PRADESH jurisdiction.
2017_UDDHP_18345_1,AUDITOR_EXP_01,2026-09-21T18:00:00,50,"RF-4, RF-5, RF-6",2,1,"Elevated multi-factor risk: Co-occurrence of threshold manipulation, compressed bidding window, or repeat winner pattern.","duration=5.333333333333333d, threshold_val=₹389,423, flags=RF-4, RF-5, RF-6",0.92,Reviewed under PARAKH Annotation Standard v2.0 for HIMACHAL PRADESH jurisdiction.
2018_PWD_20119_1,AUDITOR_EXP_01,2026-09-21T20:00:00,60,"RF-1, RF-5, RF-6",3,1,Severe procurement anomaly: Single-bidder monopoly coupled with high price deviation or department dominance.,"bidders=1, price_deviation=0.39, flags=RF-1, RF-5, RF-6",0.98,Reviewed under PARAKH Annotation Standard v2.0 for HIMACHAL PRADESH jurisdiction.
CEN-CE-2021-01349,AUDITOR_EXP_01,2026-09-21T22:00:00,60,"RF-1, RF-5, RF-6",3,1,Severe procurement anomaly: Single-bidder monopoly coupled with high price deviation or department dominance.,"bidders=1, price_deviation=0.35, flags=RF-1, RF-5, RF-6",0.98,Reviewed under PARAKH Annotation Standard v2.0 for CENTRAL jurisdiction.
2017_PWD_14660_2,AUDITOR_EXP_01,2026-09-22T00:00:00,0,NONE,0,0,"Compliant procurement: Competitive bidding window, standard price alignment, and multiple participating suppliers.","bidders=3, duration=22.92708333333333d, estimate_alignment=OK",0.99,Reviewed under PARAKH Annotation Standard v2.0 for HIMACHAL PRADESH jurisdiction.
2014_HPIPH_4957_1-2466,AUDITOR_EXP_01,2026-09-22T02:00:00,0,NONE,0,0,"Compliant procurement: Competitive bidding window, standard price alignment, and multiple participating suppliers.","bidders=5, duration=27.75d, estimate_alignment=OK",0.99,Reviewed under PARAKH Annotation Standard v2.0 for HIMACHAL PRADESH jurisdiction.
2017_HPIPH_18500_1,AUDITOR_EXP_01,2026-09-22T04:00:00,0,NONE,0,0,"Compliant procurement: Competitive bidding window, standard price alignment, and multiple participating suppliers.","bidders=2, duration=17.635416666666668d, estimate_alignment=OK",0.99,Reviewed under PARAKH Annotation Standard v2.0 for HIMACHAL PRADESH jurisdiction.
2016_MC_10913_3,AUDITOR_EXP_01,2026-09-22T06:00:00,35,"RF-5, RF-6",2,1,"Elevated multi-factor risk: Co-occurrence of threshold manipulation, compressed bidding window, or repeat winner pattern.","duration=18.875d, threshold_val=₹10,745,946, flags=RF-5, RF-6",0.92,Reviewed under PARAKH Annotation Standard v2.0 for HIMACHAL PRADESH jurisdiction.
2017_PWD_14703_1,AUDITOR_EXP_01,2026-09-22T08:00:00,40,"RF-1, RF-6",2,1,"Elevated multi-factor risk: Co-occurrence of threshold manipulation, compressed bidding window, or repeat winner pattern.","duration=20.166666666666668d, threshold_val=₹1,806,260, flags=RF-1, RF-6",0.92,Reviewed under PARAKH Annotation Standard v2.0 for HIMACHAL PRADESH jurisdiction.
2017_UDDHP_18187_1,AUDITOR_EXP_01,2026-09-22T10:00:00,30,"RF-4, RF-6",2,1,"Elevated multi-factor risk: Co-occurrence of threshold manipulation, compressed bidding window, or repeat winner pattern.","duration=6.333333333333333d, threshold_val=₹387,250, flags=RF-4, RF-6",0.92,Reviewed under PARAKH Annotation Standard v2.0 for HIMACHAL PRADESH jurisdiction.
2017_HPIPH_18142_1,AUDITOR_EXP_01,2026-09-22T12:00:00,35,"RF-5, RF-6",2,1,"Elevated multi-factor risk: Co-occurrence of threshold manipulation, compressed bidding window, or repeat winner pattern.","duration=11.979166666666666d, threshold_val=₹13,815,580, flags=RF-5, RF-6",0.92,Reviewed under PARAKH Annotation Standard v2.0 for HIMACHAL PRADESH jurisdiction.
KAR-KA-2021-01178,AUDITOR_EXP_01,2026-09-22T14:00:00,35,"RF-5, RF-6",2,1,"Elevated multi-factor risk: Co-occurrence of threshold manipulation, compressed bidding window, or repeat winner pattern.","duration=14.0d, threshold_val=₹6,701,261, flags=RF-5, RF-6",0.92,Reviewed under PARAKH Annotation Standard v2.0 for KARNATAKA jurisdiction.
MAH-MA-2021-01272,AUDITOR_EXP_01,2026-09-22T16:00:00,40,"RF-1, RF-6",2,1,"Elevated multi-factor risk: Co-occurrence of threshold manipulation, compressed bidding window, or repeat winner pattern.","duration=30.0d, threshold_val=₹14,328,074, flags=RF-1, RF-6",0.92,Reviewed under PARAKH Annotation Standard v2.0 for MAHARASHTRA jurisdiction.
2018_PWD_20904_1,AUDITOR_EXP_01,2026-09-22T18:00:00,0,NONE,0,0,"Compliant procurement: Competitive bidding window, standard price alignment, and multiple participating suppliers.","bidders=8, duration=20.27083333333333d, estimate_alignment=OK",0.99,Reviewed under PARAKH Annotation Standard v2.0 for HIMACHAL PRADESH jurisdiction.
UTT-UT-2021-01009,AUDITOR_EXP_01,2026-09-22T20:00:00,55,"RF-1, RF-4, RF-6",2,1,"Elevated multi-factor risk: Co-occurrence of threshold manipulation, compressed bidding window, or repeat winner pattern.","duration=4.0d, threshold_val=₹5,647,351, flags=RF-1, RF-4, RF-6",0.92,Reviewed under PARAKH Annotation Standard v2.0 for UTTAR PRADESH jurisdiction.
2018_HPIPH_21880_2,AUDITOR_EXP_01,2026-09-22T22:00:00,20,RF-5,1,0,Isolated procedural deviation without evidence of systematic competition restriction.,"flags=RF-5, bidders=8",0.88,Reviewed under PARAKH Annotation Standard v2.0 for HIMACHAL PRADESH jurisdiction.
2017_MC_15003_7,AUDITOR_EXP_01,2026-09-23T00:00:00,35,"RF-5, RF-6",2,1,"Elevated multi-factor risk: Co-occurrence of threshold manipulation, compressed bidding window, or repeat winner pattern.","duration=8.729166666666666d, threshold_val=₹2,374,050, flags=RF-5, RF-6",0.92,Reviewed under PARAKH Annotation Standard v2.0 for HIMACHAL PRADESH jurisdiction.
2020_DFHW_34986_5,AUDITOR_EXP_01,2026-09-23T02:00:00,40,"RF-2, RF-6",2,1,"Elevated multi-factor risk: Co-occurrence of threshold manipulation, compressed bidding window, or repeat winner pattern.","duration=16.333333333333332d, threshold_val=₹2,601,900, flags=RF-2, RF-6",0.92,Reviewed under PARAKH Annotation Standard v2.0 for HIMACHAL PRADESH jurisdiction.
UTT-UT-2021-01147,AUDITOR_EXP_01,2026-09-23T04:00:00,30,"RF-4, RF-6",2,1,"Elevated multi-factor risk: Co-occurrence of threshold manipulation, compressed bidding window, or repeat winner pattern.","duration=4.0d, threshold_val=₹13,952,628, flags=RF-4, RF-6",0.92,Reviewed under PARAKH Annotation Standard v2.0 for UTTAR PRADESH jurisdiction.
2017_UDDHP_17927_1-3669,AUDITOR_EXP_01,2026-09-23T06:00:00,35,"RF-5, RF-6",2,1,"Elevated multi-factor risk: Co-occurrence of threshold manipulation, compressed bidding window, or repeat winner pattern.","duration=15.75d, threshold_val=₹2,065,992, flags=RF-5, RF-6",0.92,Reviewed under PARAKH Annotation Standard v2.0 for HIMACHAL PRADESH jurisdiction.
UTT-UT-2021-01039,AUDITOR_EXP_01,2026-09-23T08:00:00,30,"RF-4, RF-6",2,1,"Elevated multi-factor risk: Co-occurrence of threshold manipulation, compressed bidding window, or repeat winner pattern.","duration=4.0d, threshold_val=₹3,210,125, flags=RF-4, RF-6",0.92,Reviewed under PARAKH Annotation Standard v2.0 for UTTAR PRADESH jurisdiction.
KAR-KA-2021-01045,AUDITOR_EXP_01,2026-09-23T10:00:00,40,"RF-1, RF-6",2,1,"Elevated multi-factor risk: Co-occurrence of threshold manipulation, compressed bidding window, or repeat winner pattern.","duration=30.0d, threshold_val=₹7,220,317, flags=RF-1, RF-6",0.92,Reviewed under PARAKH Annotation Standard v2.0 for KARNATAKA jurisdiction.
2018_HPIPH_23444_1,AUDITOR_EXP_01,2026-09-23T12:00:00,35,"RF-5, RF-6",2,1,"Elevated multi-factor risk: Co-occurrence of threshold manipulation, compressed bidding window, or repeat winner pattern.","duration=21.75d, threshold_val=₹3,697,284, flags=RF-5, RF-6",0.92,Reviewed under PARAKH Annotation Standard v2.0 for HIMACHAL PRADESH jurisdiction.
RAJ-RA-2021-01165,AUDITOR_EXP_01,2026-09-23T14:00:00,50,"RF-3, RF-4, RF-6",2,1,"Elevated multi-factor risk: Co-occurrence of threshold manipulation, compressed bidding window, or repeat winner pattern.","duration=6.0d, threshold_val=₹4,682,461, flags=RF-3, RF-4, RF-6",0.92,Reviewed under PARAKH Annotation Standard v2.0 for RAJASTHAN jurisdiction.
2017_UDDHP_17927_1,AUDITOR_EXP_01,2026-09-23T16:00:00,35,"RF-5, RF-6",2,1,"Elevated multi-factor risk: Co-occurrence of threshold manipulation, compressed bidding window, or repeat winner pattern.","duration=15.75d, threshold_val=₹1,912,530, flags=RF-5, RF-6",0.92,Reviewed under PARAKH Annotation Standard v2.0 for HIMACHAL PRADESH jurisdiction.
KAR-KA-2021-01212,AUDITOR_EXP_01,2026-09-23T18:00:00,30,"RF-4, RF-6",2,1,"Elevated multi-factor risk: Co-occurrence of threshold manipulation, compressed bidding window, or repeat winner pattern.","duration=6.0d, threshold_val=₹4,383,580, flags=RF-4, RF-6",0.92,Reviewed under PARAKH Annotation Standard v2.0 for KARNATAKA jurisdiction.
KAR-KA-2021-01014,AUDITOR_EXP_01,2026-09-23T20:00:00,40,"RF-1, RF-4",2,1,"Elevated multi-factor risk: Co-occurrence of threshold manipulation, compressed bidding window, or repeat winner pattern.","duration=4.0d, threshold_val=₹26,154,927, flags=RF-1, RF-4",0.92,Reviewed under PARAKH Annotation Standard v2.0 for KARNATAKA jurisdiction.
2017_PWD_16331_1,AUDITOR_EXP_01,2026-09-23T22:00:00,0,NONE,0,0,"Compliant procurement: Competitive bidding window, standard price alignment, and multiple participating suppliers.","bidders=2, duration=15.916666666666666d, estimate_alignment=OK",0.99,Reviewed under PARAKH Annotation Standard v2.0 for HIMACHAL PRADESH jurisdiction.
2019_HPIPH_31250_1-2793,AUDITOR_EXP_01,2026-09-24T00:00:00,35,"RF-5, RF-6",2,1,"Elevated multi-factor risk: Co-occurrence of threshold manipulation, compressed bidding window, or repeat winner pattern.","duration=16.875d, threshold_val=₹6,200,000, flags=RF-5, RF-6",0.92,Reviewed under PARAKH Annotation Standard v2.0 for HIMACHAL PRADESH jurisdiction.
2018_PWD_19097_1,AUDITOR_EXP_01,2026-09-24T02:00:00,0,NONE,0,0,"Compliant procurement: Competitive bidding window, standard price alignment, and multiple participating suppliers.","bidders=3, duration=17.270833333333332d, estimate_alignment=OK",0.99,Reviewed under PARAKH Annotation Standard v2.0 for HIMACHAL PRADESH jurisdiction.
CEN-CE-2021-01034,AUDITOR_EXP_01,2026-09-24T04:00:00,40,"RF-1, RF-6",2,1,"Elevated multi-factor risk: Co-occurrence of threshold manipulation, compressed bidding window, or repeat winner pattern.","duration=14.0d, threshold_val=₹266,643,227, flags=RF-1, RF-6",0.92,Reviewed under PARAKH Annotation Standard v2.0 for CENTRAL jurisdiction.
2017_UDDHP_15777_1,AUDITOR_EXP_01,2026-09-24T06:00:00,50,"RF-4, RF-5, RF-6",2,1,"Elevated multi-factor risk: Co-occurrence of threshold manipulation, compressed bidding window, or repeat winner pattern.","duration=6.083333333333333d, threshold_val=₹300,802, flags=RF-4, RF-5, RF-6",0.92,Reviewed under PARAKH Annotation Standard v2.0 for HIMACHAL PRADESH jurisdiction.
UTT-UT-2021-01071,AUDITOR_EXP_01,2026-09-24T08:00:00,75,"RF-1, RF-4, RF-5, RF-6",3,1,Severe procurement anomaly: Single-bidder monopoly coupled with high price deviation or department dominance.,"bidders=1, price_deviation=0.35, flags=RF-1, RF-4, RF-5, RF-6",0.98,Reviewed under PARAKH Annotation Standard v2.0 for UTTAR PRADESH jurisdiction.
CEN-CE-2021-01288,AUDITOR_EXP_01,2026-09-24T10:00:00,30,"RF-4, RF-6",2,1,"Elevated multi-factor risk: Co-occurrence of threshold manipulation, compressed bidding window, or repeat winner pattern.","duration=4.0d, threshold_val=₹5,042,864, flags=RF-4, RF-6",0.92,Reviewed under PARAKH Annotation Standard v2.0 for CENTRAL jurisdiction.
RAJ-RA-2021-01117,AUDITOR_EXP_01,2026-09-24T12:00:00,30,"RF-4, RF-6",2,1,"Elevated multi-factor risk: Co-occurrence of threshold manipulation, compressed bidding window, or repeat winner pattern.","duration=6.0d, threshold_val=₹5,731,604, flags=RF-4, RF-6",0.92,Reviewed under PARAKH Annotation Standard v2.0 for RAJASTHAN jurisdiction.
RAJ-RA-2021-01127,AUDITOR_EXP_01,2026-09-24T14:00:00,30,"RF-4, RF-6",2,1,"Elevated multi-factor risk: Co-occurrence of threshold manipulation, compressed bidding window, or repeat winner pattern.","duration=4.0d, threshold_val=₹15,287,072, flags=RF-4, RF-6",0.92,Reviewed under PARAKH Annotation Standard v2.0 for RAJASTHAN jurisdiction.
2017_UDDHP_17629_1,AUDITOR_EXP_01,2026-09-24T16:00:00,35,"RF-5, RF-6",2,1,"Elevated multi-factor risk: Co-occurrence of threshold manipulation, compressed bidding window, or repeat winner pattern.","duration=7.25d, threshold_val=₹551,674, flags=RF-5, RF-6",0.92,Reviewed under PARAKH Annotation Standard v2.0 for HIMACHAL PRADESH jurisdiction.
2019_HPIPH_26917_1,AUDITOR_EXP_01,2026-09-24T18:00:00,35,"RF-5, RF-6",2,1,"Elevated multi-factor risk: Co-occurrence of threshold manipulation, compressed bidding window, or repeat winner pattern.","duration=13.0d, threshold_val=₹1,483,020, flags=RF-5, RF-6",0.92,Reviewed under PARAKH Annotation Standard v2.0 for HIMACHAL PRADESH jurisdiction.
MAH-MA-2021-01271,AUDITOR_EXP_01,2026-09-24T20:00:00,30,"RF-4, RF-6",2,1,"Elevated multi-factor risk: Co-occurrence of threshold manipulation, compressed bidding window, or repeat winner pattern.","duration=6.0d, threshold_val=₹5,006,849, flags=RF-4, RF-6",0.92,Reviewed under PARAKH Annotation Standard v2.0 for MAHARASHTRA jurisdiction.
2017_HPIPH_17003_1,AUDITOR_EXP_01,2026-09-24T22:00:00,35,"RF-4, RF-5",2,1,"Elevated multi-factor risk: Co-occurrence of threshold manipulation, compressed bidding window, or repeat winner pattern.","duration=6.25d, threshold_val=₹261,139, flags=RF-4, RF-5",0.92,Reviewed under PARAKH Annotation Standard v2.0 for HIMACHAL PRADESH jurisdiction.
KAR-KA-2021-01148,AUDITOR_EXP_01,2026-09-25T00:00:00,50,"RF-4, RF-5, RF-6",2,1,"Elevated multi-factor risk: Co-occurrence of threshold manipulation, compressed bidding window, or repeat winner pattern.","duration=4.0d, threshold_val=₹296,408,752, flags=RF-4, RF-5, RF-6",0.92,Reviewed under PARAKH Annotation Standard v2.0 for KARNATAKA jurisdiction.
2018_HPIPH_24158_1,AUDITOR_EXP_01,2026-09-25T02:00:00,35,"RF-5, RF-6",2,1,"Elevated multi-factor risk: Co-occurrence of threshold manipulation, compressed bidding window, or repeat winner pattern.","duration=21.6875d, threshold_val=₹34,371,096, flags=RF-5, RF-6",0.92,Reviewed under PARAKH Annotation Standard v2.0 for HIMACHAL PRADESH jurisdiction.
2017_PWD_15626_1,AUDITOR_EXP_01,2026-09-25T04:00:00,40,"RF-1, RF-6",2,1,"Elevated multi-factor risk: Co-occurrence of threshold manipulation, compressed bidding window, or repeat winner pattern.","duration=21.09027777777778d, threshold_val=₹6,129,800, flags=RF-1, RF-6",0.92,Reviewed under PARAKH Annotation Standard v2.0 for HIMACHAL PRADESH jurisdiction.
2017_UDDHP_17948_1,AUDITOR_EXP_01,2026-09-25T06:00:00,35,"RF-5, RF-6",2,1,"Elevated multi-factor risk: Co-occurrence of threshold manipulation, compressed bidding window, or repeat winner pattern.","duration=16.75d, threshold_val=₹3,897,471, flags=RF-5, RF-6",0.92,Reviewed under PARAKH Annotation Standard v2.0 for HIMACHAL PRADESH jurisdiction.
2018_PWD_20212_1,AUDITOR_EXP_01,2026-09-25T08:00:00,55,"RF-2, RF-4, RF-6",2,1,"Elevated multi-factor risk: Co-occurrence of threshold manipulation, compressed bidding window, or repeat winner pattern.","duration=5.229166666666667d, threshold_val=₹2,453,157, flags=RF-2, RF-4, RF-6",0.92,Reviewed under PARAKH Annotation Standard v2.0 for HIMACHAL PRADESH jurisdiction.
2020_PWD_36843_9,AUDITOR_EXP_01,2026-09-25T10:00:00,20,RF-3,1,0,Isolated procedural deviation without evidence of systematic competition restriction.,"flags=RF-3, bidders=5",0.88,Reviewed under PARAKH Annotation Standard v2.0 for HIMACHAL PRADESH jurisdiction.
RAJ-RA-2021-01097,AUDITOR_EXP_01,2026-09-25T12:00:00,50,"RF-4, RF-5, RF-6",2,1,"Elevated multi-factor risk: Co-occurrence of threshold manipulation, compressed bidding window, or repeat winner pattern.","duration=4.0d, threshold_val=₹1,666,778, flags=RF-4, RF-5, RF-6",0.92,Reviewed under PARAKH Annotation Standard v2.0 for RAJASTHAN jurisdiction.
2017_HPIPH_18495_1,AUDITOR_EXP_01,2026-09-25T14:00:00,15,RF-6,1,0,Isolated procedural deviation without evidence of systematic competition restriction.,"flags=RF-6, bidders=3",0.88,Reviewed under PARAKH Annotation Standard v2.0 for HIMACHAL PRADESH jurisdiction.
2018_PWD_19838_11,AUDITOR_EXP_01,2026-09-25T16:00:00,40,"RF-1, RF-6",2,1,"Elevated multi-factor risk: Co-occurrence of threshold manipulation, compressed bidding window, or repeat winner pattern.","duration=10.729166666666666d, threshold_val=₹3,403,600, flags=RF-1, RF-6",0.92,Reviewed under PARAKH Annotation Standard v2.0 for HIMACHAL PRADESH jurisdiction.
RAJ-RA-2021-01192,AUDITOR_EXP_01,2026-09-25T18:00:00,40,"RF-1, RF-6",2,1,"Elevated multi-factor risk: Co-occurrence of threshold manipulation, compressed bidding window, or repeat winner pattern.","duration=14.0d, threshold_val=₹18,683,534, flags=RF-1, RF-6",0.92,Reviewed under PARAKH Annotation Standard v2.0 for RAJASTHAN jurisdiction.
2020_HPIPH_33933_1-3387,AUDITOR_EXP_01,2026-09-25T20:00:00,0,NONE,0,0,"Compliant procurement: Competitive bidding window, standard price alignment, and multiple participating suppliers.","bidders=2, duration=10.0d, estimate_alignment=OK",0.99,Reviewed under PARAKH Annotation Standard v2.0 for HIMACHAL PRADESH jurisdiction.
RAJ-RA-2021-01195,AUDITOR_EXP_01,2026-09-25T22:00:00,40,"RF-1, RF-6",2,1,"Elevated multi-factor risk: Co-occurrence of threshold manipulation, compressed bidding window, or repeat winner pattern.","duration=14.0d, threshold_val=₹7,788,725, flags=RF-1, RF-6",0.92,Reviewed under PARAKH Annotation Standard v2.0 for RAJASTHAN jurisdiction.
2017_HPIPH_15891_1-3424,AUDITOR_EXP_01,2026-09-26T00:00:00,20,RF-5,1,0,Isolated procedural deviation without evidence of systematic competition restriction.,"flags=RF-5, bidders=2",0.88,Reviewed under PARAKH Annotation Standard v2.0 for HIMACHAL PRADESH jurisdiction.
KAR-KA-2021-01240,AUDITOR_EXP_01,2026-09-26T02:00:00,30,"RF-4, RF-6",2,1,"Elevated multi-factor risk: Co-occurrence of threshold manipulation, compressed bidding window, or repeat winner pattern.","duration=4.0d, threshold_val=₹12,421,179, flags=RF-4, RF-6",0.92,Reviewed under PARAKH Annotation Standard v2.0 for KARNATAKA jurisdiction.
2018_PWD_19915_1,AUDITOR_EXP_01,2026-09-26T04:00:00,15,RF-6,1,0,Isolated procedural deviation without evidence of systematic competition restriction.,"flags=RF-6, bidders=2",0.88,Reviewed under PARAKH Annotation Standard v2.0 for HIMACHAL PRADESH jurisdiction.
CEN-CE-2021-01330,AUDITOR_EXP_01,2026-09-26T06:00:00,50,"RF-4, RF-5, RF-6",2,1,"Elevated multi-factor risk: Co-occurrence of threshold manipulation, compressed bidding window, or repeat winner pattern.","duration=4.0d, threshold_val=₹6,620,657, flags=RF-4, RF-5, RF-6",0.92,Reviewed under PARAKH Annotation Standard v2.0 for CENTRAL jurisdiction.
2016_HPIPH_13472_1,AUDITOR_EXP_01,2026-09-26T08:00:00,60,"RF-1, RF-5, RF-6",3,1,Severe procurement anomaly: Single-bidder monopoly coupled with high price deviation or department dominance.,"bidders=1, price_deviation=0.42, flags=RF-1, RF-5, RF-6",0.98,Reviewed under PARAKH Annotation Standard v2.0 for HIMACHAL PRADESH jurisdiction.
CEN-CE-2021-01197,AUDITOR_EXP_01,2026-09-26T10:00:00,15,RF-6,1,0,Isolated procedural deviation without evidence of systematic competition restriction.,"flags=RF-6, bidders=5",0.88,Reviewed under PARAKH Annotation Standard v2.0 for CENTRAL jurisdiction.
UTT-UT-2021-01190,AUDITOR_EXP_01,2026-09-26T12:00:00,30,"RF-4, RF-6",2,1,"Elevated multi-factor risk: Co-occurrence of threshold manipulation, compressed bidding window, or repeat winner pattern.","duration=6.0d, threshold_val=₹4,364,962, flags=RF-4, RF-6",0.92,Reviewed under PARAKH Annotation Standard v2.0 for UTTAR PRADESH jurisdiction.
2017_PWD_15174_6,AUDITOR_EXP_01,2026-09-26T14:00:00,35,"RF-5, RF-6",2,1,"Elevated multi-factor risk: Co-occurrence of threshold manipulation, compressed bidding window, or repeat winner pattern.","duration=21.041666666666668d, threshold_val=₹2,089,192, flags=RF-5, RF-6",0.92,Reviewed under PARAKH Annotation Standard v2.0 for HIMACHAL PRADESH jurisdiction.
MAH-MA-2021-01177,AUDITOR_EXP_01,2026-09-26T16:00:00,55,"RF-1, RF-4, RF-6",2,1,"Elevated multi-factor risk: Co-occurrence of threshold manipulation, compressed bidding window, or repeat winner pattern.","duration=6.0d, threshold_val=₹3,159,049, flags=RF-1, RF-4, RF-6",0.92,Reviewed under PARAKH Annotation Standard v2.0 for MAHARASHTRA jurisdiction.
2018_PWD_19896_1,AUDITOR_EXP_01,2026-09-26T18:00:00,15,RF-6,1,0,Isolated procedural deviation without evidence of systematic competition restriction.,"flags=RF-6, bidders=2",0.88,Reviewed under PARAKH Annotation Standard v2.0 for HIMACHAL PRADESH jurisdiction.
UTT-UT-2021-01034,AUDITOR_EXP_01,2026-09-26T20:00:00,30,"RF-4, RF-6",2,1,"Elevated multi-factor risk: Co-occurrence of threshold manipulation, compressed bidding window, or repeat winner pattern.","duration=4.0d, threshold_val=₹210,845,126, flags=RF-4, RF-6",0.92,Reviewed under PARAKH Annotation Standard v2.0 for UTTAR PRADESH jurisdiction.
RAJ-RA-2021-01126,AUDITOR_EXP_01,2026-09-26T22:00:00,0,NONE,0,0,"Compliant procurement: Competitive bidding window, standard price alignment, and multiple participating suppliers.","bidders=3, duration=21.0d, estimate_alignment=OK",0.99,Reviewed under PARAKH Annotation Standard v2.0 for RAJASTHAN jurisdiction.
CEN-CE-2021-01174,AUDITOR_EXP_01,2026-09-27T00:00:00,30,"RF-4, RF-6",2,1,"Elevated multi-factor risk: Co-occurrence of threshold manipulation, compressed bidding window, or repeat winner pattern.","duration=4.0d, threshold_val=₹10,407,592, flags=RF-4, RF-6",0.92,Reviewed under PARAKH Annotation Standard v2.0 for CENTRAL jurisdiction.
2019_PWD_29007_3,AUDITOR_EXP_01,2026-09-27T02:00:00,0,NONE,0,0,"Compliant procurement: Competitive bidding window, standard price alignment, and multiple participating suppliers.","bidders=5, duration=18.95833333333333d, estimate_alignment=OK",0.99,Reviewed under PARAKH Annotation Standard v2.0 for HIMACHAL PRADESH jurisdiction.
RAJ-RA-2021-01056,AUDITOR_EXP_01,2026-09-27T04:00:00,30,"RF-4, RF-6",2,1,"Elevated multi-factor risk: Co-occurrence of threshold manipulation, compressed bidding window, or repeat winner pattern.","duration=4.0d, threshold_val=₹5,651,472, flags=RF-4, RF-6",0.92,Reviewed under PARAKH Annotation Standard v2.0 for RAJASTHAN jurisdiction.
2017_PWD_15805_1,AUDITOR_EXP_01,2026-09-27T06:00:00,35,"RF-3, RF-6",2,1,"Elevated multi-factor risk: Co-occurrence of threshold manipulation, compressed bidding window, or repeat winner pattern.","duration=14.916666666666666d, threshold_val=₹4,534,171, flags=RF-3, RF-6",0.92,Reviewed under PARAKH Annotation Standard v2.0 for HIMACHAL PRADESH jurisdiction.
CEN-CE-2021-01180,AUDITOR_EXP_01,2026-09-27T08:00:00,60,"RF-1, RF-5, RF-6",3,1,Severe procurement anomaly: Single-bidder monopoly coupled with high price deviation or department dominance.,"bidders=1, price_deviation=0.35, flags=RF-1, RF-5, RF-6",0.98,Reviewed under PARAKH Annotation Standard v2.0 for CENTRAL jurisdiction.
2018_HPIPH_25579_1,AUDITOR_EXP_01,2026-09-27T10:00:00,15,RF-6,1,0,Isolated procedural deviation without evidence of systematic competition restriction.,"flags=RF-6, bidders=6",0.88,Reviewed under PARAKH Annotation Standard v2.0 for HIMACHAL PRADESH jurisdiction.
2017_PWD_17904_2,AUDITOR_EXP_01,2026-09-27T12:00:00,15,RF-6,1,0,Isolated procedural deviation without evidence of systematic competition restriction.,"flags=RF-6, bidders=4",0.88,Reviewed under PARAKH Annotation Standard v2.0 for HIMACHAL PRADESH jurisdiction.
CEN-CE-2021-01084,AUDITOR_EXP_01,2026-09-27T14:00:00,30,"RF-4, RF-6",2,1,"Elevated multi-factor risk: Co-occurrence of threshold manipulation, compressed bidding window, or repeat winner pattern.","duration=6.0d, threshold_val=₹5,318,246, flags=RF-4, RF-6",0.92,Reviewed under PARAKH Annotation Standard v2.0 for CENTRAL jurisdiction.
MAH-MA-2021-01062,AUDITOR_EXP_01,2026-09-27T16:00:00,35,"RF-5, RF-6",2,1,"Elevated multi-factor risk: Co-occurrence of threshold manipulation, compressed bidding window, or repeat winner pattern.","duration=21.0d, threshold_val=₹188,183,360, flags=RF-5, RF-6",0.92,Reviewed under PARAKH Annotation Standard v2.0 for MAHARASHTRA jurisdiction.
2017_HIMUD_16664_1,AUDITOR_EXP_01,2026-09-27T18:00:00,0,NONE,0,0,"Compliant procurement: Competitive bidding window, standard price alignment, and multiple participating suppliers.","bidders=4, duration=18.27083333333333d, estimate_alignment=OK",0.99,Reviewed under PARAKH Annotation Standard v2.0 for HIMACHAL PRADESH jurisdiction.
CEN-CE-2021-01217,AUDITOR_EXP_01,2026-09-27T20:00:00,55,"RF-1, RF-4, RF-6",2,1,"Elevated multi-factor risk: Co-occurrence of threshold manipulation, compressed bidding window, or repeat winner pattern.","duration=4.0d, threshold_val=₹26,849,565, flags=RF-1, RF-4, RF-6",0.92,Reviewed under PARAKH Annotation Standard v2.0 for CENTRAL jurisdiction.
2019_DMEHP_32870_1,AUDITOR_EXP_01,2026-09-27T22:00:00,35,"RF-5, RF-6",2,1,"Elevated multi-factor risk: Co-occurrence of threshold manipulation, compressed bidding window, or repeat winner pattern.","duration=20.791666666666668d, threshold_val=₹887,600, flags=RF-5, RF-6",0.92,Reviewed under PARAKH Annotation Standard v2.0 for HIMACHAL PRADESH jurisdiction.
2018_HPIPH_25282_1,AUDITOR_EXP_01,2026-09-28T00:00:00,45,"RF-1, RF-5",3,1,Severe procurement anomaly: Single-bidder monopoly coupled with high price deviation or department dominance.,"bidders=1, price_deviation=0.64, flags=RF-1, RF-5",0.98,Reviewed under PARAKH Annotation Standard v2.0 for HIMACHAL PRADESH jurisdiction.
2019_HPIPH_32570_1,AUDITOR_EXP_01,2026-09-28T02:00:00,15,RF-6,1,0,Isolated procedural deviation without evidence of systematic competition restriction.,"flags=RF-6, bidders=5",0.88,Reviewed under PARAKH Annotation Standard v2.0 for HIMACHAL PRADESH jurisdiction.
CEN-CE-2021-01035,AUDITOR_EXP_01,2026-09-28T04:00:00,40,"RF-1, RF-6",2,1,"Elevated multi-factor risk: Co-occurrence of threshold manipulation, compressed bidding window, or repeat winner pattern.","duration=30.0d, threshold_val=₹21,812,944, flags=RF-1, RF-6",0.92,Reviewed under PARAKH Annotation Standard v2.0 for CENTRAL jurisdiction.
2018_HPIPH_23633_1,AUDITOR_EXP_01,2026-09-28T06:00:00,0,NONE,0,0,"Compliant procurement: Competitive bidding window, standard price alignment, and multiple participating suppliers.","bidders=2, duration=19.92708333333333d, estimate_alignment=OK",0.99,Reviewed under PARAKH Annotation Standard v2.0 for HIMACHAL PRADESH jurisdiction.
UTT-UT-2021-01134,AUDITOR_EXP_01,2026-09-28T08:00:00,55,"RF-1, RF-4, RF-6",2,1,"Elevated multi-factor risk: Co-occurrence of threshold manipulation, compressed bidding window, or repeat winner pattern.","duration=4.0d, threshold_val=₹86,908,203, flags=RF-1, RF-4, RF-6",0.92,Reviewed under PARAKH Annotation Standard v2.0 for UTTAR PRADESH jurisdiction.
UTT-UT-2021-01223,AUDITOR_EXP_01,2026-09-28T10:00:00,30,"RF-4, RF-6",2,1,"Elevated multi-factor risk: Co-occurrence of threshold manipulation, compressed bidding window, or repeat winner pattern.","duration=6.0d, threshold_val=₹6,312,251, flags=RF-4, RF-6",0.92,Reviewed under PARAKH Annotation Standard v2.0 for UTTAR PRADESH jurisdiction.
MAH-MA-2021-01282,AUDITOR_EXP_01,2026-09-28T12:00:00,50,"RF-4, RF-5, RF-6",2,1,"Elevated multi-factor risk: Co-occurrence of threshold manipulation, compressed bidding window, or repeat winner pattern.","duration=6.0d, threshold_val=₹6,708,504, flags=RF-4, RF-5, RF-6",0.92,Reviewed under PARAKH Annotation Standard v2.0 for MAHARASHTRA jurisdiction.
2017_PWD_15742_1,AUDITOR_EXP_01,2026-09-28T14:00:00,35,"RF-5, RF-6",2,1,"Elevated multi-factor risk: Co-occurrence of threshold manipulation, compressed bidding window, or repeat winner pattern.","duration=13.833333333333334d, threshold_val=₹4,032,045, flags=RF-5, RF-6",0.92,Reviewed under PARAKH Annotation Standard v2.0 for HIMACHAL PRADESH jurisdiction.
CEN-CE-2021-01088,AUDITOR_EXP_01,2026-09-28T16:00:00,30,"RF-4, RF-6",2,1,"Elevated multi-factor risk: Co-occurrence of threshold manipulation, compressed bidding window, or repeat winner pattern.","duration=4.0d, threshold_val=₹182,667,434, flags=RF-4, RF-6",0.92,Reviewed under PARAKH Annotation Standard v2.0 for CENTRAL jurisdiction.
RAJ-RA-2021-01019,AUDITOR_EXP_01,2026-09-28T18:00:00,40,"RF-1, RF-6",2,1,"Elevated multi-factor risk: Co-occurrence of threshold manipulation, compressed bidding window, or repeat winner pattern.","duration=21.0d, threshold_val=₹3,800,363, flags=RF-1, RF-6",0.92,Reviewed under PARAKH Annotation Standard v2.0 for RAJASTHAN jurisdiction.
CEN-CE-2021-01112,AUDITOR_EXP_01,2026-09-28T20:00:00,30,"RF-4, RF-6",2,1,"Elevated multi-factor risk: Co-occurrence of threshold manipulation, compressed bidding window, or repeat winner pattern.","duration=4.0d, threshold_val=₹10,657,216, flags=RF-4, RF-6",0.92,Reviewed under PARAKH Annotation Standard v2.0 for CENTRAL jurisdiction.
KAR-KA-2021-01222,AUDITOR_EXP_01,2026-09-28T22:00:00,55,"RF-1, RF-4, RF-6",2,1,"Elevated multi-factor risk: Co-occurrence of threshold manipulation, compressed bidding window, or repeat winner pattern.","duration=4.0d, threshold_val=₹5,393,903, flags=RF-1, RF-4, RF-6",0.92,Reviewed under PARAKH Annotation Standard v2.0 for KARNATAKA jurisdiction.
2018_HPIPH_20131_1,AUDITOR_EXP_01,2026-09-29T00:00:00,55,"RF-3, RF-5, RF-6",2,1,"Elevated multi-factor risk: Co-occurrence of threshold manipulation, compressed bidding window, or repeat winner pattern.","duration=21.791666666666668d, threshold_val=₹4,812,892, flags=RF-3, RF-5, RF-6",0.92,Reviewed under PARAKH Annotation Standard v2.0 for HIMACHAL PRADESH jurisdiction.
2019_HPIPH_30537_1,AUDITOR_EXP_01,2026-09-29T02:00:00,15,RF-6,1,0,Isolated procedural deviation without evidence of systematic competition restriction.,"flags=RF-6, bidders=4",0.88,Reviewed under PARAKH Annotation Standard v2.0 for HIMACHAL PRADESH jurisdiction.
KAR-KA-2021-01234,AUDITOR_EXP_01,2026-09-29T04:00:00,30,"RF-4, RF-6",2,1,"Elevated multi-factor risk: Co-occurrence of threshold manipulation, compressed bidding window, or repeat winner pattern.","duration=6.0d, threshold_val=₹26,183,704, flags=RF-4, RF-6",0.92,Reviewed under PARAKH Annotation Standard v2.0 for KARNATAKA jurisdiction.
CEN-CE-2021-01341,AUDITOR_EXP_01,2026-09-29T06:00:00,40,"RF-1, RF-6",2,1,"Elevated multi-factor risk: Co-occurrence of threshold manipulation, compressed bidding window, or repeat winner pattern.","duration=30.0d, threshold_val=₹5,690,664, flags=RF-1, RF-6",0.92,Reviewed under PARAKH Annotation Standard v2.0 for CENTRAL jurisdiction.
2017_PWD_16435_3,AUDITOR_EXP_01,2026-09-29T08:00:00,40,"RF-1, RF-6",2,1,"Elevated multi-factor risk: Co-occurrence of threshold manipulation, compressed bidding window, or repeat winner pattern.","duration=12.104166666666666d, threshold_val=₹3,556,300, flags=RF-1, RF-6",0.92,Reviewed under PARAKH Annotation Standard v2.0 for HIMACHAL PRADESH jurisdiction.
2017_PWD_17568_1,AUDITOR_EXP_01,2026-09-29T10:00:00,35,"RF-5, RF-6",2,1,"Elevated multi-factor risk: Co-occurrence of threshold manipulation, compressed bidding window, or repeat winner pattern.","duration=17.333333333333332d, threshold_val=₹278,249, flags=RF-5, RF-6",0.92,Reviewed under PARAKH Annotation Standard v2.0 for HIMACHAL PRADESH jurisdiction.
2018_PWD_22348_1,AUDITOR_EXP_01,2026-09-29T12:00:00,0,NONE,0,0,"Compliant procurement: Competitive bidding window, standard price alignment, and multiple participating suppliers.","bidders=5, duration=11.0d, estimate_alignment=OK",0.99,Reviewed under PARAKH Annotation Standard v2.0 for HIMACHAL PRADESH jurisdiction.
2018_HPIPH_25212_1,AUDITOR_EXP_01,2026-09-29T14:00:00,35,"RF-5, RF-6",2,1,"Elevated multi-factor risk: Co-occurrence of threshold manipulation, compressed bidding window, or repeat winner pattern.","duration=14.083333333333334d, threshold_val=₹1,581,200, flags=RF-5, RF-6",0.92,Reviewed under PARAKH Annotation Standard v2.0 for HIMACHAL PRADESH jurisdiction.
2017_PWD_16932_1,AUDITOR_EXP_01,2026-09-29T16:00:00,50,"RF-4, RF-5, RF-6",2,1,"Elevated multi-factor risk: Co-occurrence of threshold manipulation, compressed bidding window, or repeat winner pattern.","duration=6.659722222222222d, threshold_val=₹2,454,841, flags=RF-4, RF-5, RF-6",0.92,Reviewed under PARAKH Annotation Standard v2.0 for HIMACHAL PRADESH jurisdiction.
UTT-UT-2021-01211,AUDITOR_EXP_01,2026-09-29T18:00:00,55,"RF-1, RF-4, RF-6",2,1,"Elevated multi-factor risk: Co-occurrence of threshold manipulation, compressed bidding window, or repeat winner pattern.","duration=6.0d, threshold_val=₹23,442,250, flags=RF-1, RF-4, RF-6",0.92,Reviewed under PARAKH Annotation Standard v2.0 for UTTAR PRADESH jurisdiction.
KAR-KA-2021-01090,AUDITOR_EXP_01,2026-09-29T20:00:00,40,"RF-1, RF-6",2,1,"Elevated multi-factor risk: Co-occurrence of threshold manipulation, compressed bidding window, or repeat winner pattern.","duration=21.0d, threshold_val=₹24,422,665, flags=RF-1, RF-6",0.92,Reviewed under PARAKH Annotation Standard v2.0 for KARNATAKA jurisdiction.
2018_MC_23458_2,AUDITOR_EXP_01,2026-09-29T22:00:00,35,"RF-4, RF-5",2,1,"Elevated multi-factor risk: Co-occurrence of threshold manipulation, compressed bidding window, or repeat winner pattern.","duration=6.729166666666667d, threshold_val=₹1,308,569, flags=RF-4, RF-5",0.92,Reviewed under PARAKH Annotation Standard v2.0 for HIMACHAL PRADESH jurisdiction.
2017_MC_15003_10,AUDITOR_EXP_01,2026-09-30T00:00:00,35,"RF-5, RF-6",2,1,"Elevated multi-factor risk: Co-occurrence of threshold manipulation, compressed bidding window, or repeat winner pattern.","duration=8.729166666666666d, threshold_val=₹2,890,800, flags=RF-5, RF-6",0.92,Reviewed under PARAKH Annotation Standard v2.0 for HIMACHAL PRADESH jurisdiction.
2017_UDDHP_18179_1,AUDITOR_EXP_01,2026-09-30T02:00:00,50,"RF-4, RF-5, RF-6",2,1,"Elevated multi-factor risk: Co-occurrence of threshold manipulation, compressed bidding window, or repeat winner pattern.","duration=6.333333333333333d, threshold_val=₹398,124, flags=RF-4, RF-5, RF-6",0.92,Reviewed under PARAKH Annotation Standard v2.0 for HIMACHAL PRADESH jurisdiction.
RAJ-RA-2021-01104,AUDITOR_EXP_01,2026-09-30T04:00:00,55,"RF-1, RF-4, RF-6",2,1,"Elevated multi-factor risk: Co-occurrence of threshold manipulation, compressed bidding window, or repeat winner pattern.","duration=6.0d, threshold_val=₹2,154,712, flags=RF-1, RF-4, RF-6",0.92,Reviewed under PARAKH Annotation Standard v2.0 for RAJASTHAN jurisdiction.
2017_PWD_17999_2,AUDITOR_EXP_01,2026-09-30T06:00:00,30,"RF-4, RF-6",2,1,"Elevated multi-factor risk: Co-occurrence of threshold manipulation, compressed bidding window, or repeat winner pattern.","duration=5.708333333333333d, threshold_val=₹1,039,783, flags=RF-4, RF-6",0.92,Reviewed under PARAKH Annotation Standard v2.0 for HIMACHAL PRADESH jurisdiction.
2017_UDDHP_18149_1,AUDITOR_EXP_01,2026-09-30T08:00:00,35,"RF-5, RF-6",2,1,"Elevated multi-factor risk: Co-occurrence of threshold manipulation, compressed bidding window, or repeat winner pattern.","duration=10.25d, threshold_val=₹287,025, flags=RF-5, RF-6",0.92,Reviewed under PARAKH Annotation Standard v2.0 for HIMACHAL PRADESH jurisdiction.
2017_HPIPH_17665_1-783,AUDITOR_EXP_01,2026-09-30T10:00:00,0,NONE,0,0,"Compliant procurement: Competitive bidding window, standard price alignment, and multiple participating suppliers.","bidders=7, duration=20.89583333333333d, estimate_alignment=OK",0.99,Reviewed under PARAKH Annotation Standard v2.0 for HIMACHAL PRADESH jurisdiction.
RAJ-RA-2021-01155,AUDITOR_EXP_01,2026-09-30T12:00:00,75,"RF-1, RF-3, RF-4, RF-6",2,1,"Elevated multi-factor risk: Co-occurrence of threshold manipulation, compressed bidding window, or repeat winner pattern.","duration=6.0d, threshold_val=₹4,889,151, flags=RF-1, RF-3, RF-4, RF-6",0.92,Reviewed under PARAKH Annotation Standard v2.0 for RAJASTHAN jurisdiction.
MAH-MA-2021-01183,AUDITOR_EXP_01,2026-09-30T14:00:00,30,"RF-4, RF-6",2,1,"Elevated multi-factor risk: Co-occurrence of threshold manipulation, compressed bidding window, or repeat winner pattern.","duration=6.0d, threshold_val=₹2,293,348, flags=RF-4, RF-6",0.92,Reviewed under PARAKH Annotation Standard v2.0 for MAHARASHTRA jurisdiction.
2017_PWD_15666_1,AUDITOR_EXP_01,2026-09-30T16:00:00,35,"RF-5, RF-6",2,1,"Elevated multi-factor risk: Co-occurrence of threshold manipulation, compressed bidding window, or repeat winner pattern.","duration=14.0d, threshold_val=₹20,625,185, flags=RF-5, RF-6",0.92,Reviewed under PARAKH Annotation Standard v2.0 for HIMACHAL PRADESH jurisdiction.
2019_HPIPH_26397_1,AUDITOR_EXP_01,2026-09-30T18:00:00,35,"RF-5, RF-6",2,1,"Elevated multi-factor risk: Co-occurrence of threshold manipulation, compressed bidding window, or repeat winner pattern.","duration=20.75d, threshold_val=₹22,429,336, flags=RF-5, RF-6",0.92,Reviewed under PARAKH Annotation Standard v2.0 for HIMACHAL PRADESH jurisdiction.
UTT-UT-2021-01204,AUDITOR_EXP_01,2026-09-30T20:00:00,30,"RF-4, RF-6",2,1,"Elevated multi-factor risk: Co-occurrence of threshold manipulation, compressed bidding window, or repeat winner pattern.","duration=4.0d, threshold_val=₹172,103,696, flags=RF-4, RF-6",0.92,Reviewed under PARAKH Annotation Standard v2.0 for UTTAR PRADESH jurisdiction.
2017_PWD_16443_1,AUDITOR_EXP_01,2026-09-30T22:00:00,35,"RF-4, RF-5",2,1,"Elevated multi-factor risk: Co-occurrence of threshold manipulation, compressed bidding window, or repeat winner pattern.","duration=6.729166666666667d, threshold_val=₹2,992,116, flags=RF-4, RF-5",0.92,Reviewed under PARAKH Annotation Standard v2.0 for HIMACHAL PRADESH jurisdiction.
2017_PWD_15055_10-3309,AUDITOR_EXP_01,2026-10-01T00:00:00,20,RF-5,1,0,Isolated procedural deviation without evidence of systematic competition restriction.,"flags=RF-5, bidders=2",0.88,Reviewed under PARAKH Annotation Standard v2.0 for HIMACHAL PRADESH jurisdiction.
2017_HPIPH_17010_1,AUDITOR_EXP_01,2026-10-01T02:00:00,35,"RF-4, RF-5",2,1,"Elevated multi-factor risk: Co-occurrence of threshold manipulation, compressed bidding window, or repeat winner pattern.","duration=6.75d, threshold_val=₹2,783,449, flags=RF-4, RF-5",0.92,Reviewed under PARAKH Annotation Standard v2.0 for HIMACHAL PRADESH jurisdiction.
2017_PWD_16204_1,AUDITOR_EXP_01,2026-10-01T04:00:00,40,"RF-1, RF-6",2,1,"Elevated multi-factor risk: Co-occurrence of threshold manipulation, compressed bidding window, or repeat winner pattern.","duration=14.90625d, threshold_val=₹1,368,990, flags=RF-1, RF-6",0.92,Reviewed under PARAKH Annotation Standard v2.0 for HIMACHAL PRADESH jurisdiction.
RAJ-RA-2021-01130,AUDITOR_EXP_01,2026-10-01T06:00:00,30,"RF-4, RF-6",2,1,"Elevated multi-factor risk: Co-occurrence of threshold manipulation, compressed bidding window, or repeat winner pattern.","duration=6.0d, threshold_val=₹21,136,880, flags=RF-4, RF-6",0.92,Reviewed under PARAKH Annotation Standard v2.0 for RAJASTHAN jurisdiction.
2019_PWD_29965_4,AUDITOR_EXP_01,2026-10-01T08:00:00,35,"RF-4, RF-5",2,1,"Elevated multi-factor risk: Co-occurrence of threshold manipulation, compressed bidding window, or repeat winner pattern.","duration=5.666666666666667d, threshold_val=₹3,585,452, flags=RF-4, RF-5",0.92,Reviewed under PARAKH Annotation Standard v2.0 for HIMACHAL PRADESH jurisdiction.
2017_PWD_17480_1,AUDITOR_EXP_01,2026-10-01T10:00:00,35,"RF-5, RF-6",2,1,"Elevated multi-factor risk: Co-occurrence of threshold manipulation, compressed bidding window, or repeat winner pattern.","duration=21.041666666666668d, threshold_val=₹1,067,370, flags=RF-5, RF-6",0.92,Reviewed under PARAKH Annotation Standard v2.0 for HIMACHAL PRADESH jurisdiction.
2017_UDDHP_18197_1,AUDITOR_EXP_01,2026-10-01T12:00:00,50,"RF-4, RF-5, RF-6",2,1,"Elevated multi-factor risk: Co-occurrence of threshold manipulation, compressed bidding window, or repeat winner pattern.","duration=6.333333333333333d, threshold_val=₹853,032, flags=RF-4, RF-5, RF-6",0.92,Reviewed under PARAKH Annotation Standard v2.0 for HIMACHAL PRADESH jurisdiction.
MAH-MA-2021-01108,AUDITOR_EXP_01,2026-10-01T14:00:00,35,"RF-5, RF-6",2,1,"Elevated multi-factor risk: Co-occurrence of threshold manipulation, compressed bidding window, or repeat winner pattern.","duration=21.0d, threshold_val=₹6,637,064, flags=RF-5, RF-6",0.92,Reviewed under PARAKH Annotation Standard v2.0 for MAHARASHTRA jurisdiction.
2018_PWD_20063_5,AUDITOR_EXP_01,2026-10-01T16:00:00,15,RF-6,1,0,Isolated procedural deviation without evidence of systematic competition restriction.,"flags=RF-6, bidders=2",0.88,Reviewed under PARAKH Annotation Standard v2.0 for HIMACHAL PRADESH jurisdiction.
2013_HPIPH_1761_1,AUDITOR_EXP_01,2026-10-01T18:00:00,45,"RF-1, RF-5",3,1,Severe procurement anomaly: Single-bidder monopoly coupled with high price deviation or department dominance.,"bidders=1, price_deviation=0.40, flags=RF-1, RF-5",0.98,Reviewed under PARAKH Annotation Standard v2.0 for HIMACHAL PRADESH jurisdiction.
UTT-UT-2021-01051,AUDITOR_EXP_01,2026-10-01T20:00:00,30,"RF-4, RF-6",2,1,"Elevated multi-factor risk: Co-occurrence of threshold manipulation, compressed bidding window, or repeat winner pattern.","duration=4.0d, threshold_val=₹78,246,294, flags=RF-4, RF-6",0.92,Reviewed under PARAKH Annotation Standard v2.0 for UTTAR PRADESH jurisdiction.
UTT-UT-2021-01224,AUDITOR_EXP_01,2026-10-01T22:00:00,35,"RF-5, RF-6",2,1,"Elevated multi-factor risk: Co-occurrence of threshold manipulation, compressed bidding window, or repeat winner pattern.","duration=30.0d, threshold_val=₹6,688,541, flags=RF-5, RF-6",0.92,Reviewed under PARAKH Annotation Standard v2.0 for UTTAR PRADESH jurisdiction.
2017_PWD_15174_4,AUDITOR_EXP_01,2026-10-02T00:00:00,35,"RF-5, RF-6",2,1,"Elevated multi-factor risk: Co-occurrence of threshold manipulation, compressed bidding window, or repeat winner pattern.","duration=21.041666666666668d, threshold_val=₹2,061,648, flags=RF-5, RF-6",0.92,Reviewed under PARAKH Annotation Standard v2.0 for HIMACHAL PRADESH jurisdiction.
2018_MC_19610_13,AUDITOR_EXP_01,2026-10-02T02:00:00,35,"RF-4, RF-5",2,1,"Elevated multi-factor risk: Co-occurrence of threshold manipulation, compressed bidding window, or repeat winner pattern.","duration=6.729166666666667d, threshold_val=₹2,033,546, flags=RF-4, RF-5",0.92,Reviewed under PARAKH Annotation Standard v2.0 for HIMACHAL PRADESH jurisdiction.
MAH-MA-2021-01022,AUDITOR_EXP_01,2026-10-02T04:00:00,30,"RF-4, RF-6",2,1,"Elevated multi-factor risk: Co-occurrence of threshold manipulation, compressed bidding window, or repeat winner pattern.","duration=6.0d, threshold_val=₹4,257,377, flags=RF-4, RF-6",0.92,Reviewed under PARAKH Annotation Standard v2.0 for MAHARASHTRA jurisdiction.
2017_PWD_15887_1,AUDITOR_EXP_01,2026-10-02T06:00:00,15,RF-6,1,0,Isolated procedural deviation without evidence of systematic competition restriction.,"flags=RF-6, bidders=3",0.88,Reviewed under PARAKH Annotation Standard v2.0 for HIMACHAL PRADESH jurisdiction.
RAJ-RA-2021-01209,AUDITOR_EXP_01,2026-10-02T08:00:00,55,"RF-1, RF-4, RF-6",2,1,"Elevated multi-factor risk: Co-occurrence of threshold manipulation, compressed bidding window, or repeat winner pattern.","duration=6.0d, threshold_val=₹3,313,908, flags=RF-1, RF-4, RF-6",0.92,Reviewed under PARAKH Annotation Standard v2.0 for RAJASTHAN jurisdiction.
2019_HPIPH_25792_1,AUDITOR_EXP_01,2026-10-02T10:00:00,20,RF-5,1,0,Isolated procedural deviation without evidence of systematic competition restriction.,"flags=RF-5, bidders=3",0.88,Reviewed under PARAKH Annotation Standard v2.0 for HIMACHAL PRADESH jurisdiction.
CEN-CE-2021-01073,AUDITOR_EXP_01,2026-10-02T12:00:00,40,"RF-1, RF-6",2,1,"Elevated multi-factor risk: Co-occurrence of threshold manipulation, compressed bidding window, or repeat winner pattern.","duration=30.0d, threshold_val=₹5,730,103, flags=RF-1, RF-6",0.92,Reviewed under PARAKH Annotation Standard v2.0 for CENTRAL jurisdiction.
MAH-MA-2021-01139,AUDITOR_EXP_01,2026-10-02T14:00:00,75,"RF-1, RF-4, RF-5, RF-6",3,1,Severe procurement anomaly: Single-bidder monopoly coupled with high price deviation or department dominance.,"bidders=1, price_deviation=0.35, flags=RF-1, RF-4, RF-5, RF-6",0.98,Reviewed under PARAKH Annotation Standard v2.0 for MAHARASHTRA jurisdiction.
2018_PWD_19844_6,AUDITOR_EXP_01,2026-10-02T16:00:00,35,"RF-5, RF-6",2,1,"Elevated multi-factor risk: Co-occurrence of threshold manipulation, compressed bidding window, or repeat winner pattern.","duration=20.0d, threshold_val=₹3,669,020, flags=RF-5, RF-6",0.92,Reviewed under PARAKH Annotation Standard v2.0 for HIMACHAL PRADESH jurisdiction.
2017_UDDHP_18321_1,AUDITOR_EXP_01,2026-10-02T18:00:00,50,"RF-4, RF-5, RF-6",2,1,"Elevated multi-factor risk: Co-occurrence of threshold manipulation, compressed bidding window, or repeat winner pattern.","duration=5.333333333333333d, threshold_val=₹462,796, flags=RF-4, RF-5, RF-6",0.92,Reviewed under PARAKH Annotation Standard v2.0 for HIMACHAL PRADESH jurisdiction.
UTT-UT-2021-01157,AUDITOR_EXP_01,2026-10-02T20:00:00,15,RF-4,1,0,Isolated procedural deviation without evidence of systematic competition restriction.,"flags=RF-4, bidders=3",0.88,Reviewed under PARAKH Annotation Standard v2.0 for UTTAR PRADESH jurisdiction.
2018_MC_23685_1,AUDITOR_EXP_01,2026-10-02T22:00:00,20,RF-5,1,0,Isolated procedural deviation without evidence of systematic competition restriction.,"flags=RF-5, bidders=8",0.88,Reviewed under PARAKH Annotation Standard v2.0 for HIMACHAL PRADESH jurisdiction.
CEN-CE-2021-01122,AUDITOR_EXP_01,2026-10-03T00:00:00,40,"RF-1, RF-6",2,1,"Elevated multi-factor risk: Co-occurrence of threshold manipulation, compressed bidding window, or repeat winner pattern.","duration=21.0d, threshold_val=₹155,597,345, flags=RF-1, RF-6",0.92,Reviewed under PARAKH Annotation Standard v2.0 for CENTRAL jurisdiction.
2017_PWD_15314_1,AUDITOR_EXP_01,2026-10-03T02:00:00,15,RF-6,1,0,Isolated procedural deviation without evidence of systematic competition restriction.,"flags=RF-6, bidders=4",0.88,Reviewed under PARAKH Annotation Standard v2.0 for HIMACHAL PRADESH jurisdiction.
2019_PWD_27701_1,AUDITOR_EXP_01,2026-10-03T04:00:00,35,"RF-4, RF-5",2,1,"Elevated multi-factor risk: Co-occurrence of threshold manipulation, compressed bidding window, or repeat winner pattern.","duration=6.083333333333333d, threshold_val=₹761,673, flags=RF-4, RF-5",0.92,Reviewed under PARAKH Annotation Standard v2.0 for HIMACHAL PRADESH jurisdiction.
2019_HPIPH_33200_1,AUDITOR_EXP_01,2026-10-03T06:00:00,15,RF-6,1,0,Isolated procedural deviation without evidence of systematic competition restriction.,"flags=RF-6, bidders=9",0.88,Reviewed under PARAKH Annotation Standard v2.0 for HIMACHAL PRADESH jurisdiction.
2017_PWD_15294_5,AUDITOR_EXP_01,2026-10-03T08:00:00,35,"RF-5, RF-6",2,1,"Elevated multi-factor risk: Co-occurrence of threshold manipulation, compressed bidding window, or repeat winner pattern.","duration=20.6875d, threshold_val=₹1,613,700, flags=RF-5, RF-6",0.92,Reviewed under PARAKH Annotation Standard v2.0 for HIMACHAL PRADESH jurisdiction.
2018_HPIPH_22898_1,AUDITOR_EXP_01,2026-10-03T10:00:00,0,NONE,0,0,"Compliant procurement: Competitive bidding window, standard price alignment, and multiple participating suppliers.","bidders=5, duration=21.83333333333333d, estimate_alignment=OK",0.99,Reviewed under PARAKH Annotation Standard v2.0 for HIMACHAL PRADESH jurisdiction.
RAJ-RA-2021-01160,AUDITOR_EXP_01,2026-10-03T12:00:00,35,"RF-3, RF-6",2,1,"Elevated multi-factor risk: Co-occurrence of threshold manipulation, compressed bidding window, or repeat winner pattern.","duration=14.0d, threshold_val=₹4,700,985, flags=RF-3, RF-6",0.92,Reviewed under PARAKH Annotation Standard v2.0 for RAJASTHAN jurisdiction.
RAJ-RA-2021-01180,AUDITOR_EXP_01,2026-10-03T14:00:00,50,"RF-4, RF-5, RF-6",2,1,"Elevated multi-factor risk: Co-occurrence of threshold manipulation, compressed bidding window, or repeat winner pattern.","duration=4.0d, threshold_val=₹8,183,212, flags=RF-4, RF-5, RF-6",0.92,Reviewed under PARAKH Annotation Standard v2.0 for RAJASTHAN jurisdiction.
UTT-UT-2021-01059,AUDITOR_EXP_01,2026-10-03T16:00:00,50,"RF-3, RF-4, RF-6",2,1,"Elevated multi-factor risk: Co-occurrence of threshold manipulation, compressed bidding window, or repeat winner pattern.","duration=4.0d, threshold_val=₹4,727,228, flags=RF-3, RF-4, RF-6",0.92,Reviewed under PARAKH Annotation Standard v2.0 for UTTAR PRADESH jurisdiction.
2017_PWD_16284_1,AUDITOR_EXP_01,2026-10-03T18:00:00,15,RF-6,1,0,Isolated procedural deviation without evidence of systematic competition restriction.,"flags=RF-6, bidders=3",0.88,Reviewed under PARAKH Annotation Standard v2.0 for HIMACHAL PRADESH jurisdiction.
2018_HPIPH_19553_1,AUDITOR_EXP_01,2026-10-03T20:00:00,15,RF-6,1,0,Isolated procedural deviation without evidence of systematic competition restriction.,"flags=RF-6, bidders=2",0.88,Reviewed under PARAKH Annotation Standard v2.0 for HIMACHAL PRADESH jurisdiction.
KAR-KA-2021-01036,AUDITOR_EXP_01,2026-10-03T22:00:00,30,"RF-4, RF-6",2,1,"Elevated multi-factor risk: Co-occurrence of threshold manipulation, compressed bidding window, or repeat winner pattern.","duration=6.0d, threshold_val=₹6,922,855, flags=RF-4, RF-6",0.92,Reviewed under PARAKH Annotation Standard v2.0 for KARNATAKA jurisdiction.
2017_MC_15003_6,AUDITOR_EXP_01,2026-10-04T00:00:00,35,"RF-5, RF-6",2,1,"Elevated multi-factor risk: Co-occurrence of threshold manipulation, compressed bidding window, or repeat winner pattern.","duration=8.729166666666666d, threshold_val=₹1,857,240, flags=RF-5, RF-6",0.92,Reviewed under PARAKH Annotation Standard v2.0 for HIMACHAL PRADESH jurisdiction.
2017_PWD_15242_1,AUDITOR_EXP_01,2026-10-04T02:00:00,35,"RF-5, RF-6",2,1,"Elevated multi-factor risk: Co-occurrence of threshold manipulation, compressed bidding window, or repeat winner pattern.","duration=13.0625d, threshold_val=₹2,463,100, flags=RF-5, RF-6",0.92,Reviewed under PARAKH Annotation Standard v2.0 for HIMACHAL PRADESH jurisdiction.
RAJ-RA-2021-01240,AUDITOR_EXP_01,2026-10-04T04:00:00,40,"RF-1, RF-6",2,1,"Elevated multi-factor risk: Co-occurrence of threshold manipulation, compressed bidding window, or repeat winner pattern.","duration=30.0d, threshold_val=₹202,390,089, flags=RF-1, RF-6",0.92,Reviewed under PARAKH Annotation Standard v2.0 for RAJASTHAN jurisdiction.
KAR-KA-2021-01136,AUDITOR_EXP_01,2026-10-04T06:00:00,60,"RF-1, RF-4, RF-5",3,1,Severe procurement anomaly: Single-bidder monopoly coupled with high price deviation or department dominance.,"bidders=1, price_deviation=0.35, flags=RF-1, RF-4, RF-5",0.98,Reviewed under PARAKH Annotation Standard v2.0 for KARNATAKA jurisdiction.
2018_PWD_19237_1,AUDITOR_EXP_01,2026-10-04T08:00:00,35,"RF-5, RF-6",2,1,"Elevated multi-factor risk: Co-occurrence of threshold manipulation, compressed bidding window, or repeat winner pattern.","duration=21.75d, threshold_val=₹2,992,973, flags=RF-5, RF-6",0.92,Reviewed under PARAKH Annotation Standard v2.0 for HIMACHAL PRADESH jurisdiction.
UTT-UT-2021-01208,AUDITOR_EXP_01,2026-10-04T10:00:00,30,"RF-4, RF-6",2,1,"Elevated multi-factor risk: Co-occurrence of threshold manipulation, compressed bidding window, or repeat winner pattern.","duration=4.0d, threshold_val=₹5,330,980, flags=RF-4, RF-6",0.92,Reviewed under PARAKH Annotation Standard v2.0 for UTTAR PRADESH jurisdiction.
KAR-KA-2021-01053,AUDITOR_EXP_01,2026-10-04T12:00:00,60,"RF-1, RF-5, RF-6",3,1,Severe procurement anomaly: Single-bidder monopoly coupled with high price deviation or department dominance.,"bidders=1, price_deviation=0.35, flags=RF-1, RF-5, RF-6",0.98,Reviewed under PARAKH Annotation Standard v2.0 for KARNATAKA jurisdiction.
2017_PWD_15997_4,AUDITOR_EXP_01,2026-10-04T14:00:00,35,"RF-5, RF-6",2,1,"Elevated multi-factor risk: Co-occurrence of threshold manipulation, compressed bidding window, or repeat winner pattern.","duration=21.041666666666668d, threshold_val=₹938,160, flags=RF-5, RF-6",0.92,Reviewed under PARAKH Annotation Standard v2.0 for HIMACHAL PRADESH jurisdiction.
2017_PWD_18452_2,AUDITOR_EXP_01,2026-10-04T16:00:00,35,"RF-5, RF-6",2,1,"Elevated multi-factor risk: Co-occurrence of threshold manipulation, compressed bidding window, or repeat winner pattern.","duration=24.854166666666668d, threshold_val=₹994,950, flags=RF-5, RF-6",0.92,Reviewed under PARAKH Annotation Standard v2.0 for HIMACHAL PRADESH jurisdiction.
2019_HPIPH_30787_1,AUDITOR_EXP_01,2026-10-04T18:00:00,0,NONE,0,0,"Compliant procurement: Competitive bidding window, standard price alignment, and multiple participating suppliers.","bidders=3, duration=13.708333333333334d, estimate_alignment=OK",0.99,Reviewed under PARAKH Annotation Standard v2.0 for HIMACHAL PRADESH jurisdiction.
UTT-UT-2021-01162,AUDITOR_EXP_01,2026-10-04T20:00:00,55,"RF-1, RF-4, RF-6",2,1,"Elevated multi-factor risk: Co-occurrence of threshold manipulation, compressed bidding window, or repeat winner pattern.","duration=4.0d, threshold_val=₹5,977,123, flags=RF-1, RF-4, RF-6",0.92,Reviewed under PARAKH Annotation Standard v2.0 for UTTAR PRADESH jurisdiction.
2017_PWD_15643_1,AUDITOR_EXP_01,2026-10-04T22:00:00,40,"RF-1, RF-6",2,1,"Elevated multi-factor risk: Co-occurrence of threshold manipulation, compressed bidding window, or repeat winner pattern.","duration=8.791666666666666d, threshold_val=₹1,649,751, flags=RF-1, RF-6",0.92,Reviewed under PARAKH Annotation Standard v2.0 for HIMACHAL PRADESH jurisdiction.
RAJ-RA-2021-01064,AUDITOR_EXP_01,2026-10-05T00:00:00,35,"RF-5, RF-6",2,1,"Elevated multi-factor risk: Co-occurrence of threshold manipulation, compressed bidding window, or repeat winner pattern.","duration=14.0d, threshold_val=₹8,259,263, flags=RF-5, RF-6",0.92,Reviewed under PARAKH Annotation Standard v2.0 for RAJASTHAN jurisdiction.
2018_HPIPH_21197_1-665,AUDITOR_EXP_01,2026-10-05T02:00:00,15,RF-6,1,0,Isolated procedural deviation without evidence of systematic competition restriction.,"flags=RF-6, bidders=5",0.88,Reviewed under PARAKH Annotation Standard v2.0 for HIMACHAL PRADESH jurisdiction.
2020_DFHW_34986_3,AUDITOR_EXP_01,2026-10-05T04:00:00,40,"RF-2, RF-6",2,1,"Elevated multi-factor risk: Co-occurrence of threshold manipulation, compressed bidding window, or repeat winner pattern.","duration=16.333333333333332d, threshold_val=₹2,714,000, flags=RF-2, RF-6",0.92,Reviewed under PARAKH Annotation Standard v2.0 for HIMACHAL PRADESH jurisdiction.
2019_HPIPH_29152_1,AUDITOR_EXP_01,2026-10-05T06:00:00,0,NONE,0,0,"Compliant procurement: Competitive bidding window, standard price alignment, and multiple participating suppliers.","bidders=6, duration=12.083333333333334d, estimate_alignment=OK",0.99,Reviewed under PARAKH Annotation Standard v2.0 for HIMACHAL PRADESH jurisdiction.
CEN-CE-2021-01177,AUDITOR_EXP_01,2026-10-05T08:00:00,30,"RF-4, RF-6",2,1,"Elevated multi-factor risk: Co-occurrence of threshold manipulation, compressed bidding window, or repeat winner pattern.","duration=6.0d, threshold_val=₹19,893,459, flags=RF-4, RF-6",0.92,Reviewed under PARAKH Annotation Standard v2.0 for CENTRAL jurisdiction.
CEN-CE-2021-01240,AUDITOR_EXP_01,2026-10-05T10:00:00,35,"RF-5, RF-6",2,1,"Elevated multi-factor risk: Co-occurrence of threshold manipulation, compressed bidding window, or repeat winner pattern.","duration=14.0d, threshold_val=₹12,311,829, flags=RF-5, RF-6",0.92,Reviewed under PARAKH Annotation Standard v2.0 for CENTRAL jurisdiction.
2017_UDDHP_17946_1,AUDITOR_EXP_01,2026-10-05T12:00:00,35,"RF-5, RF-6",2,1,"Elevated multi-factor risk: Co-occurrence of threshold manipulation, compressed bidding window, or repeat winner pattern.","duration=16.75d, threshold_val=₹7,054,579, flags=RF-5, RF-6",0.92,Reviewed under PARAKH Annotation Standard v2.0 for HIMACHAL PRADESH jurisdiction.
CEN-CE-2021-01087,AUDITOR_EXP_01,2026-10-05T14:00:00,35,"RF-4, RF-5",2,1,"Elevated multi-factor risk: Co-occurrence of threshold manipulation, compressed bidding window, or repeat winner pattern.","duration=6.0d, threshold_val=₹4,429,536, flags=RF-4, RF-5",0.92,Reviewed under PARAKH Annotation Standard v2.0 for CENTRAL jurisdiction.
2017_PWD_16041_2,AUDITOR_EXP_01,2026-10-05T16:00:00,15,RF-6,1,0,Isolated procedural deviation without evidence of systematic competition restriction.,"flags=RF-6, bidders=2",0.88,Reviewed under PARAKH Annotation Standard v2.0 for HIMACHAL PRADESH jurisdiction.
KAR-KA-2021-01167,AUDITOR_EXP_01,2026-10-05T18:00:00,30,"RF-4, RF-6",2,1,"Elevated multi-factor risk: Co-occurrence of threshold manipulation, compressed bidding window, or repeat winner pattern.","duration=6.0d, threshold_val=₹7,419,199, flags=RF-4, RF-6",0.92,Reviewed under PARAKH Annotation Standard v2.0 for KARNATAKA jurisdiction.
MAH-MA-2021-01125,AUDITOR_EXP_01,2026-10-05T20:00:00,40,"RF-1, RF-6",2,1,"Elevated multi-factor risk: Co-occurrence of threshold manipulation, compressed bidding window, or repeat winner pattern.","duration=14.0d, threshold_val=₹57,214,012, flags=RF-1, RF-6",0.92,Reviewed under PARAKH Annotation Standard v2.0 for MAHARASHTRA jurisdiction.
2019_HPIPH_26544_1,AUDITOR_EXP_01,2026-10-05T22:00:00,30,"RF-4, RF-6",2,1,"Elevated multi-factor risk: Co-occurrence of threshold manipulation, compressed bidding window, or repeat winner pattern.","duration=5.770833333333333d, threshold_val=₹596,580, flags=RF-4, RF-6",0.92,Reviewed under PARAKH Annotation Standard v2.0 for HIMACHAL PRADESH jurisdiction.
2017_HPIPH_17620_1,AUDITOR_EXP_01,2026-10-06T00:00:00,35,"RF-5, RF-6",2,1,"Elevated multi-factor risk: Co-occurrence of threshold manipulation, compressed bidding window, or repeat winner pattern.","duration=20.70833333333333d, threshold_val=₹1,489,600, flags=RF-5, RF-6",0.92,Reviewed under PARAKH Annotation Standard v2.0 for HIMACHAL PRADESH jurisdiction.
2017_HPIPH_17782_1,AUDITOR_EXP_01,2026-10-06T02:00:00,35,"RF-5, RF-6",2,1,"Elevated multi-factor risk: Co-occurrence of threshold manipulation, compressed bidding window, or repeat winner pattern.","duration=14.75d, threshold_val=₹1,860,000, flags=RF-5, RF-6",0.92,Reviewed under PARAKH Annotation Standard v2.0 for HIMACHAL PRADESH jurisdiction.
2018_PWD_19706_7,AUDITOR_EXP_01,2026-10-06T04:00:00,35,"RF-5, RF-6",2,1,"Elevated multi-factor risk: Co-occurrence of threshold manipulation, compressed bidding window, or repeat winner pattern.","duration=16.930555555555557d, threshold_val=₹3,707,385, flags=RF-5, RF-6",0.92,Reviewed under PARAKH Annotation Standard v2.0 for HIMACHAL PRADESH jurisdiction.
CEN-CE-2021-01312,AUDITOR_EXP_01,2026-10-06T06:00:00,30,"RF-4, RF-6",2,1,"Elevated multi-factor risk: Co-occurrence of threshold manipulation, compressed bidding window, or repeat winner pattern.","duration=6.0d, threshold_val=₹99,256,114, flags=RF-4, RF-6",0.92,Reviewed under PARAKH Annotation Standard v2.0 for CENTRAL jurisdiction.
RAJ-RA-2021-01110,AUDITOR_EXP_01,2026-10-06T08:00:00,35,"RF-5, RF-6",2,1,"Elevated multi-factor risk: Co-occurrence of threshold manipulation, compressed bidding window, or repeat winner pattern.","duration=21.0d, threshold_val=₹6,720,773, flags=RF-5, RF-6",0.92,Reviewed under PARAKH Annotation Standard v2.0 for RAJASTHAN jurisdiction.
2017_UDDHP_15258_1,AUDITOR_EXP_01,2026-10-06T10:00:00,35,"RF-5, RF-6",2,1,"Elevated multi-factor risk: Co-occurrence of threshold manipulation, compressed bidding window, or repeat winner pattern.","duration=7.083333333333333d, threshold_val=₹225,498, flags=RF-5, RF-6",0.92,Reviewed under PARAKH Annotation Standard v2.0 for HIMACHAL PRADESH jurisdiction.
UTT-UT-2021-01187,AUDITOR_EXP_01,2026-10-06T12:00:00,30,"RF-4, RF-6",2,1,"Elevated multi-factor risk: Co-occurrence of threshold manipulation, compressed bidding window, or repeat winner pattern.","duration=6.0d, threshold_val=₹13,180,978, flags=RF-4, RF-6",0.92,Reviewed under PARAKH Annotation Standard v2.0 for UTTAR PRADESH jurisdiction.
2018_UDDHP_22618_1-657,AUDITOR_EXP_01,2026-10-06T14:00:00,30,"RF-4, RF-6",2,1,"Elevated multi-factor risk: Co-occurrence of threshold manipulation, compressed bidding window, or repeat winner pattern.","duration=6.125d, threshold_val=₹97,200, flags=RF-4, RF-6",0.92,Reviewed under PARAKH Annotation Standard v2.0 for HIMACHAL PRADESH jurisdiction.
RAJ-RA-2021-01025,AUDITOR_EXP_01,2026-10-06T16:00:00,55,"RF-1, RF-4, RF-6",2,1,"Elevated multi-factor risk: Co-occurrence of threshold manipulation, compressed bidding window, or repeat winner pattern.","duration=4.0d, threshold_val=₹3,061,522, flags=RF-1, RF-4, RF-6",0.92,Reviewed under PARAKH Annotation Standard v2.0 for RAJASTHAN jurisdiction.
2018_PWD_19838_10,AUDITOR_EXP_01,2026-10-06T18:00:00,40,"RF-1, RF-6",2,1,"Elevated multi-factor risk: Co-occurrence of threshold manipulation, compressed bidding window, or repeat winner pattern.","duration=10.729166666666666d, threshold_val=₹1,814,498, flags=RF-1, RF-6",0.92,Reviewed under PARAKH Annotation Standard v2.0 for HIMACHAL PRADESH jurisdiction.
2018_HPIPH_21012_1,AUDITOR_EXP_01,2026-10-06T20:00:00,35,"RF-5, RF-6",2,1,"Elevated multi-factor risk: Co-occurrence of threshold manipulation, compressed bidding window, or repeat winner pattern.","duration=13.927083333333334d, threshold_val=₹13,800,000, flags=RF-5, RF-6",0.92,Reviewed under PARAKH Annotation Standard v2.0 for HIMACHAL PRADESH jurisdiction.
2016_MC_10913_7,AUDITOR_EXP_01,2026-10-06T22:00:00,35,"RF-5, RF-6",2,1,"Elevated multi-factor risk: Co-occurrence of threshold manipulation, compressed bidding window, or repeat winner pattern.","duration=18.875d, threshold_val=₹2,428,832, flags=RF-5, RF-6",0.92,Reviewed under PARAKH Annotation Standard v2.0 for HIMACHAL PRADESH jurisdiction.
2017_HPIPH_17748_1-3498,AUDITOR_EXP_01,2026-10-07T00:00:00,50,"RF-4, RF-5, RF-6",2,1,"Elevated multi-factor risk: Co-occurrence of threshold manipulation, compressed bidding window, or repeat winner pattern.","duration=5.083333333333333d, threshold_val=₹728,200, flags=RF-4, RF-5, RF-6",0.92,Reviewed under PARAKH Annotation Standard v2.0 for HIMACHAL PRADESH jurisdiction.
RAJ-RA-2021-01244,AUDITOR_EXP_01,2026-10-07T02:00:00,0,NONE,0,0,"Compliant procurement: Competitive bidding window, standard price alignment, and multiple participating suppliers.","bidders=3, duration=14.0d, estimate_alignment=OK",0.99,Reviewed under PARAKH Annotation Standard v2.0 for RAJASTHAN jurisdiction.
2017_PWD_15928_1,AUDITOR_EXP_01,2026-10-07T04:00:00,15,RF-6,1,0,Isolated procedural deviation without evidence of systematic competition restriction.,"flags=RF-6, bidders=5",0.88,Reviewed under PARAKH Annotation Standard v2.0 for HIMACHAL PRADESH jurisdiction.
RAJ-RA-2021-01024,AUDITOR_EXP_01,2026-10-07T06:00:00,45,"RF-1, RF-5",3,1,Severe procurement anomaly: Single-bidder monopoly coupled with high price deviation or department dominance.,"bidders=1, price_deviation=0.35, flags=RF-1, RF-5",0.98,Reviewed under PARAKH Annotation Standard v2.0 for RAJASTHAN jurisdiction.
KAR-KA-2021-01216,AUDITOR_EXP_01,2026-10-07T08:00:00,55,"RF-1, RF-4, RF-6",2,1,"Elevated multi-factor risk: Co-occurrence of threshold manipulation, compressed bidding window, or repeat winner pattern.","duration=6.0d, threshold_val=₹5,318,985, flags=RF-1, RF-4, RF-6",0.92,Reviewed under PARAKH Annotation Standard v2.0 for KARNATAKA jurisdiction.
KAR-KA-2021-01214,AUDITOR_EXP_01,2026-10-07T10:00:00,55,"RF-1, RF-4, RF-6",2,1,"Elevated multi-factor risk: Co-occurrence of threshold manipulation, compressed bidding window, or repeat winner pattern.","duration=4.0d, threshold_val=₹1,238,590, flags=RF-1, RF-4, RF-6",0.92,Reviewed under PARAKH Annotation Standard v2.0 for KARNATAKA jurisdiction.
2017_HPIPH_16695_1-328,AUDITOR_EXP_01,2026-10-07T12:00:00,35,"RF-5, RF-6",2,1,"Elevated multi-factor risk: Co-occurrence of threshold manipulation, compressed bidding window, or repeat winner pattern.","duration=13.0d, threshold_val=₹1,291,705, flags=RF-5, RF-6",0.92,Reviewed under PARAKH Annotation Standard v2.0 for HIMACHAL PRADESH jurisdiction.
CEN-CE-2021-01061,AUDITOR_EXP_01,2026-10-07T14:00:00,50,"RF-4, RF-5, RF-6",2,1,"Elevated multi-factor risk: Co-occurrence of threshold manipulation, compressed bidding window, or repeat winner pattern.","duration=4.0d, threshold_val=₹27,400,932, flags=RF-4, RF-5, RF-6",0.92,Reviewed under PARAKH Annotation Standard v2.0 for CENTRAL jurisdiction.
UTT-UT-2021-01022,AUDITOR_EXP_01,2026-10-07T16:00:00,30,"RF-4, RF-6",2,1,"Elevated multi-factor risk: Co-occurrence of threshold manipulation, compressed bidding window, or repeat winner pattern.","duration=4.0d, threshold_val=₹342,260,193, flags=RF-4, RF-6",0.92,Reviewed under PARAKH Annotation Standard v2.0 for UTTAR PRADESH jurisdiction.
2017_HPIPH_17085_1,AUDITOR_EXP_01,2026-10-07T18:00:00,0,NONE,0,0,"Compliant procurement: Competitive bidding window, standard price alignment, and multiple participating suppliers.","bidders=5, duration=17.270833333333332d, estimate_alignment=OK",0.99,Reviewed under PARAKH Annotation Standard v2.0 for HIMACHAL PRADESH jurisdiction.
2017_DIT_18899_1,AUDITOR_EXP_01,2026-10-07T20:00:00,45,"RF-1, RF-5",3,1,Severe procurement anomaly: Single-bidder monopoly coupled with high price deviation or department dominance.,"bidders=1, price_deviation=6.35, flags=RF-1, RF-5",0.98,Reviewed under PARAKH Annotation Standard v2.0 for HIMACHAL PRADESH jurisdiction.
UTT-UT-2021-01231,AUDITOR_EXP_01,2026-10-07T22:00:00,60,"RF-1, RF-5, RF-6",3,1,Severe procurement anomaly: Single-bidder monopoly coupled with high price deviation or department dominance.,"bidders=1, price_deviation=0.35, flags=RF-1, RF-5, RF-6",0.98,Reviewed under PARAKH Annotation Standard v2.0 for UTTAR PRADESH jurisdiction.
MAH-MA-2021-01279,AUDITOR_EXP_01,2026-10-08T00:00:00,40,"RF-1, RF-6",2,1,"Elevated multi-factor risk: Co-occurrence of threshold manipulation, compressed bidding window, or repeat winner pattern.","duration=21.0d, threshold_val=₹137,992,606, flags=RF-1, RF-6",0.92,Reviewed under PARAKH Annotation Standard v2.0 for MAHARASHTRA jurisdiction.
2017_PWD_15605_1,AUDITOR_EXP_01,2026-10-08T02:00:00,35,"RF-5, RF-6",2,1,"Elevated multi-factor risk: Co-occurrence of threshold manipulation, compressed bidding window, or repeat winner pattern.","duration=13.25d, threshold_val=₹1,100,165, flags=RF-5, RF-6",0.92,Reviewed under PARAKH Annotation Standard v2.0 for HIMACHAL PRADESH jurisdiction.
2018_MC_19418_3,AUDITOR_EXP_01,2026-10-08T04:00:00,35,"RF-5, RF-6",2,1,"Elevated multi-factor risk: Co-occurrence of threshold manipulation, compressed bidding window, or repeat winner pattern.","duration=12.979166666666666d, threshold_val=₹1,448,703, flags=RF-5, RF-6",0.92,Reviewed under PARAKH Annotation Standard v2.0 for HIMACHAL PRADESH jurisdiction.
UTT-UT-2021-01035,AUDITOR_EXP_01,2026-10-08T06:00:00,55,"RF-1, RF-4, RF-6",2,1,"Elevated multi-factor risk: Co-occurrence of threshold manipulation, compressed bidding window, or repeat winner pattern.","duration=4.0d, threshold_val=₹5,054,478, flags=RF-1, RF-4, RF-6",0.92,Reviewed under PARAKH Annotation Standard v2.0 for UTTAR PRADESH jurisdiction.
CEN-CE-2021-01137,AUDITOR_EXP_01,2026-10-08T08:00:00,40,"RF-1, RF-6",2,1,"Elevated multi-factor risk: Co-occurrence of threshold manipulation, compressed bidding window, or repeat winner pattern.","duration=30.0d, threshold_val=₹1,233,678, flags=RF-1, RF-6",0.92,Reviewed under PARAKH Annotation Standard v2.0 for CENTRAL jurisdiction.
2018_HPIPH_20024_1,AUDITOR_EXP_01,2026-10-08T10:00:00,35,"RF-5, RF-6",2,1,"Elevated multi-factor risk: Co-occurrence of threshold manipulation, compressed bidding window, or repeat winner pattern.","duration=18.875d, threshold_val=₹5,550,000, flags=RF-5, RF-6",0.92,Reviewed under PARAKH Annotation Standard v2.0 for HIMACHAL PRADESH jurisdiction.
2018_PWD_19816_1,AUDITOR_EXP_01,2026-10-08T12:00:00,20,RF-5,1,0,Isolated procedural deviation without evidence of systematic competition restriction.,"flags=RF-5, bidders=5",0.88,Reviewed under PARAKH Annotation Standard v2.0 for HIMACHAL PRADESH jurisdiction.
2018_PWD_20066_4,AUDITOR_EXP_01,2026-10-08T14:00:00,45,"RF-1, RF-5",3,1,Severe procurement anomaly: Single-bidder monopoly coupled with high price deviation or department dominance.,"bidders=1, price_deviation=0.72, flags=RF-1, RF-5",0.98,Reviewed under PARAKH Annotation Standard v2.0 for HIMACHAL PRADESH jurisdiction.
2019_HPIPH_29435_1,AUDITOR_EXP_01,2026-10-08T16:00:00,35,"RF-5, RF-6",2,1,"Elevated multi-factor risk: Co-occurrence of threshold manipulation, compressed bidding window, or repeat winner pattern.","duration=33.75d, threshold_val=₹2,361,711, flags=RF-5, RF-6",0.92,Reviewed under PARAKH Annotation Standard v2.0 for HIMACHAL PRADESH jurisdiction.
MAH-MA-2021-01292,AUDITOR_EXP_01,2026-10-08T18:00:00,40,"RF-1, RF-6",2,1,"Elevated multi-factor risk: Co-occurrence of threshold manipulation, compressed bidding window, or repeat winner pattern.","duration=30.0d, threshold_val=₹4,338,329, flags=RF-1, RF-6",0.92,Reviewed under PARAKH Annotation Standard v2.0 for MAHARASHTRA jurisdiction.
UTT-UT-2021-01178,AUDITOR_EXP_01,2026-10-08T20:00:00,35,"RF-3, RF-6",2,1,"Elevated multi-factor risk: Co-occurrence of threshold manipulation, compressed bidding window, or repeat winner pattern.","duration=14.0d, threshold_val=₹4,699,015, flags=RF-3, RF-6",0.92,Reviewed under PARAKH Annotation Standard v2.0 for UTTAR PRADESH jurisdiction.
CEN-CE-2021-01159,AUDITOR_EXP_01,2026-10-08T22:00:00,15,RF-6,1,0,Isolated procedural deviation without evidence of systematic competition restriction.,"flags=RF-6, bidders=4",0.88,Reviewed under PARAKH Annotation Standard v2.0 for CENTRAL jurisdiction.
KAR-KA-2021-01243,AUDITOR_EXP_01,2026-10-09T00:00:00,55,"RF-3, RF-4, RF-5",2,1,"Elevated multi-factor risk: Co-occurrence of threshold manipulation, compressed bidding window, or repeat winner pattern.","duration=4.0d, threshold_val=₹4,863,272, flags=RF-3, RF-4, RF-5",0.92,Reviewed under PARAKH Annotation Standard v2.0 for KARNATAKA jurisdiction.
2016_HPIPH_12981_1,AUDITOR_EXP_01,2026-10-09T02:00:00,35,"RF-5, RF-6",2,1,"Elevated multi-factor risk: Co-occurrence of threshold manipulation, compressed bidding window, or repeat winner pattern.","duration=12.958333333333334d, threshold_val=₹11,844,709, flags=RF-5, RF-6",0.92,Reviewed under PARAKH Annotation Standard v2.0 for HIMACHAL PRADESH jurisdiction.
KAR-KA-2021-01067,AUDITOR_EXP_01,2026-10-09T04:00:00,40,"RF-1, RF-6",2,1,"Elevated multi-factor risk: Co-occurrence of threshold manipulation, compressed bidding window, or repeat winner pattern.","duration=21.0d, threshold_val=₹66,229,481, flags=RF-1, RF-6",0.92,Reviewed under PARAKH Annotation Standard v2.0 for KARNATAKA jurisdiction.
KAR-KA-2021-01229,AUDITOR_EXP_01,2026-10-09T06:00:00,60,"RF-1, RF-5, RF-6",3,1,Severe procurement anomaly: Single-bidder monopoly coupled with high price deviation or department dominance.,"bidders=1, price_deviation=0.35, flags=RF-1, RF-5, RF-6",0.98,Reviewed under PARAKH Annotation Standard v2.0 for KARNATAKA jurisdiction.
CEN-CE-2021-01260,AUDITOR_EXP_01,2026-10-09T08:00:00,35,"RF-3, RF-6",2,1,"Elevated multi-factor risk: Co-occurrence of threshold manipulation, compressed bidding window, or repeat winner pattern.","duration=21.0d, threshold_val=₹4,738,001, flags=RF-3, RF-6",0.92,Reviewed under PARAKH Annotation Standard v2.0 for CENTRAL jurisdiction.
2017_PWD_15210_1,AUDITOR_EXP_01,2026-10-09T10:00:00,15,RF-6,1,0,Isolated procedural deviation without evidence of systematic competition restriction.,"flags=RF-6, bidders=3",0.88,Reviewed under PARAKH Annotation Standard v2.0 for HIMACHAL PRADESH jurisdiction.
2017_PWD_15862_1,AUDITOR_EXP_01,2026-10-09T12:00:00,20,RF-5,1,0,Isolated procedural deviation without evidence of systematic competition restriction.,"flags=RF-5, bidders=22",0.88,Reviewed under PARAKH Annotation Standard v2.0 for HIMACHAL PRADESH jurisdiction.
2017_PWD_17799_6,AUDITOR_EXP_01,2026-10-09T14:00:00,35,"RF-5, RF-6",2,1,"Elevated multi-factor risk: Co-occurrence of threshold manipulation, compressed bidding window, or repeat winner pattern.","duration=15.708333333333334d, threshold_val=₹1,316,292, flags=RF-5, RF-6",0.92,Reviewed under PARAKH Annotation Standard v2.0 for HIMACHAL PRADESH jurisdiction.
2018_UDDHP_20480_1,AUDITOR_EXP_01,2026-10-09T16:00:00,35,"RF-5, RF-6",2,1,"Elevated multi-factor risk: Co-occurrence of threshold manipulation, compressed bidding window, or repeat winner pattern.","duration=7.333333333333333d, threshold_val=₹413,487, flags=RF-5, RF-6",0.92,Reviewed under PARAKH Annotation Standard v2.0 for HIMACHAL PRADESH jurisdiction.
2017_PWD_18313_1,AUDITOR_EXP_01,2026-10-09T18:00:00,35,"RF-4, RF-5",2,1,"Elevated multi-factor risk: Co-occurrence of threshold manipulation, compressed bidding window, or repeat winner pattern.","duration=6.854166666666667d, threshold_val=₹8,151,615, flags=RF-4, RF-5",0.92,Reviewed under PARAKH Annotation Standard v2.0 for HIMACHAL PRADESH jurisdiction.
2019_HIMUD_27552_1,AUDITOR_EXP_01,2026-10-09T20:00:00,0,NONE,0,0,"Compliant procurement: Competitive bidding window, standard price alignment, and multiple participating suppliers.","bidders=6, duration=11.270833333333334d, estimate_alignment=OK",0.99,Reviewed under PARAKH Annotation Standard v2.0 for HIMACHAL PRADESH jurisdiction.
2019_HPIPH_32480_1,AUDITOR_EXP_01,2026-10-09T22:00:00,35,"RF-5, RF-6",2,1,"Elevated multi-factor risk: Co-occurrence of threshold manipulation, compressed bidding window, or repeat winner pattern.","duration=14.020833333333334d, threshold_val=₹59,994,231, flags=RF-5, RF-6",0.92,Reviewed under PARAKH Annotation Standard v2.0 for HIMACHAL PRADESH jurisdiction.
UTT-UT-2021-01166,AUDITOR_EXP_01,2026-10-10T00:00:00,30,"RF-4, RF-6",2,1,"Elevated multi-factor risk: Co-occurrence of threshold manipulation, compressed bidding window, or repeat winner pattern.","duration=4.0d, threshold_val=₹18,292,741, flags=RF-4, RF-6",0.92,Reviewed under PARAKH Annotation Standard v2.0 for UTTAR PRADESH jurisdiction.
RAJ-RA-2021-01238,AUDITOR_EXP_01,2026-10-10T02:00:00,60,"RF-1, RF-3, RF-4",2,1,"Elevated multi-factor risk: Co-occurrence of threshold manipulation, compressed bidding window, or repeat winner pattern.","duration=6.0d, threshold_val=₹4,913,102, flags=RF-1, RF-3, RF-4",0.92,Reviewed under PARAKH Annotation Standard v2.0 for RAJASTHAN jurisdiction.
2019_HPIPH_33006_1,AUDITOR_EXP_01,2026-10-10T04:00:00,35,"RF-5, RF-6",2,1,"Elevated multi-factor risk: Co-occurrence of threshold manipulation, compressed bidding window, or repeat winner pattern.","duration=24.229166666666668d, threshold_val=₹1,151,279,804, flags=RF-5, RF-6",0.92,Reviewed under PARAKH Annotation Standard v2.0 for HIMACHAL PRADESH jurisdiction.
CEN-CE-2021-01267,AUDITOR_EXP_01,2026-10-10T06:00:00,55,"RF-1, RF-4, RF-6",2,1,"Elevated multi-factor risk: Co-occurrence of threshold manipulation, compressed bidding window, or repeat winner pattern.","duration=4.0d, threshold_val=₹2,162,310, flags=RF-1, RF-4, RF-6",0.92,Reviewed under PARAKH Annotation Standard v2.0 for CENTRAL jurisdiction.
2018_PWD_19997_7,AUDITOR_EXP_01,2026-10-10T08:00:00,45,"RF-1, RF-5",3,1,Severe procurement anomaly: Single-bidder monopoly coupled with high price deviation or department dominance.,"bidders=1, price_deviation=0.33, flags=RF-1, RF-5",0.98,Reviewed under PARAKH Annotation Standard v2.0 for HIMACHAL PRADESH jurisdiction.
2017_PWD_15597_1,AUDITOR_EXP_01,2026-10-10T10:00:00,30,"RF-4, RF-6",2,1,"Elevated multi-factor risk: Co-occurrence of threshold manipulation, compressed bidding window, or repeat winner pattern.","duration=6.6875d, threshold_val=₹2,311,192, flags=RF-4, RF-6",0.92,Reviewed under PARAKH Annotation Standard v2.0 for HIMACHAL PRADESH jurisdiction.
2019_HPIPH_31379_1-1136,AUDITOR_EXP_01,2026-10-10T12:00:00,35,"RF-5, RF-6",2,1,"Elevated multi-factor risk: Co-occurrence of threshold manipulation, compressed bidding window, or repeat winner pattern.","duration=17.791666666666668d, threshold_val=₹2,138,882, flags=RF-5, RF-6",0.92,Reviewed under PARAKH Annotation Standard v2.0 for HIMACHAL PRADESH jurisdiction.
KAR-KA-2021-01152,AUDITOR_EXP_01,2026-10-10T14:00:00,0,NONE,0,0,"Compliant procurement: Competitive bidding window, standard price alignment, and multiple participating suppliers.","bidders=3, duration=14.0d, estimate_alignment=OK",0.99,Reviewed under PARAKH Annotation Standard v2.0 for KARNATAKA jurisdiction.
2018_PWD_23920_1,AUDITOR_EXP_01,2026-10-10T16:00:00,30,"RF-4, RF-6",2,1,"Elevated multi-factor risk: Co-occurrence of threshold manipulation, compressed bidding window, or repeat winner pattern.","duration=5.270833333333333d, threshold_val=₹29,949,000, flags=RF-4, RF-6",0.92,Reviewed under PARAKH Annotation Standard v2.0 for HIMACHAL PRADESH jurisdiction.
2017_PWD_17040_1,AUDITOR_EXP_01,2026-10-10T18:00:00,20,RF-5,1,0,Isolated procedural deviation without evidence of systematic competition restriction.,"flags=RF-5, bidders=2",0.88,Reviewed under PARAKH Annotation Standard v2.0 for HIMACHAL PRADESH jurisdiction.
UTT-UT-2021-01150,AUDITOR_EXP_01,2026-10-10T20:00:00,40,"RF-1, RF-6",2,1,"Elevated multi-factor risk: Co-occurrence of threshold manipulation, compressed bidding window, or repeat winner pattern.","duration=21.0d, threshold_val=₹5,317,021, flags=RF-1, RF-6",0.92,Reviewed under PARAKH Annotation Standard v2.0 for UTTAR PRADESH jurisdiction.
2018_PWD_20066_2,AUDITOR_EXP_01,2026-10-10T22:00:00,45,"RF-1, RF-5",3,1,Severe procurement anomaly: Single-bidder monopoly coupled with high price deviation or department dominance.,"bidders=1, price_deviation=0.71, flags=RF-1, RF-5",0.98,Reviewed under PARAKH Annotation Standard v2.0 for HIMACHAL PRADESH jurisdiction.
CEN-CE-2021-01277,AUDITOR_EXP_01,2026-10-11T00:00:00,15,RF-6,1,0,Isolated procedural deviation without evidence of systematic competition restriction.,"flags=RF-6, bidders=4",0.88,Reviewed under PARAKH Annotation Standard v2.0 for CENTRAL jurisdiction.
2017_UDDHP_15791_2,AUDITOR_EXP_01,2026-10-11T02:00:00,50,"RF-4, RF-5, RF-6",2,1,"Elevated multi-factor risk: Co-occurrence of threshold manipulation, compressed bidding window, or repeat winner pattern.","duration=5.0d, threshold_val=₹328,860, flags=RF-4, RF-5, RF-6",0.92,Reviewed under PARAKH Annotation Standard v2.0 for HIMACHAL PRADESH jurisdiction.
2017_PWD_15702_7,AUDITOR_EXP_01,2026-10-11T04:00:00,35,"RF-5, RF-6",2,1,"Elevated multi-factor risk: Co-occurrence of threshold manipulation, compressed bidding window, or repeat winner pattern.","duration=20.75d, threshold_val=₹1,588,440, flags=RF-5, RF-6",0.92,Reviewed under PARAKH Annotation Standard v2.0 for HIMACHAL PRADESH jurisdiction.
RAJ-RA-2021-01072,AUDITOR_EXP_01,2026-10-11T06:00:00,60,"RF-1, RF-3, RF-4",2,1,"Elevated multi-factor risk: Co-occurrence of threshold manipulation, compressed bidding window, or repeat winner pattern.","duration=6.0d, threshold_val=₹4,500,403, flags=RF-1, RF-3, RF-4",0.92,Reviewed under PARAKH Annotation Standard v2.0 for RAJASTHAN jurisdiction.
UTT-UT-2021-01125,AUDITOR_EXP_01,2026-10-11T08:00:00,50,"RF-4, RF-5, RF-6",2,1,"Elevated multi-factor risk: Co-occurrence of threshold manipulation, compressed bidding window, or repeat winner pattern.","duration=4.0d, threshold_val=₹13,202,506, flags=RF-4, RF-5, RF-6",0.92,Reviewed under PARAKH Annotation Standard v2.0 for UTTAR PRADESH jurisdiction.
KAR-KA-2021-01081,AUDITOR_EXP_01,2026-10-11T10:00:00,40,"RF-1, RF-6",2,1,"Elevated multi-factor risk: Co-occurrence of threshold manipulation, compressed bidding window, or repeat winner pattern.","duration=14.0d, threshold_val=₹204,053,879, flags=RF-1, RF-6",0.92,Reviewed under PARAKH Annotation Standard v2.0 for KARNATAKA jurisdiction.
MAH-MA-2021-01280,AUDITOR_EXP_01,2026-10-11T12:00:00,60,"RF-1, RF-5, RF-6",3,1,Severe procurement anomaly: Single-bidder monopoly coupled with high price deviation or department dominance.,"bidders=1, price_deviation=0.35, flags=RF-1, RF-5, RF-6",0.98,Reviewed under PARAKH Annotation Standard v2.0 for MAHARASHTRA jurisdiction.
MAH-MA-2021-01170,AUDITOR_EXP_01,2026-10-11T14:00:00,75,"RF-1, RF-4, RF-5, RF-6",3,1,Severe procurement anomaly: Single-bidder monopoly coupled with high price deviation or department dominance.,"bidders=1, price_deviation=0.35, flags=RF-1, RF-4, RF-5, RF-6",0.98,Reviewed under PARAKH Annotation Standard v2.0 for MAHARASHTRA jurisdiction.
MAH-MA-2021-01228,AUDITOR_EXP_01,2026-10-11T16:00:00,40,"RF-1, RF-6",2,1,"Elevated multi-factor risk: Co-occurrence of threshold manipulation, compressed bidding window, or repeat winner pattern.","duration=30.0d, threshold_val=₹122,766,448, flags=RF-1, RF-6",0.92,Reviewed under PARAKH Annotation Standard v2.0 for MAHARASHTRA jurisdiction.
2017_PWD_15121_1,AUDITOR_EXP_01,2026-10-11T18:00:00,15,RF-6,1,0,Isolated procedural deviation without evidence of systematic competition restriction.,"flags=RF-6, bidders=4",0.88,Reviewed under PARAKH Annotation Standard v2.0 for HIMACHAL PRADESH jurisdiction.
CEN-CE-2021-01015,AUDITOR_EXP_01,2026-10-11T20:00:00,40,"RF-1, RF-6",2,1,"Elevated multi-factor risk: Co-occurrence of threshold manipulation, compressed bidding window, or repeat winner pattern.","duration=21.0d, threshold_val=₹1,508,793, flags=RF-1, RF-6",0.92,Reviewed under PARAKH Annotation Standard v2.0 for CENTRAL jurisdiction.
2017_PWD_17506_1,AUDITOR_EXP_01,2026-10-11T22:00:00,35,"RF-3, RF-6",2,1,"Elevated multi-factor risk: Co-occurrence of threshold manipulation, compressed bidding window, or repeat winner pattern.","duration=31.729166666666668d, threshold_val=₹4,777,000, flags=RF-3, RF-6",0.92,Reviewed under PARAKH Annotation Standard v2.0 for HIMACHAL PRADESH jurisdiction.
CEN-CE-2021-01152,AUDITOR_EXP_01,2026-10-12T00:00:00,35,"RF-3, RF-6",2,1,"Elevated multi-factor risk: Co-occurrence of threshold manipulation, compressed bidding window, or repeat winner pattern.","duration=14.0d, threshold_val=₹4,692,361, flags=RF-3, RF-6",0.92,Reviewed under PARAKH Annotation Standard v2.0 for CENTRAL jurisdiction.
2017_PWD_15684_1,AUDITOR_EXP_01,2026-10-12T02:00:00,35,"RF-5, RF-6",2,1,"Elevated multi-factor risk: Co-occurrence of threshold manipulation, compressed bidding window, or repeat winner pattern.","duration=18.70833333333333d, threshold_val=₹1,842,454, flags=RF-5, RF-6",0.92,Reviewed under PARAKH Annotation Standard v2.0 for HIMACHAL PRADESH jurisdiction.
2017_UDDHP_17631_1,AUDITOR_EXP_01,2026-10-12T04:00:00,35,"RF-5, RF-6",2,1,"Elevated multi-factor risk: Co-occurrence of threshold manipulation, compressed bidding window, or repeat winner pattern.","duration=7.25d, threshold_val=₹734,419, flags=RF-5, RF-6",0.92,Reviewed under PARAKH Annotation Standard v2.0 for HIMACHAL PRADESH jurisdiction.
2019_PWD_26488_1,AUDITOR_EXP_01,2026-10-12T06:00:00,35,"RF-5, RF-6",2,1,"Elevated multi-factor risk: Co-occurrence of threshold manipulation, compressed bidding window, or repeat winner pattern.","duration=10.333333333333334d, threshold_val=₹9,500,698, flags=RF-5, RF-6",0.92,Reviewed under PARAKH Annotation Standard v2.0 for HIMACHAL PRADESH jurisdiction.
2017_HPIPH_17998_5,AUDITOR_EXP_01,2026-10-12T08:00:00,0,NONE,0,0,"Compliant procurement: Competitive bidding window, standard price alignment, and multiple participating suppliers.","bidders=3, duration=10.875d, estimate_alignment=OK",0.99,Reviewed under PARAKH Annotation Standard v2.0 for HIMACHAL PRADESH jurisdiction.
KAR-KA-2021-01233,AUDITOR_EXP_01,2026-10-12T10:00:00,30,"RF-4, RF-6",2,1,"Elevated multi-factor risk: Co-occurrence of threshold manipulation, compressed bidding window, or repeat winner pattern.","duration=6.0d, threshold_val=₹21,457,872, flags=RF-4, RF-6",0.92,Reviewed under PARAKH Annotation Standard v2.0 for KARNATAKA jurisdiction.
2017_MC_15003_3,AUDITOR_EXP_01,2026-10-12T12:00:00,35,"RF-5, RF-6",2,1,"Elevated multi-factor risk: Co-occurrence of threshold manipulation, compressed bidding window, or repeat winner pattern.","duration=8.729166666666666d, threshold_val=₹5,252,442, flags=RF-5, RF-6",0.92,Reviewed under PARAKH Annotation Standard v2.0 for HIMACHAL PRADESH jurisdiction.
2018_PWD_19997_10,AUDITOR_EXP_01,2026-10-12T14:00:00,60,"RF-1, RF-5, RF-6",3,1,Severe procurement anomaly: Single-bidder monopoly coupled with high price deviation or department dominance.,"bidders=1, price_deviation=0.48, flags=RF-1, RF-5, RF-6",0.98,Reviewed under PARAKH Annotation Standard v2.0 for HIMACHAL PRADESH jurisdiction.
KAR-KA-2021-01218,AUDITOR_EXP_01,2026-10-12T16:00:00,40,"RF-1, RF-6",2,1,"Elevated multi-factor risk: Co-occurrence of threshold manipulation, compressed bidding window, or repeat winner pattern.","duration=30.0d, threshold_val=₹5,378,843, flags=RF-1, RF-6",0.92,Reviewed under PARAKH Annotation Standard v2.0 for KARNATAKA jurisdiction.
2017_PWD_16089_1,AUDITOR_EXP_01,2026-10-12T18:00:00,20,RF-5,1,0,Isolated procedural deviation without evidence of systematic competition restriction.,"flags=RF-5, bidders=5",0.88,Reviewed under PARAKH Annotation Standard v2.0 for HIMACHAL PRADESH jurisdiction.
2017_UDDHP_17133_1,AUDITOR_EXP_01,2026-10-12T20:00:00,50,"RF-4, RF-5, RF-6",2,1,"Elevated multi-factor risk: Co-occurrence of threshold manipulation, compressed bidding window, or repeat winner pattern.","duration=6.0d, threshold_val=₹380,525, flags=RF-4, RF-5, RF-6",0.92,Reviewed under PARAKH Annotation Standard v2.0 for HIMACHAL PRADESH jurisdiction.
CEN-CE-2021-01008,AUDITOR_EXP_01,2026-10-12T22:00:00,75,"RF-1, RF-4, RF-5, RF-6",3,1,Severe procurement anomaly: Single-bidder monopoly coupled with high price deviation or department dominance.,"bidders=1, price_deviation=0.35, flags=RF-1, RF-4, RF-5, RF-6",0.98,Reviewed under PARAKH Annotation Standard v2.0 for CENTRAL jurisdiction.
2017_PWD_15490_2,AUDITOR_EXP_01,2026-10-13T00:00:00,35,"RF-5, RF-6",2,1,"Elevated multi-factor risk: Co-occurrence of threshold manipulation, compressed bidding window, or repeat winner pattern.","duration=21.041666666666668d, threshold_val=₹232,667, flags=RF-5, RF-6",0.92,Reviewed under PARAKH Annotation Standard v2.0 for HIMACHAL PRADESH jurisdiction.
CEN-CE-2021-01109,AUDITOR_EXP_01,2026-10-13T02:00:00,35,"RF-5, RF-6",2,1,"Elevated multi-factor risk: Co-occurrence of threshold manipulation, compressed bidding window, or repeat winner pattern.","duration=21.0d, threshold_val=₹6,118,864, flags=RF-5, RF-6",0.92,Reviewed under PARAKH Annotation Standard v2.0 for CENTRAL jurisdiction.
RAJ-RA-2021-01137,AUDITOR_EXP_01,2026-10-13T04:00:00,75,"RF-1, RF-4, RF-5, RF-6",3,1,Severe procurement anomaly: Single-bidder monopoly coupled with high price deviation or department dominance.,"bidders=1, price_deviation=0.35, flags=RF-1, RF-4, RF-5, RF-6",0.98,Reviewed under PARAKH Annotation Standard v2.0 for RAJASTHAN jurisdiction.
2020_PWD_36700_1,AUDITOR_EXP_01,2026-10-13T06:00:00,20,RF-5,1,0,Isolated procedural deviation without evidence of systematic competition restriction.,"flags=RF-5, bidders=2",0.88,Reviewed under PARAKH Annotation Standard v2.0 for HIMACHAL PRADESH jurisdiction.
2017_UDDHP_16136_1,AUDITOR_EXP_01,2026-10-13T08:00:00,50,"RF-4, RF-5, RF-6",2,1,"Elevated multi-factor risk: Co-occurrence of threshold manipulation, compressed bidding window, or repeat winner pattern.","duration=5.166666666666667d, threshold_val=₹267,813, flags=RF-4, RF-5, RF-6",0.92,Reviewed under PARAKH Annotation Standard v2.0 for HIMACHAL PRADESH jurisdiction.
2018_MC_20282_13,AUDITOR_EXP_01,2026-10-13T10:00:00,40,"RF-1, RF-6",2,1,"Elevated multi-factor risk: Co-occurrence of threshold manipulation, compressed bidding window, or repeat winner pattern.","duration=7.729166666666667d, threshold_val=₹2,016,447, flags=RF-1, RF-6",0.92,Reviewed under PARAKH Annotation Standard v2.0 for HIMACHAL PRADESH jurisdiction.
KAR-KA-2021-01176,AUDITOR_EXP_01,2026-10-13T12:00:00,30,"RF-4, RF-6",2,1,"Elevated multi-factor risk: Co-occurrence of threshold manipulation, compressed bidding window, or repeat winner pattern.","duration=4.0d, threshold_val=₹3,990,168, flags=RF-4, RF-6",0.92,Reviewed under PARAKH Annotation Standard v2.0 for KARNATAKA jurisdiction.
2018_PWD_19187_1,AUDITOR_EXP_01,2026-10-13T14:00:00,35,"RF-5, RF-6",2,1,"Elevated multi-factor risk: Co-occurrence of threshold manipulation, compressed bidding window, or repeat winner pattern.","duration=22.791666666666668d, threshold_val=₹1,249,524, flags=RF-5, RF-6",0.92,Reviewed under PARAKH Annotation Standard v2.0 for HIMACHAL PRADESH jurisdiction.
CEN-CE-2021-01029,AUDITOR_EXP_01,2026-10-13T16:00:00,30,"RF-4, RF-6",2,1,"Elevated multi-factor risk: Co-occurrence of threshold manipulation, compressed bidding window, or repeat winner pattern.","duration=6.0d, threshold_val=₹5,314,186, flags=RF-4, RF-6",0.92,Reviewed under PARAKH Annotation Standard v2.0 for CENTRAL jurisdiction.
2019_PWD_28023_1,AUDITOR_EXP_01,2026-10-13T18:00:00,60,"RF-1, RF-5, RF-6",3,1,Severe procurement anomaly: Single-bidder monopoly coupled with high price deviation or department dominance.,"bidders=1, price_deviation=0.60, flags=RF-1, RF-5, RF-6",0.98,Reviewed under PARAKH Annotation Standard v2.0 for HIMACHAL PRADESH jurisdiction.
KAR-KA-2021-01058,AUDITOR_EXP_01,2026-10-13T20:00:00,30,"RF-4, RF-6",2,1,"Elevated multi-factor risk: Co-occurrence of threshold manipulation, compressed bidding window, or repeat winner pattern.","duration=4.0d, threshold_val=₹7,267,346, flags=RF-4, RF-6",0.92,Reviewed under PARAKH Annotation Standard v2.0 for KARNATAKA jurisdiction.
CEN-CE-2021-01269,AUDITOR_EXP_01,2026-10-13T22:00:00,40,"RF-1, RF-6",2,1,"Elevated multi-factor risk: Co-occurrence of threshold manipulation, compressed bidding window, or repeat winner pattern.","duration=14.0d, threshold_val=₹8,372,703, flags=RF-1, RF-6",0.92,Reviewed under PARAKH Annotation Standard v2.0 for CENTRAL jurisdiction.
RAJ-RA-2021-01040,AUDITOR_EXP_01,2026-10-14T00:00:00,40,"RF-1, RF-6",2,1,"Elevated multi-factor risk: Co-occurrence of threshold manipulation, compressed bidding window, or repeat winner pattern.","duration=21.0d, threshold_val=₹152,424,350, flags=RF-1, RF-6",0.92,Reviewed under PARAKH Annotation Standard v2.0 for RAJASTHAN jurisdiction.
CEN-CE-2021-01001,AUDITOR_EXP_01,2026-10-14T02:00:00,55,"RF-3, RF-5, RF-6",2,1,"Elevated multi-factor risk: Co-occurrence of threshold manipulation, compressed bidding window, or repeat winner pattern.","duration=30.0d, threshold_val=₹4,653,033, flags=RF-3, RF-5, RF-6",0.92,Reviewed under PARAKH Annotation Standard v2.0 for CENTRAL jurisdiction.
CEN-CE-2021-01023,AUDITOR_EXP_01,2026-10-14T04:00:00,40,"RF-1, RF-6",2,1,"Elevated multi-factor risk: Co-occurrence of threshold manipulation, compressed bidding window, or repeat winner pattern.","duration=30.0d, threshold_val=₹5,796,379, flags=RF-1, RF-6",0.92,Reviewed under PARAKH Annotation Standard v2.0 for CENTRAL jurisdiction.
CEN-CE-2021-01309,AUDITOR_EXP_01,2026-10-14T06:00:00,15,RF-6,1,0,Isolated procedural deviation without evidence of systematic competition restriction.,"flags=RF-6, bidders=2",0.88,Reviewed under PARAKH Annotation Standard v2.0 for CENTRAL jurisdiction.
2017_HPIPH_17257_1,AUDITOR_EXP_01,2026-10-14T08:00:00,15,RF-6,1,0,Isolated procedural deviation without evidence of systematic competition restriction.,"flags=RF-6, bidders=2",0.88,Reviewed under PARAKH Annotation Standard v2.0 for HIMACHAL PRADESH jurisdiction.
2018_PWD_19648_10,AUDITOR_EXP_01,2026-10-14T10:00:00,35,"RF-5, RF-6",2,1,"Elevated multi-factor risk: Co-occurrence of threshold manipulation, compressed bidding window, or repeat winner pattern.","duration=18.041666666666668d, threshold_val=₹2,891,768, flags=RF-5, RF-6",0.92,Reviewed under PARAKH Annotation Standard v2.0 for HIMACHAL PRADESH jurisdiction.
2018_MC_19610_3,AUDITOR_EXP_01,2026-10-14T12:00:00,35,"RF-4, RF-5",2,1,"Elevated multi-factor risk: Co-occurrence of threshold manipulation, compressed bidding window, or repeat winner pattern.","duration=6.729166666666667d, threshold_val=₹1,609,591, flags=RF-4, RF-5",0.92,Reviewed under PARAKH Annotation Standard v2.0 for HIMACHAL PRADESH jurisdiction.
2017_PWD_18719_1,AUDITOR_EXP_01,2026-10-14T14:00:00,0,NONE,0,0,"Compliant procurement: Competitive bidding window, standard price alignment, and multiple participating suppliers.","bidders=4, duration=14.0d, estimate_alignment=OK",0.99,Reviewed under PARAKH Annotation Standard v2.0 for HIMACHAL PRADESH jurisdiction.
2018_HPIPH_19621_1,AUDITOR_EXP_01,2026-10-14T16:00:00,0,NONE,0,0,"Compliant procurement: Competitive bidding window, standard price alignment, and multiple participating suppliers.","bidders=2, duration=14.291666666666666d, estimate_alignment=OK",0.99,Reviewed under PARAKH Annotation Standard v2.0 for HIMACHAL PRADESH jurisdiction.
MAH-MA-2021-01021,AUDITOR_EXP_01,2026-10-14T18:00:00,30,"RF-4, RF-6",2,1,"Elevated multi-factor risk: Co-occurrence of threshold manipulation, compressed bidding window, or repeat winner pattern.","duration=6.0d, threshold_val=₹20,105,339, flags=RF-4, RF-6",0.92,Reviewed under PARAKH Annotation Standard v2.0 for MAHARASHTRA jurisdiction.
UTT-UT-2021-01058,AUDITOR_EXP_01,2026-10-14T20:00:00,15,RF-6,1,0,Isolated procedural deviation without evidence of systematic competition restriction.,"flags=RF-6, bidders=4",0.88,Reviewed under PARAKH Annotation Standard v2.0 for UTTAR PRADESH jurisdiction.
2018_HPIPH_22300_1,AUDITOR_EXP_01,2026-10-14T22:00:00,35,"RF-5, RF-6",2,1,"Elevated multi-factor risk: Co-occurrence of threshold manipulation, compressed bidding window, or repeat winner pattern.","duration=21.75d, threshold_val=₹2,964,678, flags=RF-5, RF-6",0.92,Reviewed under PARAKH Annotation Standard v2.0 for HIMACHAL PRADESH jurisdiction.
2017_PWD_17000_1,AUDITOR_EXP_01,2026-10-15T00:00:00,20,RF-5,1,0,Isolated procedural deviation without evidence of systematic competition restriction.,"flags=RF-5, bidders=19",0.88,Reviewed under PARAKH Annotation Standard v2.0 for HIMACHAL PRADESH jurisdiction.
2018_HPIPH_24323_1,AUDITOR_EXP_01,2026-10-15T02:00:00,35,"RF-5, RF-6",2,1,"Elevated multi-factor risk: Co-occurrence of threshold manipulation, compressed bidding window, or repeat winner pattern.","duration=20.86111111111111d, threshold_val=₹2,995,687, flags=RF-5, RF-6",0.92,Reviewed under PARAKH Annotation Standard v2.0 for HIMACHAL PRADESH jurisdiction.
CEN-CE-2021-01160,AUDITOR_EXP_01,2026-10-15T04:00:00,30,"RF-4, RF-6",2,1,"Elevated multi-factor risk: Co-occurrence of threshold manipulation, compressed bidding window, or repeat winner pattern.","duration=4.0d, threshold_val=₹1,765,145, flags=RF-4, RF-6",0.92,Reviewed under PARAKH Annotation Standard v2.0 for CENTRAL jurisdiction.
2018_PWD_20158_1,AUDITOR_EXP_01,2026-10-15T06:00:00,35,"RF-5, RF-6",2,1,"Elevated multi-factor risk: Co-occurrence of threshold manipulation, compressed bidding window, or repeat winner pattern.","duration=20.95833333333333d, threshold_val=₹3,106,557, flags=RF-5, RF-6",0.92,Reviewed under PARAKH Annotation Standard v2.0 for HIMACHAL PRADESH jurisdiction.
RAJ-RA-2021-01089,AUDITOR_EXP_01,2026-10-15T08:00:00,30,"RF-4, RF-6",2,1,"Elevated multi-factor risk: Co-occurrence of threshold manipulation, compressed bidding window, or repeat winner pattern.","duration=4.0d, threshold_val=₹165,253,314, flags=RF-4, RF-6",0.92,Reviewed under PARAKH Annotation Standard v2.0 for RAJASTHAN jurisdiction.
RAJ-RA-2021-01106,AUDITOR_EXP_01,2026-10-15T10:00:00,35,"RF-5, RF-6",2,1,"Elevated multi-factor risk: Co-occurrence of threshold manipulation, compressed bidding window, or repeat winner pattern.","duration=30.0d, threshold_val=₹32,272,316, flags=RF-5, RF-6",0.92,Reviewed under PARAKH Annotation Standard v2.0 for RAJASTHAN jurisdiction.
2018_PWD_20163_4,AUDITOR_EXP_01,2026-10-15T12:00:00,60,"RF-1, RF-5, RF-6",3,1,Severe procurement anomaly: Single-bidder monopoly coupled with high price deviation or department dominance.,"bidders=1, price_deviation=0.39, flags=RF-1, RF-5, RF-6",0.98,Reviewed under PARAKH Annotation Standard v2.0 for HIMACHAL PRADESH jurisdiction.
2017_PWD_16285_1,AUDITOR_EXP_01,2026-10-15T14:00:00,30,"RF-4, RF-6",2,1,"Elevated multi-factor risk: Co-occurrence of threshold manipulation, compressed bidding window, or repeat winner pattern.","duration=6.666666666666667d, threshold_val=₹81,984,067, flags=RF-4, RF-6",0.92,Reviewed under PARAKH Annotation Standard v2.0 for HIMACHAL PRADESH jurisdiction.
2018_PWD_24516_2,AUDITOR_EXP_01,2026-10-15T16:00:00,20,RF-5,1,0,Isolated procedural deviation without evidence of systematic competition restriction.,"flags=RF-5, bidders=3",0.88,Reviewed under PARAKH Annotation Standard v2.0 for HIMACHAL PRADESH jurisdiction.
CEN-CE-2021-01208,AUDITOR_EXP_01,2026-10-15T18:00:00,40,"RF-1, RF-6",2,1,"Elevated multi-factor risk: Co-occurrence of threshold manipulation, compressed bidding window, or repeat winner pattern.","duration=14.0d, threshold_val=₹6,112,779, flags=RF-1, RF-6",0.92,Reviewed under PARAKH Annotation Standard v2.0 for CENTRAL jurisdiction.
MAH-MA-2021-01097,AUDITOR_EXP_01,2026-10-15T20:00:00,15,RF-6,1,0,Isolated procedural deviation without evidence of systematic competition restriction.,"flags=RF-6, bidders=3",0.88,Reviewed under PARAKH Annotation Standard v2.0 for MAHARASHTRA jurisdiction.
CEN-CE-2021-01083,AUDITOR_EXP_01,2026-10-15T22:00:00,30,"RF-4, RF-6",2,1,"Elevated multi-factor risk: Co-occurrence of threshold manipulation, compressed bidding window, or repeat winner pattern.","duration=4.0d, threshold_val=₹5,387,449, flags=RF-4, RF-6",0.92,Reviewed under PARAKH Annotation Standard v2.0 for CENTRAL jurisdiction.
RAJ-RA-2021-01242,AUDITOR_EXP_01,2026-10-16T00:00:00,30,"RF-4, RF-6",2,1,"Elevated multi-factor risk: Co-occurrence of threshold manipulation, compressed bidding window, or repeat winner pattern.","duration=4.0d, threshold_val=₹5,346,711, flags=RF-4, RF-6",0.92,Reviewed under PARAKH Annotation Standard v2.0 for RAJASTHAN jurisdiction.
RAJ-RA-2021-01152,AUDITOR_EXP_01,2026-10-16T02:00:00,40,"RF-1, RF-6",2,1,"Elevated multi-factor risk: Co-occurrence of threshold manipulation, compressed bidding window, or repeat winner pattern.","duration=21.0d, threshold_val=₹64,411,427, flags=RF-1, RF-6",0.92,Reviewed under PARAKH Annotation Standard v2.0 for RAJASTHAN jurisdiction.
KAR-KA-2021-01092,AUDITOR_EXP_01,2026-10-16T04:00:00,50,"RF-3, RF-4, RF-6",2,1,"Elevated multi-factor risk: Co-occurrence of threshold manipulation, compressed bidding window, or repeat winner pattern.","duration=6.0d, threshold_val=₹4,674,344, flags=RF-3, RF-4, RF-6",0.92,Reviewed under PARAKH Annotation Standard v2.0 for KARNATAKA jurisdiction.
2016_PWD_12355_1,AUDITOR_EXP_01,2026-10-16T06:00:00,35,"RF-5, RF-6",2,1,"Elevated multi-factor risk: Co-occurrence of threshold manipulation, compressed bidding window, or repeat winner pattern.","duration=20.875d, threshold_val=₹18,714,898, flags=RF-5, RF-6",0.92,Reviewed under PARAKH Annotation Standard v2.0 for HIMACHAL PRADESH jurisdiction.
2017_PWD_16191_1,AUDITOR_EXP_01,2026-10-16T08:00:00,20,RF-5,1,0,Isolated procedural deviation without evidence of systematic competition restriction.,"flags=RF-5, bidders=3",0.88,Reviewed under PARAKH Annotation Standard v2.0 for HIMACHAL PRADESH jurisdiction.
2016_HPIPH_14095_1,AUDITOR_EXP_01,2026-10-16T10:00:00,0,NONE,0,0,"Compliant procurement: Competitive bidding window, standard price alignment, and multiple participating suppliers.","bidders=5, duration=20.0d, estimate_alignment=OK",0.99,Reviewed under PARAKH Annotation Standard v2.0 for HIMACHAL PRADESH jurisdiction.
2018_PWD_19818_1,AUDITOR_EXP_01,2026-10-16T12:00:00,40,"RF-1, RF-6",2,1,"Elevated multi-factor risk: Co-occurrence of threshold manipulation, compressed bidding window, or repeat winner pattern.","duration=11.756944444444445d, threshold_val=₹2,816,850, flags=RF-1, RF-6",0.92,Reviewed under PARAKH Annotation Standard v2.0 for HIMACHAL PRADESH jurisdiction.
2016_PWD_13245_3,AUDITOR_EXP_01,2026-10-16T14:00:00,45,"RF-1, RF-5",3,1,Severe procurement anomaly: Single-bidder monopoly coupled with high price deviation or department dominance.,"bidders=1, price_deviation=0.68, flags=RF-1, RF-5",0.98,Reviewed under PARAKH Annotation Standard v2.0 for HIMACHAL PRADESH jurisdiction.
CEN-CE-2021-01027,AUDITOR_EXP_01,2026-10-16T16:00:00,35,"RF-5, RF-6",2,1,"Elevated multi-factor risk: Co-occurrence of threshold manipulation, compressed bidding window, or repeat winner pattern.","duration=21.0d, threshold_val=₹25,703,178, flags=RF-5, RF-6",0.92,Reviewed under PARAKH Annotation Standard v2.0 for CENTRAL jurisdiction.
2017_PWD_17571_1,AUDITOR_EXP_01,2026-10-16T18:00:00,35,"RF-5, RF-6",2,1,"Elevated multi-factor risk: Co-occurrence of threshold manipulation, compressed bidding window, or repeat winner pattern.","duration=17.333333333333332d, threshold_val=₹903,000, flags=RF-5, RF-6",0.92,Reviewed under PARAKH Annotation Standard v2.0 for HIMACHAL PRADESH jurisdiction.
2017_PWD_17714_1,AUDITOR_EXP_01,2026-10-16T20:00:00,40,"RF-1, RF-4",2,1,"Elevated multi-factor risk: Co-occurrence of threshold manipulation, compressed bidding window, or repeat winner pattern.","duration=6.6875d, threshold_val=₹2,524,400, flags=RF-1, RF-4",0.92,Reviewed under PARAKH Annotation Standard v2.0 for HIMACHAL PRADESH jurisdiction.
2019_PWD_30104_3,AUDITOR_EXP_01,2026-10-16T22:00:00,35,"RF-5, RF-6",2,1,"Elevated multi-factor risk: Co-occurrence of threshold manipulation, compressed bidding window, or repeat winner pattern.","duration=14.041666666666666d, threshold_val=₹2,809,432, flags=RF-5, RF-6",0.92,Reviewed under PARAKH Annotation Standard v2.0 for HIMACHAL PRADESH jurisdiction.
MAH-MA-2021-01229,AUDITOR_EXP_01,2026-10-17T00:00:00,30,"RF-4, RF-6",2,1,"Elevated multi-factor risk: Co-occurrence of threshold manipulation, compressed bidding window, or repeat winner pattern.","duration=6.0d, threshold_val=₹17,769,342, flags=RF-4, RF-6",0.92,Reviewed under PARAKH Annotation Standard v2.0 for MAHARASHTRA jurisdiction.
2017_PWD_15702_2,AUDITOR_EXP_01,2026-10-17T02:00:00,35,"RF-5, RF-6",2,1,"Elevated multi-factor risk: Co-occurrence of threshold manipulation, compressed bidding window, or repeat winner pattern.","duration=20.75d, threshold_val=₹2,057,500, flags=RF-5, RF-6",0.92,Reviewed under PARAKH Annotation Standard v2.0 for HIMACHAL PRADESH jurisdiction.
RAJ-RA-2021-01132,AUDITOR_EXP_01,2026-10-17T04:00:00,30,"RF-4, RF-6",2,1,"Elevated multi-factor risk: Co-occurrence of threshold manipulation, compressed bidding window, or repeat winner pattern.","duration=6.0d, threshold_val=₹5,078,303, flags=RF-4, RF-6",0.92,Reviewed under PARAKH Annotation Standard v2.0 for RAJASTHAN jurisdiction.
CEN-CE-2021-01032,AUDITOR_EXP_01,2026-10-17T06:00:00,55,"RF-1, RF-4, RF-6",2,1,"Elevated multi-factor risk: Co-occurrence of threshold manipulation, compressed bidding window, or repeat winner pattern.","duration=6.0d, threshold_val=₹13,872,478, flags=RF-1, RF-4, RF-6",0.92,Reviewed under PARAKH Annotation Standard v2.0 for CENTRAL jurisdiction.
MAH-MA-2021-01248,AUDITOR_EXP_01,2026-10-17T08:00:00,35,"RF-5, RF-6",2,1,"Elevated multi-factor risk: Co-occurrence of threshold manipulation, compressed bidding window, or repeat winner pattern.","duration=14.0d, threshold_val=₹10,653,929, flags=RF-5, RF-6",0.92,Reviewed under PARAKH Annotation Standard v2.0 for MAHARASHTRA jurisdiction.
2018_FDC_19795_1,AUDITOR_EXP_01,2026-10-17T10:00:00,60,"RF-1, RF-4, RF-5",3,1,Severe procurement anomaly: Single-bidder monopoly coupled with high price deviation or department dominance.,"bidders=1, price_deviation=0.30, flags=RF-1, RF-4, RF-5",0.98,Reviewed under PARAKH Annotation Standard v2.0 for HIMACHAL PRADESH jurisdiction.
2016_PWD_13123_1,AUDITOR_EXP_01,2026-10-17T12:00:00,45,"RF-1, RF-5",3,1,Severe procurement anomaly: Single-bidder monopoly coupled with high price deviation or department dominance.,"bidders=1, price_deviation=0.43, flags=RF-1, RF-5",0.98,Reviewed under PARAKH Annotation Standard v2.0 for HIMACHAL PRADESH jurisdiction.
2018_PWD_20064_5,AUDITOR_EXP_01,2026-10-17T14:00:00,35,"RF-5, RF-6",2,1,"Elevated multi-factor risk: Co-occurrence of threshold manipulation, compressed bidding window, or repeat winner pattern.","duration=11.041666666666666d, threshold_val=₹3,423,060, flags=RF-5, RF-6",0.92,Reviewed under PARAKH Annotation Standard v2.0 for HIMACHAL PRADESH jurisdiction.
CEN-CE-2021-01214,AUDITOR_EXP_01,2026-10-17T16:00:00,30,"RF-4, RF-6",2,1,"Elevated multi-factor risk: Co-occurrence of threshold manipulation, compressed bidding window, or repeat winner pattern.","duration=4.0d, threshold_val=₹5,661,369, flags=RF-4, RF-6",0.92,Reviewed under PARAKH Annotation Standard v2.0 for CENTRAL jurisdiction.
UTT-UT-2021-01247,AUDITOR_EXP_01,2026-10-17T18:00:00,50,"RF-3, RF-4, RF-6",2,1,"Elevated multi-factor risk: Co-occurrence of threshold manipulation, compressed bidding window, or repeat winner pattern.","duration=4.0d, threshold_val=₹4,700,726, flags=RF-3, RF-4, RF-6",0.92,Reviewed under PARAKH Annotation Standard v2.0 for UTTAR PRADESH jurisdiction.
KAR-KA-2021-01042,AUDITOR_EXP_01,2026-10-17T20:00:00,35,"RF-3, RF-6",2,1,"Elevated multi-factor risk: Co-occurrence of threshold manipulation, compressed bidding window, or repeat winner pattern.","duration=30.0d, threshold_val=₹4,742,193, flags=RF-3, RF-6",0.92,Reviewed under PARAKH Annotation Standard v2.0 for KARNATAKA jurisdiction.
UTT-UT-2021-01160,AUDITOR_EXP_01,2026-10-17T22:00:00,60,"RF-1, RF-3, RF-4",2,1,"Elevated multi-factor risk: Co-occurrence of threshold manipulation, compressed bidding window, or repeat winner pattern.","duration=4.0d, threshold_val=₹4,663,513, flags=RF-1, RF-3, RF-4",0.92,Reviewed under PARAKH Annotation Standard v2.0 for UTTAR PRADESH jurisdiction.
CEN-CE-2021-01196,AUDITOR_EXP_01,2026-10-18T00:00:00,75,"RF-1, RF-3, RF-4, RF-6",2,1,"Elevated multi-factor risk: Co-occurrence of threshold manipulation, compressed bidding window, or repeat winner pattern.","duration=4.0d, threshold_val=₹4,661,813, flags=RF-1, RF-3, RF-4, RF-6",0.92,Reviewed under PARAKH Annotation Standard v2.0 for CENTRAL jurisdiction.
CEN-CE-2021-01328,AUDITOR_EXP_01,2026-10-18T02:00:00,35,"RF-5, RF-6",2,1,"Elevated multi-factor risk: Co-occurrence of threshold manipulation, compressed bidding window, or repeat winner pattern.","duration=21.0d, threshold_val=₹78,352,435, flags=RF-5, RF-6",0.92,Reviewed under PARAKH Annotation Standard v2.0 for CENTRAL jurisdiction.
2016_HPIPH_13647_1,AUDITOR_EXP_01,2026-10-18T04:00:00,35,"RF-5, RF-6",2,1,"Elevated multi-factor risk: Co-occurrence of threshold manipulation, compressed bidding window, or repeat winner pattern.","duration=21.83333333333333d, threshold_val=₹1,910,000, flags=RF-5, RF-6",0.92,Reviewed under PARAKH Annotation Standard v2.0 for HIMACHAL PRADESH jurisdiction.
2018_PWD_19942_1,AUDITOR_EXP_01,2026-10-18T06:00:00,35,"RF-5, RF-6",2,1,"Elevated multi-factor risk: Co-occurrence of threshold manipulation, compressed bidding window, or repeat winner pattern.","duration=8.729166666666666d, threshold_val=₹1,754,085, flags=RF-5, RF-6",0.92,Reviewed under PARAKH Annotation Standard v2.0 for HIMACHAL PRADESH jurisdiction.
CEN-CE-2021-01228,AUDITOR_EXP_01,2026-10-18T08:00:00,40,"RF-1, RF-6",2,1,"Elevated multi-factor risk: Co-occurrence of threshold manipulation, compressed bidding window, or repeat winner pattern.","duration=14.0d, threshold_val=₹72,438,796, flags=RF-1, RF-6",0.92,Reviewed under PARAKH Annotation Standard v2.0 for CENTRAL jurisdiction.
2018_PWD_24595_1,AUDITOR_EXP_01,2026-10-18T10:00:00,0,NONE,0,0,"Compliant procurement: Competitive bidding window, standard price alignment, and multiple participating suppliers.","bidders=4, duration=11.333333333333334d, estimate_alignment=OK",0.99,Reviewed under PARAKH Annotation Standard v2.0 for HIMACHAL PRADESH jurisdiction.
UTT-UT-2021-01048,AUDITOR_EXP_01,2026-10-18T12:00:00,15,RF-6,1,0,Isolated procedural deviation without evidence of systematic competition restriction.,"flags=RF-6, bidders=5",0.88,Reviewed under PARAKH Annotation Standard v2.0 for UTTAR PRADESH jurisdiction.
UTT-UT-2021-01236,AUDITOR_EXP_01,2026-10-18T14:00:00,35,"RF-5, RF-6",2,1,"Elevated multi-factor risk: Co-occurrence of threshold manipulation, compressed bidding window, or repeat winner pattern.","duration=21.0d, threshold_val=₹11,895,435, flags=RF-5, RF-6",0.92,Reviewed under PARAKH Annotation Standard v2.0 for UTTAR PRADESH jurisdiction.
2017_HPIPH_16347_1-4135,AUDITOR_EXP_01,2026-10-18T16:00:00,30,"RF-4, RF-6",2,1,"Elevated multi-factor risk: Co-occurrence of threshold manipulation, compressed bidding window, or repeat winner pattern.","duration=5.979166666666667d, threshold_val=₹723,408, flags=RF-4, RF-6",0.92,Reviewed under PARAKH Annotation Standard v2.0 for HIMACHAL PRADESH jurisdiction.
2017_PWD_16960_2,AUDITOR_EXP_01,2026-10-18T18:00:00,60,"RF-1, RF-5, RF-6",3,1,Severe procurement anomaly: Single-bidder monopoly coupled with high price deviation or department dominance.,"bidders=1, price_deviation=0.34, flags=RF-1, RF-5, RF-6",0.98,Reviewed under PARAKH Annotation Standard v2.0 for HIMACHAL PRADESH jurisdiction.
KAR-KA-2021-01063,AUDITOR_EXP_01,2026-10-18T20:00:00,15,RF-6,1,0,Isolated procedural deviation without evidence of systematic competition restriction.,"flags=RF-6, bidders=3",0.88,Reviewed under PARAKH Annotation Standard v2.0 for KARNATAKA jurisdiction.
2020_HPIPH_38032_1,AUDITOR_EXP_01,2026-10-18T22:00:00,15,RF-6,1,0,Isolated procedural deviation without evidence of systematic competition restriction.,"flags=RF-6, bidders=10",0.88,Reviewed under PARAKH Annotation Standard v2.0 for HIMACHAL PRADESH jurisdiction.
CEN-CE-2021-01031,AUDITOR_EXP_01,2026-10-19T00:00:00,60,"RF-1, RF-5, RF-6",3,1,Severe procurement anomaly: Single-bidder monopoly coupled with high price deviation or department dominance.,"bidders=1, price_deviation=0.35, flags=RF-1, RF-5, RF-6",0.98,Reviewed under PARAKH Annotation Standard v2.0 for CENTRAL jurisdiction.
2017_HPIPH_17557_1,AUDITOR_EXP_01,2026-10-19T02:00:00,0,NONE,0,0,"Compliant procurement: Competitive bidding window, standard price alignment, and multiple participating suppliers.","bidders=3, duration=20.83333333333333d, estimate_alignment=OK",0.99,Reviewed under PARAKH Annotation Standard v2.0 for HIMACHAL PRADESH jurisdiction.
2017_PWD_16771_1,AUDITOR_EXP_01,2026-10-19T04:00:00,35,"RF-5, RF-6",2,1,"Elevated multi-factor risk: Co-occurrence of threshold manipulation, compressed bidding window, or repeat winner pattern.","duration=7.854166666666667d, threshold_val=₹598,318, flags=RF-5, RF-6",0.92,Reviewed under PARAKH Annotation Standard v2.0 for HIMACHAL PRADESH jurisdiction.
MAH-MA-2021-01287,AUDITOR_EXP_01,2026-10-19T06:00:00,40,"RF-1, RF-6",2,1,"Elevated multi-factor risk: Co-occurrence of threshold manipulation, compressed bidding window, or repeat winner pattern.","duration=14.0d, threshold_val=₹5,345,616, flags=RF-1, RF-6",0.92,Reviewed under PARAKH Annotation Standard v2.0 for MAHARASHTRA jurisdiction.
KAR-KA-2021-01069,AUDITOR_EXP_01,2026-10-19T08:00:00,50,"RF-4, RF-5, RF-6",2,1,"Elevated multi-factor risk: Co-occurrence of threshold manipulation, compressed bidding window, or repeat winner pattern.","duration=6.0d, threshold_val=₹6,710,009, flags=RF-4, RF-5, RF-6",0.92,Reviewed under PARAKH Annotation Standard v2.0 for KARNATAKA jurisdiction.
2017_HPIPH_14541_1,AUDITOR_EXP_01,2026-10-19T10:00:00,35,"RF-5, RF-6",2,1,"Elevated multi-factor risk: Co-occurrence of threshold manipulation, compressed bidding window, or repeat winner pattern.","duration=19.291666666666668d, threshold_val=₹1,575,050, flags=RF-5, RF-6",0.92,Reviewed under PARAKH Annotation Standard v2.0 for HIMACHAL PRADESH jurisdiction.
2018_PWD_19202_1,AUDITOR_EXP_01,2026-10-19T12:00:00,0,NONE,0,0,"Compliant procurement: Competitive bidding window, standard price alignment, and multiple participating suppliers.","bidders=6, duration=33.291666666666664d, estimate_alignment=OK",0.99,Reviewed under PARAKH Annotation Standard v2.0 for HIMACHAL PRADESH jurisdiction.
MAH-MA-2021-01240,AUDITOR_EXP_01,2026-10-19T14:00:00,30,"RF-4, RF-6",2,1,"Elevated multi-factor risk: Co-occurrence of threshold manipulation, compressed bidding window, or repeat winner pattern.","duration=4.0d, threshold_val=₹3,627,969, flags=RF-4, RF-6",0.92,Reviewed under PARAKH Annotation Standard v2.0 for MAHARASHTRA jurisdiction.
2018_PWD_19654_2,AUDITOR_EXP_01,2026-10-19T16:00:00,0,NONE,0,0,"Compliant procurement: Competitive bidding window, standard price alignment, and multiple participating suppliers.","bidders=4, duration=21.041666666666668d, estimate_alignment=OK",0.99,Reviewed under PARAKH Annotation Standard v2.0 for HIMACHAL PRADESH jurisdiction.
KAR-KA-2021-01142,AUDITOR_EXP_01,2026-10-19T18:00:00,30,"RF-4, RF-6",2,1,"Elevated multi-factor risk: Co-occurrence of threshold manipulation, compressed bidding window, or repeat winner pattern.","duration=6.0d, threshold_val=₹5,063,197, flags=RF-4, RF-6",0.92,Reviewed under PARAKH Annotation Standard v2.0 for KARNATAKA jurisdiction.
CEN-CE-2021-01105,AUDITOR_EXP_01,2026-10-19T20:00:00,40,"RF-1, RF-6",2,1,"Elevated multi-factor risk: Co-occurrence of threshold manipulation, compressed bidding window, or repeat winner pattern.","duration=14.0d, threshold_val=₹501,851, flags=RF-1, RF-6",0.92,Reviewed under PARAKH Annotation Standard v2.0 for CENTRAL jurisdiction.
KAR-KA-2021-01241,AUDITOR_EXP_01,2026-10-19T22:00:00,30,"RF-4, RF-6",2,1,"Elevated multi-factor risk: Co-occurrence of threshold manipulation, compressed bidding window, or repeat winner pattern.","duration=4.0d, threshold_val=₹6,510,716, flags=RF-4, RF-6",0.92,Reviewed under PARAKH Annotation Standard v2.0 for KARNATAKA jurisdiction.
2016_PWD_13162_1,AUDITOR_EXP_01,2026-10-20T00:00:00,0,NONE,0,0,"Compliant procurement: Competitive bidding window, standard price alignment, and multiple participating suppliers.","bidders=2, duration=19.125d, estimate_alignment=OK",0.99,Reviewed under PARAKH Annotation Standard v2.0 for HIMACHAL PRADESH jurisdiction.
2018_PWD_19648_12-2774,AUDITOR_EXP_01,2026-10-20T02:00:00,35,"RF-5, RF-6",2,1,"Elevated multi-factor risk: Co-occurrence of threshold manipulation, compressed bidding window, or repeat winner pattern.","duration=18.041666666666668d, threshold_val=₹2,049,928, flags=RF-5, RF-6",0.92,Reviewed under PARAKH Annotation Standard v2.0 for HIMACHAL PRADESH jurisdiction.
KAR-KA-2021-01231,AUDITOR_EXP_01,2026-10-20T04:00:00,60,"RF-1, RF-5, RF-6",3,1,Severe procurement anomaly: Single-bidder monopoly coupled with high price deviation or department dominance.,"bidders=1, price_deviation=0.35, flags=RF-1, RF-5, RF-6",0.98,Reviewed under PARAKH Annotation Standard v2.0 for KARNATAKA jurisdiction.
UTT-UT-2021-01090,AUDITOR_EXP_01,2026-10-20T06:00:00,75,"RF-1, RF-4, RF-5, RF-6",3,1,Severe procurement anomaly: Single-bidder monopoly coupled with high price deviation or department dominance.,"bidders=1, price_deviation=0.35, flags=RF-1, RF-4, RF-5, RF-6",0.98,Reviewed under PARAKH Annotation Standard v2.0 for UTTAR PRADESH jurisdiction.
2018_MC_18984_1,AUDITOR_EXP_01,2026-10-20T08:00:00,35,"RF-4, RF-5",2,1,"Elevated multi-factor risk: Co-occurrence of threshold manipulation, compressed bidding window, or repeat winner pattern.","duration=6.6875d, threshold_val=₹1,991,330, flags=RF-4, RF-5",0.92,Reviewed under PARAKH Annotation Standard v2.0 for HIMACHAL PRADESH jurisdiction.
MAH-MA-2021-01189,AUDITOR_EXP_01,2026-10-20T10:00:00,35,"RF-5, RF-6",2,1,"Elevated multi-factor risk: Co-occurrence of threshold manipulation, compressed bidding window, or repeat winner pattern.","duration=14.0d, threshold_val=₹6,693,152, flags=RF-5, RF-6",0.92,Reviewed under PARAKH Annotation Standard v2.0 for MAHARASHTRA jurisdiction.
UTT-UT-2021-01218,AUDITOR_EXP_01,2026-10-20T12:00:00,60,"RF-1, RF-5, RF-6",3,1,Severe procurement anomaly: Single-bidder monopoly coupled with high price deviation or department dominance.,"bidders=1, price_deviation=0.35, flags=RF-1, RF-5, RF-6",0.98,Reviewed under PARAKH Annotation Standard v2.0 for UTTAR PRADESH jurisdiction.
CEN-CE-2021-01074,AUDITOR_EXP_01,2026-10-20T14:00:00,35,"RF-5, RF-6",2,1,"Elevated multi-factor risk: Co-occurrence of threshold manipulation, compressed bidding window, or repeat winner pattern.","duration=30.0d, threshold_val=₹256,253,425, flags=RF-5, RF-6",0.92,Reviewed under PARAKH Annotation Standard v2.0 for CENTRAL jurisdiction.
2017_PWD_15634_1-1889,AUDITOR_EXP_01,2026-10-20T16:00:00,60,"RF-1, RF-5, RF-6",3,1,Severe procurement anomaly: Single-bidder monopoly coupled with high price deviation or department dominance.,"bidders=1, price_deviation=0.36, flags=RF-1, RF-5, RF-6",0.98,Reviewed under PARAKH Annotation Standard v2.0 for HIMACHAL PRADESH jurisdiction.
2019_PWD_32459_1,AUDITOR_EXP_01,2026-10-20T18:00:00,15,RF-6,1,0,Isolated procedural deviation without evidence of systematic competition restriction.,"flags=RF-6, bidders=2",0.88,Reviewed under PARAKH Annotation Standard v2.0 for HIMACHAL PRADESH jurisdiction.
2017_UDDHP_18312_1,AUDITOR_EXP_01,2026-10-20T20:00:00,50,"RF-4, RF-5, RF-6",2,1,"Elevated multi-factor risk: Co-occurrence of threshold manipulation, compressed bidding window, or repeat winner pattern.","duration=5.333333333333333d, threshold_val=₹170,080, flags=RF-4, RF-5, RF-6",0.92,Reviewed under PARAKH Annotation Standard v2.0 for HIMACHAL PRADESH jurisdiction.
RAJ-RA-2021-01221,AUDITOR_EXP_01,2026-10-20T22:00:00,40,"RF-1, RF-6",2,1,"Elevated multi-factor risk: Co-occurrence of threshold manipulation, compressed bidding window, or repeat winner pattern.","duration=21.0d, threshold_val=₹369,492,569, flags=RF-1, RF-6",0.92,Reviewed under PARAKH Annotation Standard v2.0 for RAJASTHAN jurisdiction.
2017_PWD_18339_1,AUDITOR_EXP_01,2026-10-21T00:00:00,20,RF-5,1,0,Isolated procedural deviation without evidence of systematic competition restriction.,"flags=RF-5, bidders=3",0.88,Reviewed under PARAKH Annotation Standard v2.0 for HIMACHAL PRADESH jurisdiction.
UTT-UT-2021-01173,AUDITOR_EXP_01,2026-10-21T02:00:00,15,RF-6,1,0,Isolated procedural deviation without evidence of systematic competition restriction.,"flags=RF-6, bidders=2",0.88,Reviewed under PARAKH Annotation Standard v2.0 for UTTAR PRADESH jurisdiction.
2017_PWD_17883_1,AUDITOR_EXP_01,2026-10-21T04:00:00,0,NONE,0,0,"Compliant procurement: Competitive bidding window, standard price alignment, and multiple participating suppliers.","bidders=7, duration=21.0d, estimate_alignment=OK",0.99,Reviewed under PARAKH Annotation Standard v2.0 for HIMACHAL PRADESH jurisdiction.
2017_UDDHP_17954_1-2552,AUDITOR_EXP_01,2026-10-21T06:00:00,40,"RF-3, RF-5",2,1,"Elevated multi-factor risk: Co-occurrence of threshold manipulation, compressed bidding window, or repeat winner pattern.","duration=16.75d, threshold_val=₹4,930,117, flags=RF-3, RF-5",0.92,Reviewed under PARAKH Annotation Standard v2.0 for HIMACHAL PRADESH jurisdiction.
2019_HPIPH_26957_1,AUDITOR_EXP_01,2026-10-21T08:00:00,35,"RF-5, RF-6",2,1,"Elevated multi-factor risk: Co-occurrence of threshold manipulation, compressed bidding window, or repeat winner pattern.","duration=13.041666666666666d, threshold_val=₹14,838,832, flags=RF-5, RF-6",0.92,Reviewed under PARAKH Annotation Standard v2.0 for HIMACHAL PRADESH jurisdiction.
2017_PWD_15599_1,AUDITOR_EXP_01,2026-10-21T10:00:00,35,"RF-5, RF-6",2,1,"Elevated multi-factor risk: Co-occurrence of threshold manipulation, compressed bidding window, or repeat winner pattern.","duration=21.041666666666668d, threshold_val=₹227,814, flags=RF-5, RF-6",0.92,Reviewed under PARAKH Annotation Standard v2.0 for HIMACHAL PRADESH jurisdiction.
2018_HPIPH_22511_3,AUDITOR_EXP_01,2026-10-21T12:00:00,35,"RF-5, RF-6",2,1,"Elevated multi-factor risk: Co-occurrence of threshold manipulation, compressed bidding window, or repeat winner pattern.","duration=24.75d, threshold_val=₹1,967,661, flags=RF-5, RF-6",0.92,Reviewed under PARAKH Annotation Standard v2.0 for HIMACHAL PRADESH jurisdiction.
KAR-KA-2021-01043,AUDITOR_EXP_01,2026-10-21T14:00:00,50,"RF-3, RF-4, RF-6",2,1,"Elevated multi-factor risk: Co-occurrence of threshold manipulation, compressed bidding window, or repeat winner pattern.","duration=4.0d, threshold_val=₹4,667,954, flags=RF-3, RF-4, RF-6",0.92,Reviewed under PARAKH Annotation Standard v2.0 for KARNATAKA jurisdiction.
RAJ-RA-2021-01047,AUDITOR_EXP_01,2026-10-21T16:00:00,40,"RF-1, RF-6",2,1,"Elevated multi-factor risk: Co-occurrence of threshold manipulation, compressed bidding window, or repeat winner pattern.","duration=30.0d, threshold_val=₹4,448,524, flags=RF-1, RF-6",0.92,Reviewed under PARAKH Annotation Standard v2.0 for RAJASTHAN jurisdiction.
2018_HPIPH_25271_1,AUDITOR_EXP_01,2026-10-21T18:00:00,20,RF-5,1,0,Isolated procedural deviation without evidence of systematic competition restriction.,"flags=RF-5, bidders=4",0.88,Reviewed under PARAKH Annotation Standard v2.0 for HIMACHAL PRADESH jurisdiction.
RAJ-RA-2021-01170,AUDITOR_EXP_01,2026-10-21T20:00:00,35,"RF-5, RF-6",2,1,"Elevated multi-factor risk: Co-occurrence of threshold manipulation, compressed bidding window, or repeat winner pattern.","duration=30.0d, threshold_val=₹471,296,948, flags=RF-5, RF-6",0.92,Reviewed under PARAKH Annotation Standard v2.0 for RAJASTHAN jurisdiction.
2019_HPIPH_32781_1,AUDITOR_EXP_01,2026-10-21T22:00:00,35,"RF-5, RF-6",2,1,"Elevated multi-factor risk: Co-occurrence of threshold manipulation, compressed bidding window, or repeat winner pattern.","duration=26.67013888888889d, threshold_val=₹973,309, flags=RF-5, RF-6",0.92,Reviewed under PARAKH Annotation Standard v2.0 for HIMACHAL PRADESH jurisdiction.
2017_PWD_15015_1,AUDITOR_EXP_01,2026-10-22T00:00:00,30,"RF-4, RF-6",2,1,"Elevated multi-factor risk: Co-occurrence of threshold manipulation, compressed bidding window, or repeat winner pattern.","duration=6.729166666666667d, threshold_val=₹1,439,884, flags=RF-4, RF-6",0.92,Reviewed under PARAKH Annotation Standard v2.0 for HIMACHAL PRADESH jurisdiction.
2018_PWD_21025_4,AUDITOR_EXP_01,2026-10-22T02:00:00,0,NONE,0,0,"Compliant procurement: Competitive bidding window, standard price alignment, and multiple participating suppliers.","bidders=6, duration=18.99305555555556d, estimate_alignment=OK",0.99,Reviewed under PARAKH Annotation Standard v2.0 for HIMACHAL PRADESH jurisdiction.
RAJ-RA-2021-01203,AUDITOR_EXP_01,2026-10-22T04:00:00,30,"RF-4, RF-6",2,1,"Elevated multi-factor risk: Co-occurrence of threshold manipulation, compressed bidding window, or repeat winner pattern.","duration=4.0d, threshold_val=₹13,997,260, flags=RF-4, RF-6",0.92,Reviewed under PARAKH Annotation Standard v2.0 for RAJASTHAN jurisdiction.
CEN-CE-2021-01050,AUDITOR_EXP_01,2026-10-22T06:00:00,35,"RF-5, RF-6",2,1,"Elevated multi-factor risk: Co-occurrence of threshold manipulation, compressed bidding window, or repeat winner pattern.","duration=21.0d, threshold_val=₹6,643,500, flags=RF-5, RF-6",0.92,Reviewed under PARAKH Annotation Standard v2.0 for CENTRAL jurisdiction.
2017_UDDHP_17948_1-1816,AUDITOR_EXP_01,2026-10-22T08:00:00,35,"RF-5, RF-6",2,1,"Elevated multi-factor risk: Co-occurrence of threshold manipulation, compressed bidding window, or repeat winner pattern.","duration=16.75d, threshold_val=₹5,874,225, flags=RF-5, RF-6",0.92,Reviewed under PARAKH Annotation Standard v2.0 for HIMACHAL PRADESH jurisdiction.
2017_PWD_14982_9,AUDITOR_EXP_01,2026-10-22T10:00:00,15,RF-6,1,0,Isolated procedural deviation without evidence of systematic competition restriction.,"flags=RF-6, bidders=2",0.88,Reviewed under PARAKH Annotation Standard v2.0 for HIMACHAL PRADESH jurisdiction.
2017_HPIPH_16850_1-87,AUDITOR_EXP_01,2026-10-22T12:00:00,15,RF-6,1,0,Isolated procedural deviation without evidence of systematic competition restriction.,"flags=RF-6, bidders=9",0.88,Reviewed under PARAKH Annotation Standard v2.0 for HIMACHAL PRADESH jurisdiction.
UTT-UT-2021-01219,AUDITOR_EXP_01,2026-10-22T14:00:00,35,"RF-5, RF-6",2,1,"Elevated multi-factor risk: Co-occurrence of threshold manipulation, compressed bidding window, or repeat winner pattern.","duration=30.0d, threshold_val=₹6,617,637, flags=RF-5, RF-6",0.92,Reviewed under PARAKH Annotation Standard v2.0 for UTTAR PRADESH jurisdiction.
RAJ-RA-2021-01034,AUDITOR_EXP_01,2026-10-22T16:00:00,55,"RF-1, RF-4, RF-6",2,1,"Elevated multi-factor risk: Co-occurrence of threshold manipulation, compressed bidding window, or repeat winner pattern.","duration=4.0d, threshold_val=₹5,670,127, flags=RF-1, RF-4, RF-6",0.92,Reviewed under PARAKH Annotation Standard v2.0 for RAJASTHAN jurisdiction.
2017_PWD_15174_3,AUDITOR_EXP_01,2026-10-22T18:00:00,60,"RF-1, RF-5, RF-6",3,1,Severe procurement anomaly: Single-bidder monopoly coupled with high price deviation or department dominance.,"bidders=1, price_deviation=0.60, flags=RF-1, RF-5, RF-6",0.98,Reviewed under PARAKH Annotation Standard v2.0 for HIMACHAL PRADESH jurisdiction.
2017_PWD_16999_1,AUDITOR_EXP_01,2026-10-22T20:00:00,35,"RF-4, RF-5",2,1,"Elevated multi-factor risk: Co-occurrence of threshold manipulation, compressed bidding window, or repeat winner pattern.","duration=6.927083333333333d, threshold_val=₹17,476,176, flags=RF-4, RF-5",0.92,Reviewed under PARAKH Annotation Standard v2.0 for HIMACHAL PRADESH jurisdiction.
2018_HPIPH_24486_1,AUDITOR_EXP_01,2026-10-22T22:00:00,15,RF-6,1,0,Isolated procedural deviation without evidence of systematic competition restriction.,"flags=RF-6, bidders=2",0.88,Reviewed under PARAKH Annotation Standard v2.0 for HIMACHAL PRADESH jurisdiction.
MAH-MA-2021-01286,AUDITOR_EXP_01,2026-10-23T00:00:00,30,"RF-4, RF-6",2,1,"Elevated multi-factor risk: Co-occurrence of threshold manipulation, compressed bidding window, or repeat winner pattern.","duration=6.0d, threshold_val=₹4,463,234, flags=RF-4, RF-6",0.92,Reviewed under PARAKH Annotation Standard v2.0 for MAHARASHTRA jurisdiction.
MAH-MA-2021-01141,AUDITOR_EXP_01,2026-10-23T02:00:00,50,"RF-4, RF-5, RF-6",2,1,"Elevated multi-factor risk: Co-occurrence of threshold manipulation, compressed bidding window, or repeat winner pattern.","duration=6.0d, threshold_val=₹74,380,215, flags=RF-4, RF-5, RF-6",0.92,Reviewed under PARAKH Annotation Standard v2.0 for MAHARASHTRA jurisdiction.
2017_HPIPH_17632_1-773,AUDITOR_EXP_01,2026-10-23T04:00:00,30,"RF-4, RF-6",2,1,"Elevated multi-factor risk: Co-occurrence of threshold manipulation, compressed bidding window, or repeat winner pattern.","duration=6.9375d, threshold_val=₹310,344, flags=RF-4, RF-6",0.92,Reviewed under PARAKH Annotation Standard v2.0 for HIMACHAL PRADESH jurisdiction.
UTT-UT-2021-01083,AUDITOR_EXP_01,2026-10-23T06:00:00,35,"RF-3, RF-6",2,1,"Elevated multi-factor risk: Co-occurrence of threshold manipulation, compressed bidding window, or repeat winner pattern.","duration=30.0d, threshold_val=₹4,661,378, flags=RF-3, RF-6",0.92,Reviewed under PARAKH Annotation Standard v2.0 for UTTAR PRADESH jurisdiction.
KAR-KA-2021-01116,AUDITOR_EXP_01,2026-10-23T08:00:00,60,"RF-1, RF-3, RF-6",2,1,"Elevated multi-factor risk: Co-occurrence of threshold manipulation, compressed bidding window, or repeat winner pattern.","duration=14.0d, threshold_val=₹4,737,780, flags=RF-1, RF-3, RF-6",0.92,Reviewed under PARAKH Annotation Standard v2.0 for KARNATAKA jurisdiction.
CEN-CE-2021-01285,AUDITOR_EXP_01,2026-10-23T10:00:00,55,"RF-1, RF-4, RF-6",2,1,"Elevated multi-factor risk: Co-occurrence of threshold manipulation, compressed bidding window, or repeat winner pattern.","duration=4.0d, threshold_val=₹16,664,819, flags=RF-1, RF-4, RF-6",0.92,Reviewed under PARAKH Annotation Standard v2.0 for CENTRAL jurisdiction.
KAR-KA-2021-01236,AUDITOR_EXP_01,2026-10-23T12:00:00,30,"RF-4, RF-6",2,1,"Elevated multi-factor risk: Co-occurrence of threshold manipulation, compressed bidding window, or repeat winner pattern.","duration=6.0d, threshold_val=₹6,372,392, flags=RF-4, RF-6",0.92,Reviewed under PARAKH Annotation Standard v2.0 for KARNATAKA jurisdiction.
2017_HPIPH_16552_1,AUDITOR_EXP_01,2026-10-23T14:00:00,35,"RF-4, RF-5",2,1,"Elevated multi-factor risk: Co-occurrence of threshold manipulation, compressed bidding window, or repeat winner pattern.","duration=6.25d, threshold_val=₹357,082, flags=RF-4, RF-5",0.92,Reviewed under PARAKH Annotation Standard v2.0 for HIMACHAL PRADESH jurisdiction.
2017_UDDHP_18146_1,AUDITOR_EXP_01,2026-10-23T16:00:00,35,"RF-5, RF-6",2,1,"Elevated multi-factor risk: Co-occurrence of threshold manipulation, compressed bidding window, or repeat winner pattern.","duration=10.25d, threshold_val=₹378,180, flags=RF-5, RF-6",0.92,Reviewed under PARAKH Annotation Standard v2.0 for HIMACHAL PRADESH jurisdiction.
2017_PWD_16358_1,AUDITOR_EXP_01,2026-10-23T18:00:00,30,"RF-4, RF-6",2,1,"Elevated multi-factor risk: Co-occurrence of threshold manipulation, compressed bidding window, or repeat winner pattern.","duration=6.729166666666667d, threshold_val=₹1,950,308, flags=RF-4, RF-6",0.92,Reviewed under PARAKH Annotation Standard v2.0 for HIMACHAL PRADESH jurisdiction.
2018_PWD_20249_1,AUDITOR_EXP_01,2026-10-23T20:00:00,35,"RF-5, RF-6",2,1,"Elevated multi-factor risk: Co-occurrence of threshold manipulation, compressed bidding window, or repeat winner pattern.","duration=12.125d, threshold_val=₹1,763,183, flags=RF-5, RF-6",0.92,Reviewed under PARAKH Annotation Standard v2.0 for HIMACHAL PRADESH jurisdiction.
MAH-MA-2021-01052,AUDITOR_EXP_01,2026-10-23T22:00:00,30,"RF-4, RF-6",2,1,"Elevated multi-factor risk: Co-occurrence of threshold manipulation, compressed bidding window, or repeat winner pattern.","duration=4.0d, threshold_val=₹355,968,100, flags=RF-4, RF-6",0.92,Reviewed under PARAKH Annotation Standard v2.0 for MAHARASHTRA jurisdiction.
2017_PWD_16995_1,AUDITOR_EXP_01,2026-10-24T00:00:00,35,"RF-5, RF-6",2,1,"Elevated multi-factor risk: Co-occurrence of threshold manipulation, compressed bidding window, or repeat winner pattern.","duration=24.98611111111111d, threshold_val=₹654,960, flags=RF-5, RF-6",0.92,Reviewed under PARAKH Annotation Standard v2.0 for HIMACHAL PRADESH jurisdiction.
MAH-MA-2021-01176,AUDITOR_EXP_01,2026-10-24T02:00:00,35,"RF-3, RF-6",2,1,"Elevated multi-factor risk: Co-occurrence of threshold manipulation, compressed bidding window, or repeat winner pattern.","duration=30.0d, threshold_val=₹4,741,977, flags=RF-3, RF-6",0.92,Reviewed under PARAKH Annotation Standard v2.0 for MAHARASHTRA jurisdiction.
2017_HPIPH_17648_1,AUDITOR_EXP_01,2026-10-24T04:00:00,35,"RF-5, RF-6",2,1,"Elevated multi-factor risk: Co-occurrence of threshold manipulation, compressed bidding window, or repeat winner pattern.","duration=7.083333333333333d, threshold_val=₹1,310,000, flags=RF-5, RF-6",0.92,Reviewed under PARAKH Annotation Standard v2.0 for HIMACHAL PRADESH jurisdiction.
2017_PWD_16996_1,AUDITOR_EXP_01,2026-10-24T06:00:00,35,"RF-5, RF-6",2,1,"Elevated multi-factor risk: Co-occurrence of threshold manipulation, compressed bidding window, or repeat winner pattern.","duration=25.0d, threshold_val=₹474,288, flags=RF-5, RF-6",0.92,Reviewed under PARAKH Annotation Standard v2.0 for HIMACHAL PRADESH jurisdiction.
2017_PWD_14921_4,AUDITOR_EXP_01,2026-10-24T08:00:00,35,"RF-5, RF-6",2,1,"Elevated multi-factor risk: Co-occurrence of threshold manipulation, compressed bidding window, or repeat winner pattern.","duration=22.041666666666668d, threshold_val=₹215,250, flags=RF-5, RF-6",0.92,Reviewed under PARAKH Annotation Standard v2.0 for HIMACHAL PRADESH jurisdiction.
KAR-KA-2021-01235,AUDITOR_EXP_01,2026-10-24T10:00:00,30,"RF-4, RF-6",2,1,"Elevated multi-factor risk: Co-occurrence of threshold manipulation, compressed bidding window, or repeat winner pattern.","duration=6.0d, threshold_val=₹229,324,010, flags=RF-4, RF-6",0.92,Reviewed under PARAKH Annotation Standard v2.0 for KARNATAKA jurisdiction.
MAH-MA-2021-01129,AUDITOR_EXP_01,2026-10-24T12:00:00,60,"RF-1, RF-3, RF-6",2,1,"Elevated multi-factor risk: Co-occurrence of threshold manipulation, compressed bidding window, or repeat winner pattern.","duration=14.0d, threshold_val=₹4,681,497, flags=RF-1, RF-3, RF-6",0.92,Reviewed under PARAKH Annotation Standard v2.0 for MAHARASHTRA jurisdiction.
CEN-CE-2021-01271,AUDITOR_EXP_01,2026-10-24T14:00:00,30,"RF-4, RF-6",2,1,"Elevated multi-factor risk: Co-occurrence of threshold manipulation, compressed bidding window, or repeat winner pattern.","duration=6.0d, threshold_val=₹5,738,307, flags=RF-4, RF-6",0.92,Reviewed under PARAKH Annotation Standard v2.0 for CENTRAL jurisdiction.
UTT-UT-2021-01163,AUDITOR_EXP_01,2026-10-24T16:00:00,55,"RF-1, RF-4, RF-6",2,1,"Elevated multi-factor risk: Co-occurrence of threshold manipulation, compressed bidding window, or repeat winner pattern.","duration=6.0d, threshold_val=₹4,216,490, flags=RF-1, RF-4, RF-6",0.92,Reviewed under PARAKH Annotation Standard v2.0 for UTTAR PRADESH jurisdiction.
2017_PWD_15933_10,AUDITOR_EXP_01,2026-10-24T18:00:00,40,"RF-1, RF-6",2,1,"Elevated multi-factor risk: Co-occurrence of threshold manipulation, compressed bidding window, or repeat winner pattern.","duration=17.083333333333332d, threshold_val=₹1,580,205, flags=RF-1, RF-6",0.92,Reviewed under PARAKH Annotation Standard v2.0 for HIMACHAL PRADESH jurisdiction.
MAH-MA-2021-01128,AUDITOR_EXP_01,2026-10-24T20:00:00,30,"RF-4, RF-6",2,1,"Elevated multi-factor risk: Co-occurrence of threshold manipulation, compressed bidding window, or repeat winner pattern.","duration=4.0d, threshold_val=₹2,011,379, flags=RF-4, RF-6",0.92,Reviewed under PARAKH Annotation Standard v2.0 for MAHARASHTRA jurisdiction.
KAR-KA-2021-01173,AUDITOR_EXP_01,2026-10-24T22:00:00,20,RF-5,1,0,Isolated procedural deviation without evidence of systematic competition restriction.,"flags=RF-5, bidders=3",0.88,Reviewed under PARAKH Annotation Standard v2.0 for KARNATAKA jurisdiction.
UTT-UT-2021-01068,AUDITOR_EXP_01,2026-10-25T00:00:00,25,RF-1,1,0,Isolated procedural deviation without evidence of systematic competition restriction.,"flags=RF-1, bidders=1",0.88,Reviewed under PARAKH Annotation Standard v2.0 for UTTAR PRADESH jurisdiction.
KAR-KA-2021-01056,AUDITOR_EXP_01,2026-10-25T02:00:00,30,"RF-4, RF-6",2,1,"Elevated multi-factor risk: Co-occurrence of threshold manipulation, compressed bidding window, or repeat winner pattern.","duration=6.0d, threshold_val=₹218,530,613, flags=RF-4, RF-6",0.92,Reviewed under PARAKH Annotation Standard v2.0 for KARNATAKA jurisdiction.
2018_PWD_19791_1,AUDITOR_EXP_01,2026-10-25T04:00:00,30,"RF-4, RF-6",2,1,"Elevated multi-factor risk: Co-occurrence of threshold manipulation, compressed bidding window, or repeat winner pattern.","duration=6.708333333333333d, threshold_val=₹1,855,895, flags=RF-4, RF-6",0.92,Reviewed under PARAKH Annotation Standard v2.0 for HIMACHAL PRADESH jurisdiction.
2018_PWD_19512_1,AUDITOR_EXP_01,2026-10-25T06:00:00,35,"RF-4, RF-5",2,1,"Elevated multi-factor risk: Co-occurrence of threshold manipulation, compressed bidding window, or repeat winner pattern.","duration=5.979166666666667d, threshold_val=₹12,007,412, flags=RF-4, RF-5",0.92,Reviewed under PARAKH Annotation Standard v2.0 for HIMACHAL PRADESH jurisdiction.
RAJ-RA-2021-01092,AUDITOR_EXP_01,2026-10-25T08:00:00,35,"RF-3, RF-6",2,1,"Elevated multi-factor risk: Co-occurrence of threshold manipulation, compressed bidding window, or repeat winner pattern.","duration=30.0d, threshold_val=₹4,709,850, flags=RF-3, RF-6",0.92,Reviewed under PARAKH Annotation Standard v2.0 for RAJASTHAN jurisdiction.
2019_HPIPH_26773_1,AUDITOR_EXP_01,2026-10-25T10:00:00,35,"RF-5, RF-6",2,1,"Elevated multi-factor risk: Co-occurrence of threshold manipulation, compressed bidding window, or repeat winner pattern.","duration=20.041666666666668d, threshold_val=₹1,499,960, flags=RF-5, RF-6",0.92,Reviewed under PARAKH Annotation Standard v2.0 for HIMACHAL PRADESH jurisdiction.
MAH-MA-2021-01161,AUDITOR_EXP_01,2026-10-25T12:00:00,50,"RF-4, RF-5, RF-6",2,1,"Elevated multi-factor risk: Co-occurrence of threshold manipulation, compressed bidding window, or repeat winner pattern.","duration=4.0d, threshold_val=₹5,928,106, flags=RF-4, RF-5, RF-6",0.92,Reviewed under PARAKH Annotation Standard v2.0 for MAHARASHTRA jurisdiction.
UTT-UT-2021-01008,AUDITOR_EXP_01,2026-10-25T14:00:00,30,"RF-4, RF-6",2,1,"Elevated multi-factor risk: Co-occurrence of threshold manipulation, compressed bidding window, or repeat winner pattern.","duration=4.0d, threshold_val=₹146,932,115, flags=RF-4, RF-6",0.92,Reviewed under PARAKH Annotation Standard v2.0 for UTTAR PRADESH jurisdiction.
CEN-CE-2021-01141,AUDITOR_EXP_01,2026-10-25T16:00:00,30,"RF-4, RF-6",2,1,"Elevated multi-factor risk: Co-occurrence of threshold manipulation, compressed bidding window, or repeat winner pattern.","duration=4.0d, threshold_val=₹5,009,034, flags=RF-4, RF-6",0.92,Reviewed under PARAKH Annotation Standard v2.0 for CENTRAL jurisdiction.
UTT-UT-2021-01193,AUDITOR_EXP_01,2026-10-25T18:00:00,30,"RF-4, RF-6",2,1,"Elevated multi-factor risk: Co-occurrence of threshold manipulation, compressed bidding window, or repeat winner pattern.","duration=4.0d, threshold_val=₹697,326, flags=RF-4, RF-6",0.92,Reviewed under PARAKH Annotation Standard v2.0 for UTTAR PRADESH jurisdiction.
RAJ-RA-2021-01122,AUDITOR_EXP_01,2026-10-25T20:00:00,30,"RF-4, RF-6",2,1,"Elevated multi-factor risk: Co-occurrence of threshold manipulation, compressed bidding window, or repeat winner pattern.","duration=4.0d, threshold_val=₹3,108,412, flags=RF-4, RF-6",0.92,Reviewed under PARAKH Annotation Standard v2.0 for RAJASTHAN jurisdiction.
2018_HPIPH_25215_1,AUDITOR_EXP_01,2026-10-25T22:00:00,35,"RF-5, RF-6",2,1,"Elevated multi-factor risk: Co-occurrence of threshold manipulation, compressed bidding window, or repeat winner pattern.","duration=14.083333333333334d, threshold_val=₹1,581,200, flags=RF-5, RF-6",0.92,Reviewed under PARAKH Annotation Standard v2.0 for HIMACHAL PRADESH jurisdiction.
2017_BBNDA_18965_1,AUDITOR_EXP_01,2026-10-26T00:00:00,20,RF-5,1,0,Isolated procedural deviation without evidence of systematic competition restriction.,"flags=RF-5, bidders=2",0.88,Reviewed under PARAKH Annotation Standard v2.0 for HIMACHAL PRADESH jurisdiction.
RAJ-RA-2021-01215,AUDITOR_EXP_01,2026-10-26T02:00:00,30,"RF-4, RF-6",2,1,"Elevated multi-factor risk: Co-occurrence of threshold manipulation, compressed bidding window, or repeat winner pattern.","duration=6.0d, threshold_val=₹5,333,109, flags=RF-4, RF-6",0.92,Reviewed under PARAKH Annotation Standard v2.0 for RAJASTHAN jurisdiction.
2018_PWD_20066_3,AUDITOR_EXP_01,2026-10-26T04:00:00,45,"RF-1, RF-5",3,1,Severe procurement anomaly: Single-bidder monopoly coupled with high price deviation or department dominance.,"bidders=1, price_deviation=0.75, flags=RF-1, RF-5",0.98,Reviewed under PARAKH Annotation Standard v2.0 for HIMACHAL PRADESH jurisdiction.
RAJ-RA-2021-01140,AUDITOR_EXP_01,2026-10-26T06:00:00,60,"RF-1, RF-5, RF-6",3,1,Severe procurement anomaly: Single-bidder monopoly coupled with high price deviation or department dominance.,"bidders=1, price_deviation=0.35, flags=RF-1, RF-5, RF-6",0.98,Reviewed under PARAKH Annotation Standard v2.0 for RAJASTHAN jurisdiction.
MAH-MA-2021-01192,AUDITOR_EXP_01,2026-10-26T08:00:00,30,"RF-4, RF-6",2,1,"Elevated multi-factor risk: Co-occurrence of threshold manipulation, compressed bidding window, or repeat winner pattern.","duration=4.0d, threshold_val=₹206,589,343, flags=RF-4, RF-6",0.92,Reviewed under PARAKH Annotation Standard v2.0 for MAHARASHTRA jurisdiction.
2017_HPIPH_16695_1-327,AUDITOR_EXP_01,2026-10-26T10:00:00,35,"RF-5, RF-6",2,1,"Elevated multi-factor risk: Co-occurrence of threshold manipulation, compressed bidding window, or repeat winner pattern.","duration=13.0d, threshold_val=₹1,034,354, flags=RF-5, RF-6",0.92,Reviewed under PARAKH Annotation Standard v2.0 for HIMACHAL PRADESH jurisdiction.
RAJ-RA-2021-01045,AUDITOR_EXP_01,2026-10-26T12:00:00,40,"RF-1, RF-6",2,1,"Elevated multi-factor risk: Co-occurrence of threshold manipulation, compressed bidding window, or repeat winner pattern.","duration=14.0d, threshold_val=₹4,011,434, flags=RF-1, RF-6",0.92,Reviewed under PARAKH Annotation Standard v2.0 for RAJASTHAN jurisdiction.
2017_PWD_16205_1,AUDITOR_EXP_01,2026-10-26T14:00:00,15,RF-6,1,0,Isolated procedural deviation without evidence of systematic competition restriction.,"flags=RF-6, bidders=3",0.88,Reviewed under PARAKH Annotation Standard v2.0 for HIMACHAL PRADESH jurisdiction.
2017_UDDHP_18281_1,AUDITOR_EXP_01,2026-10-26T16:00:00,35,"RF-4, RF-5",2,1,"Elevated multi-factor risk: Co-occurrence of threshold manipulation, compressed bidding window, or repeat winner pattern.","duration=5.333333333333333d, threshold_val=₹355,608, flags=RF-4, RF-5",0.92,Reviewed under PARAKH Annotation Standard v2.0 for HIMACHAL PRADESH jurisdiction.
KAR-KA-2021-01191,AUDITOR_EXP_01,2026-10-26T18:00:00,30,"RF-4, RF-6",2,1,"Elevated multi-factor risk: Co-occurrence of threshold manipulation, compressed bidding window, or repeat winner pattern.","duration=4.0d, threshold_val=₹5,654,694, flags=RF-4, RF-6",0.92,Reviewed under PARAKH Annotation Standard v2.0 for KARNATAKA jurisdiction.
2017_PWD_18457_1,AUDITOR_EXP_01,2026-10-26T20:00:00,0,NONE,0,0,"Compliant procurement: Competitive bidding window, standard price alignment, and multiple participating suppliers.","bidders=4, duration=28.979166666666668d, estimate_alignment=OK",0.99,Reviewed under PARAKH Annotation Standard v2.0 for HIMACHAL PRADESH jurisdiction.
UTT-UT-2021-01054,AUDITOR_EXP_01,2026-10-26T22:00:00,55,"RF-1, RF-4, RF-6",2,1,"Elevated multi-factor risk: Co-occurrence of threshold manipulation, compressed bidding window, or repeat winner pattern.","duration=6.0d, threshold_val=₹24,396,399, flags=RF-1, RF-4, RF-6",0.92,Reviewed under PARAKH Annotation Standard v2.0 for UTTAR PRADESH jurisdiction.
CEN-CE-2021-01067,AUDITOR_EXP_01,2026-10-27T00:00:00,30,"RF-4, RF-6",2,1,"Elevated multi-factor risk: Co-occurrence of threshold manipulation, compressed bidding window, or repeat winner pattern.","duration=4.0d, threshold_val=₹5,662,770, flags=RF-4, RF-6",0.92,Reviewed under PARAKH Annotation Standard v2.0 for CENTRAL jurisdiction.
CEN-CE-2021-01230,AUDITOR_EXP_01,2026-10-27T02:00:00,15,RF-6,1,0,Isolated procedural deviation without evidence of systematic competition restriction.,"flags=RF-6, bidders=5",0.88,Reviewed under PARAKH Annotation Standard v2.0 for CENTRAL jurisdiction.
KAR-KA-2021-01188,AUDITOR_EXP_01,2026-10-27T04:00:00,30,"RF-4, RF-6",2,1,"Elevated multi-factor risk: Co-occurrence of threshold manipulation, compressed bidding window, or repeat winner pattern.","duration=4.0d, threshold_val=₹3,524,377, flags=RF-4, RF-6",0.92,Reviewed under PARAKH Annotation Standard v2.0 for KARNATAKA jurisdiction.
MAH-MA-2021-01119,AUDITOR_EXP_01,2026-10-27T06:00:00,15,RF-6,1,0,Isolated procedural deviation without evidence of systematic competition restriction.,"flags=RF-6, bidders=3",0.88,Reviewed under PARAKH Annotation Standard v2.0 for MAHARASHTRA jurisdiction.
2018_HPIPH_25243_1,AUDITOR_EXP_01,2026-10-27T08:00:00,0,NONE,0,0,"Compliant procurement: Competitive bidding window, standard price alignment, and multiple participating suppliers.","bidders=3, duration=12.0d, estimate_alignment=OK",0.99,Reviewed under PARAKH Annotation Standard v2.0 for HIMACHAL PRADESH jurisdiction.
MAH-MA-2021-01098,AUDITOR_EXP_01,2026-10-27T10:00:00,60,"RF-1, RF-3, RF-6",2,1,"Elevated multi-factor risk: Co-occurrence of threshold manipulation, compressed bidding window, or repeat winner pattern.","duration=30.0d, threshold_val=₹4,715,315, flags=RF-1, RF-3, RF-6",0.92,Reviewed under PARAKH Annotation Standard v2.0 for MAHARASHTRA jurisdiction.
2017_UDDHP_17946_1-2762,AUDITOR_EXP_01,2026-10-27T12:00:00,20,RF-5,1,0,Isolated procedural deviation without evidence of systematic competition restriction.,"flags=RF-5, bidders=6",0.88,Reviewed under PARAKH Annotation Standard v2.0 for HIMACHAL PRADESH jurisdiction.
2017_PWD_14982_12,AUDITOR_EXP_01,2026-10-27T14:00:00,15,RF-6,1,0,Isolated procedural deviation without evidence of systematic competition restriction.,"flags=RF-6, bidders=2",0.88,Reviewed under PARAKH Annotation Standard v2.0 for HIMACHAL PRADESH jurisdiction.
2017_UDDHP_16011_1,AUDITOR_EXP_01,2026-10-27T16:00:00,35,"RF-5, RF-6",2,1,"Elevated multi-factor risk: Co-occurrence of threshold manipulation, compressed bidding window, or repeat winner pattern.","duration=8.083333333333334d, threshold_val=₹164,036, flags=RF-5, RF-6",0.92,Reviewed under PARAKH Annotation Standard v2.0 for HIMACHAL PRADESH jurisdiction.
UTT-UT-2021-01130,AUDITOR_EXP_01,2026-10-27T18:00:00,35,"RF-5, RF-6",2,1,"Elevated multi-factor risk: Co-occurrence of threshold manipulation, compressed bidding window, or repeat winner pattern.","duration=14.0d, threshold_val=₹257,027,331, flags=RF-5, RF-6",0.92,Reviewed under PARAKH Annotation Standard v2.0 for UTTAR PRADESH jurisdiction.
2017_PWD_14261_1,AUDITOR_EXP_01,2026-10-27T20:00:00,45,"RF-1, RF-5",3,1,Severe procurement anomaly: Single-bidder monopoly coupled with high price deviation or department dominance.,"bidders=1, price_deviation=0.80, flags=RF-1, RF-5",0.98,Reviewed under PARAKH Annotation Standard v2.0 for HIMACHAL PRADESH jurisdiction.
MAH-MA-2021-01153,AUDITOR_EXP_01,2026-10-27T22:00:00,50,"RF-4, RF-5, RF-6",2,1,"Elevated multi-factor risk: Co-occurrence of threshold manipulation, compressed bidding window, or repeat winner pattern.","duration=4.0d, threshold_val=₹10,938,650, flags=RF-4, RF-5, RF-6",0.92,Reviewed under PARAKH Annotation Standard v2.0 for MAHARASHTRA jurisdiction.
2017_HPAMB_16134_1,AUDITOR_EXP_01,2026-10-28T00:00:00,40,"RF-3, RF-5",2,1,"Elevated multi-factor risk: Co-occurrence of threshold manipulation, compressed bidding window, or repeat winner pattern.","duration=21.0d, threshold_val=₹4,738,876, flags=RF-3, RF-5",0.92,Reviewed under PARAKH Annotation Standard v2.0 for HIMACHAL PRADESH jurisdiction.
CEN-CE-2021-01301,AUDITOR_EXP_01,2026-10-28T02:00:00,60,"RF-1, RF-5, RF-6",3,1,Severe procurement anomaly: Single-bidder monopoly coupled with high price deviation or department dominance.,"bidders=1, price_deviation=0.35, flags=RF-1, RF-5, RF-6",0.98,Reviewed under PARAKH Annotation Standard v2.0 for CENTRAL jurisdiction.
MAH-MA-2021-01256,AUDITOR_EXP_01,2026-10-28T04:00:00,50,"RF-4, RF-5, RF-6",2,1,"Elevated multi-factor risk: Co-occurrence of threshold manipulation, compressed bidding window, or repeat winner pattern.","duration=6.0d, threshold_val=₹6,628,322, flags=RF-4, RF-5, RF-6",0.92,Reviewed under PARAKH Annotation Standard v2.0 for MAHARASHTRA jurisdiction.
2018_UDDHP_20483_1,AUDITOR_EXP_01,2026-10-28T06:00:00,35,"RF-5, RF-6",2,1,"Elevated multi-factor risk: Co-occurrence of threshold manipulation, compressed bidding window, or repeat winner pattern.","duration=7.333333333333333d, threshold_val=₹238,072, flags=RF-5, RF-6",0.92,Reviewed under PARAKH Annotation Standard v2.0 for HIMACHAL PRADESH jurisdiction.
2017_PWD_17751_1,AUDITOR_EXP_01,2026-10-28T08:00:00,15,RF-6,1,0,Isolated procedural deviation without evidence of systematic competition restriction.,"flags=RF-6, bidders=9",0.88,Reviewed under PARAKH Annotation Standard v2.0 for HIMACHAL PRADESH jurisdiction.
KAR-KA-2021-01162,AUDITOR_EXP_01,2026-10-28T10:00:00,50,"RF-4, RF-5, RF-6",2,1,"Elevated multi-factor risk: Co-occurrence of threshold manipulation, compressed bidding window, or repeat winner pattern.","duration=4.0d, threshold_val=₹150,978,766, flags=RF-4, RF-5, RF-6",0.92,Reviewed under PARAKH Annotation Standard v2.0 for KARNATAKA jurisdiction.
2019_PWD_32036_1,AUDITOR_EXP_01,2026-10-28T12:00:00,0,NONE,0,0,"Compliant procurement: Competitive bidding window, standard price alignment, and multiple participating suppliers.","bidders=6, duration=8.0625d, estimate_alignment=OK",0.99,Reviewed under PARAKH Annotation Standard v2.0 for HIMACHAL PRADESH jurisdiction.
UTT-UT-2021-01066,AUDITOR_EXP_01,2026-10-28T14:00:00,40,"RF-1, RF-4",2,1,"Elevated multi-factor risk: Co-occurrence of threshold manipulation, compressed bidding window, or repeat winner pattern.","duration=6.0d, threshold_val=₹5,007,045, flags=RF-1, RF-4",0.92,Reviewed under PARAKH Annotation Standard v2.0 for UTTAR PRADESH jurisdiction.
2018_UDDHP_19111_1,AUDITOR_EXP_01,2026-10-28T16:00:00,45,"RF-1, RF-5",3,1,Severe procurement anomaly: Single-bidder monopoly coupled with high price deviation or department dominance.,"bidders=1, price_deviation=0.52, flags=RF-1, RF-5",0.98,Reviewed under PARAKH Annotation Standard v2.0 for HIMACHAL PRADESH jurisdiction.
RAJ-RA-2021-01009,AUDITOR_EXP_01,2026-10-28T18:00:00,0,NONE,0,0,"Compliant procurement: Competitive bidding window, standard price alignment, and multiple participating suppliers.","bidders=3, duration=30.0d, estimate_alignment=OK",0.99,Reviewed under PARAKH Annotation Standard v2.0 for RAJASTHAN jurisdiction.
2019_HPIPH_27902_1,AUDITOR_EXP_01,2026-10-28T20:00:00,35,"RF-5, RF-6",2,1,"Elevated multi-factor risk: Co-occurrence of threshold manipulation, compressed bidding window, or repeat winner pattern.","duration=13.75d, threshold_val=₹1,449,174, flags=RF-5, RF-6",0.92,Reviewed under PARAKH Annotation Standard v2.0 for HIMACHAL PRADESH jurisdiction.
2018_PWD_19785_1,AUDITOR_EXP_01,2026-10-28T22:00:00,30,"RF-4, RF-6",2,1,"Elevated multi-factor risk: Co-occurrence of threshold manipulation, compressed bidding window, or repeat winner pattern.","duration=6.708333333333333d, threshold_val=₹1,787,042, flags=RF-4, RF-6",0.92,Reviewed under PARAKH Annotation Standard v2.0 for HIMACHAL PRADESH jurisdiction.
KAR-KA-2021-01015,AUDITOR_EXP_01,2026-10-29T00:00:00,30,"RF-4, RF-6",2,1,"Elevated multi-factor risk: Co-occurrence of threshold manipulation, compressed bidding window, or repeat winner pattern.","duration=6.0d, threshold_val=₹23,036,003, flags=RF-4, RF-6",0.92,Reviewed under PARAKH Annotation Standard v2.0 for KARNATAKA jurisdiction.
MAH-MA-2021-01230,AUDITOR_EXP_01,2026-10-29T02:00:00,50,"RF-4, RF-5, RF-6",2,1,"Elevated multi-factor risk: Co-occurrence of threshold manipulation, compressed bidding window, or repeat winner pattern.","duration=4.0d, threshold_val=₹22,707,587, flags=RF-4, RF-5, RF-6",0.92,Reviewed under PARAKH Annotation Standard v2.0 for MAHARASHTRA jurisdiction.
CEN-CE-2021-01350,AUDITOR_EXP_01,2026-10-29T04:00:00,55,"RF-1, RF-4, RF-6",2,1,"Elevated multi-factor risk: Co-occurrence of threshold manipulation, compressed bidding window, or repeat winner pattern.","duration=4.0d, threshold_val=₹5,347,207, flags=RF-1, RF-4, RF-6",0.92,Reviewed under PARAKH Annotation Standard v2.0 for CENTRAL jurisdiction.
2019_PWD_27223_2,AUDITOR_EXP_01,2026-10-29T06:00:00,0,NONE,0,0,"Compliant procurement: Competitive bidding window, standard price alignment, and multiple participating suppliers.","bidders=3, duration=13.291666666666666d, estimate_alignment=OK",0.99,Reviewed under PARAKH Annotation Standard v2.0 for HIMACHAL PRADESH jurisdiction.
2018_HPIPH_19198_1,AUDITOR_EXP_01,2026-10-29T08:00:00,30,"RF-4, RF-6",2,1,"Elevated multi-factor risk: Co-occurrence of threshold manipulation, compressed bidding window, or repeat winner pattern.","duration=6.208333333333333d, threshold_val=₹449,750, flags=RF-4, RF-6",0.92,Reviewed under PARAKH Annotation Standard v2.0 for HIMACHAL PRADESH jurisdiction.
2017_PWD_15556_1,AUDITOR_EXP_01,2026-10-29T10:00:00,45,"RF-1, RF-5",3,1,Severe procurement anomaly: Single-bidder monopoly coupled with high price deviation or department dominance.,"bidders=1, price_deviation=0.34, flags=RF-1, RF-5",0.98,Reviewed under PARAKH Annotation Standard v2.0 for HIMACHAL PRADESH jurisdiction.
2018_PWD_19466_1,AUDITOR_EXP_01,2026-10-29T12:00:00,35,"RF-5, RF-6",2,1,"Elevated multi-factor risk: Co-occurrence of threshold manipulation, compressed bidding window, or repeat winner pattern.","duration=20.25d, threshold_val=₹1,648,764, flags=RF-5, RF-6",0.92,Reviewed under PARAKH Annotation Standard v2.0 for HIMACHAL PRADESH jurisdiction.
CEN-CE-2021-01246,AUDITOR_EXP_01,2026-10-29T14:00:00,30,"RF-4, RF-6",2,1,"Elevated multi-factor risk: Co-occurrence of threshold manipulation, compressed bidding window, or repeat winner pattern.","duration=6.0d, threshold_val=₹176,449,643, flags=RF-4, RF-6",0.92,Reviewed under PARAKH Annotation Standard v2.0 for CENTRAL jurisdiction.
CEN-CE-2021-01164,AUDITOR_EXP_01,2026-10-29T16:00:00,15,RF-6,1,0,Isolated procedural deviation without evidence of systematic competition restriction.,"flags=RF-6, bidders=2",0.88,Reviewed under PARAKH Annotation Standard v2.0 for CENTRAL jurisdiction.
MAH-MA-2021-01168,AUDITOR_EXP_01,2026-10-29T18:00:00,60,"RF-1, RF-5, RF-6",3,1,Severe procurement anomaly: Single-bidder monopoly coupled with high price deviation or department dominance.,"bidders=1, price_deviation=0.35, flags=RF-1, RF-5, RF-6",0.98,Reviewed under PARAKH Annotation Standard v2.0 for MAHARASHTRA jurisdiction.
CEN-CE-2021-01188,AUDITOR_EXP_01,2026-10-29T20:00:00,55,"RF-1, RF-4, RF-6",2,1,"Elevated multi-factor risk: Co-occurrence of threshold manipulation, compressed bidding window, or repeat winner pattern.","duration=6.0d, threshold_val=₹96,908,845, flags=RF-1, RF-4, RF-6",0.92,Reviewed under PARAKH Annotation Standard v2.0 for CENTRAL jurisdiction.
2017_HPIPH_18918_1,AUDITOR_EXP_01,2026-10-29T22:00:00,35,"RF-5, RF-6",2,1,"Elevated multi-factor risk: Co-occurrence of threshold manipulation, compressed bidding window, or repeat winner pattern.","duration=21.791666666666668d, threshold_val=₹1,214,235, flags=RF-5, RF-6",0.92,Reviewed under PARAKH Annotation Standard v2.0 for HIMACHAL PRADESH jurisdiction.
RAJ-RA-2021-01098,AUDITOR_EXP_01,2026-10-30T00:00:00,55,"RF-1, RF-4, RF-6",2,1,"Elevated multi-factor risk: Co-occurrence of threshold manipulation, compressed bidding window, or repeat winner pattern.","duration=4.0d, threshold_val=₹10,386,991, flags=RF-1, RF-4, RF-6",0.92,Reviewed under PARAKH Annotation Standard v2.0 for RAJASTHAN jurisdiction.
2018_PWD_24410_1,AUDITOR_EXP_01,2026-10-30T02:00:00,35,"RF-5, RF-6",2,1,"Elevated multi-factor risk: Co-occurrence of threshold manipulation, compressed bidding window, or repeat winner pattern.","duration=11.87847222222222d, threshold_val=₹13,427,406, flags=RF-5, RF-6",0.92,Reviewed under PARAKH Annotation Standard v2.0 for HIMACHAL PRADESH jurisdiction.
2017_FDC_18741_6,AUDITOR_EXP_01,2026-10-30T04:00:00,60,"RF-1, RF-4, RF-5",3,1,Severe procurement anomaly: Single-bidder monopoly coupled with high price deviation or department dominance.,"bidders=1, price_deviation=0.33, flags=RF-1, RF-4, RF-5",0.98,Reviewed under PARAKH Annotation Standard v2.0 for HIMACHAL PRADESH jurisdiction.
2017_UDDHP_18346_1,AUDITOR_EXP_01,2026-10-30T06:00:00,30,"RF-4, RF-6",2,1,"Elevated multi-factor risk: Co-occurrence of threshold manipulation, compressed bidding window, or repeat winner pattern.","duration=5.333333333333333d, threshold_val=₹172,918, flags=RF-4, RF-6",0.92,Reviewed under PARAKH Annotation Standard v2.0 for HIMACHAL PRADESH jurisdiction.
2017_MC_17725_17,AUDITOR_EXP_01,2026-10-30T08:00:00,55,"RF-3, RF-5, RF-6",2,1,"Elevated multi-factor risk: Co-occurrence of threshold manipulation, compressed bidding window, or repeat winner pattern.","duration=8.729166666666666d, threshold_val=₹4,790,095, flags=RF-3, RF-5, RF-6",0.92,Reviewed under PARAKH Annotation Standard v2.0 for HIMACHAL PRADESH jurisdiction.
KAR-KA-2021-01119,AUDITOR_EXP_01,2026-10-30T10:00:00,30,"RF-4, RF-6",2,1,"Elevated multi-factor risk: Co-occurrence of threshold manipulation, compressed bidding window, or repeat winner pattern.","duration=4.0d, threshold_val=₹5,736,272, flags=RF-4, RF-6",0.92,Reviewed under PARAKH Annotation Standard v2.0 for KARNATAKA jurisdiction.
UTT-UT-2021-01001,AUDITOR_EXP_01,2026-10-30T12:00:00,50,"RF-4, RF-5, RF-6",2,1,"Elevated multi-factor risk: Co-occurrence of threshold manipulation, compressed bidding window, or repeat winner pattern.","duration=4.0d, threshold_val=₹123,606,320, flags=RF-4, RF-5, RF-6",0.92,Reviewed under PARAKH Annotation Standard v2.0 for UTTAR PRADESH jurisdiction.
UTT-UT-2021-01084,AUDITOR_EXP_01,2026-10-30T14:00:00,75,"RF-1, RF-3, RF-4, RF-6",2,1,"Elevated multi-factor risk: Co-occurrence of threshold manipulation, compressed bidding window, or repeat winner pattern.","duration=4.0d, threshold_val=₹4,684,261, flags=RF-1, RF-3, RF-4, RF-6",0.92,Reviewed under PARAKH Annotation Standard v2.0 for UTTAR PRADESH jurisdiction.
RAJ-RA-2021-01159,AUDITOR_EXP_01,2026-10-30T16:00:00,30,"RF-4, RF-6",2,1,"Elevated multi-factor risk: Co-occurrence of threshold manipulation, compressed bidding window, or repeat winner pattern.","duration=4.0d, threshold_val=₹5,089,949, flags=RF-4, RF-6",0.92,Reviewed under PARAKH Annotation Standard v2.0 for RAJASTHAN jurisdiction.
2017_HPIPH_16873_1,AUDITOR_EXP_01,2026-10-30T18:00:00,35,"RF-5, RF-6",2,1,"Elevated multi-factor risk: Co-occurrence of threshold manipulation, compressed bidding window, or repeat winner pattern.","duration=20.75d, threshold_val=₹1,998,000, flags=RF-5, RF-6",0.92,Reviewed under PARAKH Annotation Standard v2.0 for HIMACHAL PRADESH jurisdiction.
2018_PWD_19648_3,AUDITOR_EXP_01,2026-10-30T20:00:00,35,"RF-5, RF-6",2,1,"Elevated multi-factor risk: Co-occurrence of threshold manipulation, compressed bidding window, or repeat winner pattern.","duration=18.67708333333333d, threshold_val=₹516,439, flags=RF-5, RF-6",0.92,Reviewed under PARAKH Annotation Standard v2.0 for HIMACHAL PRADESH jurisdiction.
2019_UDDHP_31967_1,AUDITOR_EXP_01,2026-10-30T22:00:00,50,"RF-4, RF-5, RF-6",2,1,"Elevated multi-factor risk: Co-occurrence of threshold manipulation, compressed bidding window, or repeat winner pattern.","duration=5.0d, threshold_val=₹1,159,268, flags=RF-4, RF-5, RF-6",0.92,Reviewed under PARAKH Annotation Standard v2.0 for HIMACHAL PRADESH jurisdiction.
2018_NDTT_23124_1,AUDITOR_EXP_01,2026-10-31T00:00:00,35,"RF-4, RF-5",2,1,"Elevated multi-factor risk: Co-occurrence of threshold manipulation, compressed bidding window, or repeat winner pattern.","duration=6.875d, threshold_val=₹1,739,654, flags=RF-4, RF-5",0.92,Reviewed under PARAKH Annotation Standard v2.0 for HIMACHAL PRADESH jurisdiction.
2017_UDDHP_16138_1,AUDITOR_EXP_01,2026-10-31T02:00:00,35,"RF-4, RF-5",2,1,"Elevated multi-factor risk: Co-occurrence of threshold manipulation, compressed bidding window, or repeat winner pattern.","duration=5.166666666666667d, threshold_val=₹348,867, flags=RF-4, RF-5",0.92,Reviewed under PARAKH Annotation Standard v2.0 for HIMACHAL PRADESH jurisdiction.
2018_HPIPH_25527_1,AUDITOR_EXP_01,2026-10-31T04:00:00,35,"RF-5, RF-6",2,1,"Elevated multi-factor risk: Co-occurrence of threshold manipulation, compressed bidding window, or repeat winner pattern.","duration=16.791666666666668d, threshold_val=₹1,664,000, flags=RF-5, RF-6",0.92,Reviewed under PARAKH Annotation Standard v2.0 for HIMACHAL PRADESH jurisdiction.
2016_HPIPH_12276_1,AUDITOR_EXP_01,2026-10-31T06:00:00,35,"RF-5, RF-6",2,1,"Elevated multi-factor risk: Co-occurrence of threshold manipulation, compressed bidding window, or repeat winner pattern.","duration=26.791666666666668d, threshold_val=₹10,551,878, flags=RF-5, RF-6",0.92,Reviewed under PARAKH Annotation Standard v2.0 for HIMACHAL PRADESH jurisdiction.
2018_HPIPH_19752_1,AUDITOR_EXP_01,2026-10-31T08:00:00,35,"RF-5, RF-6",2,1,"Elevated multi-factor risk: Co-occurrence of threshold manipulation, compressed bidding window, or repeat winner pattern.","duration=19.875d, threshold_val=₹5,899,179, flags=RF-5, RF-6",0.92,Reviewed under PARAKH Annotation Standard v2.0 for HIMACHAL PRADESH jurisdiction.
2017_HPIPH_16347_1-4137,AUDITOR_EXP_01,2026-10-31T10:00:00,30,"RF-4, RF-6",2,1,"Elevated multi-factor risk: Co-occurrence of threshold manipulation, compressed bidding window, or repeat winner pattern.","duration=5.979166666666667d, threshold_val=₹719,140, flags=RF-4, RF-6",0.92,Reviewed under PARAKH Annotation Standard v2.0 for HIMACHAL PRADESH jurisdiction.
2017_PWD_15961_1,AUDITOR_EXP_01,2026-10-31T12:00:00,35,"RF-5, RF-6",2,1,"Elevated multi-factor risk: Co-occurrence of threshold manipulation, compressed bidding window, or repeat winner pattern.","duration=20.78125d, threshold_val=₹19,545,165, flags=RF-5, RF-6",0.92,Reviewed under PARAKH Annotation Standard v2.0 for HIMACHAL PRADESH jurisdiction.
RAJ-RA-2021-01145,AUDITOR_EXP_01,2026-10-31T14:00:00,30,"RF-4, RF-6",2,1,"Elevated multi-factor risk: Co-occurrence of threshold manipulation, compressed bidding window, or repeat winner pattern.","duration=6.0d, threshold_val=₹5,701,073, flags=RF-4, RF-6",0.92,Reviewed under PARAKH Annotation Standard v2.0 for RAJASTHAN jurisdiction.
2017_PWD_18173_9,AUDITOR_EXP_01,2026-10-31T16:00:00,15,RF-6,1,0,Isolated procedural deviation without evidence of systematic competition restriction.,"flags=RF-6, bidders=3",0.88,Reviewed under PARAKH Annotation Standard v2.0 for HIMACHAL PRADESH jurisdiction.
2018_HPIPH_21197_1,AUDITOR_EXP_01,2026-10-31T18:00:00,15,RF-6,1,0,Isolated procedural deviation without evidence of systematic competition restriction.,"flags=RF-6, bidders=5",0.88,Reviewed under PARAKH Annotation Standard v2.0 for HIMACHAL PRADESH jurisdiction.
RAJ-RA-2021-01020,AUDITOR_EXP_01,2026-10-31T20:00:00,30,"RF-4, RF-6",2,1,"Elevated multi-factor risk: Co-occurrence of threshold manipulation, compressed bidding window, or repeat winner pattern.","duration=4.0d, threshold_val=₹12,717,347, flags=RF-4, RF-6",0.92,Reviewed under PARAKH Annotation Standard v2.0 for RAJASTHAN jurisdiction.
CEN-CE-2021-01329,AUDITOR_EXP_01,2026-10-31T22:00:00,30,"RF-4, RF-6",2,1,"Elevated multi-factor risk: Co-occurrence of threshold manipulation, compressed bidding window, or repeat winner pattern.","duration=4.0d, threshold_val=₹121,744,637, flags=RF-4, RF-6",0.92,Reviewed under PARAKH Annotation Standard v2.0 for CENTRAL jurisdiction.
2018_HPIPH_25488_1,AUDITOR_EXP_01,2026-11-01T00:00:00,35,"RF-5, RF-6",2,1,"Elevated multi-factor risk: Co-occurrence of threshold manipulation, compressed bidding window, or repeat winner pattern.","duration=17.791666666666668d, threshold_val=₹2,970,000, flags=RF-5, RF-6",0.92,Reviewed under PARAKH Annotation Standard v2.0 for HIMACHAL PRADESH jurisdiction.
2020_HPIPH_34567_1,AUDITOR_EXP_01,2026-11-01T02:00:00,35,"RF-5, RF-6",2,1,"Elevated multi-factor risk: Co-occurrence of threshold manipulation, compressed bidding window, or repeat winner pattern.","duration=13.25d, threshold_val=₹141,888,446, flags=RF-5, RF-6",0.92,Reviewed under PARAKH Annotation Standard v2.0 for HIMACHAL PRADESH jurisdiction.
CEN-CE-2021-01081,AUDITOR_EXP_01,2026-11-01T04:00:00,55,"RF-1, RF-4, RF-6",2,1,"Elevated multi-factor risk: Co-occurrence of threshold manipulation, compressed bidding window, or repeat winner pattern.","duration=6.0d, threshold_val=₹16,357,361, flags=RF-1, RF-4, RF-6",0.92,Reviewed under PARAKH Annotation Standard v2.0 for CENTRAL jurisdiction.
2017_PWD_17640_1,AUDITOR_EXP_01,2026-11-01T06:00:00,0,NONE,0,0,"Compliant procurement: Competitive bidding window, standard price alignment, and multiple participating suppliers.","bidders=2, duration=10.729166666666666d, estimate_alignment=OK",0.99,Reviewed under PARAKH Annotation Standard v2.0 for HIMACHAL PRADESH jurisdiction.
2018_PWD_19659_1,AUDITOR_EXP_01,2026-11-01T08:00:00,35,"RF-5, RF-6",2,1,"Elevated multi-factor risk: Co-occurrence of threshold manipulation, compressed bidding window, or repeat winner pattern.","duration=20.760416666666668d, threshold_val=₹38,269,648, flags=RF-5, RF-6",0.92,Reviewed under PARAKH Annotation Standard v2.0 for HIMACHAL PRADESH jurisdiction.
MAH-MA-2021-01121,AUDITOR_EXP_01,2026-11-01T10:00:00,35,"RF-3, RF-6",2,1,"Elevated multi-factor risk: Co-occurrence of threshold manipulation, compressed bidding window, or repeat winner pattern.","duration=30.0d, threshold_val=₹4,666,713, flags=RF-3, RF-6",0.92,Reviewed under PARAKH Annotation Standard v2.0 for MAHARASHTRA jurisdiction.
UTT-UT-2021-01206,AUDITOR_EXP_01,2026-11-01T12:00:00,30,"RF-4, RF-6",2,1,"Elevated multi-factor risk: Co-occurrence of threshold manipulation, compressed bidding window, or repeat winner pattern.","duration=4.0d, threshold_val=₹278,968,822, flags=RF-4, RF-6",0.92,Reviewed under PARAKH Annotation Standard v2.0 for UTTAR PRADESH jurisdiction.
2017_UDDHP_18140_1,AUDITOR_EXP_01,2026-11-01T14:00:00,35,"RF-5, RF-6",2,1,"Elevated multi-factor risk: Co-occurrence of threshold manipulation, compressed bidding window, or repeat winner pattern.","duration=10.25d, threshold_val=₹319,370, flags=RF-5, RF-6",0.92,Reviewed under PARAKH Annotation Standard v2.0 for HIMACHAL PRADESH jurisdiction.
2019_HPIPH_31350_1,AUDITOR_EXP_01,2026-11-01T16:00:00,35,"RF-5, RF-6",2,1,"Elevated multi-factor risk: Co-occurrence of threshold manipulation, compressed bidding window, or repeat winner pattern.","duration=13.958333333333334d, threshold_val=₹228,249,688, flags=RF-5, RF-6",0.92,Reviewed under PARAKH Annotation Standard v2.0 for HIMACHAL PRADESH jurisdiction.
CEN-CE-2021-01056,AUDITOR_EXP_01,2026-11-01T18:00:00,55,"RF-1, RF-4, RF-6",2,1,"Elevated multi-factor risk: Co-occurrence of threshold manipulation, compressed bidding window, or repeat winner pattern.","duration=4.0d, threshold_val=₹23,088,588, flags=RF-1, RF-4, RF-6",0.92,Reviewed under PARAKH Annotation Standard v2.0 for CENTRAL jurisdiction.
2019_HPIPH_25795_1,AUDITOR_EXP_01,2026-11-01T20:00:00,35,"RF-5, RF-6",2,1,"Elevated multi-factor risk: Co-occurrence of threshold manipulation, compressed bidding window, or repeat winner pattern.","duration=13.75d, threshold_val=₹3,741,129, flags=RF-5, RF-6",0.92,Reviewed under PARAKH Annotation Standard v2.0 for HIMACHAL PRADESH jurisdiction.
MAH-MA-2021-01294,AUDITOR_EXP_01,2026-11-01T22:00:00,40,"RF-3, RF-5",2,1,"Elevated multi-factor risk: Co-occurrence of threshold manipulation, compressed bidding window, or repeat winner pattern.","duration=30.0d, threshold_val=₹4,857,458, flags=RF-3, RF-5",0.92,Reviewed under PARAKH Annotation Standard v2.0 for MAHARASHTRA jurisdiction.
CEN-CE-2021-01247,AUDITOR_EXP_01,2026-11-02T00:00:00,55,"RF-1, RF-4, RF-6",2,1,"Elevated multi-factor risk: Co-occurrence of threshold manipulation, compressed bidding window, or repeat winner pattern.","duration=4.0d, threshold_val=₹3,188,426, flags=RF-1, RF-4, RF-6",0.92,Reviewed under PARAKH Annotation Standard v2.0 for CENTRAL jurisdiction.
RAJ-RA-2021-01101,AUDITOR_EXP_01,2026-11-02T02:00:00,55,"RF-1, RF-4, RF-6",2,1,"Elevated multi-factor risk: Co-occurrence of threshold manipulation, compressed bidding window, or repeat winner pattern.","duration=4.0d, threshold_val=₹191,226,947, flags=RF-1, RF-4, RF-6",0.92,Reviewed under PARAKH Annotation Standard v2.0 for RAJASTHAN jurisdiction.
2020_HPIPH_35384_1,AUDITOR_EXP_01,2026-11-02T04:00:00,0,NONE,0,0,"Compliant procurement: Competitive bidding window, standard price alignment, and multiple participating suppliers.","bidders=3, duration=13.041666666666666d, estimate_alignment=OK",0.99,Reviewed under PARAKH Annotation Standard v2.0 for HIMACHAL PRADESH jurisdiction.
MAH-MA-2021-01010,AUDITOR_EXP_01,2026-11-02T06:00:00,30,"RF-4, RF-6",2,1,"Elevated multi-factor risk: Co-occurrence of threshold manipulation, compressed bidding window, or repeat winner pattern.","duration=6.0d, threshold_val=₹5,703,907, flags=RF-4, RF-6",0.92,Reviewed under PARAKH Annotation Standard v2.0 for MAHARASHTRA jurisdiction.
UTT-UT-2021-01104,AUDITOR_EXP_01,2026-11-02T08:00:00,60,"RF-1, RF-5, RF-6",3,1,Severe procurement anomaly: Single-bidder monopoly coupled with high price deviation or department dominance.,"bidders=1, price_deviation=0.35, flags=RF-1, RF-5, RF-6",0.98,Reviewed under PARAKH Annotation Standard v2.0 for UTTAR PRADESH jurisdiction.
2018_UDDHP_19498_1,AUDITOR_EXP_01,2026-11-02T10:00:00,35,"RF-4, RF-5",2,1,"Elevated multi-factor risk: Co-occurrence of threshold manipulation, compressed bidding window, or repeat winner pattern.","duration=6.0d, threshold_val=₹717,045, flags=RF-4, RF-5",0.92,Reviewed under PARAKH Annotation Standard v2.0 for HIMACHAL PRADESH jurisdiction.
2018_FDC_19796_1,AUDITOR_EXP_01,2026-11-02T12:00:00,40,"RF-1, RF-4",2,1,"Elevated multi-factor risk: Co-occurrence of threshold manipulation, compressed bidding window, or repeat winner pattern.","duration=6.75d, threshold_val=₹6,466,766, flags=RF-1, RF-4",0.92,Reviewed under PARAKH Annotation Standard v2.0 for HIMACHAL PRADESH jurisdiction.
2017_PWD_17638_1,AUDITOR_EXP_01,2026-11-02T14:00:00,15,RF-6,1,0,Isolated procedural deviation without evidence of systematic competition restriction.,"flags=RF-6, bidders=3",0.88,Reviewed under PARAKH Annotation Standard v2.0 for HIMACHAL PRADESH jurisdiction.
CEN-CE-2021-01325,AUDITOR_EXP_01,2026-11-02T16:00:00,30,"RF-4, RF-6",2,1,"Elevated multi-factor risk: Co-occurrence of threshold manipulation, compressed bidding window, or repeat winner pattern.","duration=4.0d, threshold_val=₹20,545,513, flags=RF-4, RF-6",0.92,Reviewed under PARAKH Annotation Standard v2.0 for CENTRAL jurisdiction.
2016_PWD_11107_1,AUDITOR_EXP_01,2026-11-02T18:00:00,0,NONE,0,0,"Compliant procurement: Competitive bidding window, standard price alignment, and multiple participating suppliers.","bidders=3, duration=14.291666666666666d, estimate_alignment=OK",0.99,Reviewed under PARAKH Annotation Standard v2.0 for HIMACHAL PRADESH jurisdiction.
MAH-MA-2021-01034,AUDITOR_EXP_01,2026-11-02T20:00:00,30,"RF-4, RF-6",2,1,"Elevated multi-factor risk: Co-occurrence of threshold manipulation, compressed bidding window, or repeat winner pattern.","duration=4.0d, threshold_val=₹5,396,294, flags=RF-4, RF-6",0.92,Reviewed under PARAKH Annotation Standard v2.0 for MAHARASHTRA jurisdiction.
UTT-UT-2021-01047,AUDITOR_EXP_01,2026-11-02T22:00:00,40,"RF-1, RF-6",2,1,"Elevated multi-factor risk: Co-occurrence of threshold manipulation, compressed bidding window, or repeat winner pattern.","duration=14.0d, threshold_val=₹18,470,057, flags=RF-1, RF-6",0.92,Reviewed under PARAKH Annotation Standard v2.0 for UTTAR PRADESH jurisdiction.
2017_UDDHP_16111_1,AUDITOR_EXP_01,2026-11-03T00:00:00,50,"RF-4, RF-5, RF-6",2,1,"Elevated multi-factor risk: Co-occurrence of threshold manipulation, compressed bidding window, or repeat winner pattern.","duration=5.166666666666667d, threshold_val=₹242,901, flags=RF-4, RF-5, RF-6",0.92,Reviewed under PARAKH Annotation Standard v2.0 for HIMACHAL PRADESH jurisdiction.
2018_PWD_19874_1,AUDITOR_EXP_01,2026-11-03T02:00:00,35,"RF-5, RF-6",2,1,"Elevated multi-factor risk: Co-occurrence of threshold manipulation, compressed bidding window, or repeat winner pattern.","duration=12.0d, threshold_val=₹3,858,224, flags=RF-5, RF-6",0.92,Reviewed under PARAKH Annotation Standard v2.0 for HIMACHAL PRADESH jurisdiction.
RAJ-RA-2021-01214,AUDITOR_EXP_01,2026-11-03T04:00:00,60,"RF-1, RF-5, RF-6",3,1,Severe procurement anomaly: Single-bidder monopoly coupled with high price deviation or department dominance.,"bidders=1, price_deviation=0.35, flags=RF-1, RF-5, RF-6",0.98,Reviewed under PARAKH Annotation Standard v2.0 for RAJASTHAN jurisdiction.
2017_PWD_17696_1,AUDITOR_EXP_01,2026-11-03T06:00:00,35,"RF-4, RF-5",2,1,"Elevated multi-factor risk: Co-occurrence of threshold manipulation, compressed bidding window, or repeat winner pattern.","duration=6.875d, threshold_val=₹49,029,514, flags=RF-4, RF-5",0.92,Reviewed under PARAKH Annotation Standard v2.0 for HIMACHAL PRADESH jurisdiction.
2017_PWD_16562_7,AUDITOR_EXP_01,2026-11-03T08:00:00,35,"RF-5, RF-6",2,1,"Elevated multi-factor risk: Co-occurrence of threshold manipulation, compressed bidding window, or repeat winner pattern.","duration=12.0d, threshold_val=₹2,999,987, flags=RF-5, RF-6",0.92,Reviewed under PARAKH Annotation Standard v2.0 for HIMACHAL PRADESH jurisdiction.
MAH-MA-2021-01002,AUDITOR_EXP_01,2026-11-03T10:00:00,35,"RF-3, RF-6",2,1,"Elevated multi-factor risk: Co-occurrence of threshold manipulation, compressed bidding window, or repeat winner pattern.","duration=30.0d, threshold_val=₹4,663,182, flags=RF-3, RF-6",0.92,Reviewed under PARAKH Annotation Standard v2.0 for MAHARASHTRA jurisdiction.
2019_HPIPH_27740_1,AUDITOR_EXP_01,2026-11-03T12:00:00,0,NONE,0,0,"Compliant procurement: Competitive bidding window, standard price alignment, and multiple participating suppliers.","bidders=3, duration=12.0d, estimate_alignment=OK",0.99,Reviewed under PARAKH Annotation Standard v2.0 for HIMACHAL PRADESH jurisdiction.
2018_HPIPH_19649_1,AUDITOR_EXP_01,2026-11-03T14:00:00,35,"RF-3, RF-6",2,1,"Elevated multi-factor risk: Co-occurrence of threshold manipulation, compressed bidding window, or repeat winner pattern.","duration=19.875d, threshold_val=₹4,795,943, flags=RF-3, RF-6",0.92,Reviewed under PARAKH Annotation Standard v2.0 for HIMACHAL PRADESH jurisdiction.
MAH-MA-2021-01300,AUDITOR_EXP_01,2026-11-03T16:00:00,35,"RF-5, RF-6",2,1,"Elevated multi-factor risk: Co-occurrence of threshold manipulation, compressed bidding window, or repeat winner pattern.","duration=14.0d, threshold_val=₹6,642,400, flags=RF-5, RF-6",0.92,Reviewed under PARAKH Annotation Standard v2.0 for MAHARASHTRA jurisdiction.
2017_PWD_18077_2,AUDITOR_EXP_01,2026-11-03T18:00:00,0,NONE,0,0,"Compliant procurement: Competitive bidding window, standard price alignment, and multiple participating suppliers.","bidders=4, duration=17.0d, estimate_alignment=OK",0.99,Reviewed under PARAKH Annotation Standard v2.0 for HIMACHAL PRADESH jurisdiction.
KAR-KA-2021-01217,AUDITOR_EXP_01,2026-11-03T20:00:00,35,"RF-3, RF-6",2,1,"Elevated multi-factor risk: Co-occurrence of threshold manipulation, compressed bidding window, or repeat winner pattern.","duration=21.0d, threshold_val=₹4,664,004, flags=RF-3, RF-6",0.92,Reviewed under PARAKH Annotation Standard v2.0 for KARNATAKA jurisdiction.
CEN-CE-2021-01172,AUDITOR_EXP_01,2026-11-03T22:00:00,55,"RF-1, RF-4, RF-6",2,1,"Elevated multi-factor risk: Co-occurrence of threshold manipulation, compressed bidding window, or repeat winner pattern.","duration=6.0d, threshold_val=₹313,352,433, flags=RF-1, RF-4, RF-6",0.92,Reviewed under PARAKH Annotation Standard v2.0 for CENTRAL jurisdiction.
CEN-CE-2021-01321,AUDITOR_EXP_01,2026-11-04T00:00:00,40,"RF-1, RF-6",2,1,"Elevated multi-factor risk: Co-occurrence of threshold manipulation, compressed bidding window, or repeat winner pattern.","duration=14.0d, threshold_val=₹4,313,804, flags=RF-1, RF-6",0.92,Reviewed under PARAKH Annotation Standard v2.0 for CENTRAL jurisdiction.
MAH-MA-2021-01095,AUDITOR_EXP_01,2026-11-04T02:00:00,30,"RF-4, RF-6",2,1,"Elevated multi-factor risk: Co-occurrence of threshold manipulation, compressed bidding window, or repeat winner pattern.","duration=6.0d, threshold_val=₹370,172,687, flags=RF-4, RF-6",0.92,Reviewed under PARAKH Annotation Standard v2.0 for MAHARASHTRA jurisdiction.
CEN-CE-2021-01235,AUDITOR_EXP_01,2026-11-04T04:00:00,40,"RF-1, RF-6",2,1,"Elevated multi-factor risk: Co-occurrence of threshold manipulation, compressed bidding window, or repeat winner pattern.","duration=14.0d, threshold_val=₹2,758,095, flags=RF-1, RF-6",0.92,Reviewed under PARAKH Annotation Standard v2.0 for CENTRAL jurisdiction.
2018_HPIPH_21483_1,AUDITOR_EXP_01,2026-11-04T06:00:00,35,"RF-5, RF-6",2,1,"Elevated multi-factor risk: Co-occurrence of threshold manipulation, compressed bidding window, or repeat winner pattern.","duration=19.75d, threshold_val=₹5,050,000, flags=RF-5, RF-6",0.92,Reviewed under PARAKH Annotation Standard v2.0 for HIMACHAL PRADESH jurisdiction.
2018_UDDHP_20484_1,AUDITOR_EXP_01,2026-11-04T08:00:00,35,"RF-5, RF-6",2,1,"Elevated multi-factor risk: Co-occurrence of threshold manipulation, compressed bidding window, or repeat winner pattern.","duration=7.333333333333333d, threshold_val=₹599,095, flags=RF-5, RF-6",0.92,Reviewed under PARAKH Annotation Standard v2.0 for HIMACHAL PRADESH jurisdiction.
CEN-CE-2021-01106,AUDITOR_EXP_01,2026-11-04T10:00:00,30,"RF-4, RF-6",2,1,"Elevated multi-factor risk: Co-occurrence of threshold manipulation, compressed bidding window, or repeat winner pattern.","duration=4.0d, threshold_val=₹3,079,206, flags=RF-4, RF-6",0.92,Reviewed under PARAKH Annotation Standard v2.0 for CENTRAL jurisdiction.
MAH-MA-2021-01154,AUDITOR_EXP_01,2026-11-04T12:00:00,55,"RF-1, RF-4, RF-6",2,1,"Elevated multi-factor risk: Co-occurrence of threshold manipulation, compressed bidding window, or repeat winner pattern.","duration=6.0d, threshold_val=₹20,225,216, flags=RF-1, RF-4, RF-6",0.92,Reviewed under PARAKH Annotation Standard v2.0 for MAHARASHTRA jurisdiction.
2017_PWD_16064_1,AUDITOR_EXP_01,2026-11-04T14:00:00,40,"RF-1, RF-4",2,1,"Elevated multi-factor risk: Co-occurrence of threshold manipulation, compressed bidding window, or repeat winner pattern.","duration=5.166666666666667d, threshold_val=₹4,195,967, flags=RF-1, RF-4",0.92,Reviewed under PARAKH Annotation Standard v2.0 for HIMACHAL PRADESH jurisdiction.
2017_UDDHP_15241_1,AUDITOR_EXP_01,2026-11-04T16:00:00,35,"RF-5, RF-6",2,1,"Elevated multi-factor risk: Co-occurrence of threshold manipulation, compressed bidding window, or repeat winner pattern.","duration=7.055555555555555d, threshold_val=₹457,445, flags=RF-5, RF-6",0.92,Reviewed under PARAKH Annotation Standard v2.0 for HIMACHAL PRADESH jurisdiction.
2018_MC_25077_12,AUDITOR_EXP_01,2026-11-04T18:00:00,45,"RF-1, RF-5",3,1,Severe procurement anomaly: Single-bidder monopoly coupled with high price deviation or department dominance.,"bidders=1, price_deviation=0.62, flags=RF-1, RF-5",0.98,Reviewed under PARAKH Annotation Standard v2.0 for HIMACHAL PRADESH jurisdiction.
RAJ-RA-2021-01243,AUDITOR_EXP_01,2026-11-04T20:00:00,35,"RF-4, RF-5",2,1,"Elevated multi-factor risk: Co-occurrence of threshold manipulation, compressed bidding window, or repeat winner pattern.","duration=6.0d, threshold_val=₹135,571,095, flags=RF-4, RF-5",0.92,Reviewed under PARAKH Annotation Standard v2.0 for RAJASTHAN jurisdiction.
2017_PWD_15267_1,AUDITOR_EXP_01,2026-11-04T22:00:00,35,"RF-5, RF-6",2,1,"Elevated multi-factor risk: Co-occurrence of threshold manipulation, compressed bidding window, or repeat winner pattern.","duration=12.875d, threshold_val=₹2,685,026, flags=RF-5, RF-6",0.92,Reviewed under PARAKH Annotation Standard v2.0 for HIMACHAL PRADESH jurisdiction.
2017_HPIPH_16577_1,AUDITOR_EXP_01,2026-11-05T00:00:00,55,"RF-3, RF-5, RF-6",2,1,"Elevated multi-factor risk: Co-occurrence of threshold manipulation, compressed bidding window, or repeat winner pattern.","duration=25.70833333333333d, threshold_val=₹4,645,995, flags=RF-3, RF-5, RF-6",0.92,Reviewed under PARAKH Annotation Standard v2.0 for HIMACHAL PRADESH jurisdiction.
CEN-CE-2021-01145,AUDITOR_EXP_01,2026-11-05T02:00:00,60,"RF-1, RF-3, RF-6",2,1,"Elevated multi-factor risk: Co-occurrence of threshold manipulation, compressed bidding window, or repeat winner pattern.","duration=14.0d, threshold_val=₹4,682,679, flags=RF-1, RF-3, RF-6",0.92,Reviewed under PARAKH Annotation Standard v2.0 for CENTRAL jurisdiction.
2017_PWD_14895_2,AUDITOR_EXP_01,2026-11-05T04:00:00,35,"RF-5, RF-6",2,1,"Elevated multi-factor risk: Co-occurrence of threshold manipulation, compressed bidding window, or repeat winner pattern.","duration=20.83333333333333d, threshold_val=₹1,835,726, flags=RF-5, RF-6",0.92,Reviewed under PARAKH Annotation Standard v2.0 for HIMACHAL PRADESH jurisdiction.
2018_PWD_19973_1,AUDITOR_EXP_01,2026-11-05T06:00:00,60,"RF-1, RF-5, RF-6",3,1,Severe procurement anomaly: Single-bidder monopoly coupled with high price deviation or department dominance.,"bidders=1, price_deviation=0.32, flags=RF-1, RF-5, RF-6",0.98,Reviewed under PARAKH Annotation Standard v2.0 for HIMACHAL PRADESH jurisdiction.
2019_HPIPH_30059_1,AUDITOR_EXP_01,2026-11-05T08:00:00,35,"RF-5, RF-6",2,1,"Elevated multi-factor risk: Co-occurrence of threshold manipulation, compressed bidding window, or repeat winner pattern.","duration=12.75d, threshold_val=₹2,650,000, flags=RF-5, RF-6",0.92,Reviewed under PARAKH Annotation Standard v2.0 for HIMACHAL PRADESH jurisdiction.
2019_PWD_26713_1,AUDITOR_EXP_01,2026-11-05T10:00:00,35,"RF-4, RF-5",2,1,"Elevated multi-factor risk: Co-occurrence of threshold manipulation, compressed bidding window, or repeat winner pattern.","duration=6.708333333333333d, threshold_val=₹10,584,138, flags=RF-4, RF-5",0.92,Reviewed under PARAKH Annotation Standard v2.0 for HIMACHAL PRADESH jurisdiction.
RAJ-RA-2021-01189,AUDITOR_EXP_01,2026-11-05T12:00:00,40,"RF-1, RF-6",2,1,"Elevated multi-factor risk: Co-occurrence of threshold manipulation, compressed bidding window, or repeat winner pattern.","duration=21.0d, threshold_val=₹10,102,424, flags=RF-1, RF-6",0.92,Reviewed under PARAKH Annotation Standard v2.0 for RAJASTHAN jurisdiction.
CEN-CE-2021-01069,AUDITOR_EXP_01,2026-11-05T14:00:00,30,"RF-4, RF-6",2,1,"Elevated multi-factor risk: Co-occurrence of threshold manipulation, compressed bidding window, or repeat winner pattern.","duration=6.0d, threshold_val=₹5,096,635, flags=RF-4, RF-6",0.92,Reviewed under PARAKH Annotation Standard v2.0 for CENTRAL jurisdiction.
MAH-MA-2021-01175,AUDITOR_EXP_01,2026-11-05T16:00:00,30,"RF-4, RF-6",2,1,"Elevated multi-factor risk: Co-occurrence of threshold manipulation, compressed bidding window, or repeat winner pattern.","duration=6.0d, threshold_val=₹3,135,002, flags=RF-4, RF-6",0.92,Reviewed under PARAKH Annotation Standard v2.0 for MAHARASHTRA jurisdiction.
RAJ-RA-2021-01235,AUDITOR_EXP_01,2026-11-05T18:00:00,35,"RF-5, RF-6",2,1,"Elevated multi-factor risk: Co-occurrence of threshold manipulation, compressed bidding window, or repeat winner pattern.","duration=14.0d, threshold_val=₹27,887,597, flags=RF-5, RF-6",0.92,Reviewed under PARAKH Annotation Standard v2.0 for RAJASTHAN jurisdiction.
2019_HPIPH_27899_1,AUDITOR_EXP_01,2026-11-05T20:00:00,35,"RF-5, RF-6",2,1,"Elevated multi-factor risk: Co-occurrence of threshold manipulation, compressed bidding window, or repeat winner pattern.","duration=13.75d, threshold_val=₹1,375,000, flags=RF-5, RF-6",0.92,Reviewed under PARAKH Annotation Standard v2.0 for HIMACHAL PRADESH jurisdiction.
UTT-UT-2021-01067,AUDITOR_EXP_01,2026-11-05T22:00:00,40,"RF-1, RF-6",2,1,"Elevated multi-factor risk: Co-occurrence of threshold manipulation, compressed bidding window, or repeat winner pattern.","duration=21.0d, threshold_val=₹5,714,651, flags=RF-1, RF-6",0.92,Reviewed under PARAKH Annotation Standard v2.0 for UTTAR PRADESH jurisdiction.
2018_PWD_23077_1,AUDITOR_EXP_01,2026-11-06T00:00:00,35,"RF-5, RF-6",2,1,"Elevated multi-factor risk: Co-occurrence of threshold manipulation, compressed bidding window, or repeat winner pattern.","duration=9.854166666666666d, threshold_val=₹1,288,478, flags=RF-5, RF-6",0.92,Reviewed under PARAKH Annotation Standard v2.0 for HIMACHAL PRADESH jurisdiction.
RAJ-RA-2021-01185,AUDITOR_EXP_01,2026-11-06T02:00:00,30,"RF-4, RF-6",2,1,"Elevated multi-factor risk: Co-occurrence of threshold manipulation, compressed bidding window, or repeat winner pattern.","duration=6.0d, threshold_val=₹4,386,063, flags=RF-4, RF-6",0.92,Reviewed under PARAKH Annotation Standard v2.0 for RAJASTHAN jurisdiction.
MAH-MA-2021-01265,AUDITOR_EXP_01,2026-11-06T04:00:00,15,RF-6,1,0,Isolated procedural deviation without evidence of systematic competition restriction.,"flags=RF-6, bidders=2",0.88,Reviewed under PARAKH Annotation Standard v2.0 for MAHARASHTRA jurisdiction.
UTT-UT-2021-01181,AUDITOR_EXP_01,2026-11-06T06:00:00,35,"RF-5, RF-6",2,1,"Elevated multi-factor risk: Co-occurrence of threshold manipulation, compressed bidding window, or repeat winner pattern.","duration=30.0d, threshold_val=₹6,731,227, flags=RF-5, RF-6",0.92,Reviewed under PARAKH Annotation Standard v2.0 for UTTAR PRADESH jurisdiction.
MAH-MA-2021-01186,AUDITOR_EXP_01,2026-11-06T08:00:00,30,"RF-4, RF-6",2,1,"Elevated multi-factor risk: Co-occurrence of threshold manipulation, compressed bidding window, or repeat winner pattern.","duration=4.0d, threshold_val=₹628,967, flags=RF-4, RF-6",0.92,Reviewed under PARAKH Annotation Standard v2.0 for MAHARASHTRA jurisdiction.
2017_UDDHP_17060_1,AUDITOR_EXP_01,2026-11-06T10:00:00,50,"RF-4, RF-5, RF-6",2,1,"Elevated multi-factor risk: Co-occurrence of threshold manipulation, compressed bidding window, or repeat winner pattern.","duration=6.208333333333333d, threshold_val=₹215,900, flags=RF-4, RF-5, RF-6",0.92,Reviewed under PARAKH Annotation Standard v2.0 for HIMACHAL PRADESH jurisdiction.
2017_PWD_17904_4,AUDITOR_EXP_01,2026-11-06T12:00:00,20,RF-5,1,0,Isolated procedural deviation without evidence of systematic competition restriction.,"flags=RF-5, bidders=4",0.88,Reviewed under PARAKH Annotation Standard v2.0 for HIMACHAL PRADESH jurisdiction.
MAH-MA-2021-01208,AUDITOR_EXP_01,2026-11-06T14:00:00,60,"RF-1, RF-3, RF-6",2,1,"Elevated multi-factor risk: Co-occurrence of threshold manipulation, compressed bidding window, or repeat winner pattern.","duration=30.0d, threshold_val=₹4,698,206, flags=RF-1, RF-3, RF-6",0.92,Reviewed under PARAKH Annotation Standard v2.0 for MAHARASHTRA jurisdiction.
MAH-MA-2021-01264,AUDITOR_EXP_01,2026-11-06T16:00:00,35,"RF-5, RF-6",2,1,"Elevated multi-factor risk: Co-occurrence of threshold manipulation, compressed bidding window, or repeat winner pattern.","duration=30.0d, threshold_val=₹463,833,709, flags=RF-5, RF-6",0.92,Reviewed under PARAKH Annotation Standard v2.0 for MAHARASHTRA jurisdiction.
2017_HPIPH_16533_1,AUDITOR_EXP_01,2026-11-06T18:00:00,15,RF-6,1,0,Isolated procedural deviation without evidence of systematic competition restriction.,"flags=RF-6, bidders=3",0.88,Reviewed under PARAKH Annotation Standard v2.0 for HIMACHAL PRADESH jurisdiction.
2017_PWD_18575_4,AUDITOR_EXP_01,2026-11-06T20:00:00,15,RF-6,1,0,Isolated procedural deviation without evidence of systematic competition restriction.,"flags=RF-6, bidders=3",0.88,Reviewed under PARAKH Annotation Standard v2.0 for HIMACHAL PRADESH jurisdiction.
MAH-MA-2021-01206,AUDITOR_EXP_01,2026-11-06T22:00:00,30,"RF-4, RF-6",2,1,"Elevated multi-factor risk: Co-occurrence of threshold manipulation, compressed bidding window, or repeat winner pattern.","duration=6.0d, threshold_val=₹4,322,886, flags=RF-4, RF-6",0.92,Reviewed under PARAKH Annotation Standard v2.0 for MAHARASHTRA jurisdiction.
UTT-UT-2021-01078,AUDITOR_EXP_01,2026-11-07T00:00:00,50,"RF-4, RF-5, RF-6",2,1,"Elevated multi-factor risk: Co-occurrence of threshold manipulation, compressed bidding window, or repeat winner pattern.","duration=6.0d, threshold_val=₹4,104,289, flags=RF-4, RF-5, RF-6",0.92,Reviewed under PARAKH Annotation Standard v2.0 for UTTAR PRADESH jurisdiction.
2017_PWD_17109_1,AUDITOR_EXP_01,2026-11-07T02:00:00,0,NONE,0,0,"Compliant procurement: Competitive bidding window, standard price alignment, and multiple participating suppliers.","bidders=4, duration=19.979166666666668d, estimate_alignment=OK",0.99,Reviewed under PARAKH Annotation Standard v2.0 for HIMACHAL PRADESH jurisdiction.
2017_UDDHP_17263_1-1132,AUDITOR_EXP_01,2026-11-07T04:00:00,35,"RF-5, RF-6",2,1,"Elevated multi-factor risk: Co-occurrence of threshold manipulation, compressed bidding window, or repeat winner pattern.","duration=11.75d, threshold_val=₹1,348,500, flags=RF-5, RF-6",0.92,Reviewed under PARAKH Annotation Standard v2.0 for HIMACHAL PRADESH jurisdiction.
MAH-MA-2021-01138,AUDITOR_EXP_01,2026-11-07T06:00:00,40,"RF-1, RF-6",2,1,"Elevated multi-factor risk: Co-occurrence of threshold manipulation, compressed bidding window, or repeat winner pattern.","duration=21.0d, threshold_val=₹10,322,102, flags=RF-1, RF-6",0.92,Reviewed under PARAKH Annotation Standard v2.0 for MAHARASHTRA jurisdiction.
RAJ-RA-2021-01213,AUDITOR_EXP_01,2026-11-07T08:00:00,40,"RF-1, RF-6",2,1,"Elevated multi-factor risk: Co-occurrence of threshold manipulation, compressed bidding window, or repeat winner pattern.","duration=14.0d, threshold_val=₹11,659,025, flags=RF-1, RF-6",0.92,Reviewed under PARAKH Annotation Standard v2.0 for RAJASTHAN jurisdiction.
MAH-MA-2021-01235,AUDITOR_EXP_01,2026-11-07T10:00:00,75,"RF-1, RF-4, RF-5, RF-6",3,1,Severe procurement anomaly: Single-bidder monopoly coupled with high price deviation or department dominance.,"bidders=1, price_deviation=0.35, flags=RF-1, RF-4, RF-5, RF-6",0.98,Reviewed under PARAKH Annotation Standard v2.0 for MAHARASHTRA jurisdiction.
KAR-KA-2021-01160,AUDITOR_EXP_01,2026-11-07T12:00:00,30,"RF-4, RF-6",2,1,"Elevated multi-factor risk: Co-occurrence of threshold manipulation, compressed bidding window, or repeat winner pattern.","duration=4.0d, threshold_val=₹256,892,763, flags=RF-4, RF-6",0.92,Reviewed under PARAKH Annotation Standard v2.0 for KARNATAKA jurisdiction.
2017_PWD_17799_4,AUDITOR_EXP_01,2026-11-07T14:00:00,0,NONE,0,0,"Compliant procurement: Competitive bidding window, standard price alignment, and multiple participating suppliers.","bidders=2, duration=15.708333333333334d, estimate_alignment=OK",0.99,Reviewed under PARAKH Annotation Standard v2.0 for HIMACHAL PRADESH jurisdiction.
MAH-MA-2021-01081,AUDITOR_EXP_01,2026-11-07T16:00:00,40,"RF-1, RF-6",2,1,"Elevated multi-factor risk: Co-occurrence of threshold manipulation, compressed bidding window, or repeat winner pattern.","duration=14.0d, threshold_val=₹13,472,191, flags=RF-1, RF-6",0.92,Reviewed under PARAKH Annotation Standard v2.0 for MAHARASHTRA jurisdiction.
MAH-MA-2021-01031,AUDITOR_EXP_01,2026-11-07T18:00:00,50,"RF-4, RF-5, RF-6",2,1,"Elevated multi-factor risk: Co-occurrence of threshold manipulation, compressed bidding window, or repeat winner pattern.","duration=4.0d, threshold_val=₹5,642,327, flags=RF-4, RF-5, RF-6",0.92,Reviewed under PARAKH Annotation Standard v2.0 for MAHARASHTRA jurisdiction.
2019_HPIPH_31504_1,AUDITOR_EXP_01,2026-11-07T20:00:00,35,"RF-5, RF-6",2,1,"Elevated multi-factor risk: Co-occurrence of threshold manipulation, compressed bidding window, or repeat winner pattern.","duration=19.729166666666668d, threshold_val=₹8,645,000, flags=RF-5, RF-6",0.92,Reviewed under PARAKH Annotation Standard v2.0 for HIMACHAL PRADESH jurisdiction.
RAJ-RA-2021-01151,AUDITOR_EXP_01,2026-11-07T22:00:00,30,"RF-4, RF-6",2,1,"Elevated multi-factor risk: Co-occurrence of threshold manipulation, compressed bidding window, or repeat winner pattern.","duration=6.0d, threshold_val=₹10,730,291, flags=RF-4, RF-6",0.92,Reviewed under PARAKH Annotation Standard v2.0 for RAJASTHAN jurisdiction.
CEN-CE-2021-01219,AUDITOR_EXP_01,2026-11-08T00:00:00,35,"RF-3, RF-6",2,1,"Elevated multi-factor risk: Co-occurrence of threshold manipulation, compressed bidding window, or repeat winner pattern.","duration=14.0d, threshold_val=₹4,709,348, flags=RF-3, RF-6",0.92,Reviewed under PARAKH Annotation Standard v2.0 for CENTRAL jurisdiction.
2018_HPIPH_24955_1,AUDITOR_EXP_01,2026-11-08T02:00:00,0,NONE,0,0,"Compliant procurement: Competitive bidding window, standard price alignment, and multiple participating suppliers.","bidders=3, duration=31.75d, estimate_alignment=OK",0.99,Reviewed under PARAKH Annotation Standard v2.0 for HIMACHAL PRADESH jurisdiction.
RAJ-RA-2021-01202,AUDITOR_EXP_01,2026-11-08T04:00:00,40,"RF-1, RF-6",2,1,"Elevated multi-factor risk: Co-occurrence of threshold manipulation, compressed bidding window, or repeat winner pattern.","duration=30.0d, threshold_val=₹5,355,403, flags=RF-1, RF-6",0.92,Reviewed under PARAKH Annotation Standard v2.0 for RAJASTHAN jurisdiction.
RAJ-RA-2021-01114,AUDITOR_EXP_01,2026-11-08T06:00:00,50,"RF-3, RF-4, RF-6",2,1,"Elevated multi-factor risk: Co-occurrence of threshold manipulation, compressed bidding window, or repeat winner pattern.","duration=4.0d, threshold_val=₹4,712,335, flags=RF-3, RF-4, RF-6",0.92,Reviewed under PARAKH Annotation Standard v2.0 for RAJASTHAN jurisdiction.
CEN-CE-2021-01279,AUDITOR_EXP_01,2026-11-08T08:00:00,40,"RF-1, RF-6",2,1,"Elevated multi-factor risk: Co-occurrence of threshold manipulation, compressed bidding window, or repeat winner pattern.","duration=14.0d, threshold_val=₹5,295,057, flags=RF-1, RF-6",0.92,Reviewed under PARAKH Annotation Standard v2.0 for CENTRAL jurisdiction.
2017_HPIPH_16552_1-280,AUDITOR_EXP_01,2026-11-08T10:00:00,35,"RF-4, RF-5",2,1,"Elevated multi-factor risk: Co-occurrence of threshold manipulation, compressed bidding window, or repeat winner pattern.","duration=6.25d, threshold_val=₹279,826, flags=RF-4, RF-5",0.92,Reviewed under PARAKH Annotation Standard v2.0 for HIMACHAL PRADESH jurisdiction.
2018_FDC_19131_1,AUDITOR_EXP_01,2026-11-08T12:00:00,40,"RF-1, RF-6",2,1,"Elevated multi-factor risk: Co-occurrence of threshold manipulation, compressed bidding window, or repeat winner pattern.","duration=17.166666666666668d, threshold_val=₹313,313, flags=RF-1, RF-6",0.92,Reviewed under PARAKH Annotation Standard v2.0 for HIMACHAL PRADESH jurisdiction.
MAH-MA-2021-01198,AUDITOR_EXP_01,2026-11-08T14:00:00,30,"RF-4, RF-6",2,1,"Elevated multi-factor risk: Co-occurrence of threshold manipulation, compressed bidding window, or repeat winner pattern.","duration=4.0d, threshold_val=₹5,038,952, flags=RF-4, RF-6",0.92,Reviewed under PARAKH Annotation Standard v2.0 for MAHARASHTRA jurisdiction.
UTT-UT-2021-01043,AUDITOR_EXP_01,2026-11-08T16:00:00,30,"RF-4, RF-6",2,1,"Elevated multi-factor risk: Co-occurrence of threshold manipulation, compressed bidding window, or repeat winner pattern.","duration=6.0d, threshold_val=₹447,957, flags=RF-4, RF-6",0.92,Reviewed under PARAKH Annotation Standard v2.0 for UTTAR PRADESH jurisdiction.
2018_HPIPH_25170_1,AUDITOR_EXP_01,2026-11-08T18:00:00,35,"RF-5, RF-6",2,1,"Elevated multi-factor risk: Co-occurrence of threshold manipulation, compressed bidding window, or repeat winner pattern.","duration=13.75d, threshold_val=₹20,509,328, flags=RF-5, RF-6",0.92,Reviewed under PARAKH Annotation Standard v2.0 for HIMACHAL PRADESH jurisdiction.
UTT-UT-2021-01094,AUDITOR_EXP_01,2026-11-08T20:00:00,40,"RF-1, RF-6",2,1,"Elevated multi-factor risk: Co-occurrence of threshold manipulation, compressed bidding window, or repeat winner pattern.","duration=14.0d, threshold_val=₹299,407,118, flags=RF-1, RF-6",0.92,Reviewed under PARAKH Annotation Standard v2.0 for UTTAR PRADESH jurisdiction.
2017_UDDHP_18119_1,AUDITOR_EXP_01,2026-11-08T22:00:00,35,"RF-5, RF-6",2,1,"Elevated multi-factor risk: Co-occurrence of threshold manipulation, compressed bidding window, or repeat winner pattern.","duration=11.25d, threshold_val=₹476,250, flags=RF-5, RF-6",0.92,Reviewed under PARAKH Annotation Standard v2.0 for HIMACHAL PRADESH jurisdiction.
KAR-KA-2021-01184,AUDITOR_EXP_01,2026-11-09T00:00:00,30,"RF-4, RF-6",2,1,"Elevated multi-factor risk: Co-occurrence of threshold manipulation, compressed bidding window, or repeat winner pattern.","duration=4.0d, threshold_val=₹3,440,050, flags=RF-4, RF-6",0.92,Reviewed under PARAKH Annotation Standard v2.0 for KARNATAKA jurisdiction.
2017_MC_15003_11,AUDITOR_EXP_01,2026-11-09T02:00:00,35,"RF-5, RF-6",2,1,"Elevated multi-factor risk: Co-occurrence of threshold manipulation, compressed bidding window, or repeat winner pattern.","duration=8.729166666666666d, threshold_val=₹1,762,200, flags=RF-5, RF-6",0.92,Reviewed under PARAKH Annotation Standard v2.0 for HIMACHAL PRADESH jurisdiction.
2017_PWD_17849_5,AUDITOR_EXP_01,2026-11-09T04:00:00,0,NONE,0,0,"Compliant procurement: Competitive bidding window, standard price alignment, and multiple participating suppliers.","bidders=3, duration=13.083333333333334d, estimate_alignment=OK",0.99,Reviewed under PARAKH Annotation Standard v2.0 for HIMACHAL PRADESH jurisdiction.
UTT-UT-2021-01016,AUDITOR_EXP_01,2026-11-09T06:00:00,50,"RF-3, RF-4, RF-6",2,1,"Elevated multi-factor risk: Co-occurrence of threshold manipulation, compressed bidding window, or repeat winner pattern.","duration=4.0d, threshold_val=₹4,746,811, flags=RF-3, RF-4, RF-6",0.92,Reviewed under PARAKH Annotation Standard v2.0 for UTTAR PRADESH jurisdiction.
2017_UDDHP_16621_1,AUDITOR_EXP_01,2026-11-09T08:00:00,40,"RF-1, RF-6",2,1,"Elevated multi-factor risk: Co-occurrence of threshold manipulation, compressed bidding window, or repeat winner pattern.","duration=19.70833333333333d, threshold_val=₹49,674,971, flags=RF-1, RF-6",0.92,Reviewed under PARAKH Annotation Standard v2.0 for HIMACHAL PRADESH jurisdiction.
UTT-UT-2021-01205,AUDITOR_EXP_01,2026-11-09T10:00:00,55,"RF-1, RF-4, RF-6",2,1,"Elevated multi-factor risk: Co-occurrence of threshold manipulation, compressed bidding window, or repeat winner pattern.","duration=4.0d, threshold_val=₹3,172,423, flags=RF-1, RF-4, RF-6",0.92,Reviewed under PARAKH Annotation Standard v2.0 for UTTAR PRADESH jurisdiction.
2019_HPIPH_26629_2,AUDITOR_EXP_01,2026-11-09T12:00:00,35,"RF-5, RF-6",2,1,"Elevated multi-factor risk: Co-occurrence of threshold manipulation, compressed bidding window, or repeat winner pattern.","duration=7.375d, threshold_val=₹921,382, flags=RF-5, RF-6",0.92,Reviewed under PARAKH Annotation Standard v2.0 for HIMACHAL PRADESH jurisdiction.
2017_PWD_17495_1,AUDITOR_EXP_01,2026-11-09T14:00:00,35,"RF-5, RF-6",2,1,"Elevated multi-factor risk: Co-occurrence of threshold manipulation, compressed bidding window, or repeat winner pattern.","duration=9.291666666666666d, threshold_val=₹475,365, flags=RF-5, RF-6",0.92,Reviewed under PARAKH Annotation Standard v2.0 for HIMACHAL PRADESH jurisdiction.
2017_HPIPH_15951_1-3313,AUDITOR_EXP_01,2026-11-09T16:00:00,15,RF-6,1,0,Isolated procedural deviation without evidence of systematic competition restriction.,"flags=RF-6, bidders=5",0.88,Reviewed under PARAKH Annotation Standard v2.0 for HIMACHAL PRADESH jurisdiction.
2017_UDDHP_15795_1,AUDITOR_EXP_01,2026-11-09T18:00:00,50,"RF-4, RF-5, RF-6",2,1,"Elevated multi-factor risk: Co-occurrence of threshold manipulation, compressed bidding window, or repeat winner pattern.","duration=6.041666666666667d, threshold_val=₹419,533, flags=RF-4, RF-5, RF-6",0.92,Reviewed under PARAKH Annotation Standard v2.0 for HIMACHAL PRADESH jurisdiction.
2017_PWD_18257_1,AUDITOR_EXP_01,2026-11-09T20:00:00,35,"RF-5, RF-6",2,1,"Elevated multi-factor risk: Co-occurrence of threshold manipulation, compressed bidding window, or repeat winner pattern.","duration=8.125d, threshold_val=₹4,489,725, flags=RF-5, RF-6",0.92,Reviewed under PARAKH Annotation Standard v2.0 for HIMACHAL PRADESH jurisdiction.
MAH-MA-2021-01180,AUDITOR_EXP_01,2026-11-09T22:00:00,30,"RF-4, RF-6",2,1,"Elevated multi-factor risk: Co-occurrence of threshold manipulation, compressed bidding window, or repeat winner pattern.","duration=6.0d, threshold_val=₹2,784,914, flags=RF-4, RF-6",0.92,Reviewed under PARAKH Annotation Standard v2.0 for MAHARASHTRA jurisdiction.
2017_HO_15977_1,AUDITOR_EXP_01,2026-11-10T00:00:00,0,NONE,0,0,"Compliant procurement: Competitive bidding window, standard price alignment, and multiple participating suppliers.","bidders=5, duration=13.125d, estimate_alignment=OK",0.99,Reviewed under PARAKH Annotation Standard v2.0 for HIMACHAL PRADESH jurisdiction.
KAR-KA-2021-01177,AUDITOR_EXP_01,2026-11-10T02:00:00,55,"RF-1, RF-4, RF-6",2,1,"Elevated multi-factor risk: Co-occurrence of threshold manipulation, compressed bidding window, or repeat winner pattern.","duration=6.0d, threshold_val=₹273,499,491, flags=RF-1, RF-4, RF-6",0.92,Reviewed under PARAKH Annotation Standard v2.0 for KARNATAKA jurisdiction.
RAJ-RA-2021-01250,AUDITOR_EXP_01,2026-11-10T04:00:00,25,RF-1,1,0,Isolated procedural deviation without evidence of systematic competition restriction.,"flags=RF-1, bidders=1",0.88,Reviewed under PARAKH Annotation Standard v2.0 for RAJASTHAN jurisdiction.
2017_PWD_16934_1,AUDITOR_EXP_01,2026-11-10T06:00:00,30,"RF-4, RF-6",2,1,"Elevated multi-factor risk: Co-occurrence of threshold manipulation, compressed bidding window, or repeat winner pattern.","duration=6.659722222222222d, threshold_val=₹2,883,761, flags=RF-4, RF-6",0.92,Reviewed under PARAKH Annotation Standard v2.0 for HIMACHAL PRADESH jurisdiction.
2017_PWD_15771_1,AUDITOR_EXP_01,2026-11-10T08:00:00,35,"RF-5, RF-6",2,1,"Elevated multi-factor risk: Co-occurrence of threshold manipulation, compressed bidding window, or repeat winner pattern.","duration=17.0d, threshold_val=₹4,166,452, flags=RF-5, RF-6",0.92,Reviewed under PARAKH Annotation Standard v2.0 for HIMACHAL PRADESH jurisdiction.
KAR-KA-2021-01189,AUDITOR_EXP_01,2026-11-10T10:00:00,30,"RF-4, RF-6",2,1,"Elevated multi-factor risk: Co-occurrence of threshold manipulation, compressed bidding window, or repeat winner pattern.","duration=4.0d, threshold_val=₹749,905, flags=RF-4, RF-6",0.92,Reviewed under PARAKH Annotation Standard v2.0 for KARNATAKA jurisdiction.
KAR-KA-2021-01128,AUDITOR_EXP_01,2026-11-10T12:00:00,55,"RF-1, RF-4, RF-6",2,1,"Elevated multi-factor risk: Co-occurrence of threshold manipulation, compressed bidding window, or repeat winner pattern.","duration=6.0d, threshold_val=₹19,641,265, flags=RF-1, RF-4, RF-6",0.92,Reviewed under PARAKH Annotation Standard v2.0 for KARNATAKA jurisdiction.
2018_UDDHP_22618_1,AUDITOR_EXP_01,2026-11-10T14:00:00,30,"RF-4, RF-6",2,1,"Elevated multi-factor risk: Co-occurrence of threshold manipulation, compressed bidding window, or repeat winner pattern.","duration=6.125d, threshold_val=₹92,700, flags=RF-4, RF-6",0.92,Reviewed under PARAKH Annotation Standard v2.0 for HIMACHAL PRADESH jurisdiction.
2019_PWD_28145_1,AUDITOR_EXP_01,2026-11-10T16:00:00,35,"RF-4, RF-5",2,1,"Elevated multi-factor risk: Co-occurrence of threshold manipulation, compressed bidding window, or repeat winner pattern.","duration=5.666666666666667d, threshold_val=₹1,362,069, flags=RF-4, RF-5",0.92,Reviewed under PARAKH Annotation Standard v2.0 for HIMACHAL PRADESH jurisdiction.
2017_UDDHP_18128_1,AUDITOR_EXP_01,2026-11-10T18:00:00,35,"RF-5, RF-6",2,1,"Elevated multi-factor risk: Co-occurrence of threshold manipulation, compressed bidding window, or repeat winner pattern.","duration=11.25d, threshold_val=₹489,795, flags=RF-5, RF-6",0.92,Reviewed under PARAKH Annotation Standard v2.0 for HIMACHAL PRADESH jurisdiction.
2017_PWD_16207_1,AUDITOR_EXP_01,2026-11-10T20:00:00,40,"RF-1, RF-6",2,1,"Elevated multi-factor risk: Co-occurrence of threshold manipulation, compressed bidding window, or repeat winner pattern.","duration=14.864583333333334d, threshold_val=₹1,368,990, flags=RF-1, RF-6",0.92,Reviewed under PARAKH Annotation Standard v2.0 for HIMACHAL PRADESH jurisdiction.
RAJ-RA-2021-01226,AUDITOR_EXP_01,2026-11-10T22:00:00,35,"RF-5, RF-6",2,1,"Elevated multi-factor risk: Co-occurrence of threshold manipulation, compressed bidding window, or repeat winner pattern.","duration=14.0d, threshold_val=₹6,667,726, flags=RF-5, RF-6",0.92,Reviewed under PARAKH Annotation Standard v2.0 for RAJASTHAN jurisdiction.
2018_BBNDA_20269_1,AUDITOR_EXP_01,2026-11-11T00:00:00,20,RF-5,1,0,Isolated procedural deviation without evidence of systematic competition restriction.,"flags=RF-5, bidders=4",0.88,Reviewed under PARAKH Annotation Standard v2.0 for HIMACHAL PRADESH jurisdiction.
2017_HPIPH_16906_1-1476,AUDITOR_EXP_01,2026-11-11T02:00:00,35,"RF-3, RF-6",2,1,"Elevated multi-factor risk: Co-occurrence of threshold manipulation, compressed bidding window, or repeat winner pattern.","duration=7.055555555555555d, threshold_val=₹4,799,530, flags=RF-3, RF-6",0.92,Reviewed under PARAKH Annotation Standard v2.0 for HIMACHAL PRADESH jurisdiction.
RAJ-RA-2021-01088,AUDITOR_EXP_01,2026-11-11T04:00:00,75,"RF-1, RF-3, RF-4, RF-6",2,1,"Elevated multi-factor risk: Co-occurrence of threshold manipulation, compressed bidding window, or repeat winner pattern.","duration=6.0d, threshold_val=₹4,668,718, flags=RF-1, RF-3, RF-4, RF-6",0.92,Reviewed under PARAKH Annotation Standard v2.0 for RAJASTHAN jurisdiction.
CEN-CE-2021-01095,AUDITOR_EXP_01,2026-11-11T06:00:00,35,"RF-5, RF-6",2,1,"Elevated multi-factor risk: Co-occurrence of threshold manipulation, compressed bidding window, or repeat winner pattern.","duration=21.0d, threshold_val=₹11,255,703, flags=RF-5, RF-6",0.92,Reviewed under PARAKH Annotation Standard v2.0 for CENTRAL jurisdiction.
2018_MC_19610_10,AUDITOR_EXP_01,2026-11-11T08:00:00,35,"RF-4, RF-5",2,1,"Elevated multi-factor risk: Co-occurrence of threshold manipulation, compressed bidding window, or repeat winner pattern.","duration=6.729166666666667d, threshold_val=₹1,579,373, flags=RF-4, RF-5",0.92,Reviewed under PARAKH Annotation Standard v2.0 for HIMACHAL PRADESH jurisdiction.
RAJ-RA-2021-01163,AUDITOR_EXP_01,2026-11-11T10:00:00,35,"RF-5, RF-6",2,1,"Elevated multi-factor risk: Co-occurrence of threshold manipulation, compressed bidding window, or repeat winner pattern.","duration=14.0d, threshold_val=₹20,778,542, flags=RF-5, RF-6",0.92,Reviewed under PARAKH Annotation Standard v2.0 for RAJASTHAN jurisdiction.
2017_BBNDA_18143_1,AUDITOR_EXP_01,2026-11-11T12:00:00,35,"RF-5, RF-6",2,1,"Elevated multi-factor risk: Co-occurrence of threshold manipulation, compressed bidding window, or repeat winner pattern.","duration=21.05902777777778d, threshold_val=₹13,316,146, flags=RF-5, RF-6",0.92,Reviewed under PARAKH Annotation Standard v2.0 for HIMACHAL PRADESH jurisdiction.
2017_PWD_16491_1,AUDITOR_EXP_01,2026-11-11T14:00:00,0,NONE,0,0,"Compliant procurement: Competitive bidding window, standard price alignment, and multiple participating suppliers.","bidders=9, duration=24.98958333333333d, estimate_alignment=OK",0.99,Reviewed under PARAKH Annotation Standard v2.0 for HIMACHAL PRADESH jurisdiction.
UTT-UT-2021-01124,AUDITOR_EXP_01,2026-11-11T16:00:00,55,"RF-3, RF-5, RF-6",2,1,"Elevated multi-factor risk: Co-occurrence of threshold manipulation, compressed bidding window, or repeat winner pattern.","duration=21.0d, threshold_val=₹4,921,498, flags=RF-3, RF-5, RF-6",0.92,Reviewed under PARAKH Annotation Standard v2.0 for UTTAR PRADESH jurisdiction.
2018_PWD_23669_1,AUDITOR_EXP_01,2026-11-11T18:00:00,15,RF-6,1,0,Isolated procedural deviation without evidence of systematic competition restriction.,"flags=RF-6, bidders=2",0.88,Reviewed under PARAKH Annotation Standard v2.0 for HIMACHAL PRADESH jurisdiction.
2018_PWD_25484_3,AUDITOR_EXP_01,2026-11-11T20:00:00,30,"RF-4, RF-6",2,1,"Elevated multi-factor risk: Co-occurrence of threshold manipulation, compressed bidding window, or repeat winner pattern.","duration=5.708333333333333d, threshold_val=₹7,071,305, flags=RF-4, RF-6",0.92,Reviewed under PARAKH Annotation Standard v2.0 for HIMACHAL PRADESH jurisdiction.
CEN-CE-2021-01125,AUDITOR_EXP_01,2026-11-11T22:00:00,30,"RF-4, RF-6",2,1,"Elevated multi-factor risk: Co-occurrence of threshold manipulation, compressed bidding window, or repeat winner pattern.","duration=4.0d, threshold_val=₹5,317,098, flags=RF-4, RF-6",0.92,Reviewed under PARAKH Annotation Standard v2.0 for CENTRAL jurisdiction.
2017_PWD_16431_1,AUDITOR_EXP_01,2026-11-12T00:00:00,35,"RF-3, RF-6",2,1,"Elevated multi-factor risk: Co-occurrence of threshold manipulation, compressed bidding window, or repeat winner pattern.","duration=20.02083333333333d, threshold_val=₹4,577,255, flags=RF-3, RF-6",0.92,Reviewed under PARAKH Annotation Standard v2.0 for HIMACHAL PRADESH jurisdiction.
2018_PWD_20228_13,AUDITOR_EXP_01,2026-11-12T02:00:00,35,"RF-5, RF-6",2,1,"Elevated multi-factor risk: Co-occurrence of threshold manipulation, compressed bidding window, or repeat winner pattern.","duration=20.916666666666668d, threshold_val=₹2,243,378, flags=RF-5, RF-6",0.92,Reviewed under PARAKH Annotation Standard v2.0 for HIMACHAL PRADESH jurisdiction.
2017_UDDHP_18148_1,AUDITOR_EXP_01,2026-11-12T04:00:00,35,"RF-5, RF-6",2,1,"Elevated multi-factor risk: Co-occurrence of threshold manipulation, compressed bidding window, or repeat winner pattern.","duration=10.25d, threshold_val=₹749,006, flags=RF-5, RF-6",0.92,Reviewed under PARAKH Annotation Standard v2.0 for HIMACHAL PRADESH jurisdiction.
2017_HCoHP_18829_1,AUDITOR_EXP_01,2026-11-12T06:00:00,40,"RF-2, RF-6",2,1,"Elevated multi-factor risk: Co-occurrence of threshold manipulation, compressed bidding window, or repeat winner pattern.","duration=14.836805555555555d, threshold_val=₹1,560,588, flags=RF-2, RF-6",0.92,Reviewed under PARAKH Annotation Standard v2.0 for HIMACHAL PRADESH jurisdiction.
MAH-MA-2021-01254,AUDITOR_EXP_01,2026-11-12T08:00:00,40,"RF-1, RF-6",2,1,"Elevated multi-factor risk: Co-occurrence of threshold manipulation, compressed bidding window, or repeat winner pattern.","duration=30.0d, threshold_val=₹3,008,623, flags=RF-1, RF-6",0.92,Reviewed under PARAKH Annotation Standard v2.0 for MAHARASHTRA jurisdiction.
KAR-KA-2021-01103,AUDITOR_EXP_01,2026-11-12T10:00:00,15,RF-6,1,0,Isolated procedural deviation without evidence of systematic competition restriction.,"flags=RF-6, bidders=3",0.88,Reviewed under PARAKH Annotation Standard v2.0 for KARNATAKA jurisdiction.
2017_PWD_17416_1,AUDITOR_EXP_01,2026-11-12T12:00:00,0,NONE,0,0,"Compliant procurement: Competitive bidding window, standard price alignment, and multiple participating suppliers.","bidders=2, duration=22.881944444444443d, estimate_alignment=OK",0.99,Reviewed under PARAKH Annotation Standard v2.0 for HIMACHAL PRADESH jurisdiction.
2019_PWD_33570_1,AUDITOR_EXP_01,2026-11-12T14:00:00,15,RF-6,1,0,Isolated procedural deviation without evidence of systematic competition restriction.,"flags=RF-6, bidders=3",0.88,Reviewed under PARAKH Annotation Standard v2.0 for HIMACHAL PRADESH jurisdiction.
CEN-CE-2021-01191,AUDITOR_EXP_01,2026-11-12T16:00:00,55,"RF-1, RF-4, RF-6",2,1,"Elevated multi-factor risk: Co-occurrence of threshold manipulation, compressed bidding window, or repeat winner pattern.","duration=4.0d, threshold_val=₹3,110,599, flags=RF-1, RF-4, RF-6",0.92,Reviewed under PARAKH Annotation Standard v2.0 for CENTRAL jurisdiction.
RAJ-RA-2021-01100,AUDITOR_EXP_01,2026-11-12T18:00:00,30,"RF-4, RF-6",2,1,"Elevated multi-factor risk: Co-occurrence of threshold manipulation, compressed bidding window, or repeat winner pattern.","duration=4.0d, threshold_val=₹194,617,727, flags=RF-4, RF-6",0.92,Reviewed under PARAKH Annotation Standard v2.0 for RAJASTHAN jurisdiction.
2017_UDDHP_17263_1,AUDITOR_EXP_01,2026-11-12T20:00:00,35,"RF-5, RF-6",2,1,"Elevated multi-factor risk: Co-occurrence of threshold manipulation, compressed bidding window, or repeat winner pattern.","duration=11.75d, threshold_val=₹1,159,950, flags=RF-5, RF-6",0.92,Reviewed under PARAKH Annotation Standard v2.0 for HIMACHAL PRADESH jurisdiction.
2017_UDDHP_16217_1,AUDITOR_EXP_01,2026-11-12T22:00:00,50,"RF-4, RF-5, RF-6",2,1,"Elevated multi-factor risk: Co-occurrence of threshold manipulation, compressed bidding window, or repeat winner pattern.","duration=5.819444444444445d, threshold_val=₹264,491, flags=RF-4, RF-5, RF-6",0.92,Reviewed under PARAKH Annotation Standard v2.0 for HIMACHAL PRADESH jurisdiction.
2018_HPIPH_22092_1,AUDITOR_EXP_01,2026-11-13T00:00:00,20,RF-5,1,0,Isolated procedural deviation without evidence of systematic competition restriction.,"flags=RF-5, bidders=3",0.88,Reviewed under PARAKH Annotation Standard v2.0 for HIMACHAL PRADESH jurisdiction.
2017_MC_18461_1,AUDITOR_EXP_01,2026-11-13T02:00:00,45,"RF-1, RF-5",3,1,Severe procurement anomaly: Single-bidder monopoly coupled with high price deviation or department dominance.,"bidders=1, price_deviation=0.42, flags=RF-1, RF-5",0.98,Reviewed under PARAKH Annotation Standard v2.0 for HIMACHAL PRADESH jurisdiction.
2017_UDDHP_17311_1-2603,AUDITOR_EXP_01,2026-11-13T04:00:00,20,RF-5,1,0,Isolated procedural deviation without evidence of systematic competition restriction.,"flags=RF-5, bidders=2",0.88,Reviewed under PARAKH Annotation Standard v2.0 for HIMACHAL PRADESH jurisdiction.
2017_HPIPH_17250_1,AUDITOR_EXP_01,2026-11-13T06:00:00,0,NONE,0,0,"Compliant procurement: Competitive bidding window, standard price alignment, and multiple participating suppliers.","bidders=2, duration=20.0d, estimate_alignment=OK",0.99,Reviewed under PARAKH Annotation Standard v2.0 for HIMACHAL PRADESH jurisdiction.
2018_PWD_20256_1,AUDITOR_EXP_01,2026-11-13T08:00:00,35,"RF-5, RF-6",2,1,"Elevated multi-factor risk: Co-occurrence of threshold manipulation, compressed bidding window, or repeat winner pattern.","duration=12.125d, threshold_val=₹894,759, flags=RF-5, RF-6",0.92,Reviewed under PARAKH Annotation Standard v2.0 for HIMACHAL PRADESH jurisdiction.
MAH-MA-2021-01245,AUDITOR_EXP_01,2026-11-13T10:00:00,50,"RF-4, RF-5, RF-6",2,1,"Elevated multi-factor risk: Co-occurrence of threshold manipulation, compressed bidding window, or repeat winner pattern.","duration=4.0d, threshold_val=₹415,941,635, flags=RF-4, RF-5, RF-6",0.92,Reviewed under PARAKH Annotation Standard v2.0 for MAHARASHTRA jurisdiction.
2017_PWD_15419_1,AUDITOR_EXP_01,2026-11-13T12:00:00,35,"RF-5, RF-6",2,1,"Elevated multi-factor risk: Co-occurrence of threshold manipulation, compressed bidding window, or repeat winner pattern.","duration=20.0d, threshold_val=₹220,258, flags=RF-5, RF-6",0.92,Reviewed under PARAKH Annotation Standard v2.0 for HIMACHAL PRADESH jurisdiction.
2016_HPIPH_12068_1,AUDITOR_EXP_01,2026-11-13T14:00:00,0,NONE,0,0,"Compliant procurement: Competitive bidding window, standard price alignment, and multiple participating suppliers.","bidders=3, duration=25.791666666666668d, estimate_alignment=OK",0.99,Reviewed under PARAKH Annotation Standard v2.0 for HIMACHAL PRADESH jurisdiction.
KAR-KA-2021-01062,AUDITOR_EXP_01,2026-11-13T16:00:00,30,"RF-4, RF-6",2,1,"Elevated multi-factor risk: Co-occurrence of threshold manipulation, compressed bidding window, or repeat winner pattern.","duration=6.0d, threshold_val=₹19,183,376, flags=RF-4, RF-6",0.92,Reviewed under PARAKH Annotation Standard v2.0 for KARNATAKA jurisdiction.
2018_PWD_19964_5,AUDITOR_EXP_01,2026-11-13T18:00:00,35,"RF-5, RF-6",2,1,"Elevated multi-factor risk: Co-occurrence of threshold manipulation, compressed bidding window, or repeat winner pattern.","duration=13.020833333333334d, threshold_val=₹5,714,189, flags=RF-5, RF-6",0.92,Reviewed under PARAKH Annotation Standard v2.0 for HIMACHAL PRADESH jurisdiction.
2018_PWD_19182_2,AUDITOR_EXP_01,2026-11-13T20:00:00,45,"RF-1, RF-5",3,1,Severe procurement anomaly: Single-bidder monopoly coupled with high price deviation or department dominance.,"bidders=1, price_deviation=0.76, flags=RF-1, RF-5",0.98,Reviewed under PARAKH Annotation Standard v2.0 for HIMACHAL PRADESH jurisdiction.
2017_PWD_16400_1,AUDITOR_EXP_01,2026-11-13T22:00:00,15,RF-6,1,0,Isolated procedural deviation without evidence of systematic competition restriction.,"flags=RF-6, bidders=26",0.88,Reviewed under PARAKH Annotation Standard v2.0 for HIMACHAL PRADESH jurisdiction.
CEN-CE-2021-01175,AUDITOR_EXP_01,2026-11-14T00:00:00,55,"RF-1, RF-4, RF-6",2,1,"Elevated multi-factor risk: Co-occurrence of threshold manipulation, compressed bidding window, or repeat winner pattern.","duration=4.0d, threshold_val=₹2,885,177, flags=RF-1, RF-4, RF-6",0.92,Reviewed under PARAKH Annotation Standard v2.0 for CENTRAL jurisdiction.
CEN-CE-2021-01233,AUDITOR_EXP_01,2026-11-14T02:00:00,35,"RF-5, RF-6",2,1,"Elevated multi-factor risk: Co-occurrence of threshold manipulation, compressed bidding window, or repeat winner pattern.","duration=21.0d, threshold_val=₹15,028,700, flags=RF-5, RF-6",0.92,Reviewed under PARAKH Annotation Standard v2.0 for CENTRAL jurisdiction.
RAJ-RA-2021-01085,AUDITOR_EXP_01,2026-11-14T04:00:00,35,"RF-5, RF-6",2,1,"Elevated multi-factor risk: Co-occurrence of threshold manipulation, compressed bidding window, or repeat winner pattern.","duration=30.0d, threshold_val=₹1,316,667, flags=RF-5, RF-6",0.92,Reviewed under PARAKH Annotation Standard v2.0 for RAJASTHAN jurisdiction.
2019_HPIPH_30539_1,AUDITOR_EXP_01,2026-11-14T06:00:00,35,"RF-5, RF-6",2,1,"Elevated multi-factor risk: Co-occurrence of threshold manipulation, compressed bidding window, or repeat winner pattern.","duration=24.67013888888889d, threshold_val=₹1,140,430, flags=RF-5, RF-6",0.92,Reviewed under PARAKH Annotation Standard v2.0 for HIMACHAL PRADESH jurisdiction.
2017_HIMUD_16779_1,AUDITOR_EXP_01,2026-11-14T08:00:00,35,"RF-4, RF-5",2,1,"Elevated multi-factor risk: Co-occurrence of threshold manipulation, compressed bidding window, or repeat winner pattern.","duration=5.229166666666667d, threshold_val=₹10,134,589, flags=RF-4, RF-5",0.92,Reviewed under PARAKH Annotation Standard v2.0 for HIMACHAL PRADESH jurisdiction.
2018_HPIPH_25194_1,AUDITOR_EXP_01,2026-11-14T10:00:00,0,NONE,0,0,"Compliant procurement: Competitive bidding window, standard price alignment, and multiple participating suppliers.","bidders=4, duration=18.27083333333333d, estimate_alignment=OK",0.99,Reviewed under PARAKH Annotation Standard v2.0 for HIMACHAL PRADESH jurisdiction.
2016_MC_10913_6,AUDITOR_EXP_01,2026-11-14T12:00:00,35,"RF-5, RF-6",2,1,"Elevated multi-factor risk: Co-occurrence of threshold manipulation, compressed bidding window, or repeat winner pattern.","duration=18.875d, threshold_val=₹1,940,977, flags=RF-5, RF-6",0.92,Reviewed under PARAKH Annotation Standard v2.0 for HIMACHAL PRADESH jurisdiction.
2016_HPIPH_13537_1,AUDITOR_EXP_01,2026-11-14T14:00:00,0,NONE,0,0,"Compliant procurement: Competitive bidding window, standard price alignment, and multiple participating suppliers.","bidders=2, duration=12.0d, estimate_alignment=OK",0.99,Reviewed under PARAKH Annotation Standard v2.0 for HIMACHAL PRADESH jurisdiction.
2017_PWD_17329_3,AUDITOR_EXP_01,2026-11-14T16:00:00,35,"RF-5, RF-6",2,1,"Elevated multi-factor risk: Co-occurrence of threshold manipulation, compressed bidding window, or repeat winner pattern.","duration=21.041666666666668d, threshold_val=₹1,793,806, flags=RF-5, RF-6",0.92,Reviewed under PARAKH Annotation Standard v2.0 for HIMACHAL PRADESH jurisdiction.
2017_PWD_16998_1,AUDITOR_EXP_01,2026-11-14T18:00:00,35,"RF-5, RF-6",2,1,"Elevated multi-factor risk: Co-occurrence of threshold manipulation, compressed bidding window, or repeat winner pattern.","duration=25.0d, threshold_val=₹236,520, flags=RF-5, RF-6",0.92,Reviewed under PARAKH Annotation Standard v2.0 for HIMACHAL PRADESH jurisdiction.
2017_PWD_16622_2,AUDITOR_EXP_01,2026-11-14T20:00:00,20,RF-5,1,0,Isolated procedural deviation without evidence of systematic competition restriction.,"flags=RF-5, bidders=3",0.88,Reviewed under PARAKH Annotation Standard v2.0 for HIMACHAL PRADESH jurisdiction.
MAH-MA-2021-01237,AUDITOR_EXP_01,2026-11-14T22:00:00,30,"RF-4, RF-6",2,1,"Elevated multi-factor risk: Co-occurrence of threshold manipulation, compressed bidding window, or repeat winner pattern.","duration=4.0d, threshold_val=₹10,506,559, flags=RF-4, RF-6",0.92,Reviewed under PARAKH Annotation Standard v2.0 for MAHARASHTRA jurisdiction.
KAR-KA-2021-01034,AUDITOR_EXP_01,2026-11-15T00:00:00,30,"RF-4, RF-6",2,1,"Elevated multi-factor risk: Co-occurrence of threshold manipulation, compressed bidding window, or repeat winner pattern.","duration=6.0d, threshold_val=₹94,513,041, flags=RF-4, RF-6",0.92,Reviewed under PARAKH Annotation Standard v2.0 for KARNATAKA jurisdiction.
MAH-MA-2021-01077,AUDITOR_EXP_01,2026-11-15T02:00:00,35,"RF-5, RF-6",2,1,"Elevated multi-factor risk: Co-occurrence of threshold manipulation, compressed bidding window, or repeat winner pattern.","duration=30.0d, threshold_val=₹11,123,197, flags=RF-5, RF-6",0.92,Reviewed under PARAKH Annotation Standard v2.0 for MAHARASHTRA jurisdiction.
2019_HPIPH_31234_1,AUDITOR_EXP_01,2026-11-15T04:00:00,20,RF-5,1,0,Isolated procedural deviation without evidence of systematic competition restriction.,"flags=RF-5, bidders=2",0.88,Reviewed under PARAKH Annotation Standard v2.0 for HIMACHAL PRADESH jurisdiction.
2017_PWD_18958_1,AUDITOR_EXP_01,2026-11-15T06:00:00,15,RF-6,1,0,Isolated procedural deviation without evidence of systematic competition restriction.,"flags=RF-6, bidders=5",0.88,Reviewed under PARAKH Annotation Standard v2.0 for HIMACHAL PRADESH jurisdiction.
UTT-UT-2021-01180,AUDITOR_EXP_01,2026-11-15T08:00:00,50,"RF-3, RF-4, RF-6",2,1,"Elevated multi-factor risk: Co-occurrence of threshold manipulation, compressed bidding window, or repeat winner pattern.","duration=4.0d, threshold_val=₹4,705,609, flags=RF-3, RF-4, RF-6",0.92,Reviewed under PARAKH Annotation Standard v2.0 for UTTAR PRADESH jurisdiction.
CEN-CE-2021-01018,AUDITOR_EXP_01,2026-11-15T10:00:00,75,"RF-1, RF-3, RF-4, RF-6",2,1,"Elevated multi-factor risk: Co-occurrence of threshold manipulation, compressed bidding window, or repeat winner pattern.","duration=6.0d, threshold_val=₹4,711,759, flags=RF-1, RF-3, RF-4, RF-6",0.92,Reviewed under PARAKH Annotation Standard v2.0 for CENTRAL jurisdiction.
UTT-UT-2021-01228,AUDITOR_EXP_01,2026-11-15T12:00:00,40,"RF-1, RF-6",2,1,"Elevated multi-factor risk: Co-occurrence of threshold manipulation, compressed bidding window, or repeat winner pattern.","duration=21.0d, threshold_val=₹22,159,356, flags=RF-1, RF-6",0.92,Reviewed under PARAKH Annotation Standard v2.0 for UTTAR PRADESH jurisdiction.
2019_YSPU_32670_1,AUDITOR_EXP_01,2026-11-15T14:00:00,20,RF-5,1,0,Isolated procedural deviation without evidence of systematic competition restriction.,"flags=RF-5, bidders=7",0.88,Reviewed under PARAKH Annotation Standard v2.0 for HIMACHAL PRADESH jurisdiction.
CEN-CE-2021-01275,AUDITOR_EXP_01,2026-11-15T16:00:00,30,"RF-4, RF-6",2,1,"Elevated multi-factor risk: Co-occurrence of threshold manipulation, compressed bidding window, or repeat winner pattern.","duration=6.0d, threshold_val=₹15,140,851, flags=RF-4, RF-6",0.92,Reviewed under PARAKH Annotation Standard v2.0 for CENTRAL jurisdiction.
2018_HCoHP_19401_1-2608,AUDITOR_EXP_01,2026-11-15T18:00:00,0,NONE,0,0,"Compliant procurement: Competitive bidding window, standard price alignment, and multiple participating suppliers.","bidders=3, duration=24.875d, estimate_alignment=OK",0.99,Reviewed under PARAKH Annotation Standard v2.0 for HIMACHAL PRADESH jurisdiction.
RAJ-RA-2021-01146,AUDITOR_EXP_01,2026-11-15T20:00:00,15,RF-6,1,0,Isolated procedural deviation without evidence of systematic competition restriction.,"flags=RF-6, bidders=4",0.88,Reviewed under PARAKH Annotation Standard v2.0 for RAJASTHAN jurisdiction.
CEN-CE-2021-01293,AUDITOR_EXP_01,2026-11-15T22:00:00,30,"RF-4, RF-6",2,1,"Elevated multi-factor risk: Co-occurrence of threshold manipulation, compressed bidding window, or repeat winner pattern.","duration=6.0d, threshold_val=₹5,696,389, flags=RF-4, RF-6",0.92,Reviewed under PARAKH Annotation Standard v2.0 for CENTRAL jurisdiction.
RAJ-RA-2021-01230,AUDITOR_EXP_01,2026-11-16T00:00:00,15,RF-6,1,0,Isolated procedural deviation without evidence of systematic competition restriction.,"flags=RF-6, bidders=3",0.88,Reviewed under PARAKH Annotation Standard v2.0 for RAJASTHAN jurisdiction.
2017_UDDHP_17741_1,AUDITOR_EXP_01,2026-11-16T02:00:00,50,"RF-4, RF-5, RF-6",2,1,"Elevated multi-factor risk: Co-occurrence of threshold manipulation, compressed bidding window, or repeat winner pattern.","duration=6.916666666666667d, threshold_val=₹572,576, flags=RF-4, RF-5, RF-6",0.92,Reviewed under PARAKH Annotation Standard v2.0 for HIMACHAL PRADESH jurisdiction.
RAJ-RA-2021-01118,AUDITOR_EXP_01,2026-11-16T04:00:00,50,"RF-4, RF-5, RF-6",2,1,"Elevated multi-factor risk: Co-occurrence of threshold manipulation, compressed bidding window, or repeat winner pattern.","duration=6.0d, threshold_val=₹6,711,884, flags=RF-4, RF-5, RF-6",0.92,Reviewed under PARAKH Annotation Standard v2.0 for RAJASTHAN jurisdiction.
KAR-KA-2021-01093,AUDITOR_EXP_01,2026-11-16T06:00:00,30,"RF-4, RF-6",2,1,"Elevated multi-factor risk: Co-occurrence of threshold manipulation, compressed bidding window, or repeat winner pattern.","duration=6.0d, threshold_val=₹287,380,206, flags=RF-4, RF-6",0.92,Reviewed under PARAKH Annotation Standard v2.0 for KARNATAKA jurisdiction.
2018_HPIPH_25406_1,AUDITOR_EXP_01,2026-11-16T08:00:00,35,"RF-3, RF-6",2,1,"Elevated multi-factor risk: Co-occurrence of threshold manipulation, compressed bidding window, or repeat winner pattern.","duration=10.041666666666666d, threshold_val=₹4,749,906, flags=RF-3, RF-6",0.92,Reviewed under PARAKH Annotation Standard v2.0 for HIMACHAL PRADESH jurisdiction.
CEN-CE-2021-01320,AUDITOR_EXP_01,2026-11-16T10:00:00,35,"RF-5, RF-6",2,1,"Elevated multi-factor risk: Co-occurrence of threshold manipulation, compressed bidding window, or repeat winner pattern.","duration=30.0d, threshold_val=₹6,017,694, flags=RF-5, RF-6",0.92,Reviewed under PARAKH Annotation Standard v2.0 for CENTRAL jurisdiction.
2019_HPIPH_31953_1,AUDITOR_EXP_01,2026-11-16T12:00:00,0,NONE,0,0,"Compliant procurement: Competitive bidding window, standard price alignment, and multiple participating suppliers.","bidders=9, duration=13.708333333333334d, estimate_alignment=OK",0.99,Reviewed under PARAKH Annotation Standard v2.0 for HIMACHAL PRADESH jurisdiction.
UTT-UT-2021-01013,AUDITOR_EXP_01,2026-11-16T14:00:00,50,"RF-4, RF-5, RF-6",2,1,"Elevated multi-factor risk: Co-occurrence of threshold manipulation, compressed bidding window, or repeat winner pattern.","duration=6.0d, threshold_val=₹1,678,427, flags=RF-4, RF-5, RF-6",0.92,Reviewed under PARAKH Annotation Standard v2.0 for UTTAR PRADESH jurisdiction.
UTT-UT-2021-01170,AUDITOR_EXP_01,2026-11-16T16:00:00,30,"RF-4, RF-6",2,1,"Elevated multi-factor risk: Co-occurrence of threshold manipulation, compressed bidding window, or repeat winner pattern.","duration=6.0d, threshold_val=₹5,046,177, flags=RF-4, RF-6",0.92,Reviewed under PARAKH Annotation Standard v2.0 for UTTAR PRADESH jurisdiction.
2018_MC_19440_1,AUDITOR_EXP_01,2026-11-16T18:00:00,35,"RF-5, RF-6",2,1,"Elevated multi-factor risk: Co-occurrence of threshold manipulation, compressed bidding window, or repeat winner pattern.","duration=13.729166666666666d, threshold_val=₹3,398,365, flags=RF-5, RF-6",0.92,Reviewed under PARAKH Annotation Standard v2.0 for HIMACHAL PRADESH jurisdiction.
MAH-MA-2021-01224,AUDITOR_EXP_01,2026-11-16T20:00:00,55,"RF-1, RF-4, RF-6",2,1,"Elevated multi-factor risk: Co-occurrence of threshold manipulation, compressed bidding window, or repeat winner pattern.","duration=4.0d, threshold_val=₹250,710,874, flags=RF-1, RF-4, RF-6",0.92,Reviewed under PARAKH Annotation Standard v2.0 for MAHARASHTRA jurisdiction.
KAR-KA-2021-01232,AUDITOR_EXP_01,2026-11-16T22:00:00,60,"RF-1, RF-3, RF-6",2,1,"Elevated multi-factor risk: Co-occurrence of threshold manipulation, compressed bidding window, or repeat winner pattern.","duration=30.0d, threshold_val=₹4,702,835, flags=RF-1, RF-3, RF-6",0.92,Reviewed under PARAKH Annotation Standard v2.0 for KARNATAKA jurisdiction.
2017_UDDHP_18362_1,AUDITOR_EXP_01,2026-11-17T00:00:00,35,"RF-4, RF-5",2,1,"Elevated multi-factor risk: Co-occurrence of threshold manipulation, compressed bidding window, or repeat winner pattern.","duration=5.041666666666667d, threshold_val=₹376,998, flags=RF-4, RF-5",0.92,Reviewed under PARAKH Annotation Standard v2.0 for HIMACHAL PRADESH jurisdiction.
2018_PWD_19166_1,AUDITOR_EXP_01,2026-11-17T02:00:00,35,"RF-5, RF-6",2,1,"Elevated multi-factor risk: Co-occurrence of threshold manipulation, compressed bidding window, or repeat winner pattern.","duration=23.70833333333333d, threshold_val=₹4,366,142, flags=RF-5, RF-6",0.92,Reviewed under PARAKH Annotation Standard v2.0 for HIMACHAL PRADESH jurisdiction.
2017_PWD_16185_1,AUDITOR_EXP_01,2026-11-17T04:00:00,35,"RF-5, RF-6",2,1,"Elevated multi-factor risk: Co-occurrence of threshold manipulation, compressed bidding window, or repeat winner pattern.","duration=19.979166666666668d, threshold_val=₹916,998, flags=RF-5, RF-6",0.92,Reviewed under PARAKH Annotation Standard v2.0 for HIMACHAL PRADESH jurisdiction.
2018_HPIPH_19209_1-1161,AUDITOR_EXP_01,2026-11-17T06:00:00,50,"RF-4, RF-5, RF-6",2,1,"Elevated multi-factor risk: Co-occurrence of threshold manipulation, compressed bidding window, or repeat winner pattern.","duration=6.041666666666667d, threshold_val=₹1,450,000, flags=RF-4, RF-5, RF-6",0.92,Reviewed under PARAKH Annotation Standard v2.0 for HIMACHAL PRADESH jurisdiction.
2017_PWD_14661_5,AUDITOR_EXP_01,2026-11-17T08:00:00,35,"RF-5, RF-6",2,1,"Elevated multi-factor risk: Co-occurrence of threshold manipulation, compressed bidding window, or repeat winner pattern.","duration=20.041666666666668d, threshold_val=₹1,130,820, flags=RF-5, RF-6",0.92,Reviewed under PARAKH Annotation Standard v2.0 for HIMACHAL PRADESH jurisdiction.
2019_PWD_27981_1,AUDITOR_EXP_01,2026-11-17T10:00:00,0,NONE,0,0,"Compliant procurement: Competitive bidding window, standard price alignment, and multiple participating suppliers.","bidders=2, duration=9.270833333333334d, estimate_alignment=OK",0.99,Reviewed under PARAKH Annotation Standard v2.0 for HIMACHAL PRADESH jurisdiction.
2017_MC_15003_8,AUDITOR_EXP_01,2026-11-17T12:00:00,35,"RF-5, RF-6",2,1,"Elevated multi-factor risk: Co-occurrence of threshold manipulation, compressed bidding window, or repeat winner pattern.","duration=8.729166666666666d, threshold_val=₹2,227,499, flags=RF-5, RF-6",0.92,Reviewed under PARAKH Annotation Standard v2.0 for HIMACHAL PRADESH jurisdiction.
CEN-CE-2021-01236,AUDITOR_EXP_01,2026-11-17T14:00:00,30,"RF-4, RF-6",2,1,"Elevated multi-factor risk: Co-occurrence of threshold manipulation, compressed bidding window, or repeat winner pattern.","duration=4.0d, threshold_val=₹5,637,206, flags=RF-4, RF-6",0.92,Reviewed under PARAKH Annotation Standard v2.0 for CENTRAL jurisdiction.
2019_PWD_30260_1,AUDITOR_EXP_01,2026-11-17T16:00:00,0,NONE,0,0,"Compliant procurement: Competitive bidding window, standard price alignment, and multiple participating suppliers.","bidders=6, duration=16.0d, estimate_alignment=OK",0.99,Reviewed under PARAKH Annotation Standard v2.0 for HIMACHAL PRADESH jurisdiction.
CEN-CE-2021-01154,AUDITOR_EXP_01,2026-11-17T18:00:00,35,"RF-5, RF-6",2,1,"Elevated multi-factor risk: Co-occurrence of threshold manipulation, compressed bidding window, or repeat winner pattern.","duration=21.0d, threshold_val=₹6,261,787, flags=RF-5, RF-6",0.92,Reviewed under PARAKH Annotation Standard v2.0 for CENTRAL jurisdiction.
2017_HPIPH_17630_1-3816,AUDITOR_EXP_01,2026-11-17T20:00:00,15,RF-4,1,0,Isolated procedural deviation without evidence of systematic competition restriction.,"flags=RF-4, bidders=4",0.88,Reviewed under PARAKH Annotation Standard v2.0 for HIMACHAL PRADESH jurisdiction.
2018_HPIPH_19198_1-1845,AUDITOR_EXP_01,2026-11-17T22:00:00,50,"RF-4, RF-5, RF-6",2,1,"Elevated multi-factor risk: Co-occurrence of threshold manipulation, compressed bidding window, or repeat winner pattern.","duration=6.208333333333333d, threshold_val=₹2,194,694, flags=RF-4, RF-5, RF-6",0.92,Reviewed under PARAKH Annotation Standard v2.0 for HIMACHAL PRADESH jurisdiction.
2015_HPIPH_9559_1,AUDITOR_EXP_01,2026-11-18T00:00:00,45,"RF-2, RF-5",2,1,"Elevated multi-factor risk: Co-occurrence of threshold manipulation, compressed bidding window, or repeat winner pattern.","duration=18.729166666666668d, threshold_val=₹9,028,910, flags=RF-2, RF-5",0.92,Reviewed under PARAKH Annotation Standard v2.0 for HIMACHAL PRADESH jurisdiction.
UTT-UT-2021-01214,AUDITOR_EXP_01,2026-11-18T02:00:00,30,"RF-4, RF-6",2,1,"Elevated multi-factor risk: Co-occurrence of threshold manipulation, compressed bidding window, or repeat winner pattern.","duration=4.0d, threshold_val=₹85,645,714, flags=RF-4, RF-6",0.92,Reviewed under PARAKH Annotation Standard v2.0 for UTTAR PRADESH jurisdiction.
2018_HPIPH_23054_1,AUDITOR_EXP_01,2026-11-18T04:00:00,35,"RF-5, RF-6",2,1,"Elevated multi-factor risk: Co-occurrence of threshold manipulation, compressed bidding window, or repeat winner pattern.","duration=27.75d, threshold_val=₹14,988,117, flags=RF-5, RF-6",0.92,Reviewed under PARAKH Annotation Standard v2.0 for HIMACHAL PRADESH jurisdiction.
RAJ-RA-2021-01175,AUDITOR_EXP_01,2026-11-18T06:00:00,40,"RF-1, RF-6",2,1,"Elevated multi-factor risk: Co-occurrence of threshold manipulation, compressed bidding window, or repeat winner pattern.","duration=30.0d, threshold_val=₹4,332,086, flags=RF-1, RF-6",0.92,Reviewed under PARAKH Annotation Standard v2.0 for RAJASTHAN jurisdiction.
2018_PWD_19164_1,AUDITOR_EXP_01,2026-11-18T08:00:00,35,"RF-5, RF-6",2,1,"Elevated multi-factor risk: Co-occurrence of threshold manipulation, compressed bidding window, or repeat winner pattern.","duration=23.729166666666668d, threshold_val=₹26,074,338, flags=RF-5, RF-6",0.92,Reviewed under PARAKH Annotation Standard v2.0 for HIMACHAL PRADESH jurisdiction.
2017_UDDHP_17623_1,AUDITOR_EXP_01,2026-11-18T10:00:00,35,"RF-5, RF-6",2,1,"Elevated multi-factor risk: Co-occurrence of threshold manipulation, compressed bidding window, or repeat winner pattern.","duration=7.25d, threshold_val=₹285,736, flags=RF-5, RF-6",0.92,Reviewed under PARAKH Annotation Standard v2.0 for HIMACHAL PRADESH jurisdiction.
2017_PWD_14198_1,AUDITOR_EXP_01,2026-11-18T12:00:00,0,NONE,0,0,"Compliant procurement: Competitive bidding window, standard price alignment, and multiple participating suppliers.","bidders=2, duration=15.083333333333334d, estimate_alignment=OK",0.99,Reviewed under PARAKH Annotation Standard v2.0 for HIMACHAL PRADESH jurisdiction.
2017_HPIPH_17616_1,AUDITOR_EXP_01,2026-11-18T14:00:00,35,"RF-5, RF-6",2,1,"Elevated multi-factor risk: Co-occurrence of threshold manipulation, compressed bidding window, or repeat winner pattern.","duration=15.75d, threshold_val=₹1,826,250, flags=RF-5, RF-6",0.92,Reviewed under PARAKH Annotation Standard v2.0 for HIMACHAL PRADESH jurisdiction.
2017_PWD_15702_4,AUDITOR_EXP_01,2026-11-18T16:00:00,35,"RF-5, RF-6",2,1,"Elevated multi-factor risk: Co-occurrence of threshold manipulation, compressed bidding window, or repeat winner pattern.","duration=20.75d, threshold_val=₹1,560,900, flags=RF-5, RF-6",0.92,Reviewed under PARAKH Annotation Standard v2.0 for HIMACHAL PRADESH jurisdiction.
2017_HPIPH_17284_1,AUDITOR_EXP_01,2026-11-18T18:00:00,35,"RF-5, RF-6",2,1,"Elevated multi-factor risk: Co-occurrence of threshold manipulation, compressed bidding window, or repeat winner pattern.","duration=29.791666666666668d, threshold_val=₹2,513,131, flags=RF-5, RF-6",0.92,Reviewed under PARAKH Annotation Standard v2.0 for HIMACHAL PRADESH jurisdiction.
UTT-UT-2021-01249,AUDITOR_EXP_01,2026-11-18T20:00:00,15,RF-6,1,0,Isolated procedural deviation without evidence of systematic competition restriction.,"flags=RF-6, bidders=3",0.88,Reviewed under PARAKH Annotation Standard v2.0 for UTTAR PRADESH jurisdiction.
2017_UDDHP_18178_1,AUDITOR_EXP_01,2026-11-18T22:00:00,35,"RF-4, RF-5",2,1,"Elevated multi-factor risk: Co-occurrence of threshold manipulation, compressed bidding window, or repeat winner pattern.","duration=6.25d, threshold_val=₹207,682, flags=RF-4, RF-5",0.92,Reviewed under PARAKH Annotation Standard v2.0 for HIMACHAL PRADESH jurisdiction.
2017_HPIPH_17745_1-465,AUDITOR_EXP_01,2026-11-19T00:00:00,50,"RF-4, RF-5, RF-6",2,1,"Elevated multi-factor risk: Co-occurrence of threshold manipulation, compressed bidding window, or repeat winner pattern.","duration=5.125d, threshold_val=₹755,500, flags=RF-4, RF-5, RF-6",0.92,Reviewed under PARAKH Annotation Standard v2.0 for HIMACHAL PRADESH jurisdiction.
2019_PWD_28609_1,AUDITOR_EXP_01,2026-11-19T02:00:00,35,"RF-3, RF-4",2,1,"Elevated multi-factor risk: Co-occurrence of threshold manipulation, compressed bidding window, or repeat winner pattern.","duration=5.645833333333333d, threshold_val=₹4,748,957, flags=RF-3, RF-4",0.92,Reviewed under PARAKH Annotation Standard v2.0 for HIMACHAL PRADESH jurisdiction.
2017_PWD_16219_1,AUDITOR_EXP_01,2026-11-19T04:00:00,30,"RF-4, RF-6",2,1,"Elevated multi-factor risk: Co-occurrence of threshold manipulation, compressed bidding window, or repeat winner pattern.","duration=6.0d, threshold_val=₹2,236,224, flags=RF-4, RF-6",0.92,Reviewed under PARAKH Annotation Standard v2.0 for HIMACHAL PRADESH jurisdiction.
2017_PWD_18944_1,AUDITOR_EXP_01,2026-11-19T06:00:00,35,"RF-5, RF-6",2,1,"Elevated multi-factor risk: Co-occurrence of threshold manipulation, compressed bidding window, or repeat winner pattern.","duration=23.0d, threshold_val=₹1,308,507, flags=RF-5, RF-6",0.92,Reviewed under PARAKH Annotation Standard v2.0 for HIMACHAL PRADESH jurisdiction.
2017_PWD_17814_3,AUDITOR_EXP_01,2026-11-19T08:00:00,0,NONE,0,0,"Compliant procurement: Competitive bidding window, standard price alignment, and multiple participating suppliers.","bidders=5, duration=21.02777777777778d, estimate_alignment=OK",0.99,Reviewed under PARAKH Annotation Standard v2.0 for HIMACHAL PRADESH jurisdiction.
RAJ-RA-2021-01026,AUDITOR_EXP_01,2026-11-19T10:00:00,60,"RF-1, RF-3, RF-6",2,1,"Elevated multi-factor risk: Co-occurrence of threshold manipulation, compressed bidding window, or repeat winner pattern.","duration=30.0d, threshold_val=₹4,596,476, flags=RF-1, RF-3, RF-6",0.92,Reviewed under PARAKH Annotation Standard v2.0 for RAJASTHAN jurisdiction.
2017_UDDHP_17264_1,AUDITOR_EXP_01,2026-11-19T12:00:00,35,"RF-5, RF-6",2,1,"Elevated multi-factor risk: Co-occurrence of threshold manipulation, compressed bidding window, or repeat winner pattern.","duration=11.75d, threshold_val=₹1,454,324, flags=RF-5, RF-6",0.92,Reviewed under PARAKH Annotation Standard v2.0 for HIMACHAL PRADESH jurisdiction.
2017_MC_14886_1,AUDITOR_EXP_01,2026-11-19T14:00:00,35,"RF-4, RF-5",2,1,"Elevated multi-factor risk: Co-occurrence of threshold manipulation, compressed bidding window, or repeat winner pattern.","duration=5.729166666666667d, threshold_val=₹6,430,000, flags=RF-4, RF-5",0.92,Reviewed under PARAKH Annotation Standard v2.0 for HIMACHAL PRADESH jurisdiction.
CEN-CE-2021-01130,AUDITOR_EXP_01,2026-11-19T16:00:00,30,"RF-4, RF-6",2,1,"Elevated multi-factor risk: Co-occurrence of threshold manipulation, compressed bidding window, or repeat winner pattern.","duration=4.0d, threshold_val=₹1,899,578, flags=RF-4, RF-6",0.92,Reviewed under PARAKH Annotation Standard v2.0 for CENTRAL jurisdiction.
MAH-MA-2021-01087,AUDITOR_EXP_01,2026-11-19T18:00:00,55,"RF-1, RF-4, RF-6",2,1,"Elevated multi-factor risk: Co-occurrence of threshold manipulation, compressed bidding window, or repeat winner pattern.","duration=4.0d, threshold_val=₹1,658,105, flags=RF-1, RF-4, RF-6",0.92,Reviewed under PARAKH Annotation Standard v2.0 for MAHARASHTRA jurisdiction.
2017_FDC_15806_1,AUDITOR_EXP_01,2026-11-19T20:00:00,40,"RF-1, RF-6",2,1,"Elevated multi-factor risk: Co-occurrence of threshold manipulation, compressed bidding window, or repeat winner pattern.","duration=8.75d, threshold_val=₹9,568,926, flags=RF-1, RF-6",0.92,Reviewed under PARAKH Annotation Standard v2.0 for HIMACHAL PRADESH jurisdiction.
2018_HPIPH_19453_1-591,AUDITOR_EXP_01,2026-11-19T22:00:00,35,"RF-5, RF-6",2,1,"Elevated multi-factor risk: Co-occurrence of threshold manipulation, compressed bidding window, or repeat winner pattern.","duration=27.760416666666668d, threshold_val=₹7,471,252, flags=RF-5, RF-6",0.92,Reviewed under PARAKH Annotation Standard v2.0 for HIMACHAL PRADESH jurisdiction.
MAH-MA-2021-01117,AUDITOR_EXP_01,2026-11-20T00:00:00,30,"RF-4, RF-6",2,1,"Elevated multi-factor risk: Co-occurrence of threshold manipulation, compressed bidding window, or repeat winner pattern.","duration=6.0d, threshold_val=₹48,758,721, flags=RF-4, RF-6",0.92,Reviewed under PARAKH Annotation Standard v2.0 for MAHARASHTRA jurisdiction.
2017_HPIPH_16718_1,AUDITOR_EXP_01,2026-11-20T02:00:00,20,RF-5,1,0,Isolated procedural deviation without evidence of systematic competition restriction.,"flags=RF-5, bidders=3",0.88,Reviewed under PARAKH Annotation Standard v2.0 for HIMACHAL PRADESH jurisdiction.
2018_PWD_24392_1,AUDITOR_EXP_01,2026-11-20T04:00:00,0,NONE,0,0,"Compliant procurement: Competitive bidding window, standard price alignment, and multiple participating suppliers.","bidders=2, duration=7.6875d, estimate_alignment=OK",0.99,Reviewed under PARAKH Annotation Standard v2.0 for HIMACHAL PRADESH jurisdiction.
2020_HPIPH_36967_1,AUDITOR_EXP_01,2026-11-20T06:00:00,35,"RF-5, RF-6",2,1,"Elevated multi-factor risk: Co-occurrence of threshold manipulation, compressed bidding window, or repeat winner pattern.","duration=13.6875d, threshold_val=₹10,224,591, flags=RF-5, RF-6",0.92,Reviewed under PARAKH Annotation Standard v2.0 for HIMACHAL PRADESH jurisdiction.
2017_MC_15003_14,AUDITOR_EXP_01,2026-11-20T08:00:00,35,"RF-5, RF-6",2,1,"Elevated multi-factor risk: Co-occurrence of threshold manipulation, compressed bidding window, or repeat winner pattern.","duration=8.729166666666666d, threshold_val=₹4,024,547, flags=RF-5, RF-6",0.92,Reviewed under PARAKH Annotation Standard v2.0 for HIMACHAL PRADESH jurisdiction.
KAR-KA-2021-01185,AUDITOR_EXP_01,2026-11-20T10:00:00,35,"RF-4, RF-5",2,1,"Elevated multi-factor risk: Co-occurrence of threshold manipulation, compressed bidding window, or repeat winner pattern.","duration=4.0d, threshold_val=₹184,187,825, flags=RF-4, RF-5",0.92,Reviewed under PARAKH Annotation Standard v2.0 for KARNATAKA jurisdiction.
KAR-KA-2021-01186,AUDITOR_EXP_01,2026-11-20T12:00:00,50,"RF-4, RF-5, RF-6",2,1,"Elevated multi-factor risk: Co-occurrence of threshold manipulation, compressed bidding window, or repeat winner pattern.","duration=6.0d, threshold_val=₹16,775,620, flags=RF-4, RF-5, RF-6",0.92,Reviewed under PARAKH Annotation Standard v2.0 for KARNATAKA jurisdiction.
2018_PWD_24092_1,AUDITOR_EXP_01,2026-11-20T14:00:00,35,"RF-4, RF-5",2,1,"Elevated multi-factor risk: Co-occurrence of threshold manipulation, compressed bidding window, or repeat winner pattern.","duration=5.041666666666667d, threshold_val=₹3,942,278, flags=RF-4, RF-5",0.92,Reviewed under PARAKH Annotation Standard v2.0 for HIMACHAL PRADESH jurisdiction.
2018_PWD_19777_1,AUDITOR_EXP_01,2026-11-20T16:00:00,55,"RF-1, RF-4, RF-6",2,1,"Elevated multi-factor risk: Co-occurrence of threshold manipulation, compressed bidding window, or repeat winner pattern.","duration=5.041666666666667d, threshold_val=₹2,057,658, flags=RF-1, RF-4, RF-6",0.92,Reviewed under PARAKH Annotation Standard v2.0 for HIMACHAL PRADESH jurisdiction.
KAR-KA-2021-01106,AUDITOR_EXP_01,2026-11-20T18:00:00,30,"RF-4, RF-6",2,1,"Elevated multi-factor risk: Co-occurrence of threshold manipulation, compressed bidding window, or repeat winner pattern.","duration=6.0d, threshold_val=₹1,062,422, flags=RF-4, RF-6",0.92,Reviewed under PARAKH Annotation Standard v2.0 for KARNATAKA jurisdiction.
2017_UDDHP_16023_1,AUDITOR_EXP_01,2026-11-20T20:00:00,35,"RF-5, RF-6",2,1,"Elevated multi-factor risk: Co-occurrence of threshold manipulation, compressed bidding window, or repeat winner pattern.","duration=8.083333333333334d, threshold_val=₹243,767, flags=RF-5, RF-6",0.92,Reviewed under PARAKH Annotation Standard v2.0 for HIMACHAL PRADESH jurisdiction.
MAH-MA-2021-01295,AUDITOR_EXP_01,2026-11-20T22:00:00,30,"RF-4, RF-6",2,1,"Elevated multi-factor risk: Co-occurrence of threshold manipulation, compressed bidding window, or repeat winner pattern.","duration=6.0d, threshold_val=₹146,725,313, flags=RF-4, RF-6",0.92,Reviewed under PARAKH Annotation Standard v2.0 for MAHARASHTRA jurisdiction.
2020_DFHW_34829_1,AUDITOR_EXP_01,2026-11-21T00:00:00,20,RF-3,1,0,Isolated procedural deviation without evidence of systematic competition restriction.,"flags=RF-3, bidders=4",0.88,Reviewed under PARAKH Annotation Standard v2.0 for HIMACHAL PRADESH jurisdiction.
2017_UDDHP_17267_1,AUDITOR_EXP_01,2026-11-21T02:00:00,35,"RF-5, RF-6",2,1,"Elevated multi-factor risk: Co-occurrence of threshold manipulation, compressed bidding window, or repeat winner pattern.","duration=11.75d, threshold_val=₹1,305,000, flags=RF-5, RF-6",0.92,Reviewed under PARAKH Annotation Standard v2.0 for HIMACHAL PRADESH jurisdiction.
RAJ-RA-2021-01035,AUDITOR_EXP_01,2026-11-21T04:00:00,30,"RF-4, RF-6",2,1,"Elevated multi-factor risk: Co-occurrence of threshold manipulation, compressed bidding window, or repeat winner pattern.","duration=4.0d, threshold_val=₹20,683,106, flags=RF-4, RF-6",0.92,Reviewed under PARAKH Annotation Standard v2.0 for RAJASTHAN jurisdiction.
2018_PWD_20040_1-4202,AUDITOR_EXP_01,2026-11-21T06:00:00,0,NONE,0,0,"Compliant procurement: Competitive bidding window, standard price alignment, and multiple participating suppliers.","bidders=4, duration=7.6875d, estimate_alignment=OK",0.99,Reviewed under PARAKH Annotation Standard v2.0 for HIMACHAL PRADESH jurisdiction.
2018_HPIPH_25139_1,AUDITOR_EXP_01,2026-11-21T08:00:00,20,RF-5,1,0,Isolated procedural deviation without evidence of systematic competition restriction.,"flags=RF-5, bidders=4",0.88,Reviewed under PARAKH Annotation Standard v2.0 for HIMACHAL PRADESH jurisdiction.
2017_PWD_15702_6,AUDITOR_EXP_01,2026-11-21T10:00:00,35,"RF-5, RF-6",2,1,"Elevated multi-factor risk: Co-occurrence of threshold manipulation, compressed bidding window, or repeat winner pattern.","duration=20.75d, threshold_val=₹1,612,000, flags=RF-5, RF-6",0.92,Reviewed under PARAKH Annotation Standard v2.0 for HIMACHAL PRADESH jurisdiction.
2019_HPIPH_27548_1-620,AUDITOR_EXP_01,2026-11-21T12:00:00,35,"RF-5, RF-6",2,1,"Elevated multi-factor risk: Co-occurrence of threshold manipulation, compressed bidding window, or repeat winner pattern.","duration=10.958333333333334d, threshold_val=₹8,264,453, flags=RF-5, RF-6",0.92,Reviewed under PARAKH Annotation Standard v2.0 for HIMACHAL PRADESH jurisdiction.
MAH-MA-2021-01066,AUDITOR_EXP_01,2026-11-21T14:00:00,55,"RF-1, RF-4, RF-6",2,1,"Elevated multi-factor risk: Co-occurrence of threshold manipulation, compressed bidding window, or repeat winner pattern.","duration=6.0d, threshold_val=₹271,503,461, flags=RF-1, RF-4, RF-6",0.92,Reviewed under PARAKH Annotation Standard v2.0 for MAHARASHTRA jurisdiction.
RAJ-RA-2021-01090,AUDITOR_EXP_01,2026-11-21T16:00:00,50,"RF-3, RF-4, RF-6",2,1,"Elevated multi-factor risk: Co-occurrence of threshold manipulation, compressed bidding window, or repeat winner pattern.","duration=6.0d, threshold_val=₹4,659,851, flags=RF-3, RF-4, RF-6",0.92,Reviewed under PARAKH Annotation Standard v2.0 for RAJASTHAN jurisdiction.
CEN-CE-2021-01211,AUDITOR_EXP_01,2026-11-21T18:00:00,60,"RF-1, RF-5, RF-6",3,1,Severe procurement anomaly: Single-bidder monopoly coupled with high price deviation or department dominance.,"bidders=1, price_deviation=0.35, flags=RF-1, RF-5, RF-6",0.98,Reviewed under PARAKH Annotation Standard v2.0 for CENTRAL jurisdiction.
UTT-UT-2021-01145,AUDITOR_EXP_01,2026-11-21T20:00:00,30,"RF-4, RF-6",2,1,"Elevated multi-factor risk: Co-occurrence of threshold manipulation, compressed bidding window, or repeat winner pattern.","duration=6.0d, threshold_val=₹16,838,884, flags=RF-4, RF-6",0.92,Reviewed under PARAKH Annotation Standard v2.0 for UTTAR PRADESH jurisdiction.
MAH-MA-2021-01133,AUDITOR_EXP_01,2026-11-21T22:00:00,75,"RF-1, RF-4, RF-5, RF-6",3,1,Severe procurement anomaly: Single-bidder monopoly coupled with high price deviation or department dominance.,"bidders=1, price_deviation=0.35, flags=RF-1, RF-4, RF-5, RF-6",0.98,Reviewed under PARAKH Annotation Standard v2.0 for MAHARASHTRA jurisdiction.
2017_PWD_16222_1,AUDITOR_EXP_01,2026-11-22T00:00:00,0,NONE,0,0,"Compliant procurement: Competitive bidding window, standard price alignment, and multiple participating suppliers.","bidders=9, duration=12.9375d, estimate_alignment=OK",0.99,Reviewed under PARAKH Annotation Standard v2.0 for HIMACHAL PRADESH jurisdiction.
2017_PWD_15645_1,AUDITOR_EXP_01,2026-11-22T02:00:00,40,"RF-1, RF-6",2,1,"Elevated multi-factor risk: Co-occurrence of threshold manipulation, compressed bidding window, or repeat winner pattern.","duration=8.791666666666666d, threshold_val=₹1,713,932, flags=RF-1, RF-6",0.92,Reviewed under PARAKH Annotation Standard v2.0 for HIMACHAL PRADESH jurisdiction.
2017_MC_17990_1,AUDITOR_EXP_01,2026-11-22T04:00:00,15,RF-6,1,0,Isolated procedural deviation without evidence of systematic competition restriction.,"flags=RF-6, bidders=4",0.88,Reviewed under PARAKH Annotation Standard v2.0 for HIMACHAL PRADESH jurisdiction.
2018_PWD_20209_1,AUDITOR_EXP_01,2026-11-22T06:00:00,30,"RF-4, RF-6",2,1,"Elevated multi-factor risk: Co-occurrence of threshold manipulation, compressed bidding window, or repeat winner pattern.","duration=5.229166666666667d, threshold_val=₹1,292,292, flags=RF-4, RF-6",0.92,Reviewed under PARAKH Annotation Standard v2.0 for HIMACHAL PRADESH jurisdiction.
2018_MC_20282_12,AUDITOR_EXP_01,2026-11-22T08:00:00,40,"RF-1, RF-6",2,1,"Elevated multi-factor risk: Co-occurrence of threshold manipulation, compressed bidding window, or repeat winner pattern.","duration=7.729166666666667d, threshold_val=₹1,854,362, flags=RF-1, RF-6",0.92,Reviewed under PARAKH Annotation Standard v2.0 for HIMACHAL PRADESH jurisdiction.
RAJ-RA-2021-01211,AUDITOR_EXP_01,2026-11-22T10:00:00,50,"RF-4, RF-5, RF-6",2,1,"Elevated multi-factor risk: Co-occurrence of threshold manipulation, compressed bidding window, or repeat winner pattern.","duration=4.0d, threshold_val=₹199,330,356, flags=RF-4, RF-5, RF-6",0.92,Reviewed under PARAKH Annotation Standard v2.0 for RAJASTHAN jurisdiction.
2017_HPIPH_17003_1-3658,AUDITOR_EXP_01,2026-11-22T12:00:00,35,"RF-4, RF-5",2,1,"Elevated multi-factor risk: Co-occurrence of threshold manipulation, compressed bidding window, or repeat winner pattern.","duration=6.25d, threshold_val=₹267,079, flags=RF-4, RF-5",0.92,Reviewed under PARAKH Annotation Standard v2.0 for HIMACHAL PRADESH jurisdiction.
2018_UDDHP_22618_1-656,AUDITOR_EXP_01,2026-11-22T14:00:00,30,"RF-4, RF-6",2,1,"Elevated multi-factor risk: Co-occurrence of threshold manipulation, compressed bidding window, or repeat winner pattern.","duration=6.125d, threshold_val=₹84,720, flags=RF-4, RF-6",0.92,Reviewed under PARAKH Annotation Standard v2.0 for HIMACHAL PRADESH jurisdiction.
UTT-UT-2021-01019,AUDITOR_EXP_01,2026-11-22T16:00:00,30,"RF-4, RF-6",2,1,"Elevated multi-factor risk: Co-occurrence of threshold manipulation, compressed bidding window, or repeat winner pattern.","duration=6.0d, threshold_val=₹18,655,564, flags=RF-4, RF-6",0.92,Reviewed under PARAKH Annotation Standard v2.0 for UTTAR PRADESH jurisdiction.
2018_PWD_20260_1,AUDITOR_EXP_01,2026-11-22T18:00:00,35,"RF-5, RF-6",2,1,"Elevated multi-factor risk: Co-occurrence of threshold manipulation, compressed bidding window, or repeat winner pattern.","duration=12.125d, threshold_val=₹1,059,644, flags=RF-5, RF-6",0.92,Reviewed under PARAKH Annotation Standard v2.0 for HIMACHAL PRADESH jurisdiction.
2017_PWD_18954_9,AUDITOR_EXP_01,2026-11-22T20:00:00,0,NONE,0,0,"Compliant procurement: Competitive bidding window, standard price alignment, and multiple participating suppliers.","bidders=3, duration=20.95833333333333d, estimate_alignment=OK",0.99,Reviewed under PARAKH Annotation Standard v2.0 for HIMACHAL PRADESH jurisdiction.
MAH-MA-2021-01285,AUDITOR_EXP_01,2026-11-22T22:00:00,40,"RF-1, RF-6",2,1,"Elevated multi-factor risk: Co-occurrence of threshold manipulation, compressed bidding window, or repeat winner pattern.","duration=30.0d, threshold_val=₹3,121,702, flags=RF-1, RF-6",0.92,Reviewed under PARAKH Annotation Standard v2.0 for MAHARASHTRA jurisdiction.
MAH-MA-2021-01093,AUDITOR_EXP_01,2026-11-23T00:00:00,35,"RF-5, RF-6",2,1,"Elevated multi-factor risk: Co-occurrence of threshold manipulation, compressed bidding window, or repeat winner pattern.","duration=30.0d, threshold_val=₹28,328,470, flags=RF-5, RF-6",0.92,Reviewed under PARAKH Annotation Standard v2.0 for MAHARASHTRA jurisdiction.
2018_HPIPH_22023_1,AUDITOR_EXP_01,2026-11-23T02:00:00,35,"RF-5, RF-6",2,1,"Elevated multi-factor risk: Co-occurrence of threshold manipulation, compressed bidding window, or repeat winner pattern.","duration=9.0d, threshold_val=₹13,862,650, flags=RF-5, RF-6",0.92,Reviewed under PARAKH Annotation Standard v2.0 for HIMACHAL PRADESH jurisdiction.
2018_PWD_19677_1,AUDITOR_EXP_01,2026-11-23T04:00:00,0,NONE,0,0,"Compliant procurement: Competitive bidding window, standard price alignment, and multiple participating suppliers.","bidders=7, duration=18.0d, estimate_alignment=OK",0.99,Reviewed under PARAKH Annotation Standard v2.0 for HIMACHAL PRADESH jurisdiction.
2017_PWD_18077_6,AUDITOR_EXP_01,2026-11-23T06:00:00,35,"RF-5, RF-6",2,1,"Elevated multi-factor risk: Co-occurrence of threshold manipulation, compressed bidding window, or repeat winner pattern.","duration=17.0d, threshold_val=₹410,630, flags=RF-5, RF-6",0.92,Reviewed under PARAKH Annotation Standard v2.0 for HIMACHAL PRADESH jurisdiction.
2016_PWD_10635_1,AUDITOR_EXP_01,2026-11-23T08:00:00,35,"RF-4, RF-5",2,1,"Elevated multi-factor risk: Co-occurrence of threshold manipulation, compressed bidding window, or repeat winner pattern.","duration=6.270833333333333d, threshold_val=₹2,082,255, flags=RF-4, RF-5",0.92,Reviewed under PARAKH Annotation Standard v2.0 for HIMACHAL PRADESH jurisdiction.
2018_HPIPH_24153_1,AUDITOR_EXP_01,2026-11-23T10:00:00,35,"RF-5, RF-6",2,1,"Elevated multi-factor risk: Co-occurrence of threshold manipulation, compressed bidding window, or repeat winner pattern.","duration=21.756944444444443d, threshold_val=₹22,231,940, flags=RF-5, RF-6",0.92,Reviewed under PARAKH Annotation Standard v2.0 for HIMACHAL PRADESH jurisdiction.
2018_PWD_19964_1,AUDITOR_EXP_01,2026-11-23T12:00:00,60,"RF-1, RF-5, RF-6",3,1,Severe procurement anomaly: Single-bidder monopoly coupled with high price deviation or department dominance.,"bidders=1, price_deviation=0.54, flags=RF-1, RF-5, RF-6",0.98,Reviewed under PARAKH Annotation Standard v2.0 for HIMACHAL PRADESH jurisdiction.
2018_PWD_19891_9,AUDITOR_EXP_01,2026-11-23T14:00:00,15,RF-6,1,0,Isolated procedural deviation without evidence of systematic competition restriction.,"flags=RF-6, bidders=2",0.88,Reviewed under PARAKH Annotation Standard v2.0 for HIMACHAL PRADESH jurisdiction.
UTT-UT-2021-01060,AUDITOR_EXP_01,2026-11-23T16:00:00,35,"RF-3, RF-6",2,1,"Elevated multi-factor risk: Co-occurrence of threshold manipulation, compressed bidding window, or repeat winner pattern.","duration=14.0d, threshold_val=₹4,720,454, flags=RF-3, RF-6",0.92,Reviewed under PARAKH Annotation Standard v2.0 for UTTAR PRADESH jurisdiction.
RAJ-RA-2021-01018,AUDITOR_EXP_01,2026-11-23T18:00:00,30,"RF-4, RF-6",2,1,"Elevated multi-factor risk: Co-occurrence of threshold manipulation, compressed bidding window, or repeat winner pattern.","duration=4.0d, threshold_val=₹3,763,950, flags=RF-4, RF-6",0.92,Reviewed under PARAKH Annotation Standard v2.0 for RAJASTHAN jurisdiction.
2017_UDDHP_17051_1,AUDITOR_EXP_01,2026-11-23T20:00:00,30,"RF-4, RF-6",2,1,"Elevated multi-factor risk: Co-occurrence of threshold manipulation, compressed bidding window, or repeat winner pattern.","duration=6.208333333333333d, threshold_val=₹213,930, flags=RF-4, RF-6",0.92,Reviewed under PARAKH Annotation Standard v2.0 for HIMACHAL PRADESH jurisdiction.
UTT-UT-2021-01082,AUDITOR_EXP_01,2026-11-23T22:00:00,35,"RF-4, RF-5",2,1,"Elevated multi-factor risk: Co-occurrence of threshold manipulation, compressed bidding window, or repeat winner pattern.","duration=4.0d, threshold_val=₹3,030,554, flags=RF-4, RF-5",0.92,Reviewed under PARAKH Annotation Standard v2.0 for UTTAR PRADESH jurisdiction.
2017_UDDHP_16012_1,AUDITOR_EXP_01,2026-11-24T00:00:00,35,"RF-5, RF-6",2,1,"Elevated multi-factor risk: Co-occurrence of threshold manipulation, compressed bidding window, or repeat winner pattern.","duration=8.083333333333334d, threshold_val=₹197,101, flags=RF-5, RF-6",0.92,Reviewed under PARAKH Annotation Standard v2.0 for HIMACHAL PRADESH jurisdiction.
MAH-MA-2021-01234,AUDITOR_EXP_01,2026-11-24T02:00:00,55,"RF-1, RF-4, RF-6",2,1,"Elevated multi-factor risk: Co-occurrence of threshold manipulation, compressed bidding window, or repeat winner pattern.","duration=6.0d, threshold_val=₹195,866,563, flags=RF-1, RF-4, RF-6",0.92,Reviewed under PARAKH Annotation Standard v2.0 for MAHARASHTRA jurisdiction.
KAR-KA-2021-01107,AUDITOR_EXP_01,2026-11-24T04:00:00,50,"RF-3, RF-4, RF-6",2,1,"Elevated multi-factor risk: Co-occurrence of threshold manipulation, compressed bidding window, or repeat winner pattern.","duration=4.0d, threshold_val=₹4,505,346, flags=RF-3, RF-4, RF-6",0.92,Reviewed under PARAKH Annotation Standard v2.0 for KARNATAKA jurisdiction.
MAH-MA-2021-01103,AUDITOR_EXP_01,2026-11-24T06:00:00,30,"RF-4, RF-6",2,1,"Elevated multi-factor risk: Co-occurrence of threshold manipulation, compressed bidding window, or repeat winner pattern.","duration=4.0d, threshold_val=₹3,875,993, flags=RF-4, RF-6",0.92,Reviewed under PARAKH Annotation Standard v2.0 for MAHARASHTRA jurisdiction.
2017_PWD_18016_1,AUDITOR_EXP_01,2026-11-24T08:00:00,40,"RF-2, RF-4",2,1,"Elevated multi-factor risk: Co-occurrence of threshold manipulation, compressed bidding window, or repeat winner pattern.","duration=6.888888888888889d, threshold_val=₹2,574,076, flags=RF-2, RF-4",0.92,Reviewed under PARAKH Annotation Standard v2.0 for HIMACHAL PRADESH jurisdiction.
UTT-UT-2021-01050,AUDITOR_EXP_01,2026-11-24T10:00:00,30,"RF-4, RF-6",2,1,"Elevated multi-factor risk: Co-occurrence of threshold manipulation, compressed bidding window, or repeat winner pattern.","duration=4.0d, threshold_val=₹4,340,066, flags=RF-4, RF-6",0.92,Reviewed under PARAKH Annotation Standard v2.0 for UTTAR PRADESH jurisdiction.
MAH-MA-2021-01283,AUDITOR_EXP_01,2026-11-24T12:00:00,30,"RF-4, RF-6",2,1,"Elevated multi-factor risk: Co-occurrence of threshold manipulation, compressed bidding window, or repeat winner pattern.","duration=6.0d, threshold_val=₹151,631,280, flags=RF-4, RF-6",0.92,Reviewed under PARAKH Annotation Standard v2.0 for MAHARASHTRA jurisdiction.
2018_PWD_20163_6,AUDITOR_EXP_01,2026-11-24T14:00:00,60,"RF-1, RF-5, RF-6",3,1,Severe procurement anomaly: Single-bidder monopoly coupled with high price deviation or department dominance.,"bidders=1, price_deviation=0.41, flags=RF-1, RF-5, RF-6",0.98,Reviewed under PARAKH Annotation Standard v2.0 for HIMACHAL PRADESH jurisdiction.
KAR-KA-2021-01242,AUDITOR_EXP_01,2026-11-24T16:00:00,60,"RF-1, RF-5, RF-6",3,1,Severe procurement anomaly: Single-bidder monopoly coupled with high price deviation or department dominance.,"bidders=1, price_deviation=0.35, flags=RF-1, RF-5, RF-6",0.98,Reviewed under PARAKH Annotation Standard v2.0 for KARNATAKA jurisdiction.
2018_PWD_19653_7,AUDITOR_EXP_01,2026-11-24T18:00:00,35,"RF-3, RF-6",2,1,"Elevated multi-factor risk: Co-occurrence of threshold manipulation, compressed bidding window, or repeat winner pattern.","duration=14.083333333333334d, threshold_val=₹4,667,232, flags=RF-3, RF-6",0.92,Reviewed under PARAKH Annotation Standard v2.0 for HIMACHAL PRADESH jurisdiction.
CEN-CE-2021-01171,AUDITOR_EXP_01,2026-11-24T20:00:00,50,"RF-3, RF-4, RF-6",2,1,"Elevated multi-factor risk: Co-occurrence of threshold manipulation, compressed bidding window, or repeat winner pattern.","duration=6.0d, threshold_val=₹4,746,785, flags=RF-3, RF-4, RF-6",0.92,Reviewed under PARAKH Annotation Standard v2.0 for CENTRAL jurisdiction.
2017_PWD_17692_2,AUDITOR_EXP_01,2026-11-24T22:00:00,0,NONE,0,0,"Compliant procurement: Competitive bidding window, standard price alignment, and multiple participating suppliers.","bidders=2, duration=9.17013888888889d, estimate_alignment=OK",0.99,Reviewed under PARAKH Annotation Standard v2.0 for HIMACHAL PRADESH jurisdiction.
2017_HPIPH_17998_4,AUDITOR_EXP_01,2026-11-25T00:00:00,15,RF-6,1,0,Isolated procedural deviation without evidence of systematic competition restriction.,"flags=RF-6, bidders=6",0.88,Reviewed under PARAKH Annotation Standard v2.0 for HIMACHAL PRADESH jurisdiction.
2017_PWD_15626_2,AUDITOR_EXP_01,2026-11-25T02:00:00,40,"RF-1, RF-6",2,1,"Elevated multi-factor risk: Co-occurrence of threshold manipulation, compressed bidding window, or repeat winner pattern.","duration=21.09027777777778d, threshold_val=₹7,869,523, flags=RF-1, RF-6",0.92,Reviewed under PARAKH Annotation Standard v2.0 for HIMACHAL PRADESH jurisdiction.
MAH-MA-2021-01281,AUDITOR_EXP_01,2026-11-25T04:00:00,60,"RF-1, RF-5, RF-6",3,1,Severe procurement anomaly: Single-bidder monopoly coupled with high price deviation or department dominance.,"bidders=1, price_deviation=0.35, flags=RF-1, RF-5, RF-6",0.98,Reviewed under PARAKH Annotation Standard v2.0 for MAHARASHTRA jurisdiction.
2018_PWD_19122_1,AUDITOR_EXP_01,2026-11-25T06:00:00,30,"RF-4, RF-6",2,1,"Elevated multi-factor risk: Co-occurrence of threshold manipulation, compressed bidding window, or repeat winner pattern.","duration=5.909722222222222d, threshold_val=₹1,143,697, flags=RF-4, RF-6",0.92,Reviewed under PARAKH Annotation Standard v2.0 for HIMACHAL PRADESH jurisdiction.
UTT-UT-2021-01210,AUDITOR_EXP_01,2026-11-25T08:00:00,30,"RF-4, RF-6",2,1,"Elevated multi-factor risk: Co-occurrence of threshold manipulation, compressed bidding window, or repeat winner pattern.","duration=4.0d, threshold_val=₹2,509,739, flags=RF-4, RF-6",0.92,Reviewed under PARAKH Annotation Standard v2.0 for UTTAR PRADESH jurisdiction.
2018_PWD_20063_3,AUDITOR_EXP_01,2026-11-25T10:00:00,40,"RF-1, RF-6",2,1,"Elevated multi-factor risk: Co-occurrence of threshold manipulation, compressed bidding window, or repeat winner pattern.","duration=17.041666666666668d, threshold_val=₹1,741,888, flags=RF-1, RF-6",0.92,Reviewed under PARAKH Annotation Standard v2.0 for HIMACHAL PRADESH jurisdiction.
2018_PWD_20214_1,AUDITOR_EXP_01,2026-11-25T12:00:00,0,NONE,0,0,"Compliant procurement: Competitive bidding window, standard price alignment, and multiple participating suppliers.","bidders=3, duration=24.0d, estimate_alignment=OK",0.99,Reviewed under PARAKH Annotation Standard v2.0 for HIMACHAL PRADESH jurisdiction.
2017_MC_15003_5,AUDITOR_EXP_01,2026-11-25T14:00:00,35,"RF-5, RF-6",2,1,"Elevated multi-factor risk: Co-occurrence of threshold manipulation, compressed bidding window, or repeat winner pattern.","duration=8.729166666666666d, threshold_val=₹1,545,142, flags=RF-5, RF-6",0.92,Reviewed under PARAKH Annotation Standard v2.0 for HIMACHAL PRADESH jurisdiction.
UTT-UT-2021-01116,AUDITOR_EXP_01,2026-11-25T16:00:00,35,"RF-3, RF-6",2,1,"Elevated multi-factor risk: Co-occurrence of threshold manipulation, compressed bidding window, or repeat winner pattern.","duration=30.0d, threshold_val=₹4,704,181, flags=RF-3, RF-6",0.92,Reviewed under PARAKH Annotation Standard v2.0 for UTTAR PRADESH jurisdiction.
2016_HPIPH_13930_1-461,AUDITOR_EXP_01,2026-11-25T18:00:00,35,"RF-5, RF-6",2,1,"Elevated multi-factor risk: Co-occurrence of threshold manipulation, compressed bidding window, or repeat winner pattern.","duration=16.083333333333332d, threshold_val=₹2,708,307, flags=RF-5, RF-6",0.92,Reviewed under PARAKH Annotation Standard v2.0 for HIMACHAL PRADESH jurisdiction.
RAJ-RA-2021-01044,AUDITOR_EXP_01,2026-11-25T20:00:00,35,"RF-5, RF-6",2,1,"Elevated multi-factor risk: Co-occurrence of threshold manipulation, compressed bidding window, or repeat winner pattern.","duration=21.0d, threshold_val=₹5,507,607, flags=RF-5, RF-6",0.92,Reviewed under PARAKH Annotation Standard v2.0 for RAJASTHAN jurisdiction.
2018_PWD_19648_5,AUDITOR_EXP_01,2026-11-25T22:00:00,35,"RF-5, RF-6",2,1,"Elevated multi-factor risk: Co-occurrence of threshold manipulation, compressed bidding window, or repeat winner pattern.","duration=18.67708333333333d, threshold_val=₹821,097, flags=RF-5, RF-6",0.92,Reviewed under PARAKH Annotation Standard v2.0 for HIMACHAL PRADESH jurisdiction.
CEN-CE-2021-01333,AUDITOR_EXP_01,2026-11-26T00:00:00,15,RF-6,1,0,Isolated procedural deviation without evidence of systematic competition restriction.,"flags=RF-6, bidders=3",0.88,Reviewed under PARAKH Annotation Standard v2.0 for CENTRAL jurisdiction.
MAH-MA-2021-01003,AUDITOR_EXP_01,2026-11-26T02:00:00,30,"RF-4, RF-6",2,1,"Elevated multi-factor risk: Co-occurrence of threshold manipulation, compressed bidding window, or repeat winner pattern.","duration=6.0d, threshold_val=₹19,414,182, flags=RF-4, RF-6",0.92,Reviewed under PARAKH Annotation Standard v2.0 for MAHARASHTRA jurisdiction.
2018_PWD_20081_1,AUDITOR_EXP_01,2026-11-26T04:00:00,0,NONE,0,0,"Compliant procurement: Competitive bidding window, standard price alignment, and multiple participating suppliers.","bidders=6, duration=11.166666666666666d, estimate_alignment=OK",0.99,Reviewed under PARAKH Annotation Standard v2.0 for HIMACHAL PRADESH jurisdiction.
2017_PWD_14261_5,AUDITOR_EXP_01,2026-11-26T06:00:00,45,"RF-1, RF-5",3,1,Severe procurement anomaly: Single-bidder monopoly coupled with high price deviation or department dominance.,"bidders=1, price_deviation=0.66, flags=RF-1, RF-5",0.98,Reviewed under PARAKH Annotation Standard v2.0 for HIMACHAL PRADESH jurisdiction.
MAH-MA-2021-01159,AUDITOR_EXP_01,2026-11-26T08:00:00,75,"RF-1, RF-4, RF-5, RF-6",3,1,Severe procurement anomaly: Single-bidder monopoly coupled with high price deviation or department dominance.,"bidders=1, price_deviation=0.35, flags=RF-1, RF-4, RF-5, RF-6",0.98,Reviewed under PARAKH Annotation Standard v2.0 for MAHARASHTRA jurisdiction.
2017_HPIPH_17627_1-3928,AUDITOR_EXP_01,2026-11-26T10:00:00,50,"RF-4, RF-5, RF-6",2,1,"Elevated multi-factor risk: Co-occurrence of threshold manipulation, compressed bidding window, or repeat winner pattern.","duration=6.979166666666667d, threshold_val=₹193,240, flags=RF-4, RF-5, RF-6",0.92,Reviewed under PARAKH Annotation Standard v2.0 for HIMACHAL PRADESH jurisdiction.
2017_HPIPH_17563_1,AUDITOR_EXP_01,2026-11-26T12:00:00,35,"RF-5, RF-6",2,1,"Elevated multi-factor risk: Co-occurrence of threshold manipulation, compressed bidding window, or repeat winner pattern.","duration=18.70833333333333d, threshold_val=₹4,235,000, flags=RF-5, RF-6",0.92,Reviewed under PARAKH Annotation Standard v2.0 for HIMACHAL PRADESH jurisdiction.
2017_HIMUD_16513_1,AUDITOR_EXP_01,2026-11-26T14:00:00,25,RF-1,1,0,Isolated procedural deviation without evidence of systematic competition restriction.,"flags=RF-1, bidders=1",0.88,Reviewed under PARAKH Annotation Standard v2.0 for HIMACHAL PRADESH jurisdiction.
CEN-CE-2021-01007,AUDITOR_EXP_01,2026-11-26T16:00:00,55,"RF-1, RF-4, RF-6",2,1,"Elevated multi-factor risk: Co-occurrence of threshold manipulation, compressed bidding window, or repeat winner pattern.","duration=6.0d, threshold_val=₹265,172,736, flags=RF-1, RF-4, RF-6",0.92,Reviewed under PARAKH Annotation Standard v2.0 for CENTRAL jurisdiction.
2019_HPIPH_27044_1,AUDITOR_EXP_01,2026-11-26T18:00:00,15,RF-6,1,0,Isolated procedural deviation without evidence of systematic competition restriction.,"flags=RF-6, bidders=5",0.88,Reviewed under PARAKH Annotation Standard v2.0 for HIMACHAL PRADESH jurisdiction.
KAR-KA-2021-01174,AUDITOR_EXP_01,2026-11-26T20:00:00,15,RF-6,1,0,Isolated procedural deviation without evidence of systematic competition restriction.,"flags=RF-6, bidders=2",0.88,Reviewed under PARAKH Annotation Standard v2.0 for KARNATAKA jurisdiction.
2017_PWD_14679_1,AUDITOR_EXP_01,2026-11-26T22:00:00,30,"RF-4, RF-6",2,1,"Elevated multi-factor risk: Co-occurrence of threshold manipulation, compressed bidding window, or repeat winner pattern.","duration=6.6875d, threshold_val=₹1,073,882, flags=RF-4, RF-6",0.92,Reviewed under PARAKH Annotation Standard v2.0 for HIMACHAL PRADESH jurisdiction.
2019_HPIPH_31504_1-3058,AUDITOR_EXP_01,2026-11-27T00:00:00,35,"RF-5, RF-6",2,1,"Elevated multi-factor risk: Co-occurrence of threshold manipulation, compressed bidding window, or repeat winner pattern.","duration=19.729166666666668d, threshold_val=₹7,920,000, flags=RF-5, RF-6",0.92,Reviewed under PARAKH Annotation Standard v2.0 for HIMACHAL PRADESH jurisdiction.
2018_PWD_20163_5,AUDITOR_EXP_01,2026-11-27T02:00:00,60,"RF-1, RF-5, RF-6",3,1,Severe procurement anomaly: Single-bidder monopoly coupled with high price deviation or department dominance.,"bidders=1, price_deviation=0.42, flags=RF-1, RF-5, RF-6",0.98,Reviewed under PARAKH Annotation Standard v2.0 for HIMACHAL PRADESH jurisdiction.
2018_UDDHP_22618_1-660,AUDITOR_EXP_01,2026-11-27T04:00:00,30,"RF-4, RF-6",2,1,"Elevated multi-factor risk: Co-occurrence of threshold manipulation, compressed bidding window, or repeat winner pattern.","duration=6.125d, threshold_val=₹97,500, flags=RF-4, RF-6",0.92,Reviewed under PARAKH Annotation Standard v2.0 for HIMACHAL PRADESH jurisdiction.
2016_PWD_11926_1,AUDITOR_EXP_01,2026-11-27T06:00:00,0,NONE,0,0,"Compliant procurement: Competitive bidding window, standard price alignment, and multiple participating suppliers.","bidders=3, duration=26.041666666666668d, estimate_alignment=OK",0.99,Reviewed under PARAKH Annotation Standard v2.0 for HIMACHAL PRADESH jurisdiction.
KAR-KA-2021-01046,AUDITOR_EXP_01,2026-11-27T08:00:00,40,"RF-1, RF-6",2,1,"Elevated multi-factor risk: Co-occurrence of threshold manipulation, compressed bidding window, or repeat winner pattern.","duration=30.0d, threshold_val=₹21,164,909, flags=RF-1, RF-6",0.92,Reviewed under PARAKH Annotation Standard v2.0 for KARNATAKA jurisdiction.
2018_PWD_19824_1-2235,AUDITOR_EXP_01,2026-11-27T10:00:00,30,"RF-4, RF-6",2,1,"Elevated multi-factor risk: Co-occurrence of threshold manipulation, compressed bidding window, or repeat winner pattern.","duration=6.708333333333333d, threshold_val=₹1,814,267, flags=RF-4, RF-6",0.92,Reviewed under PARAKH Annotation Standard v2.0 for HIMACHAL PRADESH jurisdiction.
2016_PWD_11310_1,AUDITOR_EXP_01,2026-11-27T12:00:00,30,"RF-4, RF-6",2,1,"Elevated multi-factor risk: Co-occurrence of threshold manipulation, compressed bidding window, or repeat winner pattern.","duration=5.75d, threshold_val=₹8,997,555, flags=RF-4, RF-6",0.92,Reviewed under PARAKH Annotation Standard v2.0 for HIMACHAL PRADESH jurisdiction.
2018_FDC_19573_1,AUDITOR_EXP_01,2026-11-27T14:00:00,40,"RF-1, RF-6",2,1,"Elevated multi-factor risk: Co-occurrence of threshold manipulation, compressed bidding window, or repeat winner pattern.","duration=8.166666666666666d, threshold_val=₹628,955, flags=RF-1, RF-6",0.92,Reviewed under PARAKH Annotation Standard v2.0 for HIMACHAL PRADESH jurisdiction.
UTT-UT-2021-01070,AUDITOR_EXP_01,2026-11-27T16:00:00,30,"RF-4, RF-6",2,1,"Elevated multi-factor risk: Co-occurrence of threshold manipulation, compressed bidding window, or repeat winner pattern.","duration=4.0d, threshold_val=₹244,092,201, flags=RF-4, RF-6",0.92,Reviewed under PARAKH Annotation Standard v2.0 for UTTAR PRADESH jurisdiction.
MAH-MA-2021-01016,AUDITOR_EXP_01,2026-11-27T18:00:00,30,"RF-4, RF-6",2,1,"Elevated multi-factor risk: Co-occurrence of threshold manipulation, compressed bidding window, or repeat winner pattern.","duration=4.0d, threshold_val=₹287,395,596, flags=RF-4, RF-6",0.92,Reviewed under PARAKH Annotation Standard v2.0 for MAHARASHTRA jurisdiction.
UTT-UT-2021-01246,AUDITOR_EXP_01,2026-11-27T20:00:00,30,"RF-4, RF-6",2,1,"Elevated multi-factor risk: Co-occurrence of threshold manipulation, compressed bidding window, or repeat winner pattern.","duration=4.0d, threshold_val=₹5,073,192, flags=RF-4, RF-6",0.92,Reviewed under PARAKH Annotation Standard v2.0 for UTTAR PRADESH jurisdiction.
KAR-KA-2021-01223,AUDITOR_EXP_01,2026-11-27T22:00:00,30,"RF-4, RF-6",2,1,"Elevated multi-factor risk: Co-occurrence of threshold manipulation, compressed bidding window, or repeat winner pattern.","duration=4.0d, threshold_val=₹27,504,442, flags=RF-4, RF-6",0.92,Reviewed under PARAKH Annotation Standard v2.0 for KARNATAKA jurisdiction.
KAR-KA-2021-01109,AUDITOR_EXP_01,2026-11-28T00:00:00,30,"RF-4, RF-6",2,1,"Elevated multi-factor risk: Co-occurrence of threshold manipulation, compressed bidding window, or repeat winner pattern.","duration=6.0d, threshold_val=₹17,149,622, flags=RF-4, RF-6",0.92,Reviewed under PARAKH Annotation Standard v2.0 for KARNATAKA jurisdiction.
MAH-MA-2021-01270,AUDITOR_EXP_01,2026-11-28T02:00:00,55,"RF-1, RF-4, RF-6",2,1,"Elevated multi-factor risk: Co-occurrence of threshold manipulation, compressed bidding window, or repeat winner pattern.","duration=4.0d, threshold_val=₹5,326,006, flags=RF-1, RF-4, RF-6",0.92,Reviewed under PARAKH Annotation Standard v2.0 for MAHARASHTRA jurisdiction.
2018_HPIPH_25486_1,AUDITOR_EXP_01,2026-11-28T04:00:00,35,"RF-3, RF-6",2,1,"Elevated multi-factor risk: Co-occurrence of threshold manipulation, compressed bidding window, or repeat winner pattern.","duration=14.75d, threshold_val=₹4,644,214, flags=RF-3, RF-6",0.92,Reviewed under PARAKH Annotation Standard v2.0 for HIMACHAL PRADESH jurisdiction.
2019_PWD_26835_1,AUDITOR_EXP_01,2026-11-28T06:00:00,0,NONE,0,0,"Compliant procurement: Competitive bidding window, standard price alignment, and multiple participating suppliers.","bidders=3, duration=13.979166666666666d, estimate_alignment=OK",0.99,Reviewed under PARAKH Annotation Standard v2.0 for HIMACHAL PRADESH jurisdiction.
RAJ-RA-2021-01164,AUDITOR_EXP_01,2026-11-28T08:00:00,55,"RF-1, RF-4, RF-6",2,1,"Elevated multi-factor risk: Co-occurrence of threshold manipulation, compressed bidding window, or repeat winner pattern.","duration=6.0d, threshold_val=₹21,553,023, flags=RF-1, RF-4, RF-6",0.92,Reviewed under PARAKH Annotation Standard v2.0 for RAJASTHAN jurisdiction.
2017_HPIPH_18008_1,AUDITOR_EXP_01,2026-11-28T10:00:00,35,"RF-5, RF-6",2,1,"Elevated multi-factor risk: Co-occurrence of threshold manipulation, compressed bidding window, or repeat winner pattern.","duration=18.25d, threshold_val=₹2,017,676, flags=RF-5, RF-6",0.92,Reviewed under PARAKH Annotation Standard v2.0 for HIMACHAL PRADESH jurisdiction.
RAJ-RA-2021-01138,AUDITOR_EXP_01,2026-11-28T12:00:00,40,"RF-1, RF-6",2,1,"Elevated multi-factor risk: Co-occurrence of threshold manipulation, compressed bidding window, or repeat winner pattern.","duration=14.0d, threshold_val=₹4,374,943, flags=RF-1, RF-6",0.92,Reviewed under PARAKH Annotation Standard v2.0 for RAJASTHAN jurisdiction.
RAJ-RA-2021-01021,AUDITOR_EXP_01,2026-11-28T14:00:00,40,"RF-1, RF-6",2,1,"Elevated multi-factor risk: Co-occurrence of threshold manipulation, compressed bidding window, or repeat winner pattern.","duration=21.0d, threshold_val=₹220,577,364, flags=RF-1, RF-6",0.92,Reviewed under PARAKH Annotation Standard v2.0 for RAJASTHAN jurisdiction.
2017_HPIPH_18009_1,AUDITOR_EXP_01,2026-11-28T16:00:00,35,"RF-5, RF-6",2,1,"Elevated multi-factor risk: Co-occurrence of threshold manipulation, compressed bidding window, or repeat winner pattern.","duration=13.75d, threshold_val=₹1,760,300, flags=RF-5, RF-6",0.92,Reviewed under PARAKH Annotation Standard v2.0 for HIMACHAL PRADESH jurisdiction.
MAH-MA-2021-01227,AUDITOR_EXP_01,2026-11-28T18:00:00,55,"RF-1, RF-4, RF-6",2,1,"Elevated multi-factor risk: Co-occurrence of threshold manipulation, compressed bidding window, or repeat winner pattern.","duration=6.0d, threshold_val=₹1,156,500, flags=RF-1, RF-4, RF-6",0.92,Reviewed under PARAKH Annotation Standard v2.0 for MAHARASHTRA jurisdiction.
2018_HPIPH_21648_1,AUDITOR_EXP_01,2026-11-28T20:00:00,0,NONE,0,0,"Compliant procurement: Competitive bidding window, standard price alignment, and multiple participating suppliers.","bidders=5, duration=20.291666666666668d, estimate_alignment=OK",0.99,Reviewed under PARAKH Annotation Standard v2.0 for HIMACHAL PRADESH jurisdiction.
2017_PWD_17012_1,AUDITOR_EXP_01,2026-11-28T22:00:00,20,RF-5,1,0,Isolated procedural deviation without evidence of systematic competition restriction.,"flags=RF-5, bidders=2",0.88,Reviewed under PARAKH Annotation Standard v2.0 for HIMACHAL PRADESH jurisdiction.
KAR-KA-2021-01224,AUDITOR_EXP_01,2026-11-29T00:00:00,60,"RF-1, RF-5, RF-6",3,1,Severe procurement anomaly: Single-bidder monopoly coupled with high price deviation or department dominance.,"bidders=1, price_deviation=0.35, flags=RF-1, RF-5, RF-6",0.98,Reviewed under PARAKH Annotation Standard v2.0 for KARNATAKA jurisdiction.
2017_PWD_16016_4,AUDITOR_EXP_01,2026-11-29T02:00:00,35,"RF-5, RF-6",2,1,"Elevated multi-factor risk: Co-occurrence of threshold manipulation, compressed bidding window, or repeat winner pattern.","duration=19.75d, threshold_val=₹1,416,631, flags=RF-5, RF-6",0.92,Reviewed under PARAKH Annotation Standard v2.0 for HIMACHAL PRADESH jurisdiction.
KAR-KA-2021-01100,AUDITOR_EXP_01,2026-11-29T04:00:00,35,"RF-5, RF-6",2,1,"Elevated multi-factor risk: Co-occurrence of threshold manipulation, compressed bidding window, or repeat winner pattern.","duration=30.0d, threshold_val=₹316,294,236, flags=RF-5, RF-6",0.92,Reviewed under PARAKH Annotation Standard v2.0 for KARNATAKA jurisdiction.
2018_HPIPH_20712_1,AUDITOR_EXP_01,2026-11-29T06:00:00,0,NONE,0,0,"Compliant procurement: Competitive bidding window, standard price alignment, and multiple participating suppliers.","bidders=4, duration=17.0d, estimate_alignment=OK",0.99,Reviewed under PARAKH Annotation Standard v2.0 for HIMACHAL PRADESH jurisdiction.
2018_PWD_19300_9,AUDITOR_EXP_01,2026-11-29T08:00:00,35,"RF-5, RF-6",2,1,"Elevated multi-factor risk: Co-occurrence of threshold manipulation, compressed bidding window, or repeat winner pattern.","duration=23.08333333333333d, threshold_val=₹712,800, flags=RF-5, RF-6",0.92,Reviewed under PARAKH Annotation Standard v2.0 for HIMACHAL PRADESH jurisdiction.
2017_PWD_18222_1,AUDITOR_EXP_01,2026-11-29T10:00:00,0,NONE,0,0,"Compliant procurement: Competitive bidding window, standard price alignment, and multiple participating suppliers.","bidders=4, duration=7.6875d, estimate_alignment=OK",0.99,Reviewed under PARAKH Annotation Standard v2.0 for HIMACHAL PRADESH jurisdiction.
UTT-UT-2021-01241,AUDITOR_EXP_01,2026-11-29T12:00:00,30,"RF-4, RF-6",2,1,"Elevated multi-factor risk: Co-occurrence of threshold manipulation, compressed bidding window, or repeat winner pattern.","duration=4.0d, threshold_val=₹1,073,639, flags=RF-4, RF-6",0.92,Reviewed under PARAKH Annotation Standard v2.0 for UTTAR PRADESH jurisdiction.
2017_PWD_15512_1,AUDITOR_EXP_01,2026-11-29T14:00:00,15,RF-6,1,0,Isolated procedural deviation without evidence of systematic competition restriction.,"flags=RF-6, bidders=4",0.88,Reviewed under PARAKH Annotation Standard v2.0 for HIMACHAL PRADESH jurisdiction.
2018_PWD_19838_11-2032,AUDITOR_EXP_01,2026-11-29T16:00:00,40,"RF-1, RF-6",2,1,"Elevated multi-factor risk: Co-occurrence of threshold manipulation, compressed bidding window, or repeat winner pattern.","duration=10.729166666666666d, threshold_val=₹3,403,600, flags=RF-1, RF-6",0.92,Reviewed under PARAKH Annotation Standard v2.0 for HIMACHAL PRADESH jurisdiction.
2018_PWD_20122_1,AUDITOR_EXP_01,2026-11-29T18:00:00,30,"RF-4, RF-6",2,1,"Elevated multi-factor risk: Co-occurrence of threshold manipulation, compressed bidding window, or repeat winner pattern.","duration=6.270833333333333d, threshold_val=₹1,256,730, flags=RF-4, RF-6",0.92,Reviewed under PARAKH Annotation Standard v2.0 for HIMACHAL PRADESH jurisdiction.
RAJ-RA-2021-01050,AUDITOR_EXP_01,2026-11-29T20:00:00,40,"RF-1, RF-4",2,1,"Elevated multi-factor risk: Co-occurrence of threshold manipulation, compressed bidding window, or repeat winner pattern.","duration=6.0d, threshold_val=₹2,080,724, flags=RF-1, RF-4",0.92,Reviewed under PARAKH Annotation Standard v2.0 for RAJASTHAN jurisdiction.
KAR-KA-2021-01049,AUDITOR_EXP_01,2026-11-29T22:00:00,15,RF-6,1,0,Isolated procedural deviation without evidence of systematic competition restriction.,"flags=RF-6, bidders=5",0.88,Reviewed under PARAKH Annotation Standard v2.0 for KARNATAKA jurisdiction.
MAH-MA-2021-01213,AUDITOR_EXP_01,2026-11-30T00:00:00,30,"RF-4, RF-6",2,1,"Elevated multi-factor risk: Co-occurrence of threshold manipulation, compressed bidding window, or repeat winner pattern.","duration=6.0d, threshold_val=₹5,089,422, flags=RF-4, RF-6",0.92,Reviewed under PARAKH Annotation Standard v2.0 for MAHARASHTRA jurisdiction.
2017_PWD_18079_1,AUDITOR_EXP_01,2026-11-30T02:00:00,35,"RF-5, RF-6",2,1,"Elevated multi-factor risk: Co-occurrence of threshold manipulation, compressed bidding window, or repeat winner pattern.","duration=9.958333333333334d, threshold_val=₹720,066, flags=RF-5, RF-6",0.92,Reviewed under PARAKH Annotation Standard v2.0 for HIMACHAL PRADESH jurisdiction.
CEN-CE-2021-01342,AUDITOR_EXP_01,2026-11-30T04:00:00,30,"RF-4, RF-6",2,1,"Elevated multi-factor risk: Co-occurrence of threshold manipulation, compressed bidding window, or repeat winner pattern.","duration=4.0d, threshold_val=₹2,859,251, flags=RF-4, RF-6",0.92,Reviewed under PARAKH Annotation Standard v2.0 for CENTRAL jurisdiction.
RAJ-RA-2021-01023,AUDITOR_EXP_01,2026-11-30T06:00:00,30,"RF-4, RF-6",2,1,"Elevated multi-factor risk: Co-occurrence of threshold manipulation, compressed bidding window, or repeat winner pattern.","duration=4.0d, threshold_val=₹4,166,042, flags=RF-4, RF-6",0.92,Reviewed under PARAKH Annotation Standard v2.0 for RAJASTHAN jurisdiction.
2017_PWD_18931_1,AUDITOR_EXP_01,2026-11-30T08:00:00,35,"RF-5, RF-6",2,1,"Elevated multi-factor risk: Co-occurrence of threshold manipulation, compressed bidding window, or repeat winner pattern.","duration=23.95833333333333d, threshold_val=₹47,408,485, flags=RF-5, RF-6",0.92,Reviewed under PARAKH Annotation Standard v2.0 for HIMACHAL PRADESH jurisdiction.
2018_HPIPH_20082_1,AUDITOR_EXP_01,2026-11-30T10:00:00,35,"RF-5, RF-6",2,1,"Elevated multi-factor risk: Co-occurrence of threshold manipulation, compressed bidding window, or repeat winner pattern.","duration=19.875d, threshold_val=₹9,875,000, flags=RF-5, RF-6",0.92,Reviewed under PARAKH Annotation Standard v2.0 for HIMACHAL PRADESH jurisdiction.
2018_PWD_20002_1,AUDITOR_EXP_01,2026-11-30T12:00:00,35,"RF-5, RF-6",2,1,"Elevated multi-factor risk: Co-occurrence of threshold manipulation, compressed bidding window, or repeat winner pattern.","duration=21.041666666666668d, threshold_val=₹1,693,176, flags=RF-5, RF-6",0.92,Reviewed under PARAKH Annotation Standard v2.0 for HIMACHAL PRADESH jurisdiction.
2017_HPIPH_17558_1,AUDITOR_EXP_01,2026-11-30T14:00:00,35,"RF-5, RF-6",2,1,"Elevated multi-factor risk: Co-occurrence of threshold manipulation, compressed bidding window, or repeat winner pattern.","duration=20.83333333333333d, threshold_val=₹1,363,959, flags=RF-5, RF-6",0.92,Reviewed under PARAKH Annotation Standard v2.0 for HIMACHAL PRADESH jurisdiction.
CEN-CE-2021-01119,AUDITOR_EXP_01,2026-11-30T16:00:00,40,"RF-1, RF-6",2,1,"Elevated multi-factor risk: Co-occurrence of threshold manipulation, compressed bidding window, or repeat winner pattern.","duration=21.0d, threshold_val=₹10,294,058, flags=RF-1, RF-6",0.92,Reviewed under PARAKH Annotation Standard v2.0 for CENTRAL jurisdiction.
UTT-UT-2021-01245,AUDITOR_EXP_01,2026-11-30T18:00:00,40,"RF-1, RF-6",2,1,"Elevated multi-factor risk: Co-occurrence of threshold manipulation, compressed bidding window, or repeat winner pattern.","duration=30.0d, threshold_val=₹5,309,936, flags=RF-1, RF-6",0.92,Reviewed under PARAKH Annotation Standard v2.0 for UTTAR PRADESH jurisdiction.
UTT-UT-2021-01156,AUDITOR_EXP_01,2026-11-30T20:00:00,35,"RF-5, RF-6",2,1,"Elevated multi-factor risk: Co-occurrence of threshold manipulation, compressed bidding window, or repeat winner pattern.","duration=14.0d, threshold_val=₹412,749,990, flags=RF-5, RF-6",0.92,Reviewed under PARAKH Annotation Standard v2.0 for UTTAR PRADESH jurisdiction.
2020_HPIPH_34016_1,AUDITOR_EXP_01,2026-11-30T22:00:00,35,"RF-5, RF-6",2,1,"Elevated multi-factor risk: Co-occurrence of threshold manipulation, compressed bidding window, or repeat winner pattern.","duration=10.75d, threshold_val=₹1,530,000, flags=RF-5, RF-6",0.92,Reviewed under PARAKH Annotation Standard v2.0 for HIMACHAL PRADESH jurisdiction.
CEN-CE-2021-01198,AUDITOR_EXP_01,2026-12-01T00:00:00,30,"RF-4, RF-6",2,1,"Elevated multi-factor risk: Co-occurrence of threshold manipulation, compressed bidding window, or repeat winner pattern.","duration=6.0d, threshold_val=₹5,866,696, flags=RF-4, RF-6",0.92,Reviewed under PARAKH Annotation Standard v2.0 for CENTRAL jurisdiction.
CEN-CE-2021-01059,AUDITOR_EXP_01,2026-12-01T02:00:00,35,"RF-3, RF-6",2,1,"Elevated multi-factor risk: Co-occurrence of threshold manipulation, compressed bidding window, or repeat winner pattern.","duration=14.0d, threshold_val=₹4,693,775, flags=RF-3, RF-6",0.92,Reviewed under PARAKH Annotation Standard v2.0 for CENTRAL jurisdiction.
2017_HPIPH_16835_1,AUDITOR_EXP_01,2026-12-01T04:00:00,35,"RF-5, RF-6",2,1,"Elevated multi-factor risk: Co-occurrence of threshold manipulation, compressed bidding window, or repeat winner pattern.","duration=21.25d, threshold_val=₹26,743,000, flags=RF-5, RF-6",0.92,Reviewed under PARAKH Annotation Standard v2.0 for HIMACHAL PRADESH jurisdiction.
RAJ-RA-2021-01246,AUDITOR_EXP_01,2026-12-01T06:00:00,30,"RF-4, RF-6",2,1,"Elevated multi-factor risk: Co-occurrence of threshold manipulation, compressed bidding window, or repeat winner pattern.","duration=4.0d, threshold_val=₹184,144,251, flags=RF-4, RF-6",0.92,Reviewed under PARAKH Annotation Standard v2.0 for RAJASTHAN jurisdiction.
KAR-KA-2021-01147,AUDITOR_EXP_01,2026-12-01T08:00:00,50,"RF-4, RF-5, RF-6",2,1,"Elevated multi-factor risk: Co-occurrence of threshold manipulation, compressed bidding window, or repeat winner pattern.","duration=4.0d, threshold_val=₹321,315,146, flags=RF-4, RF-5, RF-6",0.92,Reviewed under PARAKH Annotation Standard v2.0 for KARNATAKA jurisdiction.
2017_PWD_18343_1,AUDITOR_EXP_01,2026-12-01T10:00:00,50,"RF-4, RF-5, RF-6",2,1,"Elevated multi-factor risk: Co-occurrence of threshold manipulation, compressed bidding window, or repeat winner pattern.","duration=5.6875d, threshold_val=₹338,492, flags=RF-4, RF-5, RF-6",0.92,Reviewed under PARAKH Annotation Standard v2.0 for HIMACHAL PRADESH jurisdiction.
KAR-KA-2021-01007,AUDITOR_EXP_01,2026-12-01T12:00:00,30,"RF-4, RF-6",2,1,"Elevated multi-factor risk: Co-occurrence of threshold manipulation, compressed bidding window, or repeat winner pattern.","duration=6.0d, threshold_val=₹97,023,081, flags=RF-4, RF-6",0.92,Reviewed under PARAKH Annotation Standard v2.0 for KARNATAKA jurisdiction.
UTT-UT-2021-01064,AUDITOR_EXP_01,2026-12-01T14:00:00,30,"RF-4, RF-6",2,1,"Elevated multi-factor risk: Co-occurrence of threshold manipulation, compressed bidding window, or repeat winner pattern.","duration=4.0d, threshold_val=₹5,379,400, flags=RF-4, RF-6",0.92,Reviewed under PARAKH Annotation Standard v2.0 for UTTAR PRADESH jurisdiction.
CEN-CE-2021-01189,AUDITOR_EXP_01,2026-12-01T16:00:00,50,"RF-4, RF-5, RF-6",2,1,"Elevated multi-factor risk: Co-occurrence of threshold manipulation, compressed bidding window, or repeat winner pattern.","duration=4.0d, threshold_val=₹6,013,491, flags=RF-4, RF-5, RF-6",0.92,Reviewed under PARAKH Annotation Standard v2.0 for CENTRAL jurisdiction.
CEN-CE-2021-01021,AUDITOR_EXP_01,2026-12-01T18:00:00,60,"RF-1, RF-5, RF-6",3,1,Severe procurement anomaly: Single-bidder monopoly coupled with high price deviation or department dominance.,"bidders=1, price_deviation=0.35, flags=RF-1, RF-5, RF-6",0.98,Reviewed under PARAKH Annotation Standard v2.0 for CENTRAL jurisdiction.
2017_PWD_15629_1,AUDITOR_EXP_01,2026-12-01T20:00:00,40,"RF-1, RF-6",2,1,"Elevated multi-factor risk: Co-occurrence of threshold manipulation, compressed bidding window, or repeat winner pattern.","duration=8.75d, threshold_val=₹2,524,060, flags=RF-1, RF-6",0.92,Reviewed under PARAKH Annotation Standard v2.0 for HIMACHAL PRADESH jurisdiction.
2017_HPIPH_17662_1,AUDITOR_EXP_01,2026-12-01T22:00:00,15,RF-6,1,0,Isolated procedural deviation without evidence of systematic competition restriction.,"flags=RF-6, bidders=5",0.88,Reviewed under PARAKH Annotation Standard v2.0 for HIMACHAL PRADESH jurisdiction.
2019_PWD_26098_16,AUDITOR_EXP_01,2026-12-02T00:00:00,60,"RF-1, RF-5, RF-6",3,1,Severe procurement anomaly: Single-bidder monopoly coupled with high price deviation or department dominance.,"bidders=1, price_deviation=0.52, flags=RF-1, RF-5, RF-6",0.98,Reviewed under PARAKH Annotation Standard v2.0 for HIMACHAL PRADESH jurisdiction.
2019_HPIPH_33675_1,AUDITOR_EXP_01,2026-12-02T02:00:00,35,"RF-5, RF-6",2,1,"Elevated multi-factor risk: Co-occurrence of threshold manipulation, compressed bidding window, or repeat winner pattern.","duration=14.708333333333334d, threshold_val=₹1,399,964, flags=RF-5, RF-6",0.92,Reviewed under PARAKH Annotation Standard v2.0 for HIMACHAL PRADESH jurisdiction.
UTT-UT-2021-01199,AUDITOR_EXP_01,2026-12-02T04:00:00,40,"RF-1, RF-6",2,1,"Elevated multi-factor risk: Co-occurrence of threshold manipulation, compressed bidding window, or repeat winner pattern.","duration=30.0d, threshold_val=₹182,090,545, flags=RF-1, RF-6",0.92,Reviewed under PARAKH Annotation Standard v2.0 for UTTAR PRADESH jurisdiction.
2018_HPIPH_23322_1,AUDITOR_EXP_01,2026-12-02T06:00:00,20,RF-5,1,0,Isolated procedural deviation without evidence of systematic competition restriction.,"flags=RF-5, bidders=6",0.88,Reviewed under PARAKH Annotation Standard v2.0 for HIMACHAL PRADESH jurisdiction.
2018_PWD_19400_1,AUDITOR_EXP_01,2026-12-02T08:00:00,35,"RF-4, RF-5",2,1,"Elevated multi-factor risk: Co-occurrence of threshold manipulation, compressed bidding window, or repeat winner pattern.","duration=5.979166666666667d, threshold_val=₹56,368,076, flags=RF-4, RF-5",0.92,Reviewed under PARAKH Annotation Standard v2.0 for HIMACHAL PRADESH jurisdiction.
CEN-CE-2021-01179,AUDITOR_EXP_01,2026-12-02T10:00:00,30,"RF-4, RF-6",2,1,"Elevated multi-factor risk: Co-occurrence of threshold manipulation, compressed bidding window, or repeat winner pattern.","duration=4.0d, threshold_val=₹13,552,234, flags=RF-4, RF-6",0.92,Reviewed under PARAKH Annotation Standard v2.0 for CENTRAL jurisdiction.
CEN-CE-2021-01170,AUDITOR_EXP_01,2026-12-02T12:00:00,50,"RF-3, RF-4, RF-6",2,1,"Elevated multi-factor risk: Co-occurrence of threshold manipulation, compressed bidding window, or repeat winner pattern.","duration=6.0d, threshold_val=₹4,724,291, flags=RF-3, RF-4, RF-6",0.92,Reviewed under PARAKH Annotation Standard v2.0 for CENTRAL jurisdiction.
UTT-UT-2021-01213,AUDITOR_EXP_01,2026-12-02T14:00:00,40,"RF-1, RF-6",2,1,"Elevated multi-factor risk: Co-occurrence of threshold manipulation, compressed bidding window, or repeat winner pattern.","duration=14.0d, threshold_val=₹828,551, flags=RF-1, RF-6",0.92,Reviewed under PARAKH Annotation Standard v2.0 for UTTAR PRADESH jurisdiction.
2017_BSMDA_18175_2,AUDITOR_EXP_01,2026-12-02T16:00:00,0,NONE,0,0,"Compliant procurement: Competitive bidding window, standard price alignment, and multiple participating suppliers.","bidders=8, duration=19.6875d, estimate_alignment=OK",0.99,Reviewed under PARAKH Annotation Standard v2.0 for HIMACHAL PRADESH jurisdiction.
RAJ-RA-2021-01225,AUDITOR_EXP_01,2026-12-02T18:00:00,50,"RF-4, RF-5, RF-6",2,1,"Elevated multi-factor risk: Co-occurrence of threshold manipulation, compressed bidding window, or repeat winner pattern.","duration=4.0d, threshold_val=₹6,662,051, flags=RF-4, RF-5, RF-6",0.92,Reviewed under PARAKH Annotation Standard v2.0 for RAJASTHAN jurisdiction.
2017_PWD_14807_1,AUDITOR_EXP_01,2026-12-02T20:00:00,0,NONE,0,0,"Compliant procurement: Competitive bidding window, standard price alignment, and multiple participating suppliers.","bidders=9, duration=21.95833333333333d, estimate_alignment=OK",0.99,Reviewed under PARAKH Annotation Standard v2.0 for HIMACHAL PRADESH jurisdiction.
KAR-KA-2021-01068,AUDITOR_EXP_01,2026-12-02T22:00:00,30,"RF-4, RF-6",2,1,"Elevated multi-factor risk: Co-occurrence of threshold manipulation, compressed bidding window, or repeat winner pattern.","duration=6.0d, threshold_val=₹4,362,375, flags=RF-4, RF-6",0.92,Reviewed under PARAKH Annotation Standard v2.0 for KARNATAKA jurisdiction.
2017_PWD_18555_1,AUDITOR_EXP_01,2026-12-03T00:00:00,0,NONE,0,0,"Compliant procurement: Competitive bidding window, standard price alignment, and multiple participating suppliers.","bidders=4, duration=7.041666666666667d, estimate_alignment=OK",0.99,Reviewed under PARAKH Annotation Standard v2.0 for HIMACHAL PRADESH jurisdiction.
2019_HPIPH_26377_1,AUDITOR_EXP_01,2026-12-03T02:00:00,0,NONE,0,0,"Compliant procurement: Competitive bidding window, standard price alignment, and multiple participating suppliers.","bidders=4, duration=10.75d, estimate_alignment=OK",0.99,Reviewed under PARAKH Annotation Standard v2.0 for HIMACHAL PRADESH jurisdiction.
MAH-MA-2021-01288,AUDITOR_EXP_01,2026-12-03T04:00:00,45,"RF-1, RF-5",3,1,Severe procurement anomaly: Single-bidder monopoly coupled with high price deviation or department dominance.,"bidders=1, price_deviation=0.35, flags=RF-1, RF-5",0.98,Reviewed under PARAKH Annotation Standard v2.0 for MAHARASHTRA jurisdiction.
UTT-UT-2021-01143,AUDITOR_EXP_01,2026-12-03T06:00:00,30,"RF-4, RF-6",2,1,"Elevated multi-factor risk: Co-occurrence of threshold manipulation, compressed bidding window, or repeat winner pattern.","duration=6.0d, threshold_val=₹115,602,555, flags=RF-4, RF-6",0.92,Reviewed under PARAKH Annotation Standard v2.0 for UTTAR PRADESH jurisdiction.
2017_HPIPH_17625_1,AUDITOR_EXP_01,2026-12-03T08:00:00,35,"RF-5, RF-6",2,1,"Elevated multi-factor risk: Co-occurrence of threshold manipulation, compressed bidding window, or repeat winner pattern.","duration=7.0d, threshold_val=₹399,282, flags=RF-5, RF-6",0.92,Reviewed under PARAKH Annotation Standard v2.0 for HIMACHAL PRADESH jurisdiction.
2017_UDDHP_16126_1,AUDITOR_EXP_01,2026-12-03T10:00:00,35,"RF-4, RF-5",2,1,"Elevated multi-factor risk: Co-occurrence of threshold manipulation, compressed bidding window, or repeat winner pattern.","duration=5.166666666666667d, threshold_val=₹413,383, flags=RF-4, RF-5",0.92,Reviewed under PARAKH Annotation Standard v2.0 for HIMACHAL PRADESH jurisdiction.
2017_UDDHP_17134_1,AUDITOR_EXP_01,2026-12-03T12:00:00,50,"RF-4, RF-5, RF-6",2,1,"Elevated multi-factor risk: Co-occurrence of threshold manipulation, compressed bidding window, or repeat winner pattern.","duration=6.041666666666667d, threshold_val=₹715,989, flags=RF-4, RF-5, RF-6",0.92,Reviewed under PARAKH Annotation Standard v2.0 for HIMACHAL PRADESH jurisdiction.
MAH-MA-2021-01214,AUDITOR_EXP_01,2026-12-03T14:00:00,45,"RF-1, RF-5",3,1,Severe procurement anomaly: Single-bidder monopoly coupled with high price deviation or department dominance.,"bidders=1, price_deviation=0.35, flags=RF-1, RF-5",0.98,Reviewed under PARAKH Annotation Standard v2.0 for MAHARASHTRA jurisdiction.
KAR-KA-2021-01165,AUDITOR_EXP_01,2026-12-03T16:00:00,75,"RF-1, RF-4, RF-5, RF-6",3,1,Severe procurement anomaly: Single-bidder monopoly coupled with high price deviation or department dominance.,"bidders=1, price_deviation=0.35, flags=RF-1, RF-4, RF-5, RF-6",0.98,Reviewed under PARAKH Annotation Standard v2.0 for KARNATAKA jurisdiction.
2020_HPIPH_36301_1,AUDITOR_EXP_01,2026-12-03T18:00:00,0,NONE,0,0,"Compliant procurement: Competitive bidding window, standard price alignment, and multiple participating suppliers.","bidders=3, duration=44.0d, estimate_alignment=OK",0.99,Reviewed under PARAKH Annotation Standard v2.0 for HIMACHAL PRADESH jurisdiction.
2018_IGMC1_25632_1,AUDITOR_EXP_01,2026-12-03T20:00:00,0,NONE,0,0,"Compliant procurement: Competitive bidding window, standard price alignment, and multiple participating suppliers.","bidders=3, duration=15.708333333333334d, estimate_alignment=OK",0.99,Reviewed under PARAKH Annotation Standard v2.0 for HIMACHAL PRADESH jurisdiction.
CEN-CE-2021-01013,AUDITOR_EXP_01,2026-12-03T22:00:00,30,"RF-4, RF-6",2,1,"Elevated multi-factor risk: Co-occurrence of threshold manipulation, compressed bidding window, or repeat winner pattern.","duration=4.0d, threshold_val=₹95,664,904, flags=RF-4, RF-6",0.92,Reviewed under PARAKH Annotation Standard v2.0 for CENTRAL jurisdiction.
2019_HPIPH_33672_1,AUDITOR_EXP_01,2026-12-04T00:00:00,35,"RF-5, RF-6",2,1,"Elevated multi-factor risk: Co-occurrence of threshold manipulation, compressed bidding window, or repeat winner pattern.","duration=14.708333333333334d, threshold_val=₹1,399,964, flags=RF-5, RF-6",0.92,Reviewed under PARAKH Annotation Standard v2.0 for HIMACHAL PRADESH jurisdiction.
2019_HPIPH_31504_1-3059,AUDITOR_EXP_01,2026-12-04T02:00:00,0,NONE,0,0,"Compliant procurement: Competitive bidding window, standard price alignment, and multiple participating suppliers.","bidders=8, duration=19.729166666666668d, estimate_alignment=OK",0.99,Reviewed under PARAKH Annotation Standard v2.0 for HIMACHAL PRADESH jurisdiction.
UTT-UT-2021-01158,AUDITOR_EXP_01,2026-12-04T04:00:00,40,"RF-1, RF-6",2,1,"Elevated multi-factor risk: Co-occurrence of threshold manipulation, compressed bidding window, or repeat winner pattern.","duration=21.0d, threshold_val=₹5,646,377, flags=RF-1, RF-6",0.92,Reviewed under PARAKH Annotation Standard v2.0 for UTTAR PRADESH jurisdiction.
2017_PWD_17836_1,AUDITOR_EXP_01,2026-12-04T06:00:00,35,"RF-5, RF-6",2,1,"Elevated multi-factor risk: Co-occurrence of threshold manipulation, compressed bidding window, or repeat winner pattern.","duration=21.75d, threshold_val=₹2,957,004, flags=RF-5, RF-6",0.92,Reviewed under PARAKH Annotation Standard v2.0 for HIMACHAL PRADESH jurisdiction.
2016_PWD_13273_1,AUDITOR_EXP_01,2026-12-04T08:00:00,40,"RF-1, RF-6",2,1,"Elevated multi-factor risk: Co-occurrence of threshold manipulation, compressed bidding window, or repeat winner pattern.","duration=9.850694444444445d, threshold_val=₹1,947,820, flags=RF-1, RF-6",0.92,Reviewed under PARAKH Annotation Standard v2.0 for HIMACHAL PRADESH jurisdiction.
MAH-MA-2021-01027,AUDITOR_EXP_01,2026-12-04T10:00:00,30,"RF-4, RF-6",2,1,"Elevated multi-factor risk: Co-occurrence of threshold manipulation, compressed bidding window, or repeat winner pattern.","duration=4.0d, threshold_val=₹183,892,537, flags=RF-4, RF-6",0.92,Reviewed under PARAKH Annotation Standard v2.0 for MAHARASHTRA jurisdiction.
2017_HPIPH_16347_1,AUDITOR_EXP_01,2026-12-04T12:00:00,30,"RF-4, RF-6",2,1,"Elevated multi-factor risk: Co-occurrence of threshold manipulation, compressed bidding window, or repeat winner pattern.","duration=5.979166666666667d, threshold_val=₹685,508, flags=RF-4, RF-6",0.92,Reviewed under PARAKH Annotation Standard v2.0 for HIMACHAL PRADESH jurisdiction.
CEN-CE-2021-01256,AUDITOR_EXP_01,2026-12-04T14:00:00,55,"RF-1, RF-4, RF-6",2,1,"Elevated multi-factor risk: Co-occurrence of threshold manipulation, compressed bidding window, or repeat winner pattern.","duration=4.0d, threshold_val=₹123,323,445, flags=RF-1, RF-4, RF-6",0.92,Reviewed under PARAKH Annotation Standard v2.0 for CENTRAL jurisdiction.
UTT-UT-2021-01135,AUDITOR_EXP_01,2026-12-04T16:00:00,75,"RF-1, RF-3, RF-4, RF-6",2,1,"Elevated multi-factor risk: Co-occurrence of threshold manipulation, compressed bidding window, or repeat winner pattern.","duration=6.0d, threshold_val=₹4,748,089, flags=RF-1, RF-3, RF-4, RF-6",0.92,Reviewed under PARAKH Annotation Standard v2.0 for UTTAR PRADESH jurisdiction.
CEN-CE-2021-01039,AUDITOR_EXP_01,2026-12-04T18:00:00,30,"RF-4, RF-6",2,1,"Elevated multi-factor risk: Co-occurrence of threshold manipulation, compressed bidding window, or repeat winner pattern.","duration=6.0d, threshold_val=₹8,396,655, flags=RF-4, RF-6",0.92,Reviewed under PARAKH Annotation Standard v2.0 for CENTRAL jurisdiction.
2017_HPIPH_17651_1,AUDITOR_EXP_01,2026-12-04T20:00:00,35,"RF-5, RF-6",2,1,"Elevated multi-factor risk: Co-occurrence of threshold manipulation, compressed bidding window, or repeat winner pattern.","duration=7.041666666666667d, threshold_val=₹875,000, flags=RF-5, RF-6",0.92,Reviewed under PARAKH Annotation Standard v2.0 for HIMACHAL PRADESH jurisdiction.
MAH-MA-2021-01146,AUDITOR_EXP_01,2026-12-04T22:00:00,35,"RF-3, RF-6",2,1,"Elevated multi-factor risk: Co-occurrence of threshold manipulation, compressed bidding window, or repeat winner pattern.","duration=14.0d, threshold_val=₹4,736,107, flags=RF-3, RF-6",0.92,Reviewed under PARAKH Annotation Standard v2.0 for MAHARASHTRA jurisdiction.
2017_PWD_17377_4,AUDITOR_EXP_01,2026-12-05T00:00:00,15,RF-6,1,0,Isolated procedural deviation without evidence of systematic competition restriction.,"flags=RF-6, bidders=3",0.88,Reviewed under PARAKH Annotation Standard v2.0 for HIMACHAL PRADESH jurisdiction.
2017_PWD_14207_1,AUDITOR_EXP_01,2026-12-05T02:00:00,0,NONE,0,0,"Compliant procurement: Competitive bidding window, standard price alignment, and multiple participating suppliers.","bidders=3, duration=15.083333333333334d, estimate_alignment=OK",0.99,Reviewed under PARAKH Annotation Standard v2.0 for HIMACHAL PRADESH jurisdiction.
2017_UDDHP_15850_1,AUDITOR_EXP_01,2026-12-05T04:00:00,35,"RF-5, RF-6",2,1,"Elevated multi-factor risk: Co-occurrence of threshold manipulation, compressed bidding window, or repeat winner pattern.","duration=7.083333333333333d, threshold_val=₹340,027, flags=RF-5, RF-6",0.92,Reviewed under PARAKH Annotation Standard v2.0 for HIMACHAL PRADESH jurisdiction.
MAH-MA-2021-01222,AUDITOR_EXP_01,2026-12-05T06:00:00,15,RF-6,1,0,Isolated procedural deviation without evidence of systematic competition restriction.,"flags=RF-6, bidders=2",0.88,Reviewed under PARAKH Annotation Standard v2.0 for MAHARASHTRA jurisdiction.
CEN-CE-2021-01072,AUDITOR_EXP_01,2026-12-05T08:00:00,55,"RF-1, RF-4, RF-6",2,1,"Elevated multi-factor risk: Co-occurrence of threshold manipulation, compressed bidding window, or repeat winner pattern.","duration=4.0d, threshold_val=₹5,743,971, flags=RF-1, RF-4, RF-6",0.92,Reviewed under PARAKH Annotation Standard v2.0 for CENTRAL jurisdiction.
RAJ-RA-2021-01108,AUDITOR_EXP_01,2026-12-05T10:00:00,30,"RF-4, RF-6",2,1,"Elevated multi-factor risk: Co-occurrence of threshold manipulation, compressed bidding window, or repeat winner pattern.","duration=6.0d, threshold_val=₹4,335,777, flags=RF-4, RF-6",0.92,Reviewed under PARAKH Annotation Standard v2.0 for RAJASTHAN jurisdiction.
RAJ-RA-2021-01161,AUDITOR_EXP_01,2026-12-05T12:00:00,30,"RF-4, RF-6",2,1,"Elevated multi-factor risk: Co-occurrence of threshold manipulation, compressed bidding window, or repeat winner pattern.","duration=4.0d, threshold_val=₹16,275,219, flags=RF-4, RF-6",0.92,Reviewed under PARAKH Annotation Standard v2.0 for RAJASTHAN jurisdiction.
RAJ-RA-2021-01204,AUDITOR_EXP_01,2026-12-05T14:00:00,35,"RF-5, RF-6",2,1,"Elevated multi-factor risk: Co-occurrence of threshold manipulation, compressed bidding window, or repeat winner pattern.","duration=21.0d, threshold_val=₹6,661,132, flags=RF-5, RF-6",0.92,Reviewed under PARAKH Annotation Standard v2.0 for RAJASTHAN jurisdiction.
MAH-MA-2021-01291,AUDITOR_EXP_01,2026-12-05T16:00:00,50,"RF-3, RF-4, RF-6",2,1,"Elevated multi-factor risk: Co-occurrence of threshold manipulation, compressed bidding window, or repeat winner pattern.","duration=6.0d, threshold_val=₹4,677,932, flags=RF-3, RF-4, RF-6",0.92,Reviewed under PARAKH Annotation Standard v2.0 for MAHARASHTRA jurisdiction.
2017_PWD_17893_3,AUDITOR_EXP_01,2026-12-05T18:00:00,30,"RF-4, RF-6",2,1,"Elevated multi-factor risk: Co-occurrence of threshold manipulation, compressed bidding window, or repeat winner pattern.","duration=5.708333333333333d, threshold_val=₹1,477,359, flags=RF-4, RF-6",0.92,Reviewed under PARAKH Annotation Standard v2.0 for HIMACHAL PRADESH jurisdiction.
RAJ-RA-2021-01168,AUDITOR_EXP_01,2026-12-05T20:00:00,35,"RF-5, RF-6",2,1,"Elevated multi-factor risk: Co-occurrence of threshold manipulation, compressed bidding window, or repeat winner pattern.","duration=21.0d, threshold_val=₹693,873, flags=RF-5, RF-6",0.92,Reviewed under PARAKH Annotation Standard v2.0 for RAJASTHAN jurisdiction.
UTT-UT-2021-01128,AUDITOR_EXP_01,2026-12-05T22:00:00,75,"RF-1, RF-4, RF-5, RF-6",3,1,Severe procurement anomaly: Single-bidder monopoly coupled with high price deviation or department dominance.,"bidders=1, price_deviation=0.35, flags=RF-1, RF-4, RF-5, RF-6",0.98,Reviewed under PARAKH Annotation Standard v2.0 for UTTAR PRADESH jurisdiction.
KAR-KA-2021-01102,AUDITOR_EXP_01,2026-12-06T00:00:00,40,"RF-1, RF-6",2,1,"Elevated multi-factor risk: Co-occurrence of threshold manipulation, compressed bidding window, or repeat winner pattern.","duration=21.0d, threshold_val=₹24,758,913, flags=RF-1, RF-6",0.92,Reviewed under PARAKH Annotation Standard v2.0 for KARNATAKA jurisdiction.
MAH-MA-2021-01135,AUDITOR_EXP_01,2026-12-06T02:00:00,15,RF-6,1,0,Isolated procedural deviation without evidence of systematic competition restriction.,"flags=RF-6, bidders=2",0.88,Reviewed under PARAKH Annotation Standard v2.0 for MAHARASHTRA jurisdiction.
2017_PWD_14777_1,AUDITOR_EXP_01,2026-12-06T04:00:00,0,NONE,0,0,"Compliant procurement: Competitive bidding window, standard price alignment, and multiple participating suppliers.","bidders=2, duration=11.760416666666666d, estimate_alignment=OK",0.99,Reviewed under PARAKH Annotation Standard v2.0 for HIMACHAL PRADESH jurisdiction.
2018_MC_25077_10,AUDITOR_EXP_01,2026-12-06T06:00:00,25,RF-1,1,0,Isolated procedural deviation without evidence of systematic competition restriction.,"flags=RF-1, bidders=1",0.88,Reviewed under PARAKH Annotation Standard v2.0 for HIMACHAL PRADESH jurisdiction.
RAJ-RA-2021-01094,AUDITOR_EXP_01,2026-12-06T08:00:00,75,"RF-1, RF-4, RF-5, RF-6",3,1,Severe procurement anomaly: Single-bidder monopoly coupled with high price deviation or department dominance.,"bidders=1, price_deviation=0.35, flags=RF-1, RF-4, RF-5, RF-6",0.98,Reviewed under PARAKH Annotation Standard v2.0 for RAJASTHAN jurisdiction.
2018_HPIPH_19200_1,AUDITOR_EXP_01,2026-12-06T10:00:00,30,"RF-4, RF-6",2,1,"Elevated multi-factor risk: Co-occurrence of threshold manipulation, compressed bidding window, or repeat winner pattern.","duration=6.208333333333333d, threshold_val=₹1,449,000, flags=RF-4, RF-6",0.92,Reviewed under PARAKH Annotation Standard v2.0 for HIMACHAL PRADESH jurisdiction.
2017_HPIPH_16906_1-1474,AUDITOR_EXP_01,2026-12-06T12:00:00,35,"RF-5, RF-6",2,1,"Elevated multi-factor risk: Co-occurrence of threshold manipulation, compressed bidding window, or repeat winner pattern.","duration=7.055555555555555d, threshold_val=₹6,587,515, flags=RF-5, RF-6",0.92,Reviewed under PARAKH Annotation Standard v2.0 for HIMACHAL PRADESH jurisdiction.
2017_PWD_15224_1,AUDITOR_EXP_01,2026-12-06T14:00:00,35,"RF-3, RF-6",2,1,"Elevated multi-factor risk: Co-occurrence of threshold manipulation, compressed bidding window, or repeat winner pattern.","duration=7.979166666666667d, threshold_val=₹4,728,374, flags=RF-3, RF-6",0.92,Reviewed under PARAKH Annotation Standard v2.0 for HIMACHAL PRADESH jurisdiction.
RAJ-RA-2021-01113,AUDITOR_EXP_01,2026-12-06T16:00:00,50,"RF-4, RF-5, RF-6",2,1,"Elevated multi-factor risk: Co-occurrence of threshold manipulation, compressed bidding window, or repeat winner pattern.","duration=4.0d, threshold_val=₹17,116,388, flags=RF-4, RF-5, RF-6",0.92,Reviewed under PARAKH Annotation Standard v2.0 for RAJASTHAN jurisdiction.
CEN-CE-2021-01064,AUDITOR_EXP_01,2026-12-06T18:00:00,30,"RF-4, RF-6",2,1,"Elevated multi-factor risk: Co-occurrence of threshold manipulation, compressed bidding window, or repeat winner pattern.","duration=6.0d, threshold_val=₹2,358,970, flags=RF-4, RF-6",0.92,Reviewed under PARAKH Annotation Standard v2.0 for CENTRAL jurisdiction.
KAR-KA-2021-01132,AUDITOR_EXP_01,2026-12-06T20:00:00,35,"RF-5, RF-6",2,1,"Elevated multi-factor risk: Co-occurrence of threshold manipulation, compressed bidding window, or repeat winner pattern.","duration=30.0d, threshold_val=₹380,284,070, flags=RF-5, RF-6",0.92,Reviewed under PARAKH Annotation Standard v2.0 for KARNATAKA jurisdiction.
2017_PWD_16553_1,AUDITOR_EXP_01,2026-12-06T22:00:00,30,"RF-4, RF-6",2,1,"Elevated multi-factor risk: Co-occurrence of threshold manipulation, compressed bidding window, or repeat winner pattern.","duration=5.958333333333333d, threshold_val=₹1,403,820, flags=RF-4, RF-6",0.92,Reviewed under PARAKH Annotation Standard v2.0 for HIMACHAL PRADESH jurisdiction.
2017_PWD_16288_1,AUDITOR_EXP_01,2026-12-07T00:00:00,35,"RF-5, RF-6",2,1,"Elevated multi-factor risk: Co-occurrence of threshold manipulation, compressed bidding window, or repeat winner pattern.","duration=24.041666666666668d, threshold_val=₹1,030,981, flags=RF-5, RF-6",0.92,Reviewed under PARAKH Annotation Standard v2.0 for HIMACHAL PRADESH jurisdiction.
RAJ-RA-2021-01066,AUDITOR_EXP_01,2026-12-07T02:00:00,30,"RF-4, RF-6",2,1,"Elevated multi-factor risk: Co-occurrence of threshold manipulation, compressed bidding window, or repeat winner pattern.","duration=6.0d, threshold_val=₹208,774,664, flags=RF-4, RF-6",0.92,Reviewed under PARAKH Annotation Standard v2.0 for RAJASTHAN jurisdiction.
RAJ-RA-2021-01033,AUDITOR_EXP_01,2026-12-07T04:00:00,35,"RF-3, RF-6",2,1,"Elevated multi-factor risk: Co-occurrence of threshold manipulation, compressed bidding window, or repeat winner pattern.","duration=30.0d, threshold_val=₹4,655,557, flags=RF-3, RF-6",0.92,Reviewed under PARAKH Annotation Standard v2.0 for RAJASTHAN jurisdiction.
CEN-CE-2021-01237,AUDITOR_EXP_01,2026-12-07T06:00:00,40,"RF-1, RF-6",2,1,"Elevated multi-factor risk: Co-occurrence of threshold manipulation, compressed bidding window, or repeat winner pattern.","duration=14.0d, threshold_val=₹16,233,495, flags=RF-1, RF-6",0.92,Reviewed under PARAKH Annotation Standard v2.0 for CENTRAL jurisdiction.
KAR-KA-2021-01143,AUDITOR_EXP_01,2026-12-07T08:00:00,40,"RF-1, RF-6",2,1,"Elevated multi-factor risk: Co-occurrence of threshold manipulation, compressed bidding window, or repeat winner pattern.","duration=21.0d, threshold_val=₹1,326,781, flags=RF-1, RF-6",0.92,Reviewed under PARAKH Annotation Standard v2.0 for KARNATAKA jurisdiction.
UTT-UT-2021-01012,AUDITOR_EXP_01,2026-12-07T10:00:00,40,"RF-1, RF-6",2,1,"Elevated multi-factor risk: Co-occurrence of threshold manipulation, compressed bidding window, or repeat winner pattern.","duration=30.0d, threshold_val=₹4,479,337, flags=RF-1, RF-6",0.92,Reviewed under PARAKH Annotation Standard v2.0 for UTTAR PRADESH jurisdiction.
2018_HPIPH_23296_1,AUDITOR_EXP_01,2026-12-07T12:00:00,0,NONE,0,0,"Compliant procurement: Competitive bidding window, standard price alignment, and multiple participating suppliers.","bidders=4, duration=7.0d, estimate_alignment=OK",0.99,Reviewed under PARAKH Annotation Standard v2.0 for HIMACHAL PRADESH jurisdiction.
2017_HPIPH_16694_1,AUDITOR_EXP_01,2026-12-07T14:00:00,15,RF-6,1,0,Isolated procedural deviation without evidence of systematic competition restriction.,"flags=RF-6, bidders=4",0.88,Reviewed under PARAKH Annotation Standard v2.0 for HIMACHAL PRADESH jurisdiction.
2017_UDDHP_17738_1,AUDITOR_EXP_01,2026-12-07T16:00:00,50,"RF-4, RF-5, RF-6",2,1,"Elevated multi-factor risk: Co-occurrence of threshold manipulation, compressed bidding window, or repeat winner pattern.","duration=6.75d, threshold_val=₹704,633, flags=RF-4, RF-5, RF-6",0.92,Reviewed under PARAKH Annotation Standard v2.0 for HIMACHAL PRADESH jurisdiction.
2019_HPIPH_30344_1,AUDITOR_EXP_01,2026-12-07T18:00:00,35,"RF-5, RF-6",2,1,"Elevated multi-factor risk: Co-occurrence of threshold manipulation, compressed bidding window, or repeat winner pattern.","duration=15.75d, threshold_val=₹6,362,441, flags=RF-5, RF-6",0.92,Reviewed under PARAKH Annotation Standard v2.0 for HIMACHAL PRADESH jurisdiction.
2018_HPIPH_21639_1,AUDITOR_EXP_01,2026-12-07T20:00:00,35,"RF-5, RF-6",2,1,"Elevated multi-factor risk: Co-occurrence of threshold manipulation, compressed bidding window, or repeat winner pattern.","duration=19.75d, threshold_val=₹2,599,200, flags=RF-5, RF-6",0.92,Reviewed under PARAKH Annotation Standard v2.0 for HIMACHAL PRADESH jurisdiction.
MAH-MA-2021-01253,AUDITOR_EXP_01,2026-12-07T22:00:00,30,"RF-4, RF-6",2,1,"Elevated multi-factor risk: Co-occurrence of threshold manipulation, compressed bidding window, or repeat winner pattern.","duration=6.0d, threshold_val=₹149,108,622, flags=RF-4, RF-6",0.92,Reviewed under PARAKH Annotation Standard v2.0 for MAHARASHTRA jurisdiction.
MAH-MA-2021-01156,AUDITOR_EXP_01,2026-12-08T00:00:00,35,"RF-5, RF-6",2,1,"Elevated multi-factor risk: Co-occurrence of threshold manipulation, compressed bidding window, or repeat winner pattern.","duration=21.0d, threshold_val=₹83,547,447, flags=RF-5, RF-6",0.92,Reviewed under PARAKH Annotation Standard v2.0 for MAHARASHTRA jurisdiction.
2017_HAFMS_17078_1,AUDITOR_EXP_01,2026-12-08T02:00:00,0,NONE,0,0,"Compliant procurement: Competitive bidding window, standard price alignment, and multiple participating suppliers.","bidders=4, duration=19.70833333333333d, estimate_alignment=OK",0.99,Reviewed under PARAKH Annotation Standard v2.0 for HIMACHAL PRADESH jurisdiction.
2018_HPIPH_24670_1,AUDITOR_EXP_01,2026-12-08T04:00:00,35,"RF-5, RF-6",2,1,"Elevated multi-factor risk: Co-occurrence of threshold manipulation, compressed bidding window, or repeat winner pattern.","duration=10.125d, threshold_val=₹12,486,140, flags=RF-5, RF-6",0.92,Reviewed under PARAKH Annotation Standard v2.0 for HIMACHAL PRADESH jurisdiction.
2019_HPIPH_29463_1,AUDITOR_EXP_01,2026-12-08T06:00:00,35,"RF-5, RF-6",2,1,"Elevated multi-factor risk: Co-occurrence of threshold manipulation, compressed bidding window, or repeat winner pattern.","duration=13.67013888888889d, threshold_val=₹1,466,950, flags=RF-5, RF-6",0.92,Reviewed under PARAKH Annotation Standard v2.0 for HIMACHAL PRADESH jurisdiction.
2017_HPIPH_14658_1,AUDITOR_EXP_01,2026-12-08T08:00:00,0,NONE,0,0,"Compliant procurement: Competitive bidding window, standard price alignment, and multiple participating suppliers.","bidders=8, duration=23.75d, estimate_alignment=OK",0.99,Reviewed under PARAKH Annotation Standard v2.0 for HIMACHAL PRADESH jurisdiction.
2017_UDDHP_17050_1,AUDITOR_EXP_01,2026-12-08T10:00:00,50,"RF-4, RF-5, RF-6",2,1,"Elevated multi-factor risk: Co-occurrence of threshold manipulation, compressed bidding window, or repeat winner pattern.","duration=6.208333333333333d, threshold_val=₹967,690, flags=RF-4, RF-5, RF-6",0.92,Reviewed under PARAKH Annotation Standard v2.0 for HIMACHAL PRADESH jurisdiction.
RAJ-RA-2021-01052,AUDITOR_EXP_01,2026-12-08T12:00:00,30,"RF-4, RF-6",2,1,"Elevated multi-factor risk: Co-occurrence of threshold manipulation, compressed bidding window, or repeat winner pattern.","duration=6.0d, threshold_val=₹7,318,680, flags=RF-4, RF-6",0.92,Reviewed under PARAKH Annotation Standard v2.0 for RAJASTHAN jurisdiction.
2017_PWD_15870_1,AUDITOR_EXP_01,2026-12-08T14:00:00,20,RF-5,1,0,Isolated procedural deviation without evidence of systematic competition restriction.,"flags=RF-5, bidders=12",0.88,Reviewed under PARAKH Annotation Standard v2.0 for HIMACHAL PRADESH jurisdiction.
UTT-UT-2021-01140,AUDITOR_EXP_01,2026-12-08T16:00:00,60,"RF-1, RF-5, RF-6",3,1,Severe procurement anomaly: Single-bidder monopoly coupled with high price deviation or department dominance.,"bidders=1, price_deviation=0.35, flags=RF-1, RF-5, RF-6",0.98,Reviewed under PARAKH Annotation Standard v2.0 for UTTAR PRADESH jurisdiction.
2017_HPIPH_18053_2,AUDITOR_EXP_01,2026-12-08T18:00:00,0,NONE,0,0,"Compliant procurement: Competitive bidding window, standard price alignment, and multiple participating suppliers.","bidders=5, duration=17.75d, estimate_alignment=OK",0.99,Reviewed under PARAKH Annotation Standard v2.0 for HIMACHAL PRADESH jurisdiction.
RAJ-RA-2021-01013,AUDITOR_EXP_01,2026-12-08T20:00:00,75,"RF-1, RF-4, RF-5, RF-6",3,1,Severe procurement anomaly: Single-bidder monopoly coupled with high price deviation or department dominance.,"bidders=1, price_deviation=0.35, flags=RF-1, RF-4, RF-5, RF-6",0.98,Reviewed under PARAKH Annotation Standard v2.0 for RAJASTHAN jurisdiction.
2018_HPIPH_19395_1,AUDITOR_EXP_01,2026-12-08T22:00:00,35,"RF-5, RF-6",2,1,"Elevated multi-factor risk: Co-occurrence of threshold manipulation, compressed bidding window, or repeat winner pattern.","duration=20.6875d, threshold_val=₹2,719,155, flags=RF-5, RF-6",0.92,Reviewed under PARAKH Annotation Standard v2.0 for HIMACHAL PRADESH jurisdiction.
2018_FDC_19382_50,AUDITOR_EXP_01,2026-12-09T00:00:00,35,"RF-4, RF-5",2,1,"Elevated multi-factor risk: Co-occurrence of threshold manipulation, compressed bidding window, or repeat winner pattern.","duration=6.166666666666667d, threshold_val=₹404,195, flags=RF-4, RF-5",0.92,Reviewed under PARAKH Annotation Standard v2.0 for HIMACHAL PRADESH jurisdiction.
2017_PWD_16493_1,AUDITOR_EXP_01,2026-12-09T02:00:00,20,RF-5,1,0,Isolated procedural deviation without evidence of systematic competition restriction.,"flags=RF-5, bidders=9",0.88,Reviewed under PARAKH Annotation Standard v2.0 for HIMACHAL PRADESH jurisdiction.
2017_UDDHP_17307_1-3515,AUDITOR_EXP_01,2026-12-09T04:00:00,35,"RF-5, RF-6",2,1,"Elevated multi-factor risk: Co-occurrence of threshold manipulation, compressed bidding window, or repeat winner pattern.","duration=22.70833333333333d, threshold_val=₹937,935, flags=RF-5, RF-6",0.92,Reviewed under PARAKH Annotation Standard v2.0 for HIMACHAL PRADESH jurisdiction.
2017_PWD_16562_6,AUDITOR_EXP_01,2026-12-09T06:00:00,35,"RF-5, RF-6",2,1,"Elevated multi-factor risk: Co-occurrence of threshold manipulation, compressed bidding window, or repeat winner pattern.","duration=12.0d, threshold_val=₹2,801,283, flags=RF-5, RF-6",0.92,Reviewed under PARAKH Annotation Standard v2.0 for HIMACHAL PRADESH jurisdiction.
KAR-KA-2021-01137,AUDITOR_EXP_01,2026-12-09T08:00:00,30,"RF-4, RF-6",2,1,"Elevated multi-factor risk: Co-occurrence of threshold manipulation, compressed bidding window, or repeat winner pattern.","duration=4.0d, threshold_val=₹4,364,678, flags=RF-4, RF-6",0.92,Reviewed under PARAKH Annotation Standard v2.0 for KARNATAKA jurisdiction.
2018_HPIPH_23625_1,AUDITOR_EXP_01,2026-12-09T10:00:00,15,RF-6,1,0,Isolated procedural deviation without evidence of systematic competition restriction.,"flags=RF-6, bidders=3",0.88,Reviewed under PARAKH Annotation Standard v2.0 for HIMACHAL PRADESH jurisdiction.
2017_PWD_14820_1,AUDITOR_EXP_01,2026-12-09T12:00:00,35,"RF-5, RF-6",2,1,"Elevated multi-factor risk: Co-occurrence of threshold manipulation, compressed bidding window, or repeat winner pattern.","duration=21.041666666666668d, threshold_val=₹30,907,318, flags=RF-5, RF-6",0.92,Reviewed under PARAKH Annotation Standard v2.0 for HIMACHAL PRADESH jurisdiction.
RAJ-RA-2021-01112,AUDITOR_EXP_01,2026-12-09T14:00:00,35,"RF-3, RF-6",2,1,"Elevated multi-factor risk: Co-occurrence of threshold manipulation, compressed bidding window, or repeat winner pattern.","duration=21.0d, threshold_val=₹4,724,004, flags=RF-3, RF-6",0.92,Reviewed under PARAKH Annotation Standard v2.0 for RAJASTHAN jurisdiction.
MAH-MA-2021-01221,AUDITOR_EXP_01,2026-12-09T16:00:00,40,"RF-1, RF-6",2,1,"Elevated multi-factor risk: Co-occurrence of threshold manipulation, compressed bidding window, or repeat winner pattern.","duration=21.0d, threshold_val=₹66,902,272, flags=RF-1, RF-6",0.92,Reviewed under PARAKH Annotation Standard v2.0 for MAHARASHTRA jurisdiction.
2017_PWD_16122_3,AUDITOR_EXP_01,2026-12-09T18:00:00,0,NONE,0,0,"Compliant procurement: Competitive bidding window, standard price alignment, and multiple participating suppliers.","bidders=2, duration=13.125d, estimate_alignment=OK",0.99,Reviewed under PARAKH Annotation Standard v2.0 for HIMACHAL PRADESH jurisdiction.
CEN-CE-2021-01213,AUDITOR_EXP_01,2026-12-09T20:00:00,55,"RF-1, RF-4, RF-6",2,1,"Elevated multi-factor risk: Co-occurrence of threshold manipulation, compressed bidding window, or repeat winner pattern.","duration=4.0d, threshold_val=₹5,635,784, flags=RF-1, RF-4, RF-6",0.92,Reviewed under PARAKH Annotation Standard v2.0 for CENTRAL jurisdiction.
2017_UDDHP_17311_1,AUDITOR_EXP_01,2026-12-09T22:00:00,35,"RF-5, RF-6",2,1,"Elevated multi-factor risk: Co-occurrence of threshold manipulation, compressed bidding window, or repeat winner pattern.","duration=22.70833333333333d, threshold_val=₹1,994,850, flags=RF-5, RF-6",0.92,Reviewed under PARAKH Annotation Standard v2.0 for HIMACHAL PRADESH jurisdiction.
UTT-UT-2021-01044,AUDITOR_EXP_01,2026-12-10T00:00:00,40,"RF-1, RF-6",2,1,"Elevated multi-factor risk: Co-occurrence of threshold manipulation, compressed bidding window, or repeat winner pattern.","duration=30.0d, threshold_val=₹4,369,738, flags=RF-1, RF-6",0.92,Reviewed under PARAKH Annotation Standard v2.0 for UTTAR PRADESH jurisdiction.
KAR-KA-2021-01221,AUDITOR_EXP_01,2026-12-10T02:00:00,30,"RF-4, RF-6",2,1,"Elevated multi-factor risk: Co-occurrence of threshold manipulation, compressed bidding window, or repeat winner pattern.","duration=6.0d, threshold_val=₹121,451,051, flags=RF-4, RF-6",0.92,Reviewed under PARAKH Annotation Standard v2.0 for KARNATAKA jurisdiction.
2018_PWD_20217_1,AUDITOR_EXP_01,2026-12-10T04:00:00,40,"RF-1, RF-6",2,1,"Elevated multi-factor risk: Co-occurrence of threshold manipulation, compressed bidding window, or repeat winner pattern.","duration=18.0d, threshold_val=₹1,802,485, flags=RF-1, RF-6",0.92,Reviewed under PARAKH Annotation Standard v2.0 for HIMACHAL PRADESH jurisdiction.
CEN-CE-2021-01334,AUDITOR_EXP_01,2026-12-10T06:00:00,40,"RF-1, RF-6",2,1,"Elevated multi-factor risk: Co-occurrence of threshold manipulation, compressed bidding window, or repeat winner pattern.","duration=30.0d, threshold_val=₹3,298,014, flags=RF-1, RF-6",0.92,Reviewed under PARAKH Annotation Standard v2.0 for CENTRAL jurisdiction.
2017_PWD_15647_2,AUDITOR_EXP_01,2026-12-10T08:00:00,40,"RF-1, RF-6",2,1,"Elevated multi-factor risk: Co-occurrence of threshold manipulation, compressed bidding window, or repeat winner pattern.","duration=8.791666666666666d, threshold_val=₹2,541,353, flags=RF-1, RF-6",0.92,Reviewed under PARAKH Annotation Standard v2.0 for HIMACHAL PRADESH jurisdiction.
MAH-MA-2021-01190,AUDITOR_EXP_01,2026-12-10T10:00:00,40,"RF-1, RF-6",2,1,"Elevated multi-factor risk: Co-occurrence of threshold manipulation, compressed bidding window, or repeat winner pattern.","duration=14.0d, threshold_val=₹11,894,748, flags=RF-1, RF-6",0.92,Reviewed under PARAKH Annotation Standard v2.0 for MAHARASHTRA jurisdiction.
2018_PWD_19838_1,AUDITOR_EXP_01,2026-12-10T12:00:00,45,"RF-1, RF-5",3,1,Severe procurement anomaly: Single-bidder monopoly coupled with high price deviation or department dominance.,"bidders=1, price_deviation=0.50, flags=RF-1, RF-5",0.98,Reviewed under PARAKH Annotation Standard v2.0 for HIMACHAL PRADESH jurisdiction.
MAH-MA-2021-01297,AUDITOR_EXP_01,2026-12-10T14:00:00,40,"RF-1, RF-6",2,1,"Elevated multi-factor risk: Co-occurrence of threshold manipulation, compressed bidding window, or repeat winner pattern.","duration=21.0d, threshold_val=₹4,391,250, flags=RF-1, RF-6",0.92,Reviewed under PARAKH Annotation Standard v2.0 for MAHARASHTRA jurisdiction.
2018_PWD_19458_1,AUDITOR_EXP_01,2026-12-10T16:00:00,0,NONE,0,0,"Compliant procurement: Competitive bidding window, standard price alignment, and multiple participating suppliers.","bidders=14, duration=14.6875d, estimate_alignment=OK",0.99,Reviewed under PARAKH Annotation Standard v2.0 for HIMACHAL PRADESH jurisdiction.
2019_HPIPH_32831_1,AUDITOR_EXP_01,2026-12-10T18:00:00,35,"RF-5, RF-6",2,1,"Elevated multi-factor risk: Co-occurrence of threshold manipulation, compressed bidding window, or repeat winner pattern.","duration=11.833333333333334d, threshold_val=₹11,690,358, flags=RF-5, RF-6",0.92,Reviewed under PARAKH Annotation Standard v2.0 for HIMACHAL PRADESH jurisdiction.
MAH-MA-2021-01055,AUDITOR_EXP_01,2026-12-10T20:00:00,50,"RF-4, RF-5, RF-6",2,1,"Elevated multi-factor risk: Co-occurrence of threshold manipulation, compressed bidding window, or repeat winner pattern.","duration=4.0d, threshold_val=₹6,670,679, flags=RF-4, RF-5, RF-6",0.92,Reviewed under PARAKH Annotation Standard v2.0 for MAHARASHTRA jurisdiction.
2016_HPIPH_10398_1,AUDITOR_EXP_01,2026-12-10T22:00:00,35,"RF-5, RF-6",2,1,"Elevated multi-factor risk: Co-occurrence of threshold manipulation, compressed bidding window, or repeat winner pattern.","duration=12.083333333333334d, threshold_val=₹6,639,493, flags=RF-5, RF-6",0.92,Reviewed under PARAKH Annotation Standard v2.0 for HIMACHAL PRADESH jurisdiction.
MAH-MA-2021-01241,AUDITOR_EXP_01,2026-12-11T00:00:00,30,"RF-4, RF-6",2,1,"Elevated multi-factor risk: Co-occurrence of threshold manipulation, compressed bidding window, or repeat winner pattern.","duration=6.0d, threshold_val=₹16,998,038, flags=RF-4, RF-6",0.92,Reviewed under PARAKH Annotation Standard v2.0 for MAHARASHTRA jurisdiction.
RAJ-RA-2021-01154,AUDITOR_EXP_01,2026-12-11T02:00:00,60,"RF-1, RF-5, RF-6",3,1,Severe procurement anomaly: Single-bidder monopoly coupled with high price deviation or department dominance.,"bidders=1, price_deviation=0.35, flags=RF-1, RF-5, RF-6",0.98,Reviewed under PARAKH Annotation Standard v2.0 for RAJASTHAN jurisdiction.
UTT-UT-2021-01159,AUDITOR_EXP_01,2026-12-11T04:00:00,55,"RF-1, RF-4, RF-6",2,1,"Elevated multi-factor risk: Co-occurrence of threshold manipulation, compressed bidding window, or repeat winner pattern.","duration=4.0d, threshold_val=₹4,391,038, flags=RF-1, RF-4, RF-6",0.92,Reviewed under PARAKH Annotation Standard v2.0 for UTTAR PRADESH jurisdiction.
CEN-CE-2021-01078,AUDITOR_EXP_01,2026-12-11T06:00:00,15,RF-6,1,0,Isolated procedural deviation without evidence of systematic competition restriction.,"flags=RF-6, bidders=3",0.88,Reviewed under PARAKH Annotation Standard v2.0 for CENTRAL jurisdiction.
MAH-MA-2021-01120,AUDITOR_EXP_01,2026-12-11T08:00:00,40,"RF-1, RF-6",2,1,"Elevated multi-factor risk: Co-occurrence of threshold manipulation, compressed bidding window, or repeat winner pattern.","duration=14.0d, threshold_val=₹221,375,160, flags=RF-1, RF-6",0.92,Reviewed under PARAKH Annotation Standard v2.0 for MAHARASHTRA jurisdiction.
RAJ-RA-2021-01010,AUDITOR_EXP_01,2026-12-11T10:00:00,35,"RF-5, RF-6",2,1,"Elevated multi-factor risk: Co-occurrence of threshold manipulation, compressed bidding window, or repeat winner pattern.","duration=30.0d, threshold_val=₹245,440,814, flags=RF-5, RF-6",0.92,Reviewed under PARAKH Annotation Standard v2.0 for RAJASTHAN jurisdiction.
2017_PWD_15489_1,AUDITOR_EXP_01,2026-12-11T12:00:00,35,"RF-5, RF-6",2,1,"Elevated multi-factor risk: Co-occurrence of threshold manipulation, compressed bidding window, or repeat winner pattern.","duration=21.041666666666668d, threshold_val=₹2,016,288, flags=RF-5, RF-6",0.92,Reviewed under PARAKH Annotation Standard v2.0 for HIMACHAL PRADESH jurisdiction.
2018_PWD_20222_1,AUDITOR_EXP_01,2026-12-11T14:00:00,35,"RF-5, RF-6",2,1,"Elevated multi-factor risk: Co-occurrence of threshold manipulation, compressed bidding window, or repeat winner pattern.","duration=18.041666666666668d, threshold_val=₹2,334,150, flags=RF-5, RF-6",0.92,Reviewed under PARAKH Annotation Standard v2.0 for HIMACHAL PRADESH jurisdiction.
CEN-CE-2021-01253,AUDITOR_EXP_01,2026-12-11T16:00:00,30,"RF-4, RF-6",2,1,"Elevated multi-factor risk: Co-occurrence of threshold manipulation, compressed bidding window, or repeat winner pattern.","duration=4.0d, threshold_val=₹120,303,449, flags=RF-4, RF-6",0.92,Reviewed under PARAKH Annotation Standard v2.0 for CENTRAL jurisdiction.
CEN-CE-2021-01281,AUDITOR_EXP_01,2026-12-11T18:00:00,30,"RF-4, RF-6",2,1,"Elevated multi-factor risk: Co-occurrence of threshold manipulation, compressed bidding window, or repeat winner pattern.","duration=4.0d, threshold_val=₹5,673,332, flags=RF-4, RF-6",0.92,Reviewed under PARAKH Annotation Standard v2.0 for CENTRAL jurisdiction.
2018_HPIPH_19536_1,AUDITOR_EXP_01,2026-12-11T20:00:00,35,"RF-5, RF-6",2,1,"Elevated multi-factor risk: Co-occurrence of threshold manipulation, compressed bidding window, or repeat winner pattern.","duration=14.125d, threshold_val=₹8,217,084, flags=RF-5, RF-6",0.92,Reviewed under PARAKH Annotation Standard v2.0 for HIMACHAL PRADESH jurisdiction.
2018_PWD_19168_2,AUDITOR_EXP_01,2026-12-11T22:00:00,20,RF-5,1,0,Isolated procedural deviation without evidence of systematic competition restriction.,"flags=RF-5, bidders=7",0.88,Reviewed under PARAKH Annotation Standard v2.0 for HIMACHAL PRADESH jurisdiction.
2017_FDC_15457_2,AUDITOR_EXP_01,2026-12-12T00:00:00,35,"RF-4, RF-5",2,1,"Elevated multi-factor risk: Co-occurrence of threshold manipulation, compressed bidding window, or repeat winner pattern.","duration=5.0d, threshold_val=₹738,300, flags=RF-4, RF-5",0.92,Reviewed under PARAKH Annotation Standard v2.0 for HIMACHAL PRADESH jurisdiction.
2018_PWD_19964_6,AUDITOR_EXP_01,2026-12-12T02:00:00,35,"RF-5, RF-6",2,1,"Elevated multi-factor risk: Co-occurrence of threshold manipulation, compressed bidding window, or repeat winner pattern.","duration=13.020833333333334d, threshold_val=₹5,608,506, flags=RF-5, RF-6",0.92,Reviewed under PARAKH Annotation Standard v2.0 for HIMACHAL PRADESH jurisdiction.
2019_PWD_27342_3,AUDITOR_EXP_01,2026-12-12T04:00:00,30,"RF-4, RF-6",2,1,"Elevated multi-factor risk: Co-occurrence of threshold manipulation, compressed bidding window, or repeat winner pattern.","duration=5.958333333333333d, threshold_val=₹4,280,693, flags=RF-4, RF-6",0.92,Reviewed under PARAKH Annotation Standard v2.0 for HIMACHAL PRADESH jurisdiction.
2020_PWD_34414_1,AUDITOR_EXP_01,2026-12-12T06:00:00,15,RF-6,1,0,Isolated procedural deviation without evidence of systematic competition restriction.,"flags=RF-6, bidders=2",0.88,Reviewed under PARAKH Annotation Standard v2.0 for HIMACHAL PRADESH jurisdiction.
2017_UDDHP_16145_1,AUDITOR_EXP_01,2026-12-12T08:00:00,35,"RF-4, RF-5",2,1,"Elevated multi-factor risk: Co-occurrence of threshold manipulation, compressed bidding window, or repeat winner pattern.","duration=5.166666666666667d, threshold_val=₹213,048, flags=RF-4, RF-5",0.92,Reviewed under PARAKH Annotation Standard v2.0 for HIMACHAL PRADESH jurisdiction.
KAR-KA-2021-01211,AUDITOR_EXP_01,2026-12-12T10:00:00,55,"RF-1, RF-4, RF-6",2,1,"Elevated multi-factor risk: Co-occurrence of threshold manipulation, compressed bidding window, or repeat winner pattern.","duration=4.0d, threshold_val=₹74,537,306, flags=RF-1, RF-4, RF-6",0.92,Reviewed under PARAKH Annotation Standard v2.0 for KARNATAKA jurisdiction.
2018_FDC_19811_1,AUDITOR_EXP_01,2026-12-12T12:00:00,30,"RF-4, RF-6",2,1,"Elevated multi-factor risk: Co-occurrence of threshold manipulation, compressed bidding window, or repeat winner pattern.","duration=6.166666666666667d, threshold_val=₹588,769, flags=RF-4, RF-6",0.92,Reviewed under PARAKH Annotation Standard v2.0 for HIMACHAL PRADESH jurisdiction.
2020_UDDHP_37864_1-3157,AUDITOR_EXP_01,2026-12-12T14:00:00,0,NONE,0,0,"Compliant procurement: Competitive bidding window, standard price alignment, and multiple participating suppliers.","bidders=5, duration=21.14583333333333d, estimate_alignment=OK",0.99,Reviewed under PARAKH Annotation Standard v2.0 for HIMACHAL PRADESH jurisdiction.
MAH-MA-2021-01094,AUDITOR_EXP_01,2026-12-12T16:00:00,30,"RF-4, RF-6",2,1,"Elevated multi-factor risk: Co-occurrence of threshold manipulation, compressed bidding window, or repeat winner pattern.","duration=4.0d, threshold_val=₹3,465,992, flags=RF-4, RF-6",0.92,Reviewed under PARAKH Annotation Standard v2.0 for MAHARASHTRA jurisdiction.
RAJ-RA-2021-01012,AUDITOR_EXP_01,2026-12-12T18:00:00,35,"RF-5, RF-6",2,1,"Elevated multi-factor risk: Co-occurrence of threshold manipulation, compressed bidding window, or repeat winner pattern.","duration=21.0d, threshold_val=₹13,312,595, flags=RF-5, RF-6",0.92,Reviewed under PARAKH Annotation Standard v2.0 for RAJASTHAN jurisdiction.
CEN-CE-2021-01308,AUDITOR_EXP_01,2026-12-12T20:00:00,55,"RF-1, RF-4, RF-6",2,1,"Elevated multi-factor risk: Co-occurrence of threshold manipulation, compressed bidding window, or repeat winner pattern.","duration=6.0d, threshold_val=₹5,295,294, flags=RF-1, RF-4, RF-6",0.92,Reviewed under PARAKH Annotation Standard v2.0 for CENTRAL jurisdiction.
UTT-UT-2021-01184,AUDITOR_EXP_01,2026-12-12T22:00:00,30,"RF-4, RF-6",2,1,"Elevated multi-factor risk: Co-occurrence of threshold manipulation, compressed bidding window, or repeat winner pattern.","duration=4.0d, threshold_val=₹2,409,558, flags=RF-4, RF-6",0.92,Reviewed under PARAKH Annotation Standard v2.0 for UTTAR PRADESH jurisdiction.
MAH-MA-2021-01179,AUDITOR_EXP_01,2026-12-13T00:00:00,50,"RF-4, RF-5, RF-6",2,1,"Elevated multi-factor risk: Co-occurrence of threshold manipulation, compressed bidding window, or repeat winner pattern.","duration=6.0d, threshold_val=₹5,396,028, flags=RF-4, RF-5, RF-6",0.92,Reviewed under PARAKH Annotation Standard v2.0 for MAHARASHTRA jurisdiction.
2018_PWD_20066_7,AUDITOR_EXP_01,2026-12-13T02:00:00,45,"RF-1, RF-5",3,1,Severe procurement anomaly: Single-bidder monopoly coupled with high price deviation or department dominance.,"bidders=1, price_deviation=0.76, flags=RF-1, RF-5",0.98,Reviewed under PARAKH Annotation Standard v2.0 for HIMACHAL PRADESH jurisdiction.
2019_HPIPH_25798_1,AUDITOR_EXP_01,2026-12-13T04:00:00,35,"RF-5, RF-6",2,1,"Elevated multi-factor risk: Co-occurrence of threshold manipulation, compressed bidding window, or repeat winner pattern.","duration=20.70833333333333d, threshold_val=₹73,186,375, flags=RF-5, RF-6",0.92,Reviewed under PARAKH Annotation Standard v2.0 for HIMACHAL PRADESH jurisdiction.
2017_PWD_15294_3,AUDITOR_EXP_01,2026-12-13T06:00:00,35,"RF-5, RF-6",2,1,"Elevated multi-factor risk: Co-occurrence of threshold manipulation, compressed bidding window, or repeat winner pattern.","duration=20.6875d, threshold_val=₹1,612,175, flags=RF-5, RF-6",0.92,Reviewed under PARAKH Annotation Standard v2.0 for HIMACHAL PRADESH jurisdiction.
2017_PWD_14929_4,AUDITOR_EXP_01,2026-12-13T08:00:00,0,NONE,0,0,"Compliant procurement: Competitive bidding window, standard price alignment, and multiple participating suppliers.","bidders=5, duration=24.291666666666668d, estimate_alignment=OK",0.99,Reviewed under PARAKH Annotation Standard v2.0 for HIMACHAL PRADESH jurisdiction.
2017_PWD_16104_1,AUDITOR_EXP_01,2026-12-13T10:00:00,40,"RF-1, RF-6",2,1,"Elevated multi-factor risk: Co-occurrence of threshold manipulation, compressed bidding window, or repeat winner pattern.","duration=25.95833333333333d, threshold_val=₹1,485,000, flags=RF-1, RF-6",0.92,Reviewed under PARAKH Annotation Standard v2.0 for HIMACHAL PRADESH jurisdiction.
2017_PWD_18255_1,AUDITOR_EXP_01,2026-12-13T12:00:00,30,"RF-4, RF-6",2,1,"Elevated multi-factor risk: Co-occurrence of threshold manipulation, compressed bidding window, or repeat winner pattern.","duration=5.670138888888889d, threshold_val=₹1,386,505, flags=RF-4, RF-6",0.92,Reviewed under PARAKH Annotation Standard v2.0 for HIMACHAL PRADESH jurisdiction.
MAH-MA-2021-01036,AUDITOR_EXP_01,2026-12-13T14:00:00,50,"RF-3, RF-4, RF-6",2,1,"Elevated multi-factor risk: Co-occurrence of threshold manipulation, compressed bidding window, or repeat winner pattern.","duration=4.0d, threshold_val=₹4,689,127, flags=RF-3, RF-4, RF-6",0.92,Reviewed under PARAKH Annotation Standard v2.0 for MAHARASHTRA jurisdiction.
2017_PWD_15221_1,AUDITOR_EXP_01,2026-12-13T16:00:00,20,RF-3,1,0,Isolated procedural deviation without evidence of systematic competition restriction.,"flags=RF-3, bidders=9",0.88,Reviewed under PARAKH Annotation Standard v2.0 for HIMACHAL PRADESH jurisdiction.
CEN-CE-2021-01158,AUDITOR_EXP_01,2026-12-13T18:00:00,15,RF-6,1,0,Isolated procedural deviation without evidence of systematic competition restriction.,"flags=RF-6, bidders=2",0.88,Reviewed under PARAKH Annotation Standard v2.0 for CENTRAL jurisdiction.
2017_PWD_14718_1,AUDITOR_EXP_01,2026-12-13T20:00:00,35,"RF-5, RF-6",2,1,"Elevated multi-factor risk: Co-occurrence of threshold manipulation, compressed bidding window, or repeat winner pattern.","duration=21.041666666666668d, threshold_val=₹2,708,923, flags=RF-5, RF-6",0.92,Reviewed under PARAKH Annotation Standard v2.0 for HIMACHAL PRADESH jurisdiction.
2018_PWD_19997_11,AUDITOR_EXP_01,2026-12-13T22:00:00,60,"RF-1, RF-5, RF-6",3,1,Severe procurement anomaly: Single-bidder monopoly coupled with high price deviation or department dominance.,"bidders=1, price_deviation=0.35, flags=RF-1, RF-5, RF-6",0.98,Reviewed under PARAKH Annotation Standard v2.0 for HIMACHAL PRADESH jurisdiction.
2017_HPIPH_17611_1,AUDITOR_EXP_01,2026-12-14T00:00:00,35,"RF-5, RF-6",2,1,"Elevated multi-factor risk: Co-occurrence of threshold manipulation, compressed bidding window, or repeat winner pattern.","duration=7.291666666666667d, threshold_val=₹452,321, flags=RF-5, RF-6",0.92,Reviewed under PARAKH Annotation Standard v2.0 for HIMACHAL PRADESH jurisdiction.
UTT-UT-2021-01032,AUDITOR_EXP_01,2026-12-14T02:00:00,50,"RF-4, RF-5, RF-6",2,1,"Elevated multi-factor risk: Co-occurrence of threshold manipulation, compressed bidding window, or repeat winner pattern.","duration=6.0d, threshold_val=₹239,259,395, flags=RF-4, RF-5, RF-6",0.92,Reviewed under PARAKH Annotation Standard v2.0 for UTTAR PRADESH jurisdiction.
2017_UDDHP_15569_1,AUDITOR_EXP_01,2026-12-14T04:00:00,35,"RF-5, RF-6",2,1,"Elevated multi-factor risk: Co-occurrence of threshold manipulation, compressed bidding window, or repeat winner pattern.","duration=8.07638888888889d, threshold_val=₹492,755, flags=RF-5, RF-6",0.92,Reviewed under PARAKH Annotation Standard v2.0 for HIMACHAL PRADESH jurisdiction.
UTT-UT-2021-01209,AUDITOR_EXP_01,2026-12-14T06:00:00,40,"RF-1, RF-6",2,1,"Elevated multi-factor risk: Co-occurrence of threshold manipulation, compressed bidding window, or repeat winner pattern.","duration=14.0d, threshold_val=₹18,426,717, flags=RF-1, RF-6",0.92,Reviewed under PARAKH Annotation Standard v2.0 for UTTAR PRADESH jurisdiction.
2019_PWD_27789_3,AUDITOR_EXP_01,2026-12-14T08:00:00,35,"RF-5, RF-6",2,1,"Elevated multi-factor risk: Co-occurrence of threshold manipulation, compressed bidding window, or repeat winner pattern.","duration=16.041666666666668d, threshold_val=₹6,208,608, flags=RF-5, RF-6",0.92,Reviewed under PARAKH Annotation Standard v2.0 for HIMACHAL PRADESH jurisdiction.
2018_PWD_19824_1,AUDITOR_EXP_01,2026-12-14T10:00:00,30,"RF-4, RF-6",2,1,"Elevated multi-factor risk: Co-occurrence of threshold manipulation, compressed bidding window, or repeat winner pattern.","duration=6.708333333333333d, threshold_val=₹1,708,889, flags=RF-4, RF-6",0.92,Reviewed under PARAKH Annotation Standard v2.0 for HIMACHAL PRADESH jurisdiction.
CEN-CE-2021-01331,AUDITOR_EXP_01,2026-12-14T12:00:00,30,"RF-4, RF-6",2,1,"Elevated multi-factor risk: Co-occurrence of threshold manipulation, compressed bidding window, or repeat winner pattern.","duration=6.0d, threshold_val=₹15,673,646, flags=RF-4, RF-6",0.92,Reviewed under PARAKH Annotation Standard v2.0 for CENTRAL jurisdiction.
2017_PWD_16442_1,AUDITOR_EXP_01,2026-12-14T14:00:00,30,"RF-4, RF-6",2,1,"Elevated multi-factor risk: Co-occurrence of threshold manipulation, compressed bidding window, or repeat winner pattern.","duration=6.736111111111111d, threshold_val=₹2,505,853, flags=RF-4, RF-6",0.92,Reviewed under PARAKH Annotation Standard v2.0 for HIMACHAL PRADESH jurisdiction.
2016_HPIPH_13087_1,AUDITOR_EXP_01,2026-12-14T16:00:00,35,"RF-5, RF-6",2,1,"Elevated multi-factor risk: Co-occurrence of threshold manipulation, compressed bidding window, or repeat winner pattern.","duration=27.75d, threshold_val=₹2,298,800, flags=RF-5, RF-6",0.92,Reviewed under PARAKH Annotation Standard v2.0 for HIMACHAL PRADESH jurisdiction.
2018_MC_24585_1,AUDITOR_EXP_01,2026-12-14T18:00:00,35,"RF-5, RF-6",2,1,"Elevated multi-factor risk: Co-occurrence of threshold manipulation, compressed bidding window, or repeat winner pattern.","duration=20.75d, threshold_val=₹12,600,000, flags=RF-5, RF-6",0.92,Reviewed under PARAKH Annotation Standard v2.0 for HIMACHAL PRADESH jurisdiction.
2018_PWD_19627_2,AUDITOR_EXP_01,2026-12-14T20:00:00,0,NONE,0,0,"Compliant procurement: Competitive bidding window, standard price alignment, and multiple participating suppliers.","bidders=11, duration=21.95833333333333d, estimate_alignment=OK",0.99,Reviewed under PARAKH Annotation Standard v2.0 for HIMACHAL PRADESH jurisdiction.
2017_UDDHP_17260_1,AUDITOR_EXP_01,2026-12-14T22:00:00,20,RF-5,1,0,Isolated procedural deviation without evidence of systematic competition restriction.,"flags=RF-5, bidders=2",0.88,Reviewed under PARAKH Annotation Standard v2.0 for HIMACHAL PRADESH jurisdiction.
2017_UDDHP_17927_1-3670,AUDITOR_EXP_01,2026-12-15T00:00:00,35,"RF-5, RF-6",2,1,"Elevated multi-factor risk: Co-occurrence of threshold manipulation, compressed bidding window, or repeat winner pattern.","duration=15.75d, threshold_val=₹1,529,448, flags=RF-5, RF-6",0.92,Reviewed under PARAKH Annotation Standard v2.0 for HIMACHAL PRADESH jurisdiction.
KAR-KA-2021-01226,AUDITOR_EXP_01,2026-12-15T02:00:00,30,"RF-4, RF-6",2,1,"Elevated multi-factor risk: Co-occurrence of threshold manipulation, compressed bidding window, or repeat winner pattern.","duration=4.0d, threshold_val=₹368,680,717, flags=RF-4, RF-6",0.92,Reviewed under PARAKH Annotation Standard v2.0 for KARNATAKA jurisdiction.
2017_UDDHP_16146_1,AUDITOR_EXP_01,2026-12-15T04:00:00,50,"RF-4, RF-5, RF-6",2,1,"Elevated multi-factor risk: Co-occurrence of threshold manipulation, compressed bidding window, or repeat winner pattern.","duration=5.166666666666667d, threshold_val=₹381,154, flags=RF-4, RF-5, RF-6",0.92,Reviewed under PARAKH Annotation Standard v2.0 for HIMACHAL PRADESH jurisdiction.
RAJ-RA-2021-01217,AUDITOR_EXP_01,2026-12-15T06:00:00,60,"RF-1, RF-3, RF-6",2,1,"Elevated multi-factor risk: Co-occurrence of threshold manipulation, compressed bidding window, or repeat winner pattern.","duration=21.0d, threshold_val=₹4,680,764, flags=RF-1, RF-3, RF-6",0.92,Reviewed under PARAKH Annotation Standard v2.0 for RAJASTHAN jurisdiction.
MAH-MA-2021-01233,AUDITOR_EXP_01,2026-12-15T08:00:00,30,"RF-4, RF-6",2,1,"Elevated multi-factor risk: Co-occurrence of threshold manipulation, compressed bidding window, or repeat winner pattern.","duration=4.0d, threshold_val=₹2,637,709, flags=RF-4, RF-6",0.92,Reviewed under PARAKH Annotation Standard v2.0 for MAHARASHTRA jurisdiction.
2018_HPSED_19882_6,AUDITOR_EXP_01,2026-12-15T10:00:00,40,"RF-1, RF-4",2,1,"Elevated multi-factor risk: Co-occurrence of threshold manipulation, compressed bidding window, or repeat winner pattern.","duration=5.916666666666667d, threshold_val=₹3,412,206, flags=RF-1, RF-4",0.92,Reviewed under PARAKH Annotation Standard v2.0 for HIMACHAL PRADESH jurisdiction.
CEN-CE-2021-01345,AUDITOR_EXP_01,2026-12-15T12:00:00,30,"RF-4, RF-6",2,1,"Elevated multi-factor risk: Co-occurrence of threshold manipulation, compressed bidding window, or repeat winner pattern.","duration=6.0d, threshold_val=₹4,319,389, flags=RF-4, RF-6",0.92,Reviewed under PARAKH Annotation Standard v2.0 for CENTRAL jurisdiction.
2017_HPIPH_16578_1,AUDITOR_EXP_01,2026-12-15T14:00:00,35,"RF-3, RF-6",2,1,"Elevated multi-factor risk: Co-occurrence of threshold manipulation, compressed bidding window, or repeat winner pattern.","duration=19.99652777777778d, threshold_val=₹4,589,964, flags=RF-3, RF-6",0.92,Reviewed under PARAKH Annotation Standard v2.0 for HIMACHAL PRADESH jurisdiction.
2017_PWD_17749_1,AUDITOR_EXP_01,2026-12-15T16:00:00,15,RF-6,1,0,Isolated procedural deviation without evidence of systematic competition restriction.,"flags=RF-6, bidders=3",0.88,Reviewed under PARAKH Annotation Standard v2.0 for HIMACHAL PRADESH jurisdiction.
2017_HPIPH_17890_1,AUDITOR_EXP_01,2026-12-15T18:00:00,35,"RF-5, RF-6",2,1,"Elevated multi-factor risk: Co-occurrence of threshold manipulation, compressed bidding window, or repeat winner pattern.","duration=19.67708333333333d, threshold_val=₹2,310,579, flags=RF-5, RF-6",0.92,Reviewed under PARAKH Annotation Standard v2.0 for HIMACHAL PRADESH jurisdiction.
2017_UDDHP_17919_1,AUDITOR_EXP_01,2026-12-15T20:00:00,35,"RF-5, RF-6",2,1,"Elevated multi-factor risk: Co-occurrence of threshold manipulation, compressed bidding window, or repeat winner pattern.","duration=15.75d, threshold_val=₹5,613,849, flags=RF-5, RF-6",0.92,Reviewed under PARAKH Annotation Standard v2.0 for HIMACHAL PRADESH jurisdiction.
2017_UDDHP_14897_1,AUDITOR_EXP_01,2026-12-15T22:00:00,30,"RF-4, RF-6",2,1,"Elevated multi-factor risk: Co-occurrence of threshold manipulation, compressed bidding window, or repeat winner pattern.","duration=6.041666666666667d, threshold_val=₹1,115,688, flags=RF-4, RF-6",0.92,Reviewed under PARAKH Annotation Standard v2.0 for HIMACHAL PRADESH jurisdiction.
CEN-CE-2021-01192,AUDITOR_EXP_01,2026-12-16T00:00:00,30,"RF-4, RF-6",2,1,"Elevated multi-factor risk: Co-occurrence of threshold manipulation, compressed bidding window, or repeat winner pattern.","duration=4.0d, threshold_val=₹21,396,127, flags=RF-4, RF-6",0.92,Reviewed under PARAKH Annotation Standard v2.0 for CENTRAL jurisdiction.
2019_PWD_26098_15,AUDITOR_EXP_01,2026-12-16T02:00:00,40,"RF-1, RF-6",2,1,"Elevated multi-factor risk: Co-occurrence of threshold manipulation, compressed bidding window, or repeat winner pattern.","duration=14.96527777777778d, threshold_val=₹1,658,944, flags=RF-1, RF-6",0.92,Reviewed under PARAKH Annotation Standard v2.0 for HIMACHAL PRADESH jurisdiction.
KAR-KA-2021-01228,AUDITOR_EXP_01,2026-12-16T04:00:00,60,"RF-1, RF-5, RF-6",3,1,Severe procurement anomaly: Single-bidder monopoly coupled with high price deviation or department dominance.,"bidders=1, price_deviation=0.35, flags=RF-1, RF-5, RF-6",0.98,Reviewed under PARAKH Annotation Standard v2.0 for KARNATAKA jurisdiction.
KAR-KA-2021-01247,AUDITOR_EXP_01,2026-12-16T06:00:00,35,"RF-5, RF-6",2,1,"Elevated multi-factor risk: Co-occurrence of threshold manipulation, compressed bidding window, or repeat winner pattern.","duration=30.0d, threshold_val=₹225,862,381, flags=RF-5, RF-6",0.92,Reviewed under PARAKH Annotation Standard v2.0 for KARNATAKA jurisdiction.
2018_PWD_19648_7,AUDITOR_EXP_01,2026-12-16T08:00:00,35,"RF-5, RF-6",2,1,"Elevated multi-factor risk: Co-occurrence of threshold manipulation, compressed bidding window, or repeat winner pattern.","duration=18.67013888888889d, threshold_val=₹1,725,349, flags=RF-5, RF-6",0.92,Reviewed under PARAKH Annotation Standard v2.0 for HIMACHAL PRADESH jurisdiction.
2017_HPIPH_14475_1,AUDITOR_EXP_01,2026-12-16T10:00:00,35,"RF-5, RF-6",2,1,"Elevated multi-factor risk: Co-occurrence of threshold manipulation, compressed bidding window, or repeat winner pattern.","duration=25.77083333333333d, threshold_val=₹2,306,588, flags=RF-5, RF-6",0.92,Reviewed under PARAKH Annotation Standard v2.0 for HIMACHAL PRADESH jurisdiction.
2017_PWD_18953_1,AUDITOR_EXP_01,2026-12-16T12:00:00,0,NONE,0,0,"Compliant procurement: Competitive bidding window, standard price alignment, and multiple participating suppliers.","bidders=3, duration=20.166666666666668d, estimate_alignment=OK",0.99,Reviewed under PARAKH Annotation Standard v2.0 for HIMACHAL PRADESH jurisdiction.
MAH-MA-2021-01113,AUDITOR_EXP_01,2026-12-16T14:00:00,60,"RF-1, RF-5, RF-6",3,1,Severe procurement anomaly: Single-bidder monopoly coupled with high price deviation or department dominance.,"bidders=1, price_deviation=0.35, flags=RF-1, RF-5, RF-6",0.98,Reviewed under PARAKH Annotation Standard v2.0 for MAHARASHTRA jurisdiction.
KAR-KA-2021-01171,AUDITOR_EXP_01,2026-12-16T16:00:00,30,"RF-4, RF-6",2,1,"Elevated multi-factor risk: Co-occurrence of threshold manipulation, compressed bidding window, or repeat winner pattern.","duration=4.0d, threshold_val=₹5,375,381, flags=RF-4, RF-6",0.92,Reviewed under PARAKH Annotation Standard v2.0 for KARNATAKA jurisdiction.
MAH-MA-2021-01056,AUDITOR_EXP_01,2026-12-16T18:00:00,40,"RF-1, RF-6",2,1,"Elevated multi-factor risk: Co-occurrence of threshold manipulation, compressed bidding window, or repeat winner pattern.","duration=30.0d, threshold_val=₹2,439,269, flags=RF-1, RF-6",0.92,Reviewed under PARAKH Annotation Standard v2.0 for MAHARASHTRA jurisdiction.
CEN-CE-2021-01140,AUDITOR_EXP_01,2026-12-16T20:00:00,15,RF-6,1,0,Isolated procedural deviation without evidence of systematic competition restriction.,"flags=RF-6, bidders=4",0.88,Reviewed under PARAKH Annotation Standard v2.0 for CENTRAL jurisdiction.
2017_UDDHP_18136_1,AUDITOR_EXP_01,2026-12-16T22:00:00,35,"RF-5, RF-6",2,1,"Elevated multi-factor risk: Co-occurrence of threshold manipulation, compressed bidding window, or repeat winner pattern.","duration=10.25d, threshold_val=₹374,088, flags=RF-5, RF-6",0.92,Reviewed under PARAKH Annotation Standard v2.0 for HIMACHAL PRADESH jurisdiction.
CEN-CE-2021-01080,AUDITOR_EXP_01,2026-12-17T00:00:00,55,"RF-1, RF-4, RF-6",2,1,"Elevated multi-factor risk: Co-occurrence of threshold manipulation, compressed bidding window, or repeat winner pattern.","duration=6.0d, threshold_val=₹182,916,874, flags=RF-1, RF-4, RF-6",0.92,Reviewed under PARAKH Annotation Standard v2.0 for CENTRAL jurisdiction.
2017_HPIPH_17632_1,AUDITOR_EXP_01,2026-12-17T02:00:00,30,"RF-4, RF-6",2,1,"Elevated multi-factor risk: Co-occurrence of threshold manipulation, compressed bidding window, or repeat winner pattern.","duration=6.9375d, threshold_val=₹329,384, flags=RF-4, RF-6",0.92,Reviewed under PARAKH Annotation Standard v2.0 for HIMACHAL PRADESH jurisdiction.
2018_FDC_19563_1,AUDITOR_EXP_01,2026-12-17T04:00:00,75,"RF-1, RF-4, RF-5, RF-6",3,1,Severe procurement anomaly: Single-bidder monopoly coupled with high price deviation or department dominance.,"bidders=1, price_deviation=0.50, flags=RF-1, RF-4, RF-5, RF-6",0.98,Reviewed under PARAKH Annotation Standard v2.0 for HIMACHAL PRADESH jurisdiction.
2017_MC_15851_1,AUDITOR_EXP_01,2026-12-17T06:00:00,0,NONE,0,0,"Compliant procurement: Competitive bidding window, standard price alignment, and multiple participating suppliers.","bidders=5, duration=22.041666666666668d, estimate_alignment=OK",0.99,Reviewed under PARAKH Annotation Standard v2.0 for HIMACHAL PRADESH jurisdiction.
2017_UDDHP_18116_1,AUDITOR_EXP_01,2026-12-17T08:00:00,35,"RF-5, RF-6",2,1,"Elevated multi-factor risk: Co-occurrence of threshold manipulation, compressed bidding window, or repeat winner pattern.","duration=11.25d, threshold_val=₹361,872, flags=RF-5, RF-6",0.92,Reviewed under PARAKH Annotation Standard v2.0 for HIMACHAL PRADESH jurisdiction.
2018_UDDHP_19114_1,AUDITOR_EXP_01,2026-12-17T10:00:00,45,"RF-1, RF-5",3,1,Severe procurement anomaly: Single-bidder monopoly coupled with high price deviation or department dominance.,"bidders=1, price_deviation=0.52, flags=RF-1, RF-5",0.98,Reviewed under PARAKH Annotation Standard v2.0 for HIMACHAL PRADESH jurisdiction.
2018_PWD_20276_1,AUDITOR_EXP_01,2026-12-17T12:00:00,35,"RF-5, RF-6",2,1,"Elevated multi-factor risk: Co-occurrence of threshold manipulation, compressed bidding window, or repeat winner pattern.","duration=11.958333333333334d, threshold_val=₹1,751,815, flags=RF-5, RF-6",0.92,Reviewed under PARAKH Annotation Standard v2.0 for HIMACHAL PRADESH jurisdiction.
2018_PWD_21966_1,AUDITOR_EXP_01,2026-12-17T14:00:00,30,"RF-4, RF-6",2,1,"Elevated multi-factor risk: Co-occurrence of threshold manipulation, compressed bidding window, or repeat winner pattern.","duration=6.659722222222222d, threshold_val=₹926,064, flags=RF-4, RF-6",0.92,Reviewed under PARAKH Annotation Standard v2.0 for HIMACHAL PRADESH jurisdiction.
2017_UDDHP_17267_1-109,AUDITOR_EXP_01,2026-12-17T16:00:00,35,"RF-5, RF-6",2,1,"Elevated multi-factor risk: Co-occurrence of threshold manipulation, compressed bidding window, or repeat winner pattern.","duration=11.75d, threshold_val=₹969,208, flags=RF-5, RF-6",0.92,Reviewed under PARAKH Annotation Standard v2.0 for HIMACHAL PRADESH jurisdiction.
2017_UDDHP_17628_1,AUDITOR_EXP_01,2026-12-17T18:00:00,35,"RF-5, RF-6",2,1,"Elevated multi-factor risk: Co-occurrence of threshold manipulation, compressed bidding window, or repeat winner pattern.","duration=7.25d, threshold_val=₹787,500, flags=RF-5, RF-6",0.92,Reviewed under PARAKH Annotation Standard v2.0 for HIMACHAL PRADESH jurisdiction.
2017_HPIPH_16403_1,AUDITOR_EXP_01,2026-12-17T20:00:00,35,"RF-4, RF-5",2,1,"Elevated multi-factor risk: Co-occurrence of threshold manipulation, compressed bidding window, or repeat winner pattern.","duration=5.833333333333333d, threshold_val=₹2,741,716, flags=RF-4, RF-5",0.92,Reviewed under PARAKH Annotation Standard v2.0 for HIMACHAL PRADESH jurisdiction.
2017_HPIPH_17505_5,AUDITOR_EXP_01,2026-12-17T22:00:00,0,NONE,0,0,"Compliant procurement: Competitive bidding window, standard price alignment, and multiple participating suppliers.","bidders=6, duration=15.291666666666666d, estimate_alignment=OK",0.99,Reviewed under PARAKH Annotation Standard v2.0 for HIMACHAL PRADESH jurisdiction.
2016_MC_10913_1,AUDITOR_EXP_01,2026-12-18T00:00:00,35,"RF-5, RF-6",2,1,"Elevated multi-factor risk: Co-occurrence of threshold manipulation, compressed bidding window, or repeat winner pattern.","duration=18.89583333333333d, threshold_val=₹4,100,309, flags=RF-5, RF-6",0.92,Reviewed under PARAKH Annotation Standard v2.0 for HIMACHAL PRADESH jurisdiction.
2017_PWD_17504_1,AUDITOR_EXP_01,2026-12-18T02:00:00,40,"RF-1, RF-6",2,1,"Elevated multi-factor risk: Co-occurrence of threshold manipulation, compressed bidding window, or repeat winner pattern.","duration=29.729166666666668d, threshold_val=₹1,764,305, flags=RF-1, RF-6",0.92,Reviewed under PARAKH Annotation Standard v2.0 for HIMACHAL PRADESH jurisdiction.
2017_PWD_17147_7,AUDITOR_EXP_01,2026-12-18T04:00:00,15,RF-6,1,0,Isolated procedural deviation without evidence of systematic competition restriction.,"flags=RF-6, bidders=8",0.88,Reviewed under PARAKH Annotation Standard v2.0 for HIMACHAL PRADESH jurisdiction.
2018_HPIPH_21234_1,AUDITOR_EXP_01,2026-12-18T06:00:00,20,RF-3,1,0,Isolated procedural deviation without evidence of systematic competition restriction.,"flags=RF-3, bidders=4",0.88,Reviewed under PARAKH Annotation Standard v2.0 for HIMACHAL PRADESH jurisdiction.
MAH-MA-2021-01091,AUDITOR_EXP_01,2026-12-18T08:00:00,50,"RF-3, RF-4, RF-6",2,1,"Elevated multi-factor risk: Co-occurrence of threshold manipulation, compressed bidding window, or repeat winner pattern.","duration=6.0d, threshold_val=₹4,725,766, flags=RF-3, RF-4, RF-6",0.92,Reviewed under PARAKH Annotation Standard v2.0 for MAHARASHTRA jurisdiction.
MAH-MA-2021-01005,AUDITOR_EXP_01,2026-12-18T10:00:00,35,"RF-5, RF-6",2,1,"Elevated multi-factor risk: Co-occurrence of threshold manipulation, compressed bidding window, or repeat winner pattern.","duration=14.0d, threshold_val=₹449,145,607, flags=RF-5, RF-6",0.92,Reviewed under PARAKH Annotation Standard v2.0 for MAHARASHTRA jurisdiction.
CEN-CE-2021-01212,AUDITOR_EXP_01,2026-12-18T12:00:00,75,"RF-1, RF-4, RF-5, RF-6",3,1,Severe procurement anomaly: Single-bidder monopoly coupled with high price deviation or department dominance.,"bidders=1, price_deviation=0.35, flags=RF-1, RF-4, RF-5, RF-6",0.98,Reviewed under PARAKH Annotation Standard v2.0 for CENTRAL jurisdiction.
CEN-CE-2021-01248,AUDITOR_EXP_01,2026-12-18T14:00:00,15,RF-6,1,0,Isolated procedural deviation without evidence of systematic competition restriction.,"flags=RF-6, bidders=2",0.88,Reviewed under PARAKH Annotation Standard v2.0 for CENTRAL jurisdiction.
2017_PWD_16357_1,AUDITOR_EXP_01,2026-12-18T16:00:00,30,"RF-4, RF-6",2,1,"Elevated multi-factor risk: Co-occurrence of threshold manipulation, compressed bidding window, or repeat winner pattern.","duration=6.729166666666667d, threshold_val=₹1,227,518, flags=RF-4, RF-6",0.92,Reviewed under PARAKH Annotation Standard v2.0 for HIMACHAL PRADESH jurisdiction.
MAH-MA-2021-01045,AUDITOR_EXP_01,2026-12-18T18:00:00,55,"RF-1, RF-4, RF-6",2,1,"Elevated multi-factor risk: Co-occurrence of threshold manipulation, compressed bidding window, or repeat winner pattern.","duration=6.0d, threshold_val=₹160,684,408, flags=RF-1, RF-4, RF-6",0.92,Reviewed under PARAKH Annotation Standard v2.0 for MAHARASHTRA jurisdiction.
MAH-MA-2021-01197,AUDITOR_EXP_01,2026-12-18T20:00:00,35,"RF-3, RF-6",2,1,"Elevated multi-factor risk: Co-occurrence of threshold manipulation, compressed bidding window, or repeat winner pattern.","duration=21.0d, threshold_val=₹4,999,213, flags=RF-3, RF-6",0.92,Reviewed under PARAKH Annotation Standard v2.0 for MAHARASHTRA jurisdiction.
UTT-UT-2021-01115,AUDITOR_EXP_01,2026-12-18T22:00:00,0,NONE,0,0,"Compliant procurement: Competitive bidding window, standard price alignment, and multiple participating suppliers.","bidders=2, duration=14.0d, estimate_alignment=OK",0.99,Reviewed under PARAKH Annotation Standard v2.0 for UTTAR PRADESH jurisdiction.
CEN-CE-2021-01220,AUDITOR_EXP_01,2026-12-19T00:00:00,40,"RF-1, RF-6",2,1,"Elevated multi-factor risk: Co-occurrence of threshold manipulation, compressed bidding window, or repeat winner pattern.","duration=14.0d, threshold_val=₹17,328,385, flags=RF-1, RF-6",0.92,Reviewed under PARAKH Annotation Standard v2.0 for CENTRAL jurisdiction.
KAR-KA-2021-01030,AUDITOR_EXP_01,2026-12-19T02:00:00,35,"RF-5, RF-6",2,1,"Elevated multi-factor risk: Co-occurrence of threshold manipulation, compressed bidding window, or repeat winner pattern.","duration=14.0d, threshold_val=₹177,667,466, flags=RF-5, RF-6",0.92,Reviewed under PARAKH Annotation Standard v2.0 for KARNATAKA jurisdiction.
UTT-UT-2021-01154,AUDITOR_EXP_01,2026-12-19T04:00:00,30,"RF-4, RF-6",2,1,"Elevated multi-factor risk: Co-occurrence of threshold manipulation, compressed bidding window, or repeat winner pattern.","duration=4.0d, threshold_val=₹11,856,364, flags=RF-4, RF-6",0.92,Reviewed under PARAKH Annotation Standard v2.0 for UTTAR PRADESH jurisdiction.
CEN-CE-2021-01048,AUDITOR_EXP_01,2026-12-19T06:00:00,30,"RF-4, RF-6",2,1,"Elevated multi-factor risk: Co-occurrence of threshold manipulation, compressed bidding window, or repeat winner pattern.","duration=4.0d, threshold_val=₹5,064,356, flags=RF-4, RF-6",0.92,Reviewed under PARAKH Annotation Standard v2.0 for CENTRAL jurisdiction.
CEN-CE-2021-01296,AUDITOR_EXP_01,2026-12-19T08:00:00,75,"RF-1, RF-4, RF-5, RF-6",3,1,Severe procurement anomaly: Single-bidder monopoly coupled with high price deviation or department dominance.,"bidders=1, price_deviation=0.35, flags=RF-1, RF-4, RF-5, RF-6",0.98,Reviewed under PARAKH Annotation Standard v2.0 for CENTRAL jurisdiction.
RAJ-RA-2021-01086,AUDITOR_EXP_01,2026-12-19T10:00:00,30,"RF-4, RF-6",2,1,"Elevated multi-factor risk: Co-occurrence of threshold manipulation, compressed bidding window, or repeat winner pattern.","duration=6.0d, threshold_val=₹5,299,008, flags=RF-4, RF-6",0.92,Reviewed under PARAKH Annotation Standard v2.0 for RAJASTHAN jurisdiction.
MAH-MA-2021-01196,AUDITOR_EXP_01,2026-12-19T12:00:00,50,"RF-4, RF-5, RF-6",2,1,"Elevated multi-factor risk: Co-occurrence of threshold manipulation, compressed bidding window, or repeat winner pattern.","duration=6.0d, threshold_val=₹6,650,518, flags=RF-4, RF-5, RF-6",0.92,Reviewed under PARAKH Annotation Standard v2.0 for MAHARASHTRA jurisdiction.
UTT-UT-2021-01192,AUDITOR_EXP_01,2026-12-19T14:00:00,15,RF-6,1,0,Isolated procedural deviation without evidence of systematic competition restriction.,"flags=RF-6, bidders=4",0.88,Reviewed under PARAKH Annotation Standard v2.0 for UTTAR PRADESH jurisdiction.
2019_HPIPH_29426_1,AUDITOR_EXP_01,2026-12-19T16:00:00,35,"RF-5, RF-6",2,1,"Elevated multi-factor risk: Co-occurrence of threshold manipulation, compressed bidding window, or repeat winner pattern.","duration=33.75d, threshold_val=₹6,384,077, flags=RF-5, RF-6",0.92,Reviewed under PARAKH Annotation Standard v2.0 for HIMACHAL PRADESH jurisdiction.
2018_HPIPH_21426_1,AUDITOR_EXP_01,2026-12-19T18:00:00,35,"RF-5, RF-6",2,1,"Elevated multi-factor risk: Co-occurrence of threshold manipulation, compressed bidding window, or repeat winner pattern.","duration=30.0d, threshold_val=₹1,759,922, flags=RF-5, RF-6",0.92,Reviewed under PARAKH Annotation Standard v2.0 for HIMACHAL PRADESH jurisdiction.
2017_HPSED_17276_1,AUDITOR_EXP_01,2026-12-19T20:00:00,0,NONE,0,0,"Compliant procurement: Competitive bidding window, standard price alignment, and multiple participating suppliers.","bidders=3, duration=15.020833333333334d, estimate_alignment=OK",0.99,Reviewed under PARAKH Annotation Standard v2.0 for HIMACHAL PRADESH jurisdiction.
2019_HPIPH_29985_1,AUDITOR_EXP_01,2026-12-19T22:00:00,0,NONE,0,0,"Compliant procurement: Competitive bidding window, standard price alignment, and multiple participating suppliers.","bidders=2, duration=14.291666666666666d, estimate_alignment=OK",0.99,Reviewed under PARAKH Annotation Standard v2.0 for HIMACHAL PRADESH jurisdiction.
CEN-CE-2021-01012,AUDITOR_EXP_01,2026-12-20T00:00:00,30,"RF-4, RF-6",2,1,"Elevated multi-factor risk: Co-occurrence of threshold manipulation, compressed bidding window, or repeat winner pattern.","duration=6.0d, threshold_val=₹15,440,373, flags=RF-4, RF-6",0.92,Reviewed under PARAKH Annotation Standard v2.0 for CENTRAL jurisdiction.
2020_HPIPH_37667_1-3534,AUDITOR_EXP_01,2026-12-20T02:00:00,15,RF-6,1,0,Isolated procedural deviation without evidence of systematic competition restriction.,"flags=RF-6, bidders=3",0.88,Reviewed under PARAKH Annotation Standard v2.0 for HIMACHAL PRADESH jurisdiction.
2016_HPIPH_10924_1,AUDITOR_EXP_01,2026-12-20T04:00:00,60,"RF-1, RF-5, RF-6",3,1,Severe procurement anomaly: Single-bidder monopoly coupled with high price deviation or department dominance.,"bidders=1, price_deviation=0.46, flags=RF-1, RF-5, RF-6",0.98,Reviewed under PARAKH Annotation Standard v2.0 for HIMACHAL PRADESH jurisdiction.
2017_PWD_16356_1,AUDITOR_EXP_01,2026-12-20T06:00:00,30,"RF-4, RF-6",2,1,"Elevated multi-factor risk: Co-occurrence of threshold manipulation, compressed bidding window, or repeat winner pattern.","duration=6.729166666666667d, threshold_val=₹3,096,978, flags=RF-4, RF-6",0.92,Reviewed under PARAKH Annotation Standard v2.0 for HIMACHAL PRADESH jurisdiction.
2020_HPIPH_37667_1,AUDITOR_EXP_01,2026-12-20T08:00:00,35,"RF-5, RF-6",2,1,"Elevated multi-factor risk: Co-occurrence of threshold manipulation, compressed bidding window, or repeat winner pattern.","duration=15.75d, threshold_val=₹1,412,439, flags=RF-5, RF-6",0.92,Reviewed under PARAKH Annotation Standard v2.0 for HIMACHAL PRADESH jurisdiction.
CEN-CE-2021-01185,AUDITOR_EXP_01,2026-12-20T10:00:00,30,"RF-4, RF-6",2,1,"Elevated multi-factor risk: Co-occurrence of threshold manipulation, compressed bidding window, or repeat winner pattern.","duration=6.0d, threshold_val=₹10,364,028, flags=RF-4, RF-6",0.92,Reviewed under PARAKH Annotation Standard v2.0 for CENTRAL jurisdiction.
UTT-UT-2021-01177,AUDITOR_EXP_01,2026-12-20T12:00:00,30,"RF-4, RF-6",2,1,"Elevated multi-factor risk: Co-occurrence of threshold manipulation, compressed bidding window, or repeat winner pattern.","duration=6.0d, threshold_val=₹64,906,834, flags=RF-4, RF-6",0.92,Reviewed under PARAKH Annotation Standard v2.0 for UTTAR PRADESH jurisdiction.
UTT-UT-2021-01055,AUDITOR_EXP_01,2026-12-20T14:00:00,50,"RF-4, RF-5, RF-6",2,1,"Elevated multi-factor risk: Co-occurrence of threshold manipulation, compressed bidding window, or repeat winner pattern.","duration=4.0d, threshold_val=₹120,957,614, flags=RF-4, RF-5, RF-6",0.92,Reviewed under PARAKH Annotation Standard v2.0 for UTTAR PRADESH jurisdiction.
2017_HPIPH_17630_1-3817,AUDITOR_EXP_01,2026-12-20T16:00:00,15,RF-4,1,0,Isolated procedural deviation without evidence of systematic competition restriction.,"flags=RF-4, bidders=4",0.88,Reviewed under PARAKH Annotation Standard v2.0 for HIMACHAL PRADESH jurisdiction.
2018_HPIPH_25420_1,AUDITOR_EXP_01,2026-12-20T18:00:00,0,NONE,0,0,"Compliant procurement: Competitive bidding window, standard price alignment, and multiple participating suppliers.","bidders=2, duration=13.708333333333334d, estimate_alignment=OK",0.99,Reviewed under PARAKH Annotation Standard v2.0 for HIMACHAL PRADESH jurisdiction.
KAR-KA-2021-01200,AUDITOR_EXP_01,2026-12-20T20:00:00,55,"RF-1, RF-4, RF-6",2,1,"Elevated multi-factor risk: Co-occurrence of threshold manipulation, compressed bidding window, or repeat winner pattern.","duration=4.0d, threshold_val=₹17,751,527, flags=RF-1, RF-4, RF-6",0.92,Reviewed under PARAKH Annotation Standard v2.0 for KARNATAKA jurisdiction.
UTT-UT-2021-01061,AUDITOR_EXP_01,2026-12-20T22:00:00,50,"RF-4, RF-5, RF-6",2,1,"Elevated multi-factor risk: Co-occurrence of threshold manipulation, compressed bidding window, or repeat winner pattern.","duration=6.0d, threshold_val=₹12,923,428, flags=RF-4, RF-5, RF-6",0.92,Reviewed under PARAKH Annotation Standard v2.0 for UTTAR PRADESH jurisdiction.
2018_HPIPH_20709_1,AUDITOR_EXP_01,2026-12-21T00:00:00,0,NONE,0,0,"Compliant procurement: Competitive bidding window, standard price alignment, and multiple participating suppliers.","bidders=4, duration=15.270833333333334d, estimate_alignment=OK",0.99,Reviewed under PARAKH Annotation Standard v2.0 for HIMACHAL PRADESH jurisdiction.
2018_HIMUD_19932_1,AUDITOR_EXP_01,2026-12-21T02:00:00,20,RF-5,1,0,Isolated procedural deviation without evidence of systematic competition restriction.,"flags=RF-5, bidders=8",0.88,Reviewed under PARAKH Annotation Standard v2.0 for HIMACHAL PRADESH jurisdiction.
2019_PWD_27880_1,AUDITOR_EXP_01,2026-12-21T04:00:00,40,"RF-1, RF-4",2,1,"Elevated multi-factor risk: Co-occurrence of threshold manipulation, compressed bidding window, or repeat winner pattern.","duration=6.6875d, threshold_val=₹8,470,840, flags=RF-1, RF-4",0.92,Reviewed under PARAKH Annotation Standard v2.0 for HIMACHAL PRADESH jurisdiction.
CEN-CE-2021-01242,AUDITOR_EXP_01,2026-12-21T06:00:00,35,"RF-5, RF-6",2,1,"Elevated multi-factor risk: Co-occurrence of threshold manipulation, compressed bidding window, or repeat winner pattern.","duration=14.0d, threshold_val=₹24,414,521, flags=RF-5, RF-6",0.92,Reviewed under PARAKH Annotation Standard v2.0 for CENTRAL jurisdiction.
2017_UDDHP_15561_1,AUDITOR_EXP_01,2026-12-21T08:00:00,35,"RF-5, RF-6",2,1,"Elevated multi-factor risk: Co-occurrence of threshold manipulation, compressed bidding window, or repeat winner pattern.","duration=8.083333333333334d, threshold_val=₹492,907, flags=RF-5, RF-6",0.92,Reviewed under PARAKH Annotation Standard v2.0 for HIMACHAL PRADESH jurisdiction.
RAJ-RA-2021-01036,AUDITOR_EXP_01,2026-12-21T10:00:00,30,"RF-4, RF-6",2,1,"Elevated multi-factor risk: Co-occurrence of threshold manipulation, compressed bidding window, or repeat winner pattern.","duration=4.0d, threshold_val=₹18,056,430, flags=RF-4, RF-6",0.92,Reviewed under PARAKH Annotation Standard v2.0 for RAJASTHAN jurisdiction.
MAH-MA-2021-01232,AUDITOR_EXP_01,2026-12-21T12:00:00,40,"RF-1, RF-6",2,1,"Elevated multi-factor risk: Co-occurrence of threshold manipulation, compressed bidding window, or repeat winner pattern.","duration=14.0d, threshold_val=₹5,007,708, flags=RF-1, RF-6",0.92,Reviewed under PARAKH Annotation Standard v2.0 for MAHARASHTRA jurisdiction.
KAR-KA-2021-01206,AUDITOR_EXP_01,2026-12-21T14:00:00,15,RF-4,1,0,Isolated procedural deviation without evidence of systematic competition restriction.,"flags=RF-4, bidders=4",0.88,Reviewed under PARAKH Annotation Standard v2.0 for KARNATAKA jurisdiction.
UTT-UT-2021-01137,AUDITOR_EXP_01,2026-12-21T16:00:00,35,"RF-5, RF-6",2,1,"Elevated multi-factor risk: Co-occurrence of threshold manipulation, compressed bidding window, or repeat winner pattern.","duration=21.0d, threshold_val=₹190,976,463, flags=RF-5, RF-6",0.92,Reviewed under PARAKH Annotation Standard v2.0 for UTTAR PRADESH jurisdiction.
2018_YSPU_19144_1,AUDITOR_EXP_01,2026-12-21T18:00:00,35,"RF-5, RF-6",2,1,"Elevated multi-factor risk: Co-occurrence of threshold manipulation, compressed bidding window, or repeat winner pattern.","duration=19.70833333333333d, threshold_val=₹1,723,864, flags=RF-5, RF-6",0.92,Reviewed under PARAKH Annotation Standard v2.0 for HIMACHAL PRADESH jurisdiction.
2018_HPIPH_21938_1,AUDITOR_EXP_01,2026-12-21T20:00:00,35,"RF-5, RF-6",2,1,"Elevated multi-factor risk: Co-occurrence of threshold manipulation, compressed bidding window, or repeat winner pattern.","duration=21.77083333333333d, threshold_val=₹18,422,513, flags=RF-5, RF-6",0.92,Reviewed under PARAKH Annotation Standard v2.0 for HIMACHAL PRADESH jurisdiction.
RAJ-RA-2021-01042,AUDITOR_EXP_01,2026-12-21T22:00:00,35,"RF-5, RF-6",2,1,"Elevated multi-factor risk: Co-occurrence of threshold manipulation, compressed bidding window, or repeat winner pattern.","duration=14.0d, threshold_val=₹6,690,102, flags=RF-5, RF-6",0.92,Reviewed under PARAKH Annotation Standard v2.0 for RAJASTHAN jurisdiction.
CEN-CE-2021-01082,AUDITOR_EXP_01,2026-12-22T00:00:00,40,"RF-1, RF-6",2,1,"Elevated multi-factor risk: Co-occurrence of threshold manipulation, compressed bidding window, or repeat winner pattern.","duration=30.0d, threshold_val=₹4,376,172, flags=RF-1, RF-6",0.92,Reviewed under PARAKH Annotation Standard v2.0 for CENTRAL jurisdiction.
2018_PWD_19300_5,AUDITOR_EXP_01,2026-12-22T02:00:00,0,NONE,0,0,"Compliant procurement: Competitive bidding window, standard price alignment, and multiple participating suppliers.","bidders=15, duration=23.08333333333333d, estimate_alignment=OK",0.99,Reviewed under PARAKH Annotation Standard v2.0 for HIMACHAL PRADESH jurisdiction.
2017_PWD_15502_6,AUDITOR_EXP_01,2026-12-22T04:00:00,0,NONE,0,0,"Compliant procurement: Competitive bidding window, standard price alignment, and multiple participating suppliers.","bidders=2, duration=10.989583333333334d, estimate_alignment=OK",0.99,Reviewed under PARAKH Annotation Standard v2.0 for HIMACHAL PRADESH jurisdiction.
RAJ-RA-2021-01156,AUDITOR_EXP_01,2026-12-22T06:00:00,55,"RF-1, RF-4, RF-6",2,1,"Elevated multi-factor risk: Co-occurrence of threshold manipulation, compressed bidding window, or repeat winner pattern.","duration=6.0d, threshold_val=₹5,072,985, flags=RF-1, RF-4, RF-6",0.92,Reviewed under PARAKH Annotation Standard v2.0 for RAJASTHAN jurisdiction.
2018_PWD_20063_2,AUDITOR_EXP_01,2026-12-22T08:00:00,35,"RF-5, RF-6",2,1,"Elevated multi-factor risk: Co-occurrence of threshold manipulation, compressed bidding window, or repeat winner pattern.","duration=17.041666666666668d, threshold_val=₹1,954,548, flags=RF-5, RF-6",0.92,Reviewed under PARAKH Annotation Standard v2.0 for HIMACHAL PRADESH jurisdiction.
2018_BBNDA_19112_1,AUDITOR_EXP_01,2026-12-22T10:00:00,35,"RF-5, RF-6",2,1,"Elevated multi-factor risk: Co-occurrence of threshold manipulation, compressed bidding window, or repeat winner pattern.","duration=16.0625d, threshold_val=₹3,647,279, flags=RF-5, RF-6",0.92,Reviewed under PARAKH Annotation Standard v2.0 for HIMACHAL PRADESH jurisdiction.
UTT-UT-2021-01112,AUDITOR_EXP_01,2026-12-22T12:00:00,40,"RF-1, RF-6",2,1,"Elevated multi-factor risk: Co-occurrence of threshold manipulation, compressed bidding window, or repeat winner pattern.","duration=30.0d, threshold_val=₹14,289,467, flags=RF-1, RF-6",0.92,Reviewed under PARAKH Annotation Standard v2.0 for UTTAR PRADESH jurisdiction.
2017_UDDHP_18320_1,AUDITOR_EXP_01,2026-12-22T14:00:00,50,"RF-4, RF-5, RF-6",2,1,"Elevated multi-factor risk: Co-occurrence of threshold manipulation, compressed bidding window, or repeat winner pattern.","duration=5.333333333333333d, threshold_val=₹467,700, flags=RF-4, RF-5, RF-6",0.92,Reviewed under PARAKH Annotation Standard v2.0 for HIMACHAL PRADESH jurisdiction.
CEN-CE-2021-01183,AUDITOR_EXP_01,2026-12-22T16:00:00,30,"RF-4, RF-6",2,1,"Elevated multi-factor risk: Co-occurrence of threshold manipulation, compressed bidding window, or repeat winner pattern.","duration=6.0d, threshold_val=₹20,449,934, flags=RF-4, RF-6",0.92,Reviewed under PARAKH Annotation Standard v2.0 for CENTRAL jurisdiction.
2017_PWD_18259_1,AUDITOR_EXP_01,2026-12-22T18:00:00,35,"RF-5, RF-6",2,1,"Elevated multi-factor risk: Co-occurrence of threshold manipulation, compressed bidding window, or repeat winner pattern.","duration=8.125d, threshold_val=₹801,000, flags=RF-5, RF-6",0.92,Reviewed under PARAKH Annotation Standard v2.0 for HIMACHAL PRADESH jurisdiction.
RAJ-RA-2021-01060,AUDITOR_EXP_01,2026-12-22T20:00:00,35,"RF-5, RF-6",2,1,"Elevated multi-factor risk: Co-occurrence of threshold manipulation, compressed bidding window, or repeat winner pattern.","duration=21.0d, threshold_val=₹13,324,170, flags=RF-5, RF-6",0.92,Reviewed under PARAKH Annotation Standard v2.0 for RAJASTHAN jurisdiction.
2018_HPIPH_19536_1-3200,AUDITOR_EXP_01,2026-12-22T22:00:00,35,"RF-5, RF-6",2,1,"Elevated multi-factor risk: Co-occurrence of threshold manipulation, compressed bidding window, or repeat winner pattern.","duration=14.125d, threshold_val=₹6,912,091, flags=RF-5, RF-6",0.92,Reviewed under PARAKH Annotation Standard v2.0 for HIMACHAL PRADESH jurisdiction.
2018_PWD_19997_2,AUDITOR_EXP_01,2026-12-23T00:00:00,45,"RF-1, RF-5",3,1,Severe procurement anomaly: Single-bidder monopoly coupled with high price deviation or department dominance.,"bidders=1, price_deviation=0.34, flags=RF-1, RF-5",0.98,Reviewed under PARAKH Annotation Standard v2.0 for HIMACHAL PRADESH jurisdiction.
2018_FDC_19129_1,AUDITOR_EXP_01,2026-12-23T02:00:00,40,"RF-1, RF-6",2,1,"Elevated multi-factor risk: Co-occurrence of threshold manipulation, compressed bidding window, or repeat winner pattern.","duration=17.166666666666668d, threshold_val=₹234,850, flags=RF-1, RF-6",0.92,Reviewed under PARAKH Annotation Standard v2.0 for HIMACHAL PRADESH jurisdiction.
2019_PWD_27063_1,AUDITOR_EXP_01,2026-12-23T04:00:00,35,"RF-4, RF-5",2,1,"Elevated multi-factor risk: Co-occurrence of threshold manipulation, compressed bidding window, or repeat winner pattern.","duration=6.375d, threshold_val=₹1,134,375, flags=RF-4, RF-5",0.92,Reviewed under PARAKH Annotation Standard v2.0 for HIMACHAL PRADESH jurisdiction.
RAJ-RA-2021-01081,AUDITOR_EXP_01,2026-12-23T06:00:00,30,"RF-4, RF-6",2,1,"Elevated multi-factor risk: Co-occurrence of threshold manipulation, compressed bidding window, or repeat winner pattern.","duration=4.0d, threshold_val=₹897,235, flags=RF-4, RF-6",0.92,Reviewed under PARAKH Annotation Standard v2.0 for RAJASTHAN jurisdiction.
2017_PWD_14945_1,AUDITOR_EXP_01,2026-12-23T08:00:00,35,"RF-5, RF-6",2,1,"Elevated multi-factor risk: Co-occurrence of threshold manipulation, compressed bidding window, or repeat winner pattern.","duration=21.02083333333333d, threshold_val=₹20,373,001, flags=RF-5, RF-6",0.92,Reviewed under PARAKH Annotation Standard v2.0 for HIMACHAL PRADESH jurisdiction.
2017_HPIPH_14476_2,AUDITOR_EXP_01,2026-12-23T10:00:00,30,"RF-4, RF-6",2,1,"Elevated multi-factor risk: Co-occurrence of threshold manipulation, compressed bidding window, or repeat winner pattern.","duration=5.75d, threshold_val=₹899,227, flags=RF-4, RF-6",0.92,Reviewed under PARAKH Annotation Standard v2.0 for HIMACHAL PRADESH jurisdiction.
2017_PWD_15684_2,AUDITOR_EXP_01,2026-12-23T12:00:00,35,"RF-5, RF-6",2,1,"Elevated multi-factor risk: Co-occurrence of threshold manipulation, compressed bidding window, or repeat winner pattern.","duration=18.70833333333333d, threshold_val=₹2,071,377, flags=RF-5, RF-6",0.92,Reviewed under PARAKH Annotation Standard v2.0 for HIMACHAL PRADESH jurisdiction.
2017_PWD_17152_1,AUDITOR_EXP_01,2026-12-23T14:00:00,35,"RF-5, RF-6",2,1,"Elevated multi-factor risk: Co-occurrence of threshold manipulation, compressed bidding window, or repeat winner pattern.","duration=20.83333333333333d, threshold_val=₹1,883,818, flags=RF-5, RF-6",0.92,Reviewed under PARAKH Annotation Standard v2.0 for HIMACHAL PRADESH jurisdiction.
2017_PWD_15646_2,AUDITOR_EXP_01,2026-12-23T16:00:00,15,RF-6,1,0,Isolated procedural deviation without evidence of systematic competition restriction.,"flags=RF-6, bidders=8",0.88,Reviewed under PARAKH Annotation Standard v2.0 for HIMACHAL PRADESH jurisdiction.
2018_PWD_19347_1,AUDITOR_EXP_01,2026-12-23T18:00:00,0,NONE,0,0,"Compliant procurement: Competitive bidding window, standard price alignment, and multiple participating suppliers.","bidders=6, duration=20.20833333333333d, estimate_alignment=OK",0.99,Reviewed under PARAKH Annotation Standard v2.0 for HIMACHAL PRADESH jurisdiction.
2018_HPIPH_24165_1,AUDITOR_EXP_01,2026-12-23T20:00:00,35,"RF-5, RF-6",2,1,"Elevated multi-factor risk: Co-occurrence of threshold manipulation, compressed bidding window, or repeat winner pattern.","duration=16.0d, threshold_val=₹63,333,974, flags=RF-5, RF-6",0.92,Reviewed under PARAKH Annotation Standard v2.0 for HIMACHAL PRADESH jurisdiction.
2018_HPIPH_23787_1,AUDITOR_EXP_01,2026-12-23T22:00:00,20,RF-5,1,0,Isolated procedural deviation without evidence of systematic competition restriction.,"flags=RF-5, bidders=3",0.88,Reviewed under PARAKH Annotation Standard v2.0 for HIMACHAL PRADESH jurisdiction.
2017_PWD_15597_1-4152,AUDITOR_EXP_01,2026-12-24T00:00:00,30,"RF-4, RF-6",2,1,"Elevated multi-factor risk: Co-occurrence of threshold manipulation, compressed bidding window, or repeat winner pattern.","duration=6.6875d, threshold_val=₹2,150,850, flags=RF-4, RF-6",0.92,Reviewed under PARAKH Annotation Standard v2.0 for HIMACHAL PRADESH jurisdiction.
RAJ-RA-2021-01046,AUDITOR_EXP_01,2026-12-24T02:00:00,30,"RF-4, RF-6",2,1,"Elevated multi-factor risk: Co-occurrence of threshold manipulation, compressed bidding window, or repeat winner pattern.","duration=6.0d, threshold_val=₹5,349,743, flags=RF-4, RF-6",0.92,Reviewed under PARAKH Annotation Standard v2.0 for RAJASTHAN jurisdiction.
2019_HPIPH_29124_1,AUDITOR_EXP_01,2026-12-24T04:00:00,15,RF-6,1,0,Isolated procedural deviation without evidence of systematic competition restriction.,"flags=RF-6, bidders=5",0.88,Reviewed under PARAKH Annotation Standard v2.0 for HIMACHAL PRADESH jurisdiction.
MAH-MA-2021-01059,AUDITOR_EXP_01,2026-12-24T06:00:00,30,"RF-4, RF-6",2,1,"Elevated multi-factor risk: Co-occurrence of threshold manipulation, compressed bidding window, or repeat winner pattern.","duration=6.0d, threshold_val=₹304,367,483, flags=RF-4, RF-6",0.92,Reviewed under PARAKH Annotation Standard v2.0 for MAHARASHTRA jurisdiction.
MAH-MA-2021-01017,AUDITOR_EXP_01,2026-12-24T08:00:00,50,"RF-4, RF-5, RF-6",2,1,"Elevated multi-factor risk: Co-occurrence of threshold manipulation, compressed bidding window, or repeat winner pattern.","duration=6.0d, threshold_val=₹4,178,619, flags=RF-4, RF-5, RF-6",0.92,Reviewed under PARAKH Annotation Standard v2.0 for MAHARASHTRA jurisdiction.
2017_PWD_14678_1,AUDITOR_EXP_01,2026-12-24T10:00:00,0,NONE,0,0,"Compliant procurement: Competitive bidding window, standard price alignment, and multiple participating suppliers.","bidders=4, duration=36.72916666666666d, estimate_alignment=OK",0.99,Reviewed under PARAKH Annotation Standard v2.0 for HIMACHAL PRADESH jurisdiction.
MAH-MA-2021-01086,AUDITOR_EXP_01,2026-12-24T12:00:00,30,"RF-4, RF-6",2,1,"Elevated multi-factor risk: Co-occurrence of threshold manipulation, compressed bidding window, or repeat winner pattern.","duration=4.0d, threshold_val=₹12,744,382, flags=RF-4, RF-6",0.92,Reviewed under PARAKH Annotation Standard v2.0 for MAHARASHTRA jurisdiction.
CEN-CE-2021-01338,AUDITOR_EXP_01,2026-12-24T14:00:00,60,"RF-1, RF-4, RF-5",3,1,Severe procurement anomaly: Single-bidder monopoly coupled with high price deviation or department dominance.,"bidders=1, price_deviation=0.35, flags=RF-1, RF-4, RF-5",0.98,Reviewed under PARAKH Annotation Standard v2.0 for CENTRAL jurisdiction.
2018_HPIPH_19010_1,AUDITOR_EXP_01,2026-12-24T16:00:00,35,"RF-5, RF-6",2,1,"Elevated multi-factor risk: Co-occurrence of threshold manipulation, compressed bidding window, or repeat winner pattern.","duration=15.791666666666666d, threshold_val=₹3,006,909, flags=RF-5, RF-6",0.92,Reviewed under PARAKH Annotation Standard v2.0 for HIMACHAL PRADESH jurisdiction.
RAJ-RA-2021-01071,AUDITOR_EXP_01,2026-12-24T18:00:00,40,"RF-1, RF-6",2,1,"Elevated multi-factor risk: Co-occurrence of threshold manipulation, compressed bidding window, or repeat winner pattern.","duration=30.0d, threshold_val=₹2,311,096, flags=RF-1, RF-6",0.92,Reviewed under PARAKH Annotation Standard v2.0 for RAJASTHAN jurisdiction.
2017_HCoHP_18830_1,AUDITOR_EXP_01,2026-12-24T20:00:00,65,"RF-1, RF-2, RF-6",3,1,Severe procurement anomaly: Single-bidder monopoly coupled with high price deviation or department dominance.,"bidders=1, price_deviation=-0.98, flags=RF-1, RF-2, RF-6",0.98,Reviewed under PARAKH Annotation Standard v2.0 for HIMACHAL PRADESH jurisdiction.
2017_PWD_15308_1,AUDITOR_EXP_01,2026-12-24T22:00:00,15,RF-6,1,0,Isolated procedural deviation without evidence of systematic competition restriction.,"flags=RF-6, bidders=2",0.88,Reviewed under PARAKH Annotation Standard v2.0 for HIMACHAL PRADESH jurisdiction.
MAH-MA-2021-01142,AUDITOR_EXP_01,2026-12-25T00:00:00,35,"RF-5, RF-6",2,1,"Elevated multi-factor risk: Co-occurrence of threshold manipulation, compressed bidding window, or repeat winner pattern.","duration=14.0d, threshold_val=₹6,719,391, flags=RF-5, RF-6",0.92,Reviewed under PARAKH Annotation Standard v2.0 for MAHARASHTRA jurisdiction.
RAJ-RA-2021-01188,AUDITOR_EXP_01,2026-12-25T02:00:00,30,"RF-4, RF-6",2,1,"Elevated multi-factor risk: Co-occurrence of threshold manipulation, compressed bidding window, or repeat winner pattern.","duration=6.0d, threshold_val=₹148,729,890, flags=RF-4, RF-6",0.92,Reviewed under PARAKH Annotation Standard v2.0 for RAJASTHAN jurisdiction.
2017_PWD_16778_1,AUDITOR_EXP_01,2026-12-25T04:00:00,35,"RF-5, RF-6",2,1,"Elevated multi-factor risk: Co-occurrence of threshold manipulation, compressed bidding window, or repeat winner pattern.","duration=7.854166666666667d, threshold_val=₹682,058, flags=RF-5, RF-6",0.92,Reviewed under PARAKH Annotation Standard v2.0 for HIMACHAL PRADESH jurisdiction.
2017_PWD_16762_2,AUDITOR_EXP_01,2026-12-25T06:00:00,0,NONE,0,0,"Compliant procurement: Competitive bidding window, standard price alignment, and multiple participating suppliers.","bidders=2, duration=19.70833333333333d, estimate_alignment=OK",0.99,Reviewed under PARAKH Annotation Standard v2.0 for HIMACHAL PRADESH jurisdiction.
2016_HPIPH_13977_1,AUDITOR_EXP_01,2026-12-25T08:00:00,15,RF-6,1,0,Isolated procedural deviation without evidence of systematic competition restriction.,"flags=RF-6, bidders=3",0.88,Reviewed under PARAKH Annotation Standard v2.0 for HIMACHAL PRADESH jurisdiction.
KAR-KA-2021-01201,AUDITOR_EXP_01,2026-12-25T10:00:00,40,"RF-1, RF-6",2,1,"Elevated multi-factor risk: Co-occurrence of threshold manipulation, compressed bidding window, or repeat winner pattern.","duration=14.0d, threshold_val=₹1,653,272, flags=RF-1, RF-6",0.92,Reviewed under PARAKH Annotation Standard v2.0 for KARNATAKA jurisdiction.
RAJ-RA-2021-01219,AUDITOR_EXP_01,2026-12-25T12:00:00,35,"RF-5, RF-6",2,1,"Elevated multi-factor risk: Co-occurrence of threshold manipulation, compressed bidding window, or repeat winner pattern.","duration=14.0d, threshold_val=₹6,638,308, flags=RF-5, RF-6",0.92,Reviewed under PARAKH Annotation Standard v2.0 for RAJASTHAN jurisdiction.
2019_HPIPH_32001_1,AUDITOR_EXP_01,2026-12-25T14:00:00,35,"RF-5, RF-6",2,1,"Elevated multi-factor risk: Co-occurrence of threshold manipulation, compressed bidding window, or repeat winner pattern.","duration=15.75d, threshold_val=₹1,902,677, flags=RF-5, RF-6",0.92,Reviewed under PARAKH Annotation Standard v2.0 for HIMACHAL PRADESH jurisdiction.
RAJ-RA-2021-01093,AUDITOR_EXP_01,2026-12-25T16:00:00,35,"RF-5, RF-6",2,1,"Elevated multi-factor risk: Co-occurrence of threshold manipulation, compressed bidding window, or repeat winner pattern.","duration=21.0d, threshold_val=₹240,250,245, flags=RF-5, RF-6",0.92,Reviewed under PARAKH Annotation Standard v2.0 for RAJASTHAN jurisdiction.
RAJ-RA-2021-01102,AUDITOR_EXP_01,2026-12-25T18:00:00,35,"RF-4, RF-5",2,1,"Elevated multi-factor risk: Co-occurrence of threshold manipulation, compressed bidding window, or repeat winner pattern.","duration=6.0d, threshold_val=₹437,916,557, flags=RF-4, RF-5",0.92,Reviewed under PARAKH Annotation Standard v2.0 for RAJASTHAN jurisdiction.
UTT-UT-2021-01024,AUDITOR_EXP_01,2026-12-25T20:00:00,35,"RF-5, RF-6",2,1,"Elevated multi-factor risk: Co-occurrence of threshold manipulation, compressed bidding window, or repeat winner pattern.","duration=30.0d, threshold_val=₹6,656,960, flags=RF-5, RF-6",0.92,Reviewed under PARAKH Annotation Standard v2.0 for UTTAR PRADESH jurisdiction.
UTT-UT-2021-01017,AUDITOR_EXP_01,2026-12-25T22:00:00,35,"RF-4, RF-5",2,1,"Elevated multi-factor risk: Co-occurrence of threshold manipulation, compressed bidding window, or repeat winner pattern.","duration=4.0d, threshold_val=₹6,700,076, flags=RF-4, RF-5",0.92,Reviewed under PARAKH Annotation Standard v2.0 for UTTAR PRADESH jurisdiction.
2018_PWD_23380_1,AUDITOR_EXP_01,2026-12-26T00:00:00,0,NONE,0,0,"Compliant procurement: Competitive bidding window, standard price alignment, and multiple participating suppliers.","bidders=3, duration=25.70833333333333d, estimate_alignment=OK",0.99,Reviewed under PARAKH Annotation Standard v2.0 for HIMACHAL PRADESH jurisdiction.
CEN-CE-2021-01347,AUDITOR_EXP_01,2026-12-26T02:00:00,30,"RF-4, RF-6",2,1,"Elevated multi-factor risk: Co-occurrence of threshold manipulation, compressed bidding window, or repeat winner pattern.","duration=4.0d, threshold_val=₹4,345,870, flags=RF-4, RF-6",0.92,Reviewed under PARAKH Annotation Standard v2.0 for CENTRAL jurisdiction.
2018_PWD_20127_1,AUDITOR_EXP_01,2026-12-26T04:00:00,35,"RF-5, RF-6",2,1,"Elevated multi-factor risk: Co-occurrence of threshold manipulation, compressed bidding window, or repeat winner pattern.","duration=12.25d, threshold_val=₹1,704,966, flags=RF-5, RF-6",0.92,Reviewed under PARAKH Annotation Standard v2.0 for HIMACHAL PRADESH jurisdiction.
2018_FDC_19803_1,AUDITOR_EXP_01,2026-12-26T06:00:00,55,"RF-1, RF-4, RF-6",2,1,"Elevated multi-factor risk: Co-occurrence of threshold manipulation, compressed bidding window, or repeat winner pattern.","duration=6.75d, threshold_val=₹760,325, flags=RF-1, RF-4, RF-6",0.92,Reviewed under PARAKH Annotation Standard v2.0 for HIMACHAL PRADESH jurisdiction.
2017_HPIPH_17326_1,AUDITOR_EXP_01,2026-12-26T08:00:00,35,"RF-3, RF-6",2,1,"Elevated multi-factor risk: Co-occurrence of threshold manipulation, compressed bidding window, or repeat winner pattern.","duration=20.944444444444443d, threshold_val=₹4,695,995, flags=RF-3, RF-6",0.92,Reviewed under PARAKH Annotation Standard v2.0 for HIMACHAL PRADESH jurisdiction.
UTT-UT-2021-01040,AUDITOR_EXP_01,2026-12-26T10:00:00,30,"RF-4, RF-6",2,1,"Elevated multi-factor risk: Co-occurrence of threshold manipulation, compressed bidding window, or repeat winner pattern.","duration=6.0d, threshold_val=₹289,101,373, flags=RF-4, RF-6",0.92,Reviewed under PARAKH Annotation Standard v2.0 for UTTAR PRADESH jurisdiction.
UTT-UT-2021-01139,AUDITOR_EXP_01,2026-12-26T12:00:00,40,"RF-1, RF-6",2,1,"Elevated multi-factor risk: Co-occurrence of threshold manipulation, compressed bidding window, or repeat winner pattern.","duration=14.0d, threshold_val=₹13,268,471, flags=RF-1, RF-6",0.92,Reviewed under PARAKH Annotation Standard v2.0 for UTTAR PRADESH jurisdiction.
2017_PWD_18590_1,AUDITOR_EXP_01,2026-12-26T14:00:00,0,NONE,0,0,"Compliant procurement: Competitive bidding window, standard price alignment, and multiple participating suppliers.","bidders=5, duration=9.041666666666666d, estimate_alignment=OK",0.99,Reviewed under PARAKH Annotation Standard v2.0 for HIMACHAL PRADESH jurisdiction.
2017_PWD_16211_1,AUDITOR_EXP_01,2026-12-26T16:00:00,40,"RF-1, RF-6",2,1,"Elevated multi-factor risk: Co-occurrence of threshold manipulation, compressed bidding window, or repeat winner pattern.","duration=14.802083333333334d, threshold_val=₹1,368,990, flags=RF-1, RF-6",0.92,Reviewed under PARAKH Annotation Standard v2.0 for HIMACHAL PRADESH jurisdiction.
2017_PWD_17873_1,AUDITOR_EXP_01,2026-12-26T18:00:00,15,RF-6,1,0,Isolated procedural deviation without evidence of systematic competition restriction.,"flags=RF-6, bidders=2",0.88,Reviewed under PARAKH Annotation Standard v2.0 for HIMACHAL PRADESH jurisdiction.
KAR-KA-2021-01208,AUDITOR_EXP_01,2026-12-26T20:00:00,30,"RF-4, RF-6",2,1,"Elevated multi-factor risk: Co-occurrence of threshold manipulation, compressed bidding window, or repeat winner pattern.","duration=4.0d, threshold_val=₹308,294,020, flags=RF-4, RF-6",0.92,Reviewed under PARAKH Annotation Standard v2.0 for KARNATAKA jurisdiction.
MAH-MA-2021-01172,AUDITOR_EXP_01,2026-12-26T22:00:00,30,"RF-4, RF-6",2,1,"Elevated multi-factor risk: Co-occurrence of threshold manipulation, compressed bidding window, or repeat winner pattern.","duration=4.0d, threshold_val=₹14,905,661, flags=RF-4, RF-6",0.92,Reviewed under PARAKH Annotation Standard v2.0 for MAHARASHTRA jurisdiction.
UTT-UT-2021-01185,AUDITOR_EXP_01,2026-12-27T00:00:00,30,"RF-4, RF-6",2,1,"Elevated multi-factor risk: Co-occurrence of threshold manipulation, compressed bidding window, or repeat winner pattern.","duration=4.0d, threshold_val=₹5,097,884, flags=RF-4, RF-6",0.92,Reviewed under PARAKH Annotation Standard v2.0 for UTTAR PRADESH jurisdiction.
2018_PWD_19065_1,AUDITOR_EXP_01,2026-12-27T02:00:00,40,"RF-1, RF-6",2,1,"Elevated multi-factor risk: Co-occurrence of threshold manipulation, compressed bidding window, or repeat winner pattern.","duration=25.70833333333333d, threshold_val=₹7,304,930, flags=RF-1, RF-6",0.92,Reviewed under PARAKH Annotation Standard v2.0 for HIMACHAL PRADESH jurisdiction.
2018_HPIPH_21813_1,AUDITOR_EXP_01,2026-12-27T04:00:00,15,RF-6,1,0,Isolated procedural deviation without evidence of systematic competition restriction.,"flags=RF-6, bidders=3",0.88,Reviewed under PARAKH Annotation Standard v2.0 for HIMACHAL PRADESH jurisdiction.
2018_HPIPH_19209_1,AUDITOR_EXP_01,2026-12-27T06:00:00,30,"RF-4, RF-6",2,1,"Elevated multi-factor risk: Co-occurrence of threshold manipulation, compressed bidding window, or repeat winner pattern.","duration=6.041666666666667d, threshold_val=₹287,500, flags=RF-4, RF-6",0.92,Reviewed under PARAKH Annotation Standard v2.0 for HIMACHAL PRADESH jurisdiction.
MAH-MA-2021-01278,AUDITOR_EXP_01,2026-12-27T08:00:00,60,"RF-1, RF-5, RF-6",3,1,Severe procurement anomaly: Single-bidder monopoly coupled with high price deviation or department dominance.,"bidders=1, price_deviation=0.35, flags=RF-1, RF-5, RF-6",0.98,Reviewed under PARAKH Annotation Standard v2.0 for MAHARASHTRA jurisdiction.
KAR-KA-2021-01037,AUDITOR_EXP_01,2026-12-27T10:00:00,40,"RF-1, RF-6",2,1,"Elevated multi-factor risk: Co-occurrence of threshold manipulation, compressed bidding window, or repeat winner pattern.","duration=30.0d, threshold_val=₹1,733,234, flags=RF-1, RF-6",0.92,Reviewed under PARAKH Annotation Standard v2.0 for KARNATAKA jurisdiction.
UTT-UT-2021-01098,AUDITOR_EXP_01,2026-12-27T12:00:00,40,"RF-1, RF-4",2,1,"Elevated multi-factor risk: Co-occurrence of threshold manipulation, compressed bidding window, or repeat winner pattern.","duration=4.0d, threshold_val=₹359,174,672, flags=RF-1, RF-4",0.92,Reviewed under PARAKH Annotation Standard v2.0 for UTTAR PRADESH jurisdiction.
KAR-KA-2021-01111,AUDITOR_EXP_01,2026-12-27T14:00:00,40,"RF-1, RF-6",2,1,"Elevated multi-factor risk: Co-occurrence of threshold manipulation, compressed bidding window, or repeat winner pattern.","duration=30.0d, threshold_val=₹3,285,811, flags=RF-1, RF-6",0.92,Reviewed under PARAKH Annotation Standard v2.0 for KARNATAKA jurisdiction.
KAR-KA-2021-01204,AUDITOR_EXP_01,2026-12-27T16:00:00,50,"RF-4, RF-5, RF-6",2,1,"Elevated multi-factor risk: Co-occurrence of threshold manipulation, compressed bidding window, or repeat winner pattern.","duration=4.0d, threshold_val=₹6,217,278, flags=RF-4, RF-5, RF-6",0.92,Reviewed under PARAKH Annotation Standard v2.0 for KARNATAKA jurisdiction.
2017_PWD_18945_2-186,AUDITOR_EXP_01,2026-12-27T18:00:00,15,RF-6,1,0,Isolated procedural deviation without evidence of systematic competition restriction.,"flags=RF-6, bidders=6",0.88,Reviewed under PARAKH Annotation Standard v2.0 for HIMACHAL PRADESH jurisdiction.
CEN-CE-2021-01016,AUDITOR_EXP_01,2026-12-27T20:00:00,15,RF-6,1,0,Isolated procedural deviation without evidence of systematic competition restriction.,"flags=RF-6, bidders=4",0.88,Reviewed under PARAKH Annotation Standard v2.0 for CENTRAL jurisdiction.
KAR-KA-2021-01166,AUDITOR_EXP_01,2026-12-27T22:00:00,30,"RF-4, RF-6",2,1,"Elevated multi-factor risk: Co-occurrence of threshold manipulation, compressed bidding window, or repeat winner pattern.","duration=6.0d, threshold_val=₹2,877,379, flags=RF-4, RF-6",0.92,Reviewed under PARAKH Annotation Standard v2.0 for KARNATAKA jurisdiction.
2017_PWD_15928_5,AUDITOR_EXP_01,2026-12-28T00:00:00,15,RF-6,1,0,Isolated procedural deviation without evidence of systematic competition restriction.,"flags=RF-6, bidders=6",0.88,Reviewed under PARAKH Annotation Standard v2.0 for HIMACHAL PRADESH jurisdiction.
2017_HPIPH_17024_1-1150,AUDITOR_EXP_01,2026-12-28T02:00:00,15,RF-6,1,0,Isolated procedural deviation without evidence of systematic competition restriction.,"flags=RF-6, bidders=6",0.88,Reviewed under PARAKH Annotation Standard v2.0 for HIMACHAL PRADESH jurisdiction.
KAR-KA-2021-01054,AUDITOR_EXP_01,2026-12-28T04:00:00,30,"RF-4, RF-6",2,1,"Elevated multi-factor risk: Co-occurrence of threshold manipulation, compressed bidding window, or repeat winner pattern.","duration=6.0d, threshold_val=₹5,397,044, flags=RF-4, RF-6",0.92,Reviewed under PARAKH Annotation Standard v2.0 for KARNATAKA jurisdiction.
CEN-CE-2021-01344,AUDITOR_EXP_01,2026-12-28T06:00:00,30,"RF-4, RF-6",2,1,"Elevated multi-factor risk: Co-occurrence of threshold manipulation, compressed bidding window, or repeat winner pattern.","duration=6.0d, threshold_val=₹6,941,990, flags=RF-4, RF-6",0.92,Reviewed under PARAKH Annotation Standard v2.0 for CENTRAL jurisdiction.
2017_HPIPH_15835_1-470,AUDITOR_EXP_01,2026-12-28T08:00:00,35,"RF-5, RF-6",2,1,"Elevated multi-factor risk: Co-occurrence of threshold manipulation, compressed bidding window, or repeat winner pattern.","duration=21.20833333333333d, threshold_val=₹5,802,860, flags=RF-5, RF-6",0.92,Reviewed under PARAKH Annotation Standard v2.0 for HIMACHAL PRADESH jurisdiction.
2017_UDDHP_17739_1,AUDITOR_EXP_01,2026-12-28T10:00:00,50,"RF-4, RF-5, RF-6",2,1,"Elevated multi-factor risk: Co-occurrence of threshold manipulation, compressed bidding window, or repeat winner pattern.","duration=6.916666666666667d, threshold_val=₹607,563, flags=RF-4, RF-5, RF-6",0.92,Reviewed under PARAKH Annotation Standard v2.0 for HIMACHAL PRADESH jurisdiction.
RAJ-RA-2021-01178,AUDITOR_EXP_01,2026-12-28T12:00:00,40,"RF-1, RF-6",2,1,"Elevated multi-factor risk: Co-occurrence of threshold manipulation, compressed bidding window, or repeat winner pattern.","duration=30.0d, threshold_val=₹753,249, flags=RF-1, RF-6",0.92,Reviewed under PARAKH Annotation Standard v2.0 for RAJASTHAN jurisdiction.
2017_UDDHP_17049_1,AUDITOR_EXP_01,2026-12-28T14:00:00,50,"RF-4, RF-5, RF-6",2,1,"Elevated multi-factor risk: Co-occurrence of threshold manipulation, compressed bidding window, or repeat winner pattern.","duration=6.208333333333333d, threshold_val=₹302,736, flags=RF-4, RF-5, RF-6",0.92,Reviewed under PARAKH Annotation Standard v2.0 for HIMACHAL PRADESH jurisdiction.
UTT-UT-2021-01007,AUDITOR_EXP_01,2026-12-28T16:00:00,30,"RF-4, RF-6",2,1,"Elevated multi-factor risk: Co-occurrence of threshold manipulation, compressed bidding window, or repeat winner pattern.","duration=6.0d, threshold_val=₹6,448,507, flags=RF-4, RF-6",0.92,Reviewed under PARAKH Annotation Standard v2.0 for UTTAR PRADESH jurisdiction.
2017_PWD_16067_2,AUDITOR_EXP_01,2026-12-28T18:00:00,45,"RF-1, RF-5",3,1,Severe procurement anomaly: Single-bidder monopoly coupled with high price deviation or department dominance.,"bidders=1, price_deviation=0.55, flags=RF-1, RF-5",0.98,Reviewed under PARAKH Annotation Standard v2.0 for HIMACHAL PRADESH jurisdiction.
KAR-KA-2021-01027,AUDITOR_EXP_01,2026-12-28T20:00:00,40,"RF-1, RF-6",2,1,"Elevated multi-factor risk: Co-occurrence of threshold manipulation, compressed bidding window, or repeat winner pattern.","duration=21.0d, threshold_val=₹15,950,158, flags=RF-1, RF-6",0.92,Reviewed under PARAKH Annotation Standard v2.0 for KARNATAKA jurisdiction.
2019_HPIPH_26818_1,AUDITOR_EXP_01,2026-12-28T22:00:00,35,"RF-5, RF-6",2,1,"Elevated multi-factor risk: Co-occurrence of threshold manipulation, compressed bidding window, or repeat winner pattern.","duration=19.791666666666668d, threshold_val=₹1,406,020, flags=RF-5, RF-6",0.92,Reviewed under PARAKH Annotation Standard v2.0 for HIMACHAL PRADESH jurisdiction.
2017_PWD_17893_1,AUDITOR_EXP_01,2026-12-29T00:00:00,30,"RF-4, RF-6",2,1,"Elevated multi-factor risk: Co-occurrence of threshold manipulation, compressed bidding window, or repeat winner pattern.","duration=5.708333333333333d, threshold_val=₹2,448,372, flags=RF-4, RF-6",0.92,Reviewed under PARAKH Annotation Standard v2.0 for HIMACHAL PRADESH jurisdiction.
2017_UDDHP_18276_1,AUDITOR_EXP_01,2026-12-29T02:00:00,50,"RF-4, RF-5, RF-6",2,1,"Elevated multi-factor risk: Co-occurrence of threshold manipulation, compressed bidding window, or repeat winner pattern.","duration=5.333333333333333d, threshold_val=₹327,360, flags=RF-4, RF-5, RF-6",0.92,Reviewed under PARAKH Annotation Standard v2.0 for HIMACHAL PRADESH jurisdiction.
RAJ-RA-2021-01076,AUDITOR_EXP_01,2026-12-29T04:00:00,80,"RF-1, RF-3, RF-5, RF-6",3,1,Severe procurement anomaly: Single-bidder monopoly coupled with high price deviation or department dominance.,"bidders=1, price_deviation=0.35, flags=RF-1, RF-3, RF-5, RF-6",0.98,Reviewed under PARAKH Annotation Standard v2.0 for RAJASTHAN jurisdiction.
KAR-KA-2021-01098,AUDITOR_EXP_01,2026-12-29T06:00:00,35,"RF-3, RF-6",2,1,"Elevated multi-factor risk: Co-occurrence of threshold manipulation, compressed bidding window, or repeat winner pattern.","duration=30.0d, threshold_val=₹4,521,389, flags=RF-3, RF-6",0.92,Reviewed under PARAKH Annotation Standard v2.0 for KARNATAKA jurisdiction.
KAR-KA-2021-01064,AUDITOR_EXP_01,2026-12-29T08:00:00,60,"RF-1, RF-5, RF-6",3,1,Severe procurement anomaly: Single-bidder monopoly coupled with high price deviation or department dominance.,"bidders=1, price_deviation=0.35, flags=RF-1, RF-5, RF-6",0.98,Reviewed under PARAKH Annotation Standard v2.0 for KARNATAKA jurisdiction.
KAR-KA-2021-01104,AUDITOR_EXP_01,2026-12-29T10:00:00,50,"RF-4, RF-5, RF-6",2,1,"Elevated multi-factor risk: Co-occurrence of threshold manipulation, compressed bidding window, or repeat winner pattern.","duration=6.0d, threshold_val=₹10,903,004, flags=RF-4, RF-5, RF-6",0.92,Reviewed under PARAKH Annotation Standard v2.0 for KARNATAKA jurisdiction.
MAH-MA-2021-01092,AUDITOR_EXP_01,2026-12-29T12:00:00,60,"RF-1, RF-5, RF-6",3,1,Severe procurement anomaly: Single-bidder monopoly coupled with high price deviation or department dominance.,"bidders=1, price_deviation=0.35, flags=RF-1, RF-5, RF-6",0.98,Reviewed under PARAKH Annotation Standard v2.0 for MAHARASHTRA jurisdiction.
MAH-MA-2021-01099,AUDITOR_EXP_01,2026-12-29T14:00:00,40,"RF-1, RF-6",2,1,"Elevated multi-factor risk: Co-occurrence of threshold manipulation, compressed bidding window, or repeat winner pattern.","duration=30.0d, threshold_val=₹63,868,234, flags=RF-1, RF-6",0.92,Reviewed under PARAKH Annotation Standard v2.0 for MAHARASHTRA jurisdiction.
2017_HPIPH_17748_1,AUDITOR_EXP_01,2026-12-29T16:00:00,35,"RF-4, RF-5",2,1,"Elevated multi-factor risk: Co-occurrence of threshold manipulation, compressed bidding window, or repeat winner pattern.","duration=5.083333333333333d, threshold_val=₹794,841, flags=RF-4, RF-5",0.92,Reviewed under PARAKH Annotation Standard v2.0 for HIMACHAL PRADESH jurisdiction.
RAJ-RA-2021-01054,AUDITOR_EXP_01,2026-12-29T18:00:00,50,"RF-4, RF-5, RF-6",2,1,"Elevated multi-factor risk: Co-occurrence of threshold manipulation, compressed bidding window, or repeat winner pattern.","duration=4.0d, threshold_val=₹5,762,120, flags=RF-4, RF-5, RF-6",0.92,Reviewed under PARAKH Annotation Standard v2.0 for RAJASTHAN jurisdiction.
RAJ-RA-2021-01201,AUDITOR_EXP_01,2026-12-29T20:00:00,55,"RF-1, RF-4, RF-6",2,1,"Elevated multi-factor risk: Co-occurrence of threshold manipulation, compressed bidding window, or repeat winner pattern.","duration=4.0d, threshold_val=₹107,716,793, flags=RF-1, RF-4, RF-6",0.92,Reviewed under PARAKH Annotation Standard v2.0 for RAJASTHAN jurisdiction.
2018_HPIPH_23673_1,AUDITOR_EXP_01,2026-12-29T22:00:00,0,NONE,0,0,"Compliant procurement: Competitive bidding window, standard price alignment, and multiple participating suppliers.","bidders=5, duration=20.75d, estimate_alignment=OK",0.99,Reviewed under PARAKH Annotation Standard v2.0 for HIMACHAL PRADESH jurisdiction.
2018_HPIPH_19526_1,AUDITOR_EXP_01,2026-12-30T00:00:00,35,"RF-5, RF-6",2,1,"Elevated multi-factor risk: Co-occurrence of threshold manipulation, compressed bidding window, or repeat winner pattern.","duration=20.75d, threshold_val=₹3,912,480, flags=RF-5, RF-6",0.92,Reviewed under PARAKH Annotation Standard v2.0 for HIMACHAL PRADESH jurisdiction.
UTT-UT-2021-01005,AUDITOR_EXP_01,2026-12-30T02:00:00,55,"RF-1, RF-4, RF-6",2,1,"Elevated multi-factor risk: Co-occurrence of threshold manipulation, compressed bidding window, or repeat winner pattern.","duration=4.0d, threshold_val=₹4,105,345, flags=RF-1, RF-4, RF-6",0.92,Reviewed under PARAKH Annotation Standard v2.0 for UTTAR PRADESH jurisdiction.
2019_HPIPH_27219_1,AUDITOR_EXP_01,2026-12-30T04:00:00,35,"RF-5, RF-6",2,1,"Elevated multi-factor risk: Co-occurrence of threshold manipulation, compressed bidding window, or repeat winner pattern.","duration=14.291666666666666d, threshold_val=₹55,313,493, flags=RF-5, RF-6",0.92,Reviewed under PARAKH Annotation Standard v2.0 for HIMACHAL PRADESH jurisdiction.
MAH-MA-2021-01162,AUDITOR_EXP_01,2026-12-30T06:00:00,35,"RF-4, RF-5",2,1,"Elevated multi-factor risk: Co-occurrence of threshold manipulation, compressed bidding window, or repeat winner pattern.","duration=4.0d, threshold_val=₹12,258,483, flags=RF-4, RF-5",0.92,Reviewed under PARAKH Annotation Standard v2.0 for MAHARASHTRA jurisdiction.
2019_HPIPH_31824_2,AUDITOR_EXP_01,2026-12-30T08:00:00,35,"RF-5, RF-6",2,1,"Elevated multi-factor risk: Co-occurrence of threshold manipulation, compressed bidding window, or repeat winner pattern.","duration=17.708333333333332d, threshold_val=₹1,984,578, flags=RF-5, RF-6",0.92,Reviewed under PARAKH Annotation Standard v2.0 for HIMACHAL PRADESH jurisdiction.
2018_HPIPH_25483_1,AUDITOR_EXP_01,2026-12-30T10:00:00,35,"RF-5, RF-6",2,1,"Elevated multi-factor risk: Co-occurrence of threshold manipulation, compressed bidding window, or repeat winner pattern.","duration=16.75d, threshold_val=₹5,812,770, flags=RF-5, RF-6",0.92,Reviewed under PARAKH Annotation Standard v2.0 for HIMACHAL PRADESH jurisdiction.
2017_PWD_18954_11,AUDITOR_EXP_01,2026-12-30T12:00:00,15,RF-6,1,0,Isolated procedural deviation without evidence of systematic competition restriction.,"flags=RF-6, bidders=3",0.88,Reviewed under PARAKH Annotation Standard v2.0 for HIMACHAL PRADESH jurisdiction.
2018_HPIPH_21316_1,AUDITOR_EXP_01,2026-12-30T14:00:00,0,NONE,0,0,"Compliant procurement: Competitive bidding window, standard price alignment, and multiple participating suppliers.","bidders=7, duration=20.666666666666668d, estimate_alignment=OK",0.99,Reviewed under PARAKH Annotation Standard v2.0 for HIMACHAL PRADESH jurisdiction.
2019_PWD_33239_2,AUDITOR_EXP_01,2026-12-30T16:00:00,0,NONE,0,0,"Compliant procurement: Competitive bidding window, standard price alignment, and multiple participating suppliers.","bidders=3, duration=14.75d, estimate_alignment=OK",0.99,Reviewed under PARAKH Annotation Standard v2.0 for HIMACHAL PRADESH jurisdiction.
2017_PWD_17161_1,AUDITOR_EXP_01,2026-12-30T18:00:00,0,NONE,0,0,"Compliant procurement: Competitive bidding window, standard price alignment, and multiple participating suppliers.","bidders=12, duration=9.6875d, estimate_alignment=OK",0.99,Reviewed under PARAKH Annotation Standard v2.0 for HIMACHAL PRADESH jurisdiction.
CEN-CE-2021-01026,AUDITOR_EXP_01,2026-12-30T20:00:00,40,"RF-1, RF-6",2,1,"Elevated multi-factor risk: Co-occurrence of threshold manipulation, compressed bidding window, or repeat winner pattern.","duration=30.0d, threshold_val=₹135,525,398, flags=RF-1, RF-6",0.92,Reviewed under PARAKH Annotation Standard v2.0 for CENTRAL jurisdiction.
2017_PWD_15576_1,AUDITOR_EXP_01,2026-12-30T22:00:00,0,NONE,0,0,"Compliant procurement: Competitive bidding window, standard price alignment, and multiple participating suppliers.","bidders=7, duration=11.979166666666666d, estimate_alignment=OK",0.99,Reviewed under PARAKH Annotation Standard v2.0 for HIMACHAL PRADESH jurisdiction.
2018_SIDC_22323_1,AUDITOR_EXP_01,2026-12-31T00:00:00,0,NONE,0,0,"Compliant procurement: Competitive bidding window, standard price alignment, and multiple participating suppliers.","bidders=2, duration=28.25d, estimate_alignment=OK",0.99,Reviewed under PARAKH Annotation Standard v2.0 for HIMACHAL PRADESH jurisdiction.
2017_HPIPH_16347_1-4136,AUDITOR_EXP_01,2026-12-31T02:00:00,30,"RF-4, RF-6",2,1,"Elevated multi-factor risk: Co-occurrence of threshold manipulation, compressed bidding window, or repeat winner pattern.","duration=5.979166666666667d, threshold_val=₹748,956, flags=RF-4, RF-6",0.92,Reviewed under PARAKH Annotation Standard v2.0 for HIMACHAL PRADESH jurisdiction.
2017_PWD_15743_1,AUDITOR_EXP_01,2026-12-31T04:00:00,35,"RF-5, RF-6",2,1,"Elevated multi-factor risk: Co-occurrence of threshold manipulation, compressed bidding window, or repeat winner pattern.","duration=9.93402777777778d, threshold_val=₹2,506,540, flags=RF-5, RF-6",0.92,Reviewed under PARAKH Annotation Standard v2.0 for HIMACHAL PRADESH jurisdiction.
UTT-UT-2021-01141,AUDITOR_EXP_01,2026-12-31T06:00:00,35,"RF-5, RF-6",2,1,"Elevated multi-factor risk: Co-occurrence of threshold manipulation, compressed bidding window, or repeat winner pattern.","duration=21.0d, threshold_val=₹30,887,470, flags=RF-5, RF-6",0.92,Reviewed under PARAKH Annotation Standard v2.0 for UTTAR PRADESH jurisdiction.
UTT-UT-2021-01015,AUDITOR_EXP_01,2026-12-31T08:00:00,35,"RF-5, RF-6",2,1,"Elevated multi-factor risk: Co-occurrence of threshold manipulation, compressed bidding window, or repeat winner pattern.","duration=30.0d, threshold_val=₹412,734,799, flags=RF-5, RF-6",0.92,Reviewed under PARAKH Annotation Standard v2.0 for UTTAR PRADESH jurisdiction.
2018_HPIPH_24467_1,AUDITOR_EXP_01,2026-12-31T10:00:00,35,"RF-5, RF-6",2,1,"Elevated multi-factor risk: Co-occurrence of threshold manipulation, compressed bidding window, or repeat winner pattern.","duration=7.114583333333333d, threshold_val=₹1,709,108, flags=RF-5, RF-6",0.92,Reviewed under PARAKH Annotation Standard v2.0 for HIMACHAL PRADESH jurisdiction.
2017_UDDHP_16125_1,AUDITOR_EXP_01,2026-12-31T12:00:00,30,"RF-4, RF-6",2,1,"Elevated multi-factor risk: Co-occurrence of threshold manipulation, compressed bidding window, or repeat winner pattern.","duration=5.166666666666667d, threshold_val=₹268,926, flags=RF-4, RF-6",0.92,Reviewed under PARAKH Annotation Standard v2.0 for HIMACHAL PRADESH jurisdiction.
2019_HPIPH_26408_1,AUDITOR_EXP_01,2026-12-31T14:00:00,35,"RF-5, RF-6",2,1,"Elevated multi-factor risk: Co-occurrence of threshold manipulation, compressed bidding window, or repeat winner pattern.","duration=20.729166666666668d, threshold_val=₹33,103,313, flags=RF-5, RF-6",0.92,Reviewed under PARAKH Annotation Standard v2.0 for HIMACHAL PRADESH jurisdiction.
2020_HPIPH_34502_1-744,AUDITOR_EXP_01,2026-12-31T16:00:00,15,RF-6,1,0,Isolated procedural deviation without evidence of systematic competition restriction.,"flags=RF-6, bidders=3",0.88,Reviewed under PARAKH Annotation Standard v2.0 for HIMACHAL PRADESH jurisdiction.
KAR-KA-2021-01035,AUDITOR_EXP_01,2026-12-31T18:00:00,40,"RF-1, RF-6",2,1,"Elevated multi-factor risk: Co-occurrence of threshold manipulation, compressed bidding window, or repeat winner pattern.","duration=30.0d, threshold_val=₹4,369,222, flags=RF-1, RF-6",0.92,Reviewed under PARAKH Annotation Standard v2.0 for KARNATAKA jurisdiction.
MAH-MA-2021-01042,AUDITOR_EXP_01,2026-12-31T20:00:00,30,"RF-4, RF-6",2,1,"Elevated multi-factor risk: Co-occurrence of threshold manipulation, compressed bidding window, or repeat winner pattern.","duration=6.0d, threshold_val=₹4,354,970, flags=RF-4, RF-6",0.92,Reviewed under PARAKH Annotation Standard v2.0 for MAHARASHTRA jurisdiction.
RAJ-RA-2021-01143,AUDITOR_EXP_01,2026-12-31T22:00:00,30,"RF-4, RF-6",2,1,"Elevated multi-factor risk: Co-occurrence of threshold manipulation, compressed bidding window, or repeat winner pattern.","duration=4.0d, threshold_val=₹2,877,964, flags=RF-4, RF-6",0.92,Reviewed under PARAKH Annotation Standard v2.0 for RAJASTHAN jurisdiction.
RAJ-RA-2021-01015,AUDITOR_EXP_01,2027-01-01T00:00:00,35,"RF-4, RF-5",2,1,"Elevated multi-factor risk: Co-occurrence of threshold manipulation, compressed bidding window, or repeat winner pattern.","duration=6.0d, threshold_val=₹8,636,138, flags=RF-4, RF-5",0.92,Reviewed under PARAKH Annotation Standard v2.0 for RAJASTHAN jurisdiction.
CEN-CE-2021-01225,AUDITOR_EXP_01,2027-01-01T02:00:00,55,"RF-1, RF-4, RF-6",2,1,"Elevated multi-factor risk: Co-occurrence of threshold manipulation, compressed bidding window, or repeat winner pattern.","duration=4.0d, threshold_val=₹5,015,601, flags=RF-1, RF-4, RF-6",0.92,Reviewed under PARAKH Annotation Standard v2.0 for CENTRAL jurisdiction.
2018_UDDHP_19971_1,AUDITOR_EXP_01,2027-01-01T04:00:00,50,"RF-4, RF-5, RF-6",2,1,"Elevated multi-factor risk: Co-occurrence of threshold manipulation, compressed bidding window, or repeat winner pattern.","duration=6.291666666666667d, threshold_val=₹722,663, flags=RF-4, RF-5, RF-6",0.92,Reviewed under PARAKH Annotation Standard v2.0 for HIMACHAL PRADESH jurisdiction.
2017_PWD_17476_1,AUDITOR_EXP_01,2027-01-01T06:00:00,35,"RF-5, RF-6",2,1,"Elevated multi-factor risk: Co-occurrence of threshold manipulation, compressed bidding window, or repeat winner pattern.","duration=10.125d, threshold_val=₹502,619, flags=RF-5, RF-6",0.92,Reviewed under PARAKH Annotation Standard v2.0 for HIMACHAL PRADESH jurisdiction.
MAH-MA-2021-01096,AUDITOR_EXP_01,2027-01-01T08:00:00,40,"RF-1, RF-6",2,1,"Elevated multi-factor risk: Co-occurrence of threshold manipulation, compressed bidding window, or repeat winner pattern.","duration=14.0d, threshold_val=₹5,089,467, flags=RF-1, RF-6",0.92,Reviewed under PARAKH Annotation Standard v2.0 for MAHARASHTRA jurisdiction.
2018_NDTT_23108_1,AUDITOR_EXP_01,2027-01-01T10:00:00,35,"RF-4, RF-5",2,1,"Elevated multi-factor risk: Co-occurrence of threshold manipulation, compressed bidding window, or repeat winner pattern.","duration=6.916666666666667d, threshold_val=₹897,426, flags=RF-4, RF-5",0.92,Reviewed under PARAKH Annotation Standard v2.0 for HIMACHAL PRADESH jurisdiction.
2017_PWD_15294_2,AUDITOR_EXP_01,2027-01-01T12:00:00,35,"RF-5, RF-6",2,1,"Elevated multi-factor risk: Co-occurrence of threshold manipulation, compressed bidding window, or repeat winner pattern.","duration=20.70833333333333d, threshold_val=₹1,567,725, flags=RF-5, RF-6",0.92,Reviewed under PARAKH Annotation Standard v2.0 for HIMACHAL PRADESH jurisdiction.
CEN-CE-2021-01259,AUDITOR_EXP_01,2027-01-01T14:00:00,30,"RF-4, RF-6",2,1,"Elevated multi-factor risk: Co-occurrence of threshold manipulation, compressed bidding window, or repeat winner pattern.","duration=4.0d, threshold_val=₹5,670,826, flags=RF-4, RF-6",0.92,Reviewed under PARAKH Annotation Standard v2.0 for CENTRAL jurisdiction.
2018_PWD_22208_1,AUDITOR_EXP_01,2027-01-01T16:00:00,35,"RF-5, RF-6",2,1,"Elevated multi-factor risk: Co-occurrence of threshold manipulation, compressed bidding window, or repeat winner pattern.","duration=22.6875d, threshold_val=₹3,203,678, flags=RF-5, RF-6",0.92,Reviewed under PARAKH Annotation Standard v2.0 for HIMACHAL PRADESH jurisdiction.
2019_HPIPH_30230_1,AUDITOR_EXP_01,2027-01-01T18:00:00,35,"RF-5, RF-6",2,1,"Elevated multi-factor risk: Co-occurrence of threshold manipulation, compressed bidding window, or repeat winner pattern.","duration=13.67013888888889d, threshold_val=₹997,803, flags=RF-5, RF-6",0.92,Reviewed under PARAKH Annotation Standard v2.0 for HIMACHAL PRADESH jurisdiction.
2018_PWD_22692_1,AUDITOR_EXP_01,2027-01-01T20:00:00,30,"RF-4, RF-6",2,1,"Elevated multi-factor risk: Co-occurrence of threshold manipulation, compressed bidding window, or repeat winner pattern.","duration=5.6875d, threshold_val=₹8,715,993, flags=RF-4, RF-6",0.92,Reviewed under PARAKH Annotation Standard v2.0 for HIMACHAL PRADESH jurisdiction.
2019_HPIPH_27719_1,AUDITOR_EXP_01,2027-01-01T22:00:00,0,NONE,0,0,"Compliant procurement: Competitive bidding window, standard price alignment, and multiple participating suppliers.","bidders=6, duration=13.208333333333334d, estimate_alignment=OK",0.99,Reviewed under PARAKH Annotation Standard v2.0 for HIMACHAL PRADESH jurisdiction.
RAJ-RA-2021-01082,AUDITOR_EXP_01,2027-01-02T00:00:00,40,"RF-1, RF-4",2,1,"Elevated multi-factor risk: Co-occurrence of threshold manipulation, compressed bidding window, or repeat winner pattern.","duration=6.0d, threshold_val=₹26,388,488, flags=RF-1, RF-4",0.92,Reviewed under PARAKH Annotation Standard v2.0 for RAJASTHAN jurisdiction.
RAJ-RA-2021-01032,AUDITOR_EXP_01,2027-01-02T02:00:00,60,"RF-1, RF-3, RF-6",2,1,"Elevated multi-factor risk: Co-occurrence of threshold manipulation, compressed bidding window, or repeat winner pattern.","duration=30.0d, threshold_val=₹4,665,166, flags=RF-1, RF-3, RF-6",0.92,Reviewed under PARAKH Annotation Standard v2.0 for RAJASTHAN jurisdiction.
CEN-CE-2021-01227,AUDITOR_EXP_01,2027-01-02T04:00:00,40,"RF-1, RF-6",2,1,"Elevated multi-factor risk: Co-occurrence of threshold manipulation, compressed bidding window, or repeat winner pattern.","duration=14.0d, threshold_val=₹5,098,042, flags=RF-1, RF-6",0.92,Reviewed under PARAKH Annotation Standard v2.0 for CENTRAL jurisdiction.
KAR-KA-2021-01023,AUDITOR_EXP_01,2027-01-02T06:00:00,30,"RF-4, RF-6",2,1,"Elevated multi-factor risk: Co-occurrence of threshold manipulation, compressed bidding window, or repeat winner pattern.","duration=4.0d, threshold_val=₹929,961, flags=RF-4, RF-6",0.92,Reviewed under PARAKH Annotation Standard v2.0 for KARNATAKA jurisdiction.
UTT-UT-2021-01136,AUDITOR_EXP_01,2027-01-02T08:00:00,30,"RF-4, RF-6",2,1,"Elevated multi-factor risk: Co-occurrence of threshold manipulation, compressed bidding window, or repeat winner pattern.","duration=4.0d, threshold_val=₹2,452,845, flags=RF-4, RF-6",0.92,Reviewed under PARAKH Annotation Standard v2.0 for UTTAR PRADESH jurisdiction.
MAH-MA-2021-01079,AUDITOR_EXP_01,2027-01-02T10:00:00,40,"RF-1, RF-6",2,1,"Elevated multi-factor risk: Co-occurrence of threshold manipulation, compressed bidding window, or repeat winner pattern.","duration=30.0d, threshold_val=₹8,176,738, flags=RF-1, RF-6",0.92,Reviewed under PARAKH Annotation Standard v2.0 for MAHARASHTRA jurisdiction.
2018_FDC_19569_1,AUDITOR_EXP_01,2027-01-02T12:00:00,45,"RF-1, RF-5",3,1,Severe procurement anomaly: Single-bidder monopoly coupled with high price deviation or department dominance.,"bidders=1, price_deviation=0.38, flags=RF-1, RF-5",0.98,Reviewed under PARAKH Annotation Standard v2.0 for HIMACHAL PRADESH jurisdiction.
UTT-UT-2021-01222,AUDITOR_EXP_01,2027-01-02T14:00:00,40,"RF-1, RF-6",2,1,"Elevated multi-factor risk: Co-occurrence of threshold manipulation, compressed bidding window, or repeat winner pattern.","duration=30.0d, threshold_val=₹2,349,563, flags=RF-1, RF-6",0.92,Reviewed under PARAKH Annotation Standard v2.0 for UTTAR PRADESH jurisdiction.
2018_PWD_25112_1,AUDITOR_EXP_01,2027-01-02T16:00:00,35,"RF-4, RF-5",2,1,"Elevated multi-factor risk: Co-occurrence of threshold manipulation, compressed bidding window, or repeat winner pattern.","duration=6.041666666666667d, threshold_val=₹4,485,757, flags=RF-4, RF-5",0.92,Reviewed under PARAKH Annotation Standard v2.0 for HIMACHAL PRADESH jurisdiction.
2018_PWD_19838_10-1426,AUDITOR_EXP_01,2027-01-02T18:00:00,40,"RF-1, RF-6",2,1,"Elevated multi-factor risk: Co-occurrence of threshold manipulation, compressed bidding window, or repeat winner pattern.","duration=10.729166666666666d, threshold_val=₹1,814,498, flags=RF-1, RF-6",0.92,Reviewed under PARAKH Annotation Standard v2.0 for HIMACHAL PRADESH jurisdiction.
2018_HPIPH_23226_1,AUDITOR_EXP_01,2027-01-02T20:00:00,35,"RF-5, RF-6",2,1,"Elevated multi-factor risk: Co-occurrence of threshold manipulation, compressed bidding window, or repeat winner pattern.","duration=19.75d, threshold_val=₹1,700,069, flags=RF-5, RF-6",0.92,Reviewed under PARAKH Annotation Standard v2.0 for HIMACHAL PRADESH jurisdiction.
CEN-CE-2021-01110,AUDITOR_EXP_01,2027-01-02T22:00:00,30,"RF-4, RF-6",2,1,"Elevated multi-factor risk: Co-occurrence of threshold manipulation, compressed bidding window, or repeat winner pattern.","duration=6.0d, threshold_val=₹5,380,164, flags=RF-4, RF-6",0.92,Reviewed under PARAKH Annotation Standard v2.0 for CENTRAL jurisdiction.
KAR-KA-2021-01077,AUDITOR_EXP_01,2027-01-03T00:00:00,30,"RF-4, RF-6",2,1,"Elevated multi-factor risk: Co-occurrence of threshold manipulation, compressed bidding window, or repeat winner pattern.","duration=4.0d, threshold_val=₹4,466,505, flags=RF-4, RF-6",0.92,Reviewed under PARAKH Annotation Standard v2.0 for KARNATAKA jurisdiction.
CEN-CE-2021-01101,AUDITOR_EXP_01,2027-01-03T02:00:00,40,"RF-1, RF-6",2,1,"Elevated multi-factor risk: Co-occurrence of threshold manipulation, compressed bidding window, or repeat winner pattern.","duration=14.0d, threshold_val=₹2,961,883, flags=RF-1, RF-6",0.92,Reviewed under PARAKH Annotation Standard v2.0 for CENTRAL jurisdiction.
2017_UDDHP_18337_1,AUDITOR_EXP_01,2027-01-03T04:00:00,35,"RF-4, RF-5",2,1,"Elevated multi-factor risk: Co-occurrence of threshold manipulation, compressed bidding window, or repeat winner pattern.","duration=5.25d, threshold_val=₹556,380, flags=RF-4, RF-5",0.92,Reviewed under PARAKH Annotation Standard v2.0 for HIMACHAL PRADESH jurisdiction.
2016_PWD_13390_1,AUDITOR_EXP_01,2027-01-03T06:00:00,45,"RF-1, RF-5",3,1,Severe procurement anomaly: Single-bidder monopoly coupled with high price deviation or department dominance.,"bidders=1, price_deviation=0.43, flags=RF-1, RF-5",0.98,Reviewed under PARAKH Annotation Standard v2.0 for HIMACHAL PRADESH jurisdiction.
2018_FDC_19812_1,AUDITOR_EXP_01,2027-01-03T08:00:00,60,"RF-1, RF-4, RF-5",3,1,Severe procurement anomaly: Single-bidder monopoly coupled with high price deviation or department dominance.,"bidders=1, price_deviation=0.34, flags=RF-1, RF-4, RF-5",0.98,Reviewed under PARAKH Annotation Standard v2.0 for HIMACHAL PRADESH jurisdiction.
2017_HPIPH_16517_1,AUDITOR_EXP_01,2027-01-03T10:00:00,0,NONE,0,0,"Compliant procurement: Competitive bidding window, standard price alignment, and multiple participating suppliers.","bidders=3, duration=19.92708333333333d, estimate_alignment=OK",0.99,Reviewed under PARAKH Annotation Standard v2.0 for HIMACHAL PRADESH jurisdiction.
CEN-CE-2021-01052,AUDITOR_EXP_01,2027-01-03T12:00:00,55,"RF-1, RF-4, RF-6",2,1,"Elevated multi-factor risk: Co-occurrence of threshold manipulation, compressed bidding window, or repeat winner pattern.","duration=6.0d, threshold_val=₹194,299,880, flags=RF-1, RF-4, RF-6",0.92,Reviewed under PARAKH Annotation Standard v2.0 for CENTRAL jurisdiction.
2017_UDDHP_18177_1,AUDITOR_EXP_01,2027-01-03T14:00:00,35,"RF-4, RF-5",2,1,"Elevated multi-factor risk: Co-occurrence of threshold manipulation, compressed bidding window, or repeat winner pattern.","duration=6.25d, threshold_val=₹271,212, flags=RF-4, RF-5",0.92,Reviewed under PARAKH Annotation Standard v2.0 for HIMACHAL PRADESH jurisdiction.
2018_PWD_20152_1,AUDITOR_EXP_01,2027-01-03T16:00:00,35,"RF-5, RF-6",2,1,"Elevated multi-factor risk: Co-occurrence of threshold manipulation, compressed bidding window, or repeat winner pattern.","duration=20.95833333333333d, threshold_val=₹3,849,405, flags=RF-5, RF-6",0.92,Reviewed under PARAKH Annotation Standard v2.0 for HIMACHAL PRADESH jurisdiction.
CEN-CE-2021-01265,AUDITOR_EXP_01,2027-01-03T18:00:00,55,"RF-1, RF-4, RF-6",2,1,"Elevated multi-factor risk: Co-occurrence of threshold manipulation, compressed bidding window, or repeat winner pattern.","duration=4.0d, threshold_val=₹79,969,091, flags=RF-1, RF-4, RF-6",0.92,Reviewed under PARAKH Annotation Standard v2.0 for CENTRAL jurisdiction.
RAJ-RA-2021-01079,AUDITOR_EXP_01,2027-01-03T20:00:00,35,"RF-5, RF-6",2,1,"Elevated multi-factor risk: Co-occurrence of threshold manipulation, compressed bidding window, or repeat winner pattern.","duration=14.0d, threshold_val=₹6,452,322, flags=RF-5, RF-6",0.92,Reviewed under PARAKH Annotation Standard v2.0 for RAJASTHAN jurisdiction.
KAR-KA-2021-01108,AUDITOR_EXP_01,2027-01-03T22:00:00,30,"RF-4, RF-6",2,1,"Elevated multi-factor risk: Co-occurrence of threshold manipulation, compressed bidding window, or repeat winner pattern.","duration=6.0d, threshold_val=₹11,180,032, flags=RF-4, RF-6",0.92,Reviewed under PARAKH Annotation Standard v2.0 for KARNATAKA jurisdiction.
UTT-UT-2021-01197,AUDITOR_EXP_01,2027-01-04T00:00:00,35,"RF-5, RF-6",2,1,"Elevated multi-factor risk: Co-occurrence of threshold manipulation, compressed bidding window, or repeat winner pattern.","duration=30.0d, threshold_val=₹3,651,692, flags=RF-5, RF-6",0.92,Reviewed under PARAKH Annotation Standard v2.0 for UTTAR PRADESH jurisdiction.
2017_FDC_15175_1,AUDITOR_EXP_01,2027-01-04T02:00:00,35,"RF-4, RF-5",2,1,"Elevated multi-factor risk: Co-occurrence of threshold manipulation, compressed bidding window, or repeat winner pattern.","duration=5.809027777777778d, threshold_val=₹2,741,480, flags=RF-4, RF-5",0.92,Reviewed under PARAKH Annotation Standard v2.0 for HIMACHAL PRADESH jurisdiction.
2017_UDDHP_17922_1-2574,AUDITOR_EXP_01,2027-01-04T04:00:00,35,"RF-5, RF-6",2,1,"Elevated multi-factor risk: Co-occurrence of threshold manipulation, compressed bidding window, or repeat winner pattern.","duration=15.75d, threshold_val=₹1,544,707, flags=RF-5, RF-6",0.92,Reviewed under PARAKH Annotation Standard v2.0 for HIMACHAL PRADESH jurisdiction.
UTT-UT-2021-01073,AUDITOR_EXP_01,2027-01-04T06:00:00,55,"RF-1, RF-4, RF-6",2,1,"Elevated multi-factor risk: Co-occurrence of threshold manipulation, compressed bidding window, or repeat winner pattern.","duration=6.0d, threshold_val=₹147,748,424, flags=RF-1, RF-4, RF-6",0.92,Reviewed under PARAKH Annotation Standard v2.0 for UTTAR PRADESH jurisdiction.
2019_DMEHP_27594_1,AUDITOR_EXP_01,2027-01-04T08:00:00,20,RF-5,1,0,Isolated procedural deviation without evidence of systematic competition restriction.,"flags=RF-5, bidders=6",0.88,Reviewed under PARAKH Annotation Standard v2.0 for HIMACHAL PRADESH jurisdiction.
2016_HPIPH_13930_1,AUDITOR_EXP_01,2027-01-04T10:00:00,15,RF-6,1,0,Isolated procedural deviation without evidence of systematic competition restriction.,"flags=RF-6, bidders=2",0.88,Reviewed under PARAKH Annotation Standard v2.0 for HIMACHAL PRADESH jurisdiction.
KAR-KA-2021-01110,AUDITOR_EXP_01,2027-01-04T12:00:00,35,"RF-5, RF-6",2,1,"Elevated multi-factor risk: Co-occurrence of threshold manipulation, compressed bidding window, or repeat winner pattern.","duration=14.0d, threshold_val=₹6,738,727, flags=RF-5, RF-6",0.92,Reviewed under PARAKH Annotation Standard v2.0 for KARNATAKA jurisdiction.
CEN-CE-2021-01166,AUDITOR_EXP_01,2027-01-04T14:00:00,30,"RF-4, RF-6",2,1,"Elevated multi-factor risk: Co-occurrence of threshold manipulation, compressed bidding window, or repeat winner pattern.","duration=6.0d, threshold_val=₹4,398,471, flags=RF-4, RF-6",0.92,Reviewed under PARAKH Annotation Standard v2.0 for CENTRAL jurisdiction.
RAJ-RA-2021-01190,AUDITOR_EXP_01,2027-01-04T16:00:00,75,"RF-1, RF-4, RF-5, RF-6",3,1,Severe procurement anomaly: Single-bidder monopoly coupled with high price deviation or department dominance.,"bidders=1, price_deviation=0.35, flags=RF-1, RF-4, RF-5, RF-6",0.98,Reviewed under PARAKH Annotation Standard v2.0 for RAJASTHAN jurisdiction.
2020_PWD_35265_8,AUDITOR_EXP_01,2027-01-04T18:00:00,30,"RF-4, RF-6",2,1,"Elevated multi-factor risk: Co-occurrence of threshold manipulation, compressed bidding window, or repeat winner pattern.","duration=6.708333333333333d, threshold_val=₹919,655, flags=RF-4, RF-6",0.92,Reviewed under PARAKH Annotation Standard v2.0 for HIMACHAL PRADESH jurisdiction.
UTT-UT-2021-01217,AUDITOR_EXP_01,2027-01-04T20:00:00,30,"RF-4, RF-6",2,1,"Elevated multi-factor risk: Co-occurrence of threshold manipulation, compressed bidding window, or repeat winner pattern.","duration=4.0d, threshold_val=₹4,365,243, flags=RF-4, RF-6",0.92,Reviewed under PARAKH Annotation Standard v2.0 for UTTAR PRADESH jurisdiction.
2018_PWD_19804_1,AUDITOR_EXP_01,2027-01-04T22:00:00,15,RF-4,1,0,Isolated procedural deviation without evidence of systematic competition restriction.,"flags=RF-4, bidders=2",0.88,Reviewed under PARAKH Annotation Standard v2.0 for HIMACHAL PRADESH jurisdiction.
2018_HPIPH_24501_1,AUDITOR_EXP_01,2027-01-05T00:00:00,0,NONE,0,0,"Compliant procurement: Competitive bidding window, standard price alignment, and multiple participating suppliers.","bidders=3, duration=13.75d, estimate_alignment=OK",0.99,Reviewed under PARAKH Annotation Standard v2.0 for HIMACHAL PRADESH jurisdiction.
MAH-MA-2021-01226,AUDITOR_EXP_01,2027-01-05T02:00:00,50,"RF-4, RF-5, RF-6",2,1,"Elevated multi-factor risk: Co-occurrence of threshold manipulation, compressed bidding window, or repeat winner pattern.","duration=6.0d, threshold_val=₹5,975,594, flags=RF-4, RF-5, RF-6",0.92,Reviewed under PARAKH Annotation Standard v2.0 for MAHARASHTRA jurisdiction.
UTT-UT-2021-01018,AUDITOR_EXP_01,2027-01-05T04:00:00,0,NONE,0,0,"Compliant procurement: Competitive bidding window, standard price alignment, and multiple participating suppliers.","bidders=2, duration=21.0d, estimate_alignment=OK",0.99,Reviewed under PARAKH Annotation Standard v2.0 for UTTAR PRADESH jurisdiction.
MAH-MA-2021-01049,AUDITOR_EXP_01,2027-01-05T06:00:00,30,"RF-4, RF-6",2,1,"Elevated multi-factor risk: Co-occurrence of threshold manipulation, compressed bidding window, or repeat winner pattern.","duration=6.0d, threshold_val=₹14,374,395, flags=RF-4, RF-6",0.92,Reviewed under PARAKH Annotation Standard v2.0 for MAHARASHTRA jurisdiction.
CEN-CE-2021-01098,AUDITOR_EXP_01,2027-01-05T08:00:00,50,"RF-3, RF-4, RF-6",2,1,"Elevated multi-factor risk: Co-occurrence of threshold manipulation, compressed bidding window, or repeat winner pattern.","duration=4.0d, threshold_val=₹4,500,288, flags=RF-3, RF-4, RF-6",0.92,Reviewed under PARAKH Annotation Standard v2.0 for CENTRAL jurisdiction.
2017_BSMDA_18176_1,AUDITOR_EXP_01,2027-01-05T10:00:00,0,NONE,0,0,"Compliant procurement: Competitive bidding window, standard price alignment, and multiple participating suppliers.","bidders=4, duration=19.756944444444443d, estimate_alignment=OK",0.99,Reviewed under PARAKH Annotation Standard v2.0 for HIMACHAL PRADESH jurisdiction.
2019_PWD_27272_1,AUDITOR_EXP_01,2027-01-05T12:00:00,0,NONE,0,0,"Compliant procurement: Competitive bidding window, standard price alignment, and multiple participating suppliers.","bidders=2, duration=13.0d, estimate_alignment=OK",0.99,Reviewed under PARAKH Annotation Standard v2.0 for HIMACHAL PRADESH jurisdiction.
2017_PWD_16562_3,AUDITOR_EXP_01,2027-01-05T14:00:00,35,"RF-5, RF-6",2,1,"Elevated multi-factor risk: Co-occurrence of threshold manipulation, compressed bidding window, or repeat winner pattern.","duration=12.0d, threshold_val=₹2,193,713, flags=RF-5, RF-6",0.92,Reviewed under PARAKH Annotation Standard v2.0 for HIMACHAL PRADESH jurisdiction.
2017_BSMDA_18181_2,AUDITOR_EXP_01,2027-01-05T16:00:00,0,NONE,0,0,"Compliant procurement: Competitive bidding window, standard price alignment, and multiple participating suppliers.","bidders=3, duration=19.756944444444443d, estimate_alignment=OK",0.99,Reviewed under PARAKH Annotation Standard v2.0 for HIMACHAL PRADESH jurisdiction.
UTT-UT-2021-01232,AUDITOR_EXP_01,2027-01-05T18:00:00,15,RF-4,1,0,Isolated procedural deviation without evidence of systematic competition restriction.,"flags=RF-4, bidders=4",0.88,Reviewed under PARAKH Annotation Standard v2.0 for UTTAR PRADESH jurisdiction.
MAH-MA-2021-01169,AUDITOR_EXP_01,2027-01-05T20:00:00,30,"RF-4, RF-6",2,1,"Elevated multi-factor risk: Co-occurrence of threshold manipulation, compressed bidding window, or repeat winner pattern.","duration=6.0d, threshold_val=₹1,630,064, flags=RF-4, RF-6",0.92,Reviewed under PARAKH Annotation Standard v2.0 for MAHARASHTRA jurisdiction.
2018_HPIPH_22842_1,AUDITOR_EXP_01,2027-01-05T22:00:00,35,"RF-5, RF-6",2,1,"Elevated multi-factor risk: Co-occurrence of threshold manipulation, compressed bidding window, or repeat winner pattern.","duration=24.8125d, threshold_val=₹582,892,615, flags=RF-5, RF-6",0.92,Reviewed under PARAKH Annotation Standard v2.0 for HIMACHAL PRADESH jurisdiction.
RAJ-RA-2021-01119,AUDITOR_EXP_01,2027-01-06T00:00:00,35,"RF-5, RF-6",2,1,"Elevated multi-factor risk: Co-occurrence of threshold manipulation, compressed bidding window, or repeat winner pattern.","duration=30.0d, threshold_val=₹5,058,365, flags=RF-5, RF-6",0.92,Reviewed under PARAKH Annotation Standard v2.0 for RAJASTHAN jurisdiction.
CEN-CE-2021-01348,AUDITOR_EXP_01,2027-01-06T02:00:00,30,"RF-4, RF-6",2,1,"Elevated multi-factor risk: Co-occurrence of threshold manipulation, compressed bidding window, or repeat winner pattern.","duration=6.0d, threshold_val=₹11,661,382, flags=RF-4, RF-6",0.92,Reviewed under PARAKH Annotation Standard v2.0 for CENTRAL jurisdiction.
2019_HPIPH_27173_1,AUDITOR_EXP_01,2027-01-06T04:00:00,35,"RF-5, RF-6",2,1,"Elevated multi-factor risk: Co-occurrence of threshold manipulation, compressed bidding window, or repeat winner pattern.","duration=9.958333333333334d, threshold_val=₹5,853,374, flags=RF-5, RF-6",0.92,Reviewed under PARAKH Annotation Standard v2.0 for HIMACHAL PRADESH jurisdiction.
RAJ-RA-2021-01058,AUDITOR_EXP_01,2027-01-06T06:00:00,30,"RF-4, RF-6",2,1,"Elevated multi-factor risk: Co-occurrence of threshold manipulation, compressed bidding window, or repeat winner pattern.","duration=6.0d, threshold_val=₹122,922,419, flags=RF-4, RF-6",0.92,Reviewed under PARAKH Annotation Standard v2.0 for RAJASTHAN jurisdiction.
MAH-MA-2021-01147,AUDITOR_EXP_01,2027-01-06T08:00:00,35,"RF-3, RF-6",2,1,"Elevated multi-factor risk: Co-occurrence of threshold manipulation, compressed bidding window, or repeat winner pattern.","duration=21.0d, threshold_val=₹4,748,069, flags=RF-3, RF-6",0.92,Reviewed under PARAKH Annotation Standard v2.0 for MAHARASHTRA jurisdiction.
CEN-CE-2021-01030,AUDITOR_EXP_01,2027-01-06T10:00:00,30,"RF-4, RF-6",2,1,"Elevated multi-factor risk: Co-occurrence of threshold manipulation, compressed bidding window, or repeat winner pattern.","duration=6.0d, threshold_val=₹3,947,476, flags=RF-4, RF-6",0.92,Reviewed under PARAKH Annotation Standard v2.0 for CENTRAL jurisdiction.
CEN-CE-2021-01155,AUDITOR_EXP_01,2027-01-06T12:00:00,35,"RF-3, RF-6",2,1,"Elevated multi-factor risk: Co-occurrence of threshold manipulation, compressed bidding window, or repeat winner pattern.","duration=14.0d, threshold_val=₹4,632,903, flags=RF-3, RF-6",0.92,Reviewed under PARAKH Annotation Standard v2.0 for CENTRAL jurisdiction.
2017_PWD_18287_1,AUDITOR_EXP_01,2027-01-06T14:00:00,35,"RF-5, RF-6",2,1,"Elevated multi-factor risk: Co-occurrence of threshold manipulation, compressed bidding window, or repeat winner pattern.","duration=7.958333333333333d, threshold_val=₹207,820, flags=RF-5, RF-6",0.92,Reviewed under PARAKH Annotation Standard v2.0 for HIMACHAL PRADESH jurisdiction.
CEN-CE-2021-01182,AUDITOR_EXP_01,2027-01-06T16:00:00,35,"RF-5, RF-6",2,1,"Elevated multi-factor risk: Co-occurrence of threshold manipulation, compressed bidding window, or repeat winner pattern.","duration=14.0d, threshold_val=₹6,685,374, flags=RF-5, RF-6",0.92,Reviewed under PARAKH Annotation Standard v2.0 for CENTRAL jurisdiction.
2019_PWD_27172_28,AUDITOR_EXP_01,2027-01-06T18:00:00,35,"RF-5, RF-6",2,1,"Elevated multi-factor risk: Co-occurrence of threshold manipulation, compressed bidding window, or repeat winner pattern.","duration=14.041666666666666d, threshold_val=₹2,451,749, flags=RF-5, RF-6",0.92,Reviewed under PARAKH Annotation Standard v2.0 for HIMACHAL PRADESH jurisdiction.
2015_HPIPH_9975_1,AUDITOR_EXP_01,2027-01-06T20:00:00,45,"RF-1, RF-5",3,1,Severe procurement anomaly: Single-bidder monopoly coupled with high price deviation or department dominance.,"bidders=1, price_deviation=0.33, flags=RF-1, RF-5",0.98,Reviewed under PARAKH Annotation Standard v2.0 for HIMACHAL PRADESH jurisdiction.
CEN-CE-2021-01033,AUDITOR_EXP_01,2027-01-06T22:00:00,50,"RF-4, RF-5, RF-6",2,1,"Elevated multi-factor risk: Co-occurrence of threshold manipulation, compressed bidding window, or repeat winner pattern.","duration=4.0d, threshold_val=₹5,838,015, flags=RF-4, RF-5, RF-6",0.92,Reviewed under PARAKH Annotation Standard v2.0 for CENTRAL jurisdiction.
2017_HPIPH_17928_1,AUDITOR_EXP_01,2027-01-07T00:00:00,35,"RF-5, RF-6",2,1,"Elevated multi-factor risk: Co-occurrence of threshold manipulation, compressed bidding window, or repeat winner pattern.","duration=21.0d, threshold_val=₹9,495,000, flags=RF-5, RF-6",0.92,Reviewed under PARAKH Annotation Standard v2.0 for HIMACHAL PRADESH jurisdiction.
2018_PWD_25484_4,AUDITOR_EXP_01,2027-01-07T02:00:00,30,"RF-4, RF-6",2,1,"Elevated multi-factor risk: Co-occurrence of threshold manipulation, compressed bidding window, or repeat winner pattern.","duration=5.708333333333333d, threshold_val=₹1,988,100, flags=RF-4, RF-6",0.92,Reviewed under PARAKH Annotation Standard v2.0 for HIMACHAL PRADESH jurisdiction.
2016_HPIPH_12744_1,AUDITOR_EXP_01,2027-01-07T04:00:00,35,"RF-5, RF-6",2,1,"Elevated multi-factor risk: Co-occurrence of threshold manipulation, compressed bidding window, or repeat winner pattern.","duration=12.875d, threshold_val=₹3,361,203, flags=RF-5, RF-6",0.92,Reviewed under PARAKH Annotation Standard v2.0 for HIMACHAL PRADESH jurisdiction.
KAR-KA-2021-01144,AUDITOR_EXP_01,2027-01-07T06:00:00,40,"RF-1, RF-4",2,1,"Elevated multi-factor risk: Co-occurrence of threshold manipulation, compressed bidding window, or repeat winner pattern.","duration=6.0d, threshold_val=₹326,832,276, flags=RF-1, RF-4",0.92,Reviewed under PARAKH Annotation Standard v2.0 for KARNATAKA jurisdiction.
CEN-CE-2021-01264,AUDITOR_EXP_01,2027-01-07T08:00:00,40,"RF-1, RF-4",2,1,"Elevated multi-factor risk: Co-occurrence of threshold manipulation, compressed bidding window, or repeat winner pattern.","duration=6.0d, threshold_val=₹86,530,611, flags=RF-1, RF-4",0.92,Reviewed under PARAKH Annotation Standard v2.0 for CENTRAL jurisdiction.
2018_MC_25077_11,AUDITOR_EXP_01,2027-01-07T10:00:00,45,"RF-1, RF-5",3,1,Severe procurement anomaly: Single-bidder monopoly coupled with high price deviation or department dominance.,"bidders=1, price_deviation=0.41, flags=RF-1, RF-5",0.98,Reviewed under PARAKH Annotation Standard v2.0 for HIMACHAL PRADESH jurisdiction.
CEN-CE-2021-01181,AUDITOR_EXP_01,2027-01-07T12:00:00,55,"RF-1, RF-4, RF-6",2,1,"Elevated multi-factor risk: Co-occurrence of threshold manipulation, compressed bidding window, or repeat winner pattern.","duration=6.0d, threshold_val=₹237,904,271, flags=RF-1, RF-4, RF-6",0.92,Reviewed under PARAKH Annotation Standard v2.0 for CENTRAL jurisdiction.
2017_PWD_14798_13,AUDITOR_EXP_01,2027-01-07T14:00:00,60,"RF-1, RF-3, RF-6",2,1,"Elevated multi-factor risk: Co-occurrence of threshold manipulation, compressed bidding window, or repeat winner pattern.","duration=24.08333333333333d, threshold_val=₹4,987,269, flags=RF-1, RF-3, RF-6",0.92,Reviewed under PARAKH Annotation Standard v2.0 for HIMACHAL PRADESH jurisdiction.
2018_PWD_20123_1,AUDITOR_EXP_01,2027-01-07T16:00:00,30,"RF-4, RF-6",2,1,"Elevated multi-factor risk: Co-occurrence of threshold manipulation, compressed bidding window, or repeat winner pattern.","duration=6.270833333333333d, threshold_val=₹1,157,973, flags=RF-4, RF-6",0.92,Reviewed under PARAKH Annotation Standard v2.0 for HIMACHAL PRADESH jurisdiction.
2018_HPIPH_19143_1,AUDITOR_EXP_01,2027-01-07T18:00:00,35,"RF-5, RF-6",2,1,"Elevated multi-factor risk: Co-occurrence of threshold manipulation, compressed bidding window, or repeat winner pattern.","duration=19.70833333333333d, threshold_val=₹2,650,000, flags=RF-5, RF-6",0.92,Reviewed under PARAKH Annotation Standard v2.0 for HIMACHAL PRADESH jurisdiction.
RAJ-RA-2021-01107,AUDITOR_EXP_01,2027-01-07T20:00:00,30,"RF-4, RF-6",2,1,"Elevated multi-factor risk: Co-occurrence of threshold manipulation, compressed bidding window, or repeat winner pattern.","duration=4.0d, threshold_val=₹170,399,040, flags=RF-4, RF-6",0.92,Reviewed under PARAKH Annotation Standard v2.0 for RAJASTHAN jurisdiction.
2018_PWD_19639_5,AUDITOR_EXP_01,2027-01-07T22:00:00,35,"RF-5, RF-6",2,1,"Elevated multi-factor risk: Co-occurrence of threshold manipulation, compressed bidding window, or repeat winner pattern.","duration=20.791666666666668d, threshold_val=₹2,497,180, flags=RF-5, RF-6",0.92,Reviewed under PARAKH Annotation Standard v2.0 for HIMACHAL PRADESH jurisdiction.
2017_HPIPH_16816_1,AUDITOR_EXP_01,2027-01-08T00:00:00,35,"RF-5, RF-6",2,1,"Elevated multi-factor risk: Co-occurrence of threshold manipulation, compressed bidding window, or repeat winner pattern.","duration=10.25d, threshold_val=₹3,827,705, flags=RF-5, RF-6",0.92,Reviewed under PARAKH Annotation Standard v2.0 for HIMACHAL PRADESH jurisdiction.
MAH-MA-2021-01188,AUDITOR_EXP_01,2027-01-08T02:00:00,30,"RF-4, RF-6",2,1,"Elevated multi-factor risk: Co-occurrence of threshold manipulation, compressed bidding window, or repeat winner pattern.","duration=4.0d, threshold_val=₹5,293,058, flags=RF-4, RF-6",0.92,Reviewed under PARAKH Annotation Standard v2.0 for MAHARASHTRA jurisdiction.
2018_PWD_19977_1,AUDITOR_EXP_01,2027-01-08T04:00:00,15,RF-6,1,0,Isolated procedural deviation without evidence of systematic competition restriction.,"flags=RF-6, bidders=3",0.88,Reviewed under PARAKH Annotation Standard v2.0 for HIMACHAL PRADESH jurisdiction.
CEN-CE-2021-01210,AUDITOR_EXP_01,2027-01-08T06:00:00,30,"RF-4, RF-6",2,1,"Elevated multi-factor risk: Co-occurrence of threshold manipulation, compressed bidding window, or repeat winner pattern.","duration=6.0d, threshold_val=₹5,298,322, flags=RF-4, RF-6",0.92,Reviewed under PARAKH Annotation Standard v2.0 for CENTRAL jurisdiction.
2017_PWD_17377_10,AUDITOR_EXP_01,2027-01-08T08:00:00,35,"RF-5, RF-6",2,1,"Elevated multi-factor risk: Co-occurrence of threshold manipulation, compressed bidding window, or repeat winner pattern.","duration=7.708333333333333d, threshold_val=₹750,915, flags=RF-5, RF-6",0.92,Reviewed under PARAKH Annotation Standard v2.0 for HIMACHAL PRADESH jurisdiction.
2017_PWD_15009_1,AUDITOR_EXP_01,2027-01-08T10:00:00,30,"RF-4, RF-6",2,1,"Elevated multi-factor risk: Co-occurrence of threshold manipulation, compressed bidding window, or repeat winner pattern.","duration=6.729166666666667d, threshold_val=₹2,174,438, flags=RF-4, RF-6",0.92,Reviewed under PARAKH Annotation Standard v2.0 for HIMACHAL PRADESH jurisdiction.
UTT-UT-2021-01233,AUDITOR_EXP_01,2027-01-08T12:00:00,50,"RF-4, RF-5, RF-6",2,1,"Elevated multi-factor risk: Co-occurrence of threshold manipulation, compressed bidding window, or repeat winner pattern.","duration=4.0d, threshold_val=₹349,677,130, flags=RF-4, RF-5, RF-6",0.92,Reviewed under PARAKH Annotation Standard v2.0 for UTTAR PRADESH jurisdiction.
MAH-MA-2021-01181,AUDITOR_EXP_01,2027-01-08T14:00:00,40,"RF-1, RF-6",2,1,"Elevated multi-factor risk: Co-occurrence of threshold manipulation, compressed bidding window, or repeat winner pattern.","duration=30.0d, threshold_val=₹17,956,512, flags=RF-1, RF-6",0.92,Reviewed under PARAKH Annotation Standard v2.0 for MAHARASHTRA jurisdiction.
2019_PWD_25817_2,AUDITOR_EXP_01,2027-01-08T16:00:00,30,"RF-4, RF-6",2,1,"Elevated multi-factor risk: Co-occurrence of threshold manipulation, compressed bidding window, or repeat winner pattern.","duration=6.708333333333333d, threshold_val=₹5,396,544, flags=RF-4, RF-6",0.92,Reviewed under PARAKH Annotation Standard v2.0 for HIMACHAL PRADESH jurisdiction.
2018_PWD_25484_1,AUDITOR_EXP_01,2027-01-08T18:00:00,35,"RF-4, RF-5",2,1,"Elevated multi-factor risk: Co-occurrence of threshold manipulation, compressed bidding window, or repeat winner pattern.","duration=5.708333333333333d, threshold_val=₹29,249,240, flags=RF-4, RF-5",0.92,Reviewed under PARAKH Annotation Standard v2.0 for HIMACHAL PRADESH jurisdiction.
2017_PWD_14820_1-3918,AUDITOR_EXP_01,2027-01-08T20:00:00,35,"RF-5, RF-6",2,1,"Elevated multi-factor risk: Co-occurrence of threshold manipulation, compressed bidding window, or repeat winner pattern.","duration=21.041666666666668d, threshold_val=₹36,671,857, flags=RF-5, RF-6",0.92,Reviewed under PARAKH Annotation Standard v2.0 for HIMACHAL PRADESH jurisdiction.
MAH-MA-2021-01126,AUDITOR_EXP_01,2027-01-08T22:00:00,30,"RF-4, RF-6",2,1,"Elevated multi-factor risk: Co-occurrence of threshold manipulation, compressed bidding window, or repeat winner pattern.","duration=6.0d, threshold_val=₹138,041,912, flags=RF-4, RF-6",0.92,Reviewed under PARAKH Annotation Standard v2.0 for MAHARASHTRA jurisdiction.
UTT-UT-2021-01171,AUDITOR_EXP_01,2027-01-09T00:00:00,30,"RF-4, RF-6",2,1,"Elevated multi-factor risk: Co-occurrence of threshold manipulation, compressed bidding window, or repeat winner pattern.","duration=4.0d, threshold_val=₹2,660,097, flags=RF-4, RF-6",0.92,Reviewed under PARAKH Annotation Standard v2.0 for UTTAR PRADESH jurisdiction.
2018_MC_21514_2,AUDITOR_EXP_01,2027-01-09T02:00:00,20,RF-5,1,0,Isolated procedural deviation without evidence of systematic competition restriction.,"flags=RF-5, bidders=5",0.88,Reviewed under PARAKH Annotation Standard v2.0 for HIMACHAL PRADESH jurisdiction.
2018_PWD_20222_3,AUDITOR_EXP_01,2027-01-09T04:00:00,35,"RF-5, RF-6",2,1,"Elevated multi-factor risk: Co-occurrence of threshold manipulation, compressed bidding window, or repeat winner pattern.","duration=18.041666666666668d, threshold_val=₹1,266,183, flags=RF-5, RF-6",0.92,Reviewed under PARAKH Annotation Standard v2.0 for HIMACHAL PRADESH jurisdiction.
2017_UDDHP_17946_1-2761,AUDITOR_EXP_01,2027-01-09T06:00:00,35,"RF-5, RF-6",2,1,"Elevated multi-factor risk: Co-occurrence of threshold manipulation, compressed bidding window, or repeat winner pattern.","duration=16.75d, threshold_val=₹6,379,239, flags=RF-5, RF-6",0.92,Reviewed under PARAKH Annotation Standard v2.0 for HIMACHAL PRADESH jurisdiction.
2018_HPIPH_21883_1,AUDITOR_EXP_01,2027-01-09T08:00:00,40,"RF-1, RF-6",2,1,"Elevated multi-factor risk: Co-occurrence of threshold manipulation, compressed bidding window, or repeat winner pattern.","duration=22.791666666666668d, threshold_val=₹998,000, flags=RF-1, RF-6",0.92,Reviewed under PARAKH Annotation Standard v2.0 for HIMACHAL PRADESH jurisdiction.
2017_PWD_17912_1,AUDITOR_EXP_01,2027-01-09T10:00:00,35,"RF-5, RF-6",2,1,"Elevated multi-factor risk: Co-occurrence of threshold manipulation, compressed bidding window, or repeat winner pattern.","duration=19.83333333333333d, threshold_val=₹34,147,195, flags=RF-5, RF-6",0.92,Reviewed under PARAKH Annotation Standard v2.0 for HIMACHAL PRADESH jurisdiction.
CEN-CE-2021-01054,AUDITOR_EXP_01,2027-01-09T12:00:00,15,RF-6,1,0,Isolated procedural deviation without evidence of systematic competition restriction.,"flags=RF-6, bidders=4",0.88,Reviewed under PARAKH Annotation Standard v2.0 for CENTRAL jurisdiction.
MAH-MA-2021-01106,AUDITOR_EXP_01,2027-01-09T14:00:00,15,RF-6,1,0,Isolated procedural deviation without evidence of systematic competition restriction.,"flags=RF-6, bidders=2",0.88,Reviewed under PARAKH Annotation Standard v2.0 for MAHARASHTRA jurisdiction.
2018_HPIPH_19200_1-951,AUDITOR_EXP_01,2027-01-09T16:00:00,50,"RF-4, RF-5, RF-6",2,1,"Elevated multi-factor risk: Co-occurrence of threshold manipulation, compressed bidding window, or repeat winner pattern.","duration=6.208333333333333d, threshold_val=₹2,040,000, flags=RF-4, RF-5, RF-6",0.92,Reviewed under PARAKH Annotation Standard v2.0 for HIMACHAL PRADESH jurisdiction.
2017_HPIPH_17173_1-2083,AUDITOR_EXP_01,2027-01-09T18:00:00,35,"RF-5, RF-6",2,1,"Elevated multi-factor risk: Co-occurrence of threshold manipulation, compressed bidding window, or repeat winner pattern.","duration=18.291666666666668d, threshold_val=₹293,985, flags=RF-5, RF-6",0.92,Reviewed under PARAKH Annotation Standard v2.0 for HIMACHAL PRADESH jurisdiction.
2017_PWD_18106_1,AUDITOR_EXP_01,2027-01-09T20:00:00,0,NONE,0,0,"Compliant procurement: Competitive bidding window, standard price alignment, and multiple participating suppliers.","bidders=4, duration=12.270833333333334d, estimate_alignment=OK",0.99,Reviewed under PARAKH Annotation Standard v2.0 for HIMACHAL PRADESH jurisdiction.
2017_PWD_17496_1,AUDITOR_EXP_01,2027-01-09T22:00:00,35,"RF-5, RF-6",2,1,"Elevated multi-factor risk: Co-occurrence of threshold manipulation, compressed bidding window, or repeat winner pattern.","duration=9.291666666666666d, threshold_val=₹592,363, flags=RF-5, RF-6",0.92,Reviewed under PARAKH Annotation Standard v2.0 for HIMACHAL PRADESH jurisdiction.
2017_MC_14905_5,AUDITOR_EXP_01,2027-01-10T00:00:00,35,"RF-4, RF-5",2,1,"Elevated multi-factor risk: Co-occurrence of threshold manipulation, compressed bidding window, or repeat winner pattern.","duration=6.729166666666667d, threshold_val=₹1,851,839, flags=RF-4, RF-5",0.92,Reviewed under PARAKH Annotation Standard v2.0 for HIMACHAL PRADESH jurisdiction.
RAJ-RA-2021-01248,AUDITOR_EXP_01,2027-01-10T02:00:00,40,"RF-1, RF-6",2,1,"Elevated multi-factor risk: Co-occurrence of threshold manipulation, compressed bidding window, or repeat winner pattern.","duration=21.0d, threshold_val=₹15,519,956, flags=RF-1, RF-6",0.92,Reviewed under PARAKH Annotation Standard v2.0 for RAJASTHAN jurisdiction.
2019_DMEHP_26591_1,AUDITOR_EXP_01,2027-01-10T04:00:00,35,"RF-5, RF-6",2,1,"Elevated multi-factor risk: Co-occurrence of threshold manipulation, compressed bidding window, or repeat winner pattern.","duration=13.083333333333334d, threshold_val=₹1,995,840, flags=RF-5, RF-6",0.92,Reviewed under PARAKH Annotation Standard v2.0 for HIMACHAL PRADESH jurisdiction.
2017_HPIPH_18007_1-3219,AUDITOR_EXP_01,2027-01-10T06:00:00,35,"RF-4, RF-5",2,1,"Elevated multi-factor risk: Co-occurrence of threshold manipulation, compressed bidding window, or repeat winner pattern.","duration=6.291666666666667d, threshold_val=₹9,580,274, flags=RF-4, RF-5",0.92,Reviewed under PARAKH Annotation Standard v2.0 for HIMACHAL PRADESH jurisdiction.
MAH-MA-2021-01276,AUDITOR_EXP_01,2027-01-10T08:00:00,35,"RF-3, RF-4",2,1,"Elevated multi-factor risk: Co-occurrence of threshold manipulation, compressed bidding window, or repeat winner pattern.","duration=6.0d, threshold_val=₹4,748,397, flags=RF-3, RF-4",0.92,Reviewed under PARAKH Annotation Standard v2.0 for MAHARASHTRA jurisdiction.
2017_PWD_16326_1,AUDITOR_EXP_01,2027-01-10T10:00:00,30,"RF-4, RF-6",2,1,"Elevated multi-factor risk: Co-occurrence of threshold manipulation, compressed bidding window, or repeat winner pattern.","duration=5.729166666666667d, threshold_val=₹1,650,285, flags=RF-4, RF-6",0.92,Reviewed under PARAKH Annotation Standard v2.0 for HIMACHAL PRADESH jurisdiction.
MAH-MA-2021-01203,AUDITOR_EXP_01,2027-01-10T12:00:00,40,"RF-1, RF-6",2,1,"Elevated multi-factor risk: Co-occurrence of threshold manipulation, compressed bidding window, or repeat winner pattern.","duration=14.0d, threshold_val=₹18,774,760, flags=RF-1, RF-6",0.92,Reviewed under PARAKH Annotation Standard v2.0 for MAHARASHTRA jurisdiction.
2019_HPIPH_31379_1-1137,AUDITOR_EXP_01,2027-01-10T14:00:00,0,NONE,0,0,"Compliant procurement: Competitive bidding window, standard price alignment, and multiple participating suppliers.","bidders=4, duration=17.791666666666668d, estimate_alignment=OK",0.99,Reviewed under PARAKH Annotation Standard v2.0 for HIMACHAL PRADESH jurisdiction.
2017_PWD_14674_1-560,AUDITOR_EXP_01,2027-01-10T16:00:00,30,"RF-4, RF-6",2,1,"Elevated multi-factor risk: Co-occurrence of threshold manipulation, compressed bidding window, or repeat winner pattern.","duration=6.6875d, threshold_val=₹6,208,573, flags=RF-4, RF-6",0.92,Reviewed under PARAKH Annotation Standard v2.0 for HIMACHAL PRADESH jurisdiction.
2016_HPIPH_10768_1,AUDITOR_EXP_01,2027-01-10T18:00:00,55,"RF-3, RF-5, RF-6",2,1,"Elevated multi-factor risk: Co-occurrence of threshold manipulation, compressed bidding window, or repeat winner pattern.","duration=16.083333333333332d, threshold_val=₹4,735,000, flags=RF-3, RF-5, RF-6",0.92,Reviewed under PARAKH Annotation Standard v2.0 for HIMACHAL PRADESH jurisdiction.
2019_PWD_26098_10,AUDITOR_EXP_01,2027-01-10T20:00:00,40,"RF-1, RF-6",2,1,"Elevated multi-factor risk: Co-occurrence of threshold manipulation, compressed bidding window, or repeat winner pattern.","duration=15.0d, threshold_val=₹823,018, flags=RF-1, RF-6",0.92,Reviewed under PARAKH Annotation Standard v2.0 for HIMACHAL PRADESH jurisdiction.
CEN-CE-2021-01120,AUDITOR_EXP_01,2027-01-10T22:00:00,35,"RF-3, RF-6",2,1,"Elevated multi-factor risk: Co-occurrence of threshold manipulation, compressed bidding window, or repeat winner pattern.","duration=21.0d, threshold_val=₹4,730,233, flags=RF-3, RF-6",0.92,Reviewed under PARAKH Annotation Standard v2.0 for CENTRAL jurisdiction.
2018_MC_20282_10,AUDITOR_EXP_01,2027-01-11T00:00:00,60,"RF-1, RF-5, RF-6",3,1,Severe procurement anomaly: Single-bidder monopoly coupled with high price deviation or department dominance.,"bidders=1, price_deviation=0.51, flags=RF-1, RF-5, RF-6",0.98,Reviewed under PARAKH Annotation Standard v2.0 for HIMACHAL PRADESH jurisdiction.
2017_PWD_16067_1,AUDITOR_EXP_01,2027-01-11T02:00:00,45,"RF-1, RF-5",3,1,Severe procurement anomaly: Single-bidder monopoly coupled with high price deviation or department dominance.,"bidders=1, price_deviation=0.57, flags=RF-1, RF-5",0.98,Reviewed under PARAKH Annotation Standard v2.0 for HIMACHAL PRADESH jurisdiction.
CEN-CE-2021-01249,AUDITOR_EXP_01,2027-01-11T04:00:00,30,"RF-4, RF-6",2,1,"Elevated multi-factor risk: Co-occurrence of threshold manipulation, compressed bidding window, or repeat winner pattern.","duration=6.0d, threshold_val=₹19,295,364, flags=RF-4, RF-6",0.92,Reviewed under PARAKH Annotation Standard v2.0 for CENTRAL jurisdiction.
2019_HPIPH_31494_1,AUDITOR_EXP_01,2027-01-11T06:00:00,0,NONE,0,0,"Compliant procurement: Competitive bidding window, standard price alignment, and multiple participating suppliers.","bidders=5, duration=21.67013888888889d, estimate_alignment=OK",0.99,Reviewed under PARAKH Annotation Standard v2.0 for HIMACHAL PRADESH jurisdiction.
UTT-UT-2021-01188,AUDITOR_EXP_01,2027-01-11T08:00:00,30,"RF-4, RF-6",2,1,"Elevated multi-factor risk: Co-occurrence of threshold manipulation, compressed bidding window, or repeat winner pattern.","duration=4.0d, threshold_val=₹18,910,361, flags=RF-4, RF-6",0.92,Reviewed under PARAKH Annotation Standard v2.0 for UTTAR PRADESH jurisdiction.
2017_UDDHP_15260_1,AUDITOR_EXP_01,2027-01-11T10:00:00,35,"RF-5, RF-6",2,1,"Elevated multi-factor risk: Co-occurrence of threshold manipulation, compressed bidding window, or repeat winner pattern.","duration=7.083333333333333d, threshold_val=₹88,900, flags=RF-5, RF-6",0.92,Reviewed under PARAKH Annotation Standard v2.0 for HIMACHAL PRADESH jurisdiction.
CEN-CE-2021-01314,AUDITOR_EXP_01,2027-01-11T12:00:00,30,"RF-4, RF-6",2,1,"Elevated multi-factor risk: Co-occurrence of threshold manipulation, compressed bidding window, or repeat winner pattern.","duration=4.0d, threshold_val=₹5,675,082, flags=RF-4, RF-6",0.92,Reviewed under PARAKH Annotation Standard v2.0 for CENTRAL jurisdiction.
2017_HPIPH_16816_1-1061,AUDITOR_EXP_01,2027-01-11T14:00:00,35,"RF-5, RF-6",2,1,"Elevated multi-factor risk: Co-occurrence of threshold manipulation, compressed bidding window, or repeat winner pattern.","duration=10.25d, threshold_val=₹3,490,962, flags=RF-5, RF-6",0.92,Reviewed under PARAKH Annotation Standard v2.0 for HIMACHAL PRADESH jurisdiction.
UTT-UT-2021-01127,AUDITOR_EXP_01,2027-01-11T16:00:00,15,RF-6,1,0,Isolated procedural deviation without evidence of systematic competition restriction.,"flags=RF-6, bidders=2",0.88,Reviewed under PARAKH Annotation Standard v2.0 for UTTAR PRADESH jurisdiction.
RAJ-RA-2021-01197,AUDITOR_EXP_01,2027-01-11T18:00:00,15,RF-6,1,0,Isolated procedural deviation without evidence of systematic competition restriction.,"flags=RF-6, bidders=3",0.88,Reviewed under PARAKH Annotation Standard v2.0 for RAJASTHAN jurisdiction.
2018_HPIPH_23330_1,AUDITOR_EXP_01,2027-01-11T20:00:00,20,RF-5,1,0,Isolated procedural deviation without evidence of systematic competition restriction.,"flags=RF-5, bidders=4",0.88,Reviewed under PARAKH Annotation Standard v2.0 for HIMACHAL PRADESH jurisdiction.
2017_HPIPH_17188_1-148,AUDITOR_EXP_01,2027-01-11T22:00:00,35,"RF-5, RF-6",2,1,"Elevated multi-factor risk: Co-occurrence of threshold manipulation, compressed bidding window, or repeat winner pattern.","duration=24.80208333333333d, threshold_val=₹11,749,000, flags=RF-5, RF-6",0.92,Reviewed under PARAKH Annotation Standard v2.0 for HIMACHAL PRADESH jurisdiction.
2018_PWD_20138_1,AUDITOR_EXP_01,2027-01-12T00:00:00,35,"RF-5, RF-6",2,1,"Elevated multi-factor risk: Co-occurrence of threshold manipulation, compressed bidding window, or repeat winner pattern.","duration=12.0d, threshold_val=₹2,303,322, flags=RF-5, RF-6",0.92,Reviewed under PARAKH Annotation Standard v2.0 for HIMACHAL PRADESH jurisdiction.
2017_PWD_16764_1,AUDITOR_EXP_01,2027-01-12T02:00:00,35,"RF-5, RF-6",2,1,"Elevated multi-factor risk: Co-occurrence of threshold manipulation, compressed bidding window, or repeat winner pattern.","duration=14.333333333333334d, threshold_val=₹1,580,255, flags=RF-5, RF-6",0.92,Reviewed under PARAKH Annotation Standard v2.0 for HIMACHAL PRADESH jurisdiction.
MAH-MA-2021-01107,AUDITOR_EXP_01,2027-01-12T04:00:00,30,"RF-4, RF-6",2,1,"Elevated multi-factor risk: Co-occurrence of threshold manipulation, compressed bidding window, or repeat winner pattern.","duration=4.0d, threshold_val=₹16,806,452, flags=RF-4, RF-6",0.92,Reviewed under PARAKH Annotation Standard v2.0 for MAHARASHTRA jurisdiction.
2017_PWD_15338_1,AUDITOR_EXP_01,2027-01-12T06:00:00,35,"RF-4, RF-5",2,1,"Elevated multi-factor risk: Co-occurrence of threshold manipulation, compressed bidding window, or repeat winner pattern.","duration=5.75d, threshold_val=₹4,048,200, flags=RF-4, RF-5",0.92,Reviewed under PARAKH Annotation Standard v2.0 for HIMACHAL PRADESH jurisdiction.
UTT-UT-2021-01004,AUDITOR_EXP_01,2027-01-12T08:00:00,40,"RF-1, RF-6",2,1,"Elevated multi-factor risk: Co-occurrence of threshold manipulation, compressed bidding window, or repeat winner pattern.","duration=21.0d, threshold_val=₹320,844,404, flags=RF-1, RF-6",0.92,Reviewed under PARAKH Annotation Standard v2.0 for UTTAR PRADESH jurisdiction.
MAH-MA-2021-01289,AUDITOR_EXP_01,2027-01-12T10:00:00,40,"RF-1, RF-6",2,1,"Elevated multi-factor risk: Co-occurrence of threshold manipulation, compressed bidding window, or repeat winner pattern.","duration=30.0d, threshold_val=₹2,314,357, flags=RF-1, RF-6",0.92,Reviewed under PARAKH Annotation Standard v2.0 for MAHARASHTRA jurisdiction.
MAH-MA-2021-01082,AUDITOR_EXP_01,2027-01-12T12:00:00,30,"RF-4, RF-6",2,1,"Elevated multi-factor risk: Co-occurrence of threshold manipulation, compressed bidding window, or repeat winner pattern.","duration=6.0d, threshold_val=₹22,829,615, flags=RF-4, RF-6",0.92,Reviewed under PARAKH Annotation Standard v2.0 for MAHARASHTRA jurisdiction.
2017_HPIPH_15544_1,AUDITOR_EXP_01,2027-01-12T14:00:00,15,RF-6,1,0,Isolated procedural deviation without evidence of systematic competition restriction.,"flags=RF-6, bidders=5",0.88,Reviewed under PARAKH Annotation Standard v2.0 for HIMACHAL PRADESH jurisdiction.
KAR-KA-2021-01096,AUDITOR_EXP_01,2027-01-12T16:00:00,30,"RF-4, RF-6",2,1,"Elevated multi-factor risk: Co-occurrence of threshold manipulation, compressed bidding window, or repeat winner pattern.","duration=6.0d, threshold_val=₹19,513,265, flags=RF-4, RF-6",0.92,Reviewed under PARAKH Annotation Standard v2.0 for KARNATAKA jurisdiction.
2018_MC_19610_11,AUDITOR_EXP_01,2027-01-12T18:00:00,35,"RF-4, RF-5",2,1,"Elevated multi-factor risk: Co-occurrence of threshold manipulation, compressed bidding window, or repeat winner pattern.","duration=6.729166666666667d, threshold_val=₹3,173,331, flags=RF-4, RF-5",0.92,Reviewed under PARAKH Annotation Standard v2.0 for HIMACHAL PRADESH jurisdiction.
2018_HPIPH_25237_1,AUDITOR_EXP_01,2027-01-12T20:00:00,35,"RF-5, RF-6",2,1,"Elevated multi-factor risk: Co-occurrence of threshold manipulation, compressed bidding window, or repeat winner pattern.","duration=14.708333333333334d, threshold_val=₹962,226, flags=RF-5, RF-6",0.92,Reviewed under PARAKH Annotation Standard v2.0 for HIMACHAL PRADESH jurisdiction.
MAH-MA-2021-01044,AUDITOR_EXP_01,2027-01-12T22:00:00,0,NONE,0,0,"Compliant procurement: Competitive bidding window, standard price alignment, and multiple participating suppliers.","bidders=2, duration=21.0d, estimate_alignment=OK",0.99,Reviewed under PARAKH Annotation Standard v2.0 for MAHARASHTRA jurisdiction.
2017_PWD_16957_1,AUDITOR_EXP_01,2027-01-13T00:00:00,0,NONE,0,0,"Compliant procurement: Competitive bidding window, standard price alignment, and multiple participating suppliers.","bidders=5, duration=11.270833333333334d, estimate_alignment=OK",0.99,Reviewed under PARAKH Annotation Standard v2.0 for HIMACHAL PRADESH jurisdiction.
2017_PWD_14983_1,AUDITOR_EXP_01,2027-01-13T02:00:00,35,"RF-5, RF-6",2,1,"Elevated multi-factor risk: Co-occurrence of threshold manipulation, compressed bidding window, or repeat winner pattern.","duration=23.75d, threshold_val=₹2,316,666, flags=RF-5, RF-6",0.92,Reviewed under PARAKH Annotation Standard v2.0 for HIMACHAL PRADESH jurisdiction.
2018_HPIPH_24287_1,AUDITOR_EXP_01,2027-01-13T04:00:00,0,NONE,0,0,"Compliant procurement: Competitive bidding window, standard price alignment, and multiple participating suppliers.","bidders=3, duration=15.125d, estimate_alignment=OK",0.99,Reviewed under PARAKH Annotation Standard v2.0 for HIMACHAL PRADESH jurisdiction.
2017_PWD_16668_1,AUDITOR_EXP_01,2027-01-13T06:00:00,35,"RF-5, RF-6",2,1,"Elevated multi-factor risk: Co-occurrence of threshold manipulation, compressed bidding window, or repeat winner pattern.","duration=21.0d, threshold_val=₹814,308, flags=RF-5, RF-6",0.92,Reviewed under PARAKH Annotation Standard v2.0 for HIMACHAL PRADESH jurisdiction.
CEN-CE-2021-01250,AUDITOR_EXP_01,2027-01-13T08:00:00,40,"RF-1, RF-6",2,1,"Elevated multi-factor risk: Co-occurrence of threshold manipulation, compressed bidding window, or repeat winner pattern.","duration=14.0d, threshold_val=₹300,935,872, flags=RF-1, RF-6",0.92,Reviewed under PARAKH Annotation Standard v2.0 for CENTRAL jurisdiction.
2017_PWD_15639_1,AUDITOR_EXP_01,2027-01-13T10:00:00,40,"RF-1, RF-6",2,1,"Elevated multi-factor risk: Co-occurrence of threshold manipulation, compressed bidding window, or repeat winner pattern.","duration=8.791666666666666d, threshold_val=₹1,972,387, flags=RF-1, RF-6",0.92,Reviewed under PARAKH Annotation Standard v2.0 for HIMACHAL PRADESH jurisdiction.
2019_HPIPH_26907_1,AUDITOR_EXP_01,2027-01-13T12:00:00,35,"RF-5, RF-6",2,1,"Elevated multi-factor risk: Co-occurrence of threshold manipulation, compressed bidding window, or repeat winner pattern.","duration=14.75d, threshold_val=₹1,067,860, flags=RF-5, RF-6",0.92,Reviewed under PARAKH Annotation Standard v2.0 for HIMACHAL PRADESH jurisdiction.
2017_UDDHP_18186_1,AUDITOR_EXP_01,2027-01-13T14:00:00,50,"RF-4, RF-5, RF-6",2,1,"Elevated multi-factor risk: Co-occurrence of threshold manipulation, compressed bidding window, or repeat winner pattern.","duration=6.333333333333333d, threshold_val=₹756,632, flags=RF-4, RF-5, RF-6",0.92,Reviewed under PARAKH Annotation Standard v2.0 for HIMACHAL PRADESH jurisdiction.
RAJ-RA-2021-01070,AUDITOR_EXP_01,2027-01-13T16:00:00,30,"RF-4, RF-6",2,1,"Elevated multi-factor risk: Co-occurrence of threshold manipulation, compressed bidding window, or repeat winner pattern.","duration=4.0d, threshold_val=₹2,679,533, flags=RF-4, RF-6",0.92,Reviewed under PARAKH Annotation Standard v2.0 for RAJASTHAN jurisdiction.
CEN-CE-2021-01108,AUDITOR_EXP_01,2027-01-13T18:00:00,40,"RF-1, RF-6",2,1,"Elevated multi-factor risk: Co-occurrence of threshold manipulation, compressed bidding window, or repeat winner pattern.","duration=14.0d, threshold_val=₹5,703,984, flags=RF-1, RF-6",0.92,Reviewed under PARAKH Annotation Standard v2.0 for CENTRAL jurisdiction.
RAJ-RA-2021-01031,AUDITOR_EXP_01,2027-01-13T20:00:00,75,"RF-1, RF-4, RF-5, RF-6",3,1,Severe procurement anomaly: Single-bidder monopoly coupled with high price deviation or department dominance.,"bidders=1, price_deviation=0.35, flags=RF-1, RF-4, RF-5, RF-6",0.98,Reviewed under PARAKH Annotation Standard v2.0 for RAJASTHAN jurisdiction.
MAH-MA-2021-01061,AUDITOR_EXP_01,2027-01-13T22:00:00,50,"RF-4, RF-5, RF-6",2,1,"Elevated multi-factor risk: Co-occurrence of threshold manipulation, compressed bidding window, or repeat winner pattern.","duration=6.0d, threshold_val=₹3,355,194, flags=RF-4, RF-5, RF-6",0.92,Reviewed under PARAKH Annotation Standard v2.0 for MAHARASHTRA jurisdiction.
RAJ-RA-2021-01234,AUDITOR_EXP_01,2027-01-14T00:00:00,60,"RF-1, RF-5, RF-6",3,1,Severe procurement anomaly: Single-bidder monopoly coupled with high price deviation or department dominance.,"bidders=1, price_deviation=0.35, flags=RF-1, RF-5, RF-6",0.98,Reviewed under PARAKH Annotation Standard v2.0 for RAJASTHAN jurisdiction.
2017_PWD_14798_1,AUDITOR_EXP_01,2027-01-14T02:00:00,40,"RF-1, RF-6",2,1,"Elevated multi-factor risk: Co-occurrence of threshold manipulation, compressed bidding window, or repeat winner pattern.","duration=24.08333333333333d, threshold_val=₹1,184,566, flags=RF-1, RF-6",0.92,Reviewed under PARAKH Annotation Standard v2.0 for HIMACHAL PRADESH jurisdiction.
MAH-MA-2021-01204,AUDITOR_EXP_01,2027-01-14T04:00:00,35,"RF-5, RF-6",2,1,"Elevated multi-factor risk: Co-occurrence of threshold manipulation, compressed bidding window, or repeat winner pattern.","duration=14.0d, threshold_val=₹124,705,315, flags=RF-5, RF-6",0.92,Reviewed under PARAKH Annotation Standard v2.0 for MAHARASHTRA jurisdiction.
2017_HPIPH_16522_1,AUDITOR_EXP_01,2027-01-14T06:00:00,35,"RF-5, RF-6",2,1,"Elevated multi-factor risk: Co-occurrence of threshold manipulation, compressed bidding window, or repeat winner pattern.","duration=25.70833333333333d, threshold_val=₹4,453,496, flags=RF-5, RF-6",0.92,Reviewed under PARAKH Annotation Standard v2.0 for HIMACHAL PRADESH jurisdiction.
2019_HPIPH_31698_1,AUDITOR_EXP_01,2027-01-14T08:00:00,20,RF-5,1,0,Isolated procedural deviation without evidence of systematic competition restriction.,"flags=RF-5, bidders=2",0.88,Reviewed under PARAKH Annotation Standard v2.0 for HIMACHAL PRADESH jurisdiction.
2019_HPIPH_33372_1,AUDITOR_EXP_01,2027-01-14T10:00:00,0,NONE,0,0,"Compliant procurement: Competitive bidding window, standard price alignment, and multiple participating suppliers.","bidders=9, duration=13.0d, estimate_alignment=OK",0.99,Reviewed under PARAKH Annotation Standard v2.0 for HIMACHAL PRADESH jurisdiction.
2017_UDDHP_17307_1,AUDITOR_EXP_01,2027-01-14T12:00:00,35,"RF-5, RF-6",2,1,"Elevated multi-factor risk: Co-occurrence of threshold manipulation, compressed bidding window, or repeat winner pattern.","duration=22.70833333333333d, threshold_val=₹655,016, flags=RF-5, RF-6",0.92,Reviewed under PARAKH Annotation Standard v2.0 for HIMACHAL PRADESH jurisdiction.
CEN-CE-2021-01287,AUDITOR_EXP_01,2027-01-14T14:00:00,55,"RF-1, RF-4, RF-6",2,1,"Elevated multi-factor risk: Co-occurrence of threshold manipulation, compressed bidding window, or repeat winner pattern.","duration=6.0d, threshold_val=₹84,633,982, flags=RF-1, RF-4, RF-6",0.92,Reviewed under PARAKH Annotation Standard v2.0 for CENTRAL jurisdiction.
UTT-UT-2021-01168,AUDITOR_EXP_01,2027-01-14T16:00:00,30,"RF-4, RF-6",2,1,"Elevated multi-factor risk: Co-occurrence of threshold manipulation, compressed bidding window, or repeat winner pattern.","duration=4.0d, threshold_val=₹376,868,668, flags=RF-4, RF-6",0.92,Reviewed under PARAKH Annotation Standard v2.0 for UTTAR PRADESH jurisdiction.
CEN-CE-2021-01036,AUDITOR_EXP_01,2027-01-14T18:00:00,35,"RF-5, RF-6",2,1,"Elevated multi-factor risk: Co-occurrence of threshold manipulation, compressed bidding window, or repeat winner pattern.","duration=14.0d, threshold_val=₹6,729,580, flags=RF-5, RF-6",0.92,Reviewed under PARAKH Annotation Standard v2.0 for CENTRAL jurisdiction.
KAR-KA-2021-01094,AUDITOR_EXP_01,2027-01-14T20:00:00,55,"RF-1, RF-4, RF-6",2,1,"Elevated multi-factor risk: Co-occurrence of threshold manipulation, compressed bidding window, or repeat winner pattern.","duration=4.0d, threshold_val=₹2,014,112, flags=RF-1, RF-4, RF-6",0.92,Reviewed under PARAKH Annotation Standard v2.0 for KARNATAKA jurisdiction.
CEN-CE-2021-01063,AUDITOR_EXP_01,2027-01-14T22:00:00,50,"RF-3, RF-4, RF-6",2,1,"Elevated multi-factor risk: Co-occurrence of threshold manipulation, compressed bidding window, or repeat winner pattern.","duration=4.0d, threshold_val=₹4,662,878, flags=RF-3, RF-4, RF-6",0.92,Reviewed under PARAKH Annotation Standard v2.0 for CENTRAL jurisdiction.
2019_HPIPH_33694_1,AUDITOR_EXP_01,2027-01-15T00:00:00,15,RF-6,1,0,Isolated procedural deviation without evidence of systematic competition restriction.,"flags=RF-6, bidders=3",0.88,Reviewed under PARAKH Annotation Standard v2.0 for HIMACHAL PRADESH jurisdiction.
KAR-KA-2021-01140,AUDITOR_EXP_01,2027-01-15T02:00:00,30,"RF-4, RF-6",2,1,"Elevated multi-factor risk: Co-occurrence of threshold manipulation, compressed bidding window, or repeat winner pattern.","duration=6.0d, threshold_val=₹19,075,568, flags=RF-4, RF-6",0.92,Reviewed under PARAKH Annotation Standard v2.0 for KARNATAKA jurisdiction.
RAJ-RA-2021-01193,AUDITOR_EXP_01,2027-01-15T04:00:00,35,"RF-4, RF-5",2,1,"Elevated multi-factor risk: Co-occurrence of threshold manipulation, compressed bidding window, or repeat winner pattern.","duration=6.0d, threshold_val=₹6,632,557, flags=RF-4, RF-5",0.92,Reviewed under PARAKH Annotation Standard v2.0 for RAJASTHAN jurisdiction.
CEN-CE-2021-01047,AUDITOR_EXP_01,2027-01-15T06:00:00,50,"RF-4, RF-5, RF-6",2,1,"Elevated multi-factor risk: Co-occurrence of threshold manipulation, compressed bidding window, or repeat winner pattern.","duration=6.0d, threshold_val=₹6,667,582, flags=RF-4, RF-5, RF-6",0.92,Reviewed under PARAKH Annotation Standard v2.0 for CENTRAL jurisdiction.
2020_DFHW_36651_1,AUDITOR_EXP_01,2027-01-15T08:00:00,40,"RF-2, RF-4",2,1,"Elevated multi-factor risk: Co-occurrence of threshold manipulation, compressed bidding window, or repeat winner pattern.","duration=5.690972222222222d, threshold_val=₹7,500,000, flags=RF-2, RF-4",0.92,Reviewed under PARAKH Annotation Standard v2.0 for HIMACHAL PRADESH jurisdiction.
2017_MC_15003_9,AUDITOR_EXP_01,2027-01-15T10:00:00,35,"RF-5, RF-6",2,1,"Elevated multi-factor risk: Co-occurrence of threshold manipulation, compressed bidding window, or repeat winner pattern.","duration=8.729166666666666d, threshold_val=₹5,076,323, flags=RF-5, RF-6",0.92,Reviewed under PARAKH Annotation Standard v2.0 for HIMACHAL PRADESH jurisdiction.
MAH-MA-2021-01268,AUDITOR_EXP_01,2027-01-15T12:00:00,30,"RF-4, RF-6",2,1,"Elevated multi-factor risk: Co-occurrence of threshold manipulation, compressed bidding window, or repeat winner pattern.","duration=4.0d, threshold_val=₹3,527,783, flags=RF-4, RF-6",0.92,Reviewed under PARAKH Annotation Standard v2.0 for MAHARASHTRA jurisdiction.
KAR-KA-2021-01138,AUDITOR_EXP_01,2027-01-15T14:00:00,50,"RF-4, RF-5, RF-6",2,1,"Elevated multi-factor risk: Co-occurrence of threshold manipulation, compressed bidding window, or repeat winner pattern.","duration=4.0d, threshold_val=₹107,489,696, flags=RF-4, RF-5, RF-6",0.92,Reviewed under PARAKH Annotation Standard v2.0 for KARNATAKA jurisdiction.
2017_HPIPH_17650_1-2374,AUDITOR_EXP_01,2027-01-15T16:00:00,35,"RF-5, RF-6",2,1,"Elevated multi-factor risk: Co-occurrence of threshold manipulation, compressed bidding window, or repeat winner pattern.","duration=7.0625d, threshold_val=₹1,250,000, flags=RF-5, RF-6",0.92,Reviewed under PARAKH Annotation Standard v2.0 for HIMACHAL PRADESH jurisdiction.
2017_PWD_15452_1,AUDITOR_EXP_01,2027-01-15T18:00:00,30,"RF-4, RF-6",2,1,"Elevated multi-factor risk: Co-occurrence of threshold manipulation, compressed bidding window, or repeat winner pattern.","duration=6.743055555555555d, threshold_val=₹4,319,583, flags=RF-4, RF-6",0.92,Reviewed under PARAKH Annotation Standard v2.0 for HIMACHAL PRADESH jurisdiction.
RAJ-RA-2021-01181,AUDITOR_EXP_01,2027-01-15T20:00:00,50,"RF-4, RF-5, RF-6",2,1,"Elevated multi-factor risk: Co-occurrence of threshold manipulation, compressed bidding window, or repeat winner pattern.","duration=6.0d, threshold_val=₹267,802,372, flags=RF-4, RF-5, RF-6",0.92,Reviewed under PARAKH Annotation Standard v2.0 for RAJASTHAN jurisdiction.
2018_FDC_19560_1,AUDITOR_EXP_01,2027-01-15T22:00:00,40,"RF-1, RF-4",2,1,"Elevated multi-factor risk: Co-occurrence of threshold manipulation, compressed bidding window, or repeat winner pattern.","duration=5.041666666666667d, threshold_val=₹1,842,760, flags=RF-1, RF-4",0.92,Reviewed under PARAKH Annotation Standard v2.0 for HIMACHAL PRADESH jurisdiction.
2017_UDDHP_18139_1,AUDITOR_EXP_01,2027-01-16T00:00:00,20,RF-5,1,0,Isolated procedural deviation without evidence of systematic competition restriction.,"flags=RF-5, bidders=3",0.88,Reviewed under PARAKH Annotation Standard v2.0 for HIMACHAL PRADESH jurisdiction.
CEN-CE-2021-01044,AUDITOR_EXP_01,2027-01-16T02:00:00,50,"RF-3, RF-4, RF-6",2,1,"Elevated multi-factor risk: Co-occurrence of threshold manipulation, compressed bidding window, or repeat winner pattern.","duration=6.0d, threshold_val=₹4,713,018, flags=RF-3, RF-4, RF-6",0.92,Reviewed under PARAKH Annotation Standard v2.0 for CENTRAL jurisdiction.
2018_HPIPH_22178_1,AUDITOR_EXP_01,2027-01-16T04:00:00,35,"RF-5, RF-6",2,1,"Elevated multi-factor risk: Co-occurrence of threshold manipulation, compressed bidding window, or repeat winner pattern.","duration=27.0d, threshold_val=₹1,080,000, flags=RF-5, RF-6",0.92,Reviewed under PARAKH Annotation Standard v2.0 for HIMACHAL PRADESH jurisdiction.
2019_HPIPH_31012_1,AUDITOR_EXP_01,2027-01-16T06:00:00,0,NONE,0,0,"Compliant procurement: Competitive bidding window, standard price alignment, and multiple participating suppliers.","bidders=3, duration=20.75d, estimate_alignment=OK",0.99,Reviewed under PARAKH Annotation Standard v2.0 for HIMACHAL PRADESH jurisdiction.
2017_HPIPH_16878_1,AUDITOR_EXP_01,2027-01-16T08:00:00,35,"RF-5, RF-6",2,1,"Elevated multi-factor risk: Co-occurrence of threshold manipulation, compressed bidding window, or repeat winner pattern.","duration=20.75d, threshold_val=₹1,920,000, flags=RF-5, RF-6",0.92,Reviewed under PARAKH Annotation Standard v2.0 for HIMACHAL PRADESH jurisdiction.
2019_HPIPH_31376_1,AUDITOR_EXP_01,2027-01-16T10:00:00,35,"RF-5, RF-6",2,1,"Elevated multi-factor risk: Co-occurrence of threshold manipulation, compressed bidding window, or repeat winner pattern.","duration=13.0d, threshold_val=₹1,893,570, flags=RF-5, RF-6",0.92,Reviewed under PARAKH Annotation Standard v2.0 for HIMACHAL PRADESH jurisdiction.
CEN-CE-2021-01127,AUDITOR_EXP_01,2027-01-16T12:00:00,30,"RF-4, RF-6",2,1,"Elevated multi-factor risk: Co-occurrence of threshold manipulation, compressed bidding window, or repeat winner pattern.","duration=6.0d, threshold_val=₹22,342,981, flags=RF-4, RF-6",0.92,Reviewed under PARAKH Annotation Standard v2.0 for CENTRAL jurisdiction.
2018_HPIPH_19950_1,AUDITOR_EXP_01,2027-01-16T14:00:00,60,"RF-1, RF-3, RF-6",2,1,"Elevated multi-factor risk: Co-occurrence of threshold manipulation, compressed bidding window, or repeat winner pattern.","duration=14.291666666666666d, threshold_val=₹4,503,924, flags=RF-1, RF-3, RF-6",0.92,Reviewed under PARAKH Annotation Standard v2.0 for HIMACHAL PRADESH jurisdiction.
2018_PWD_19648_12,AUDITOR_EXP_01,2027-01-16T16:00:00,35,"RF-5, RF-6",2,1,"Elevated multi-factor risk: Co-occurrence of threshold manipulation, compressed bidding window, or repeat winner pattern.","duration=18.041666666666668d, threshold_val=₹2,049,928, flags=RF-5, RF-6",0.92,Reviewed under PARAKH Annotation Standard v2.0 for HIMACHAL PRADESH jurisdiction.
UTT-UT-2021-01220,AUDITOR_EXP_01,2027-01-16T18:00:00,40,"RF-1, RF-6",2,1,"Elevated multi-factor risk: Co-occurrence of threshold manipulation, compressed bidding window, or repeat winner pattern.","duration=21.0d, threshold_val=₹12,636,647, flags=RF-1, RF-6",0.92,Reviewed under PARAKH Annotation Standard v2.0 for UTTAR PRADESH jurisdiction.
UTT-UT-2021-01065,AUDITOR_EXP_01,2027-01-16T20:00:00,30,"RF-4, RF-6",2,1,"Elevated multi-factor risk: Co-occurrence of threshold manipulation, compressed bidding window, or repeat winner pattern.","duration=6.0d, threshold_val=₹4,384,160, flags=RF-4, RF-6",0.92,Reviewed under PARAKH Annotation Standard v2.0 for UTTAR PRADESH jurisdiction.
2017_HPIPH_15020_1,AUDITOR_EXP_01,2027-01-16T22:00:00,15,RF-6,1,0,Isolated procedural deviation without evidence of systematic competition restriction.,"flags=RF-6, bidders=2",0.88,Reviewed under PARAKH Annotation Standard v2.0 for HIMACHAL PRADESH jurisdiction.
2017_UDDHP_15848_1,AUDITOR_EXP_01,2027-01-17T00:00:00,35,"RF-5, RF-6",2,1,"Elevated multi-factor risk: Co-occurrence of threshold manipulation, compressed bidding window, or repeat winner pattern.","duration=7.083333333333333d, threshold_val=₹644,625, flags=RF-5, RF-6",0.92,Reviewed under PARAKH Annotation Standard v2.0 for HIMACHAL PRADESH jurisdiction.
KAR-KA-2021-01002,AUDITOR_EXP_01,2027-01-17T02:00:00,55,"RF-3, RF-5, RF-6",2,1,"Elevated multi-factor risk: Co-occurrence of threshold manipulation, compressed bidding window, or repeat winner pattern.","duration=21.0d, threshold_val=₹4,557,769, flags=RF-3, RF-5, RF-6",0.92,Reviewed under PARAKH Annotation Standard v2.0 for KARNATAKA jurisdiction.
2017_UDDHP_15839_1,AUDITOR_EXP_01,2027-01-17T04:00:00,35,"RF-5, RF-6",2,1,"Elevated multi-factor risk: Co-occurrence of threshold manipulation, compressed bidding window, or repeat winner pattern.","duration=7.083333333333333d, threshold_val=₹209,991, flags=RF-5, RF-6",0.92,Reviewed under PARAKH Annotation Standard v2.0 for HIMACHAL PRADESH jurisdiction.
2019_HPIPH_26547_1,AUDITOR_EXP_01,2027-01-17T06:00:00,30,"RF-4, RF-6",2,1,"Elevated multi-factor risk: Co-occurrence of threshold manipulation, compressed bidding window, or repeat winner pattern.","duration=5.770833333333333d, threshold_val=₹132,413, flags=RF-4, RF-6",0.92,Reviewed under PARAKH Annotation Standard v2.0 for HIMACHAL PRADESH jurisdiction.
2017_PWD_14439_1,AUDITOR_EXP_01,2027-01-17T08:00:00,0,NONE,0,0,"Compliant procurement: Competitive bidding window, standard price alignment, and multiple participating suppliers.","bidders=8, duration=16.958333333333332d, estimate_alignment=OK",0.99,Reviewed under PARAKH Annotation Standard v2.0 for HIMACHAL PRADESH jurisdiction.
2018_PWD_19891_11,AUDITOR_EXP_01,2027-01-17T10:00:00,15,RF-6,1,0,Isolated procedural deviation without evidence of systematic competition restriction.,"flags=RF-6, bidders=2",0.88,Reviewed under PARAKH Annotation Standard v2.0 for HIMACHAL PRADESH jurisdiction.
KAR-KA-2021-01009,AUDITOR_EXP_01,2027-01-17T12:00:00,55,"RF-1, RF-4, RF-6",2,1,"Elevated multi-factor risk: Co-occurrence of threshold manipulation, compressed bidding window, or repeat winner pattern.","duration=6.0d, threshold_val=₹5,735,821, flags=RF-1, RF-4, RF-6",0.92,Reviewed under PARAKH Annotation Standard v2.0 for KARNATAKA jurisdiction.
KAR-KA-2021-01057,AUDITOR_EXP_01,2027-01-17T14:00:00,75,"RF-1, RF-4, RF-5, RF-6",3,1,Severe procurement anomaly: Single-bidder monopoly coupled with high price deviation or department dominance.,"bidders=1, price_deviation=0.35, flags=RF-1, RF-4, RF-5, RF-6",0.98,Reviewed under PARAKH Annotation Standard v2.0 for KARNATAKA jurisdiction.
2018_PWD_19648_6,AUDITOR_EXP_01,2027-01-17T16:00:00,35,"RF-5, RF-6",2,1,"Elevated multi-factor risk: Co-occurrence of threshold manipulation, compressed bidding window, or repeat winner pattern.","duration=18.67708333333333d, threshold_val=₹2,306,248, flags=RF-5, RF-6",0.92,Reviewed under PARAKH Annotation Standard v2.0 for HIMACHAL PRADESH jurisdiction.
2018_PWD_20279_1,AUDITOR_EXP_01,2027-01-17T18:00:00,35,"RF-5, RF-6",2,1,"Elevated multi-factor risk: Co-occurrence of threshold manipulation, compressed bidding window, or repeat winner pattern.","duration=11.958333333333334d, threshold_val=₹881,545, flags=RF-5, RF-6",0.92,Reviewed under PARAKH Annotation Standard v2.0 for HIMACHAL PRADESH jurisdiction.
RAJ-RA-2021-01182,AUDITOR_EXP_01,2027-01-17T20:00:00,60,"RF-1, RF-5, RF-6",3,1,Severe procurement anomaly: Single-bidder monopoly coupled with high price deviation or department dominance.,"bidders=1, price_deviation=0.35, flags=RF-1, RF-5, RF-6",0.98,Reviewed under PARAKH Annotation Standard v2.0 for RAJASTHAN jurisdiction.
2016_HPIPH_13836_1,AUDITOR_EXP_01,2027-01-17T22:00:00,45,"RF-1, RF-5",3,1,Severe procurement anomaly: Single-bidder monopoly coupled with high price deviation or department dominance.,"bidders=1, price_deviation=0.66, flags=RF-1, RF-5",0.98,Reviewed under PARAKH Annotation Standard v2.0 for HIMACHAL PRADESH jurisdiction.
2018_MC_20116_3,AUDITOR_EXP_01,2027-01-18T00:00:00,40,"RF-3, RF-5",2,1,"Elevated multi-factor risk: Co-occurrence of threshold manipulation, compressed bidding window, or repeat winner pattern.","duration=13.729166666666666d, threshold_val=₹4,725,715, flags=RF-3, RF-5",0.92,Reviewed under PARAKH Annotation Standard v2.0 for HIMACHAL PRADESH jurisdiction.
CEN-CE-2021-01135,AUDITOR_EXP_01,2027-01-18T02:00:00,30,"RF-4, RF-6",2,1,"Elevated multi-factor risk: Co-occurrence of threshold manipulation, compressed bidding window, or repeat winner pattern.","duration=6.0d, threshold_val=₹214,730,874, flags=RF-4, RF-6",0.92,Reviewed under PARAKH Annotation Standard v2.0 for CENTRAL jurisdiction.
2018_HPIPH_21716_1,AUDITOR_EXP_01,2027-01-18T04:00:00,35,"RF-5, RF-6",2,1,"Elevated multi-factor risk: Co-occurrence of threshold manipulation, compressed bidding window, or repeat winner pattern.","duration=23.70833333333333d, threshold_val=₹6,157,000, flags=RF-5, RF-6",0.92,Reviewed under PARAKH Annotation Standard v2.0 for HIMACHAL PRADESH jurisdiction.
2017_PWD_14784_1,AUDITOR_EXP_01,2027-01-18T06:00:00,45,"RF-1, RF-5",3,1,Severe procurement anomaly: Single-bidder monopoly coupled with high price deviation or department dominance.,"bidders=1, price_deviation=0.68, flags=RF-1, RF-5",0.98,Reviewed under PARAKH Annotation Standard v2.0 for HIMACHAL PRADESH jurisdiction.
2017_HPIPH_16692_1,AUDITOR_EXP_01,2027-01-18T08:00:00,35,"RF-5, RF-6",2,1,"Elevated multi-factor risk: Co-occurrence of threshold manipulation, compressed bidding window, or repeat winner pattern.","duration=13.083333333333334d, threshold_val=₹430,000, flags=RF-5, RF-6",0.92,Reviewed under PARAKH Annotation Standard v2.0 for HIMACHAL PRADESH jurisdiction.
KAR-KA-2021-01087,AUDITOR_EXP_01,2027-01-18T10:00:00,55,"RF-1, RF-4, RF-6",2,1,"Elevated multi-factor risk: Co-occurrence of threshold manipulation, compressed bidding window, or repeat winner pattern.","duration=6.0d, threshold_val=₹5,297,908, flags=RF-1, RF-4, RF-6",0.92,Reviewed under PARAKH Annotation Standard v2.0 for KARNATAKA jurisdiction.
CEN-CE-2021-01311,AUDITOR_EXP_01,2027-01-18T12:00:00,30,"RF-4, RF-6",2,1,"Elevated multi-factor risk: Co-occurrence of threshold manipulation, compressed bidding window, or repeat winner pattern.","duration=4.0d, threshold_val=₹5,398,551, flags=RF-4, RF-6",0.92,Reviewed under PARAKH Annotation Standard v2.0 for CENTRAL jurisdiction.
UTT-UT-2021-01203,AUDITOR_EXP_01,2027-01-18T14:00:00,30,"RF-4, RF-6",2,1,"Elevated multi-factor risk: Co-occurrence of threshold manipulation, compressed bidding window, or repeat winner pattern.","duration=4.0d, threshold_val=₹109,588,012, flags=RF-4, RF-6",0.92,Reviewed under PARAKH Annotation Standard v2.0 for UTTAR PRADESH jurisdiction.
2017_PWD_18014_1,AUDITOR_EXP_01,2027-01-18T16:00:00,40,"RF-2, RF-4",2,1,"Elevated multi-factor risk: Co-occurrence of threshold manipulation, compressed bidding window, or repeat winner pattern.","duration=6.895833333333333d, threshold_val=₹1,659,460, flags=RF-2, RF-4",0.92,Reviewed under PARAKH Annotation Standard v2.0 for HIMACHAL PRADESH jurisdiction.
2019_PWD_26098_12,AUDITOR_EXP_01,2027-01-18T18:00:00,40,"RF-1, RF-6",2,1,"Elevated multi-factor risk: Co-occurrence of threshold manipulation, compressed bidding window, or repeat winner pattern.","duration=14.975694444444445d, threshold_val=₹1,646,134, flags=RF-1, RF-6",0.92,Reviewed under PARAKH Annotation Standard v2.0 for HIMACHAL PRADESH jurisdiction.
UTT-UT-2021-01169,AUDITOR_EXP_01,2027-01-18T20:00:00,55,"RF-1, RF-4, RF-6",2,1,"Elevated multi-factor risk: Co-occurrence of threshold manipulation, compressed bidding window, or repeat winner pattern.","duration=4.0d, threshold_val=₹71,650,648, flags=RF-1, RF-4, RF-6",0.92,Reviewed under PARAKH Annotation Standard v2.0 for UTTAR PRADESH jurisdiction.
2017_UDDHP_18329_1,AUDITOR_EXP_01,2027-01-18T22:00:00,50,"RF-4, RF-5, RF-6",2,1,"Elevated multi-factor risk: Co-occurrence of threshold manipulation, compressed bidding window, or repeat winner pattern.","duration=5.333333333333333d, threshold_val=₹370,860, flags=RF-4, RF-5, RF-6",0.92,Reviewed under PARAKH Annotation Standard v2.0 for HIMACHAL PRADESH jurisdiction.
MAH-MA-2021-01298,AUDITOR_EXP_01,2027-01-19T00:00:00,30,"RF-4, RF-6",2,1,"Elevated multi-factor risk: Co-occurrence of threshold manipulation, compressed bidding window, or repeat winner pattern.","duration=6.0d, threshold_val=₹14,208,599, flags=RF-4, RF-6",0.92,Reviewed under PARAKH Annotation Standard v2.0 for MAHARASHTRA jurisdiction.
MAH-MA-2021-01075,AUDITOR_EXP_01,2027-01-19T02:00:00,30,"RF-4, RF-6",2,1,"Elevated multi-factor risk: Co-occurrence of threshold manipulation, compressed bidding window, or repeat winner pattern.","duration=6.0d, threshold_val=₹19,620,284, flags=RF-4, RF-6",0.92,Reviewed under PARAKH Annotation Standard v2.0 for MAHARASHTRA jurisdiction.
2017_UDDHP_17916_1,AUDITOR_EXP_01,2027-01-19T04:00:00,20,RF-5,1,0,Isolated procedural deviation without evidence of systematic competition restriction.,"flags=RF-5, bidders=3",0.88,Reviewed under PARAKH Annotation Standard v2.0 for HIMACHAL PRADESH jurisdiction.
CEN-CE-2021-01241,AUDITOR_EXP_01,2027-01-19T06:00:00,35,"RF-5, RF-6",2,1,"Elevated multi-factor risk: Co-occurrence of threshold manipulation, compressed bidding window, or repeat winner pattern.","duration=14.0d, threshold_val=₹31,482,746, flags=RF-5, RF-6",0.92,Reviewed under PARAKH Annotation Standard v2.0 for CENTRAL jurisdiction.
2019_DFHW_28789_1,AUDITOR_EXP_01,2027-01-19T08:00:00,35,"RF-4, RF-5",2,1,"Elevated multi-factor risk: Co-occurrence of threshold manipulation, compressed bidding window, or repeat winner pattern.","duration=5.75d, threshold_val=₹168,488,424, flags=RF-4, RF-5",0.92,Reviewed under PARAKH Annotation Standard v2.0 for HIMACHAL PRADESH jurisdiction.
2017_UDDHP_17617_1,AUDITOR_EXP_01,2027-01-19T10:00:00,35,"RF-5, RF-6",2,1,"Elevated multi-factor risk: Co-occurrence of threshold manipulation, compressed bidding window, or repeat winner pattern.","duration=7.25d, threshold_val=₹787,500, flags=RF-5, RF-6",0.92,Reviewed under PARAKH Annotation Standard v2.0 for HIMACHAL PRADESH jurisdiction.
2019_PWD_26814_1,AUDITOR_EXP_01,2027-01-19T12:00:00,40,"RF-1, RF-6",2,1,"Elevated multi-factor risk: Co-occurrence of threshold manipulation, compressed bidding window, or repeat winner pattern.","duration=7.708333333333333d, threshold_val=₹4,018,254, flags=RF-1, RF-6",0.92,Reviewed under PARAKH Annotation Standard v2.0 for HIMACHAL PRADESH jurisdiction.
CEN-CE-2021-01085,AUDITOR_EXP_01,2027-01-19T14:00:00,30,"RF-4, RF-6",2,1,"Elevated multi-factor risk: Co-occurrence of threshold manipulation, compressed bidding window, or repeat winner pattern.","duration=4.0d, threshold_val=₹385,362,698, flags=RF-4, RF-6",0.92,Reviewed under PARAKH Annotation Standard v2.0 for CENTRAL jurisdiction.
CEN-CE-2021-01065,AUDITOR_EXP_01,2027-01-19T16:00:00,30,"RF-4, RF-6",2,1,"Elevated multi-factor risk: Co-occurrence of threshold manipulation, compressed bidding window, or repeat winner pattern.","duration=6.0d, threshold_val=₹16,203,648, flags=RF-4, RF-6",0.92,Reviewed under PARAKH Annotation Standard v2.0 for CENTRAL jurisdiction.
KAR-KA-2021-01060,AUDITOR_EXP_01,2027-01-19T18:00:00,40,"RF-1, RF-6",2,1,"Elevated multi-factor risk: Co-occurrence of threshold manipulation, compressed bidding window, or repeat winner pattern.","duration=30.0d, threshold_val=₹5,096,993, flags=RF-1, RF-6",0.92,Reviewed under PARAKH Annotation Standard v2.0 for KARNATAKA jurisdiction.
MAH-MA-2021-01143,AUDITOR_EXP_01,2027-01-19T20:00:00,35,"RF-3, RF-6",2,1,"Elevated multi-factor risk: Co-occurrence of threshold manipulation, compressed bidding window, or repeat winner pattern.","duration=14.0d, threshold_val=₹4,959,389, flags=RF-3, RF-6",0.92,Reviewed under PARAKH Annotation Standard v2.0 for MAHARASHTRA jurisdiction.
KAR-KA-2021-01004,AUDITOR_EXP_01,2027-01-19T22:00:00,15,RF-4,1,0,Isolated procedural deviation without evidence of systematic competition restriction.,"flags=RF-4, bidders=8",0.88,Reviewed under PARAKH Annotation Standard v2.0 for KARNATAKA jurisdiction.
2017_UDDHP_17922_1,AUDITOR_EXP_01,2027-01-20T00:00:00,35,"RF-5, RF-6",2,1,"Elevated multi-factor risk: Co-occurrence of threshold manipulation, compressed bidding window, or repeat winner pattern.","duration=15.75d, threshold_val=₹2,627,146, flags=RF-5, RF-6",0.92,Reviewed under PARAKH Annotation Standard v2.0 for HIMACHAL PRADESH jurisdiction.
UTT-UT-2021-01138,AUDITOR_EXP_01,2027-01-20T02:00:00,35,"RF-5, RF-6",2,1,"Elevated multi-factor risk: Co-occurrence of threshold manipulation, compressed bidding window, or repeat winner pattern.","duration=21.0d, threshold_val=₹743,846, flags=RF-5, RF-6",0.92,Reviewed under PARAKH Annotation Standard v2.0 for UTTAR PRADESH jurisdiction.
2018_HPIPH_23754_1-917,AUDITOR_EXP_01,2027-01-20T04:00:00,35,"RF-3, RF-6",2,1,"Elevated multi-factor risk: Co-occurrence of threshold manipulation, compressed bidding window, or repeat winner pattern.","duration=13.041666666666666d, threshold_val=₹4,534,701, flags=RF-3, RF-6",0.92,Reviewed under PARAKH Annotation Standard v2.0 for HIMACHAL PRADESH jurisdiction.
2017_PWD_17564_1,AUDITOR_EXP_01,2027-01-20T06:00:00,35,"RF-5, RF-6",2,1,"Elevated multi-factor risk: Co-occurrence of threshold manipulation, compressed bidding window, or repeat winner pattern.","duration=18.729166666666668d, threshold_val=₹1,185,750, flags=RF-5, RF-6",0.92,Reviewed under PARAKH Annotation Standard v2.0 for HIMACHAL PRADESH jurisdiction.
2017_PWD_18299_1,AUDITOR_EXP_01,2027-01-20T08:00:00,35,"RF-5, RF-6",2,1,"Elevated multi-factor risk: Co-occurrence of threshold manipulation, compressed bidding window, or repeat winner pattern.","duration=7.25d, threshold_val=₹167,174, flags=RF-5, RF-6",0.92,Reviewed under PARAKH Annotation Standard v2.0 for HIMACHAL PRADESH jurisdiction.
2018_HPSED_19882_2,AUDITOR_EXP_01,2027-01-20T10:00:00,15,RF-4,1,0,Isolated procedural deviation without evidence of systematic competition restriction.,"flags=RF-4, bidders=2",0.88,Reviewed under PARAKH Annotation Standard v2.0 for HIMACHAL PRADESH jurisdiction.
2017_UDDHP_17954_1,AUDITOR_EXP_01,2027-01-20T12:00:00,35,"RF-5, RF-6",2,1,"Elevated multi-factor risk: Co-occurrence of threshold manipulation, compressed bidding window, or repeat winner pattern.","duration=16.75d, threshold_val=₹5,398,630, flags=RF-5, RF-6",0.92,Reviewed under PARAKH Annotation Standard v2.0 for HIMACHAL PRADESH jurisdiction.
2019_HPIPH_27364_1,AUDITOR_EXP_01,2027-01-20T14:00:00,0,NONE,0,0,"Compliant procurement: Competitive bidding window, standard price alignment, and multiple participating suppliers.","bidders=2, duration=12.083333333333334d, estimate_alignment=OK",0.99,Reviewed under PARAKH Annotation Standard v2.0 for HIMACHAL PRADESH jurisdiction.
2017_HPIPH_16792_1,AUDITOR_EXP_01,2027-01-20T16:00:00,35,"RF-5, RF-6",2,1,"Elevated multi-factor risk: Co-occurrence of threshold manipulation, compressed bidding window, or repeat winner pattern.","duration=18.77083333333333d, threshold_val=₹11,626,185, flags=RF-5, RF-6",0.92,Reviewed under PARAKH Annotation Standard v2.0 for HIMACHAL PRADESH jurisdiction.
MAH-MA-2021-01040,AUDITOR_EXP_01,2027-01-20T18:00:00,30,"RF-4, RF-6",2,1,"Elevated multi-factor risk: Co-occurrence of threshold manipulation, compressed bidding window, or repeat winner pattern.","duration=4.0d, threshold_val=₹149,092,478, flags=RF-4, RF-6",0.92,Reviewed under PARAKH Annotation Standard v2.0 for MAHARASHTRA jurisdiction.
CEN-CE-2021-01138,AUDITOR_EXP_01,2027-01-20T20:00:00,30,"RF-4, RF-6",2,1,"Elevated multi-factor risk: Co-occurrence of threshold manipulation, compressed bidding window, or repeat winner pattern.","duration=6.0d, threshold_val=₹4,371,065, flags=RF-4, RF-6",0.92,Reviewed under PARAKH Annotation Standard v2.0 for CENTRAL jurisdiction.
CEN-CE-2021-01121,AUDITOR_EXP_01,2027-01-20T22:00:00,30,"RF-4, RF-6",2,1,"Elevated multi-factor risk: Co-occurrence of threshold manipulation, compressed bidding window, or repeat winner pattern.","duration=4.0d, threshold_val=₹23,391,429, flags=RF-4, RF-6",0.92,Reviewed under PARAKH Annotation Standard v2.0 for CENTRAL jurisdiction.
KAR-KA-2021-01159,AUDITOR_EXP_01,2027-01-21T00:00:00,40,"RF-1, RF-6",2,1,"Elevated multi-factor risk: Co-occurrence of threshold manipulation, compressed bidding window, or repeat winner pattern.","duration=30.0d, threshold_val=₹15,054,378, flags=RF-1, RF-6",0.92,Reviewed under PARAKH Annotation Standard v2.0 for KARNATAKA jurisdiction.
UTT-UT-2021-01131,AUDITOR_EXP_01,2027-01-21T02:00:00,40,"RF-1, RF-6",2,1,"Elevated multi-factor risk: Co-occurrence of threshold manipulation, compressed bidding window, or repeat winner pattern.","duration=14.0d, threshold_val=₹4,397,998, flags=RF-1, RF-6",0.92,Reviewed under PARAKH Annotation Standard v2.0 for UTTAR PRADESH jurisdiction.
2018_PWD_19790_1,AUDITOR_EXP_01,2027-01-21T04:00:00,30,"RF-4, RF-6",2,1,"Elevated multi-factor risk: Co-occurrence of threshold manipulation, compressed bidding window, or repeat winner pattern.","duration=6.708333333333333d, threshold_val=₹2,065,665, flags=RF-4, RF-6",0.92,Reviewed under PARAKH Annotation Standard v2.0 for HIMACHAL PRADESH jurisdiction.
CEN-CE-2021-01143,AUDITOR_EXP_01,2027-01-21T06:00:00,55,"RF-1, RF-4, RF-6",2,1,"Elevated multi-factor risk: Co-occurrence of threshold manipulation, compressed bidding window, or repeat winner pattern.","duration=6.0d, threshold_val=₹1,629,203, flags=RF-1, RF-4, RF-6",0.92,Reviewed under PARAKH Annotation Standard v2.0 for CENTRAL jurisdiction.
2017_UDDHP_15792_1,AUDITOR_EXP_01,2027-01-21T08:00:00,35,"RF-4, RF-5",2,1,"Elevated multi-factor risk: Co-occurrence of threshold manipulation, compressed bidding window, or repeat winner pattern.","duration=6.041666666666667d, threshold_val=₹261,548, flags=RF-4, RF-5",0.92,Reviewed under PARAKH Annotation Standard v2.0 for HIMACHAL PRADESH jurisdiction.
2018_PWD_25364_2,AUDITOR_EXP_01,2027-01-21T10:00:00,45,"RF-1, RF-5",3,1,Severe procurement anomaly: Single-bidder monopoly coupled with high price deviation or department dominance.,"bidders=1, price_deviation=0.65, flags=RF-1, RF-5",0.98,Reviewed under PARAKH Annotation Standard v2.0 for HIMACHAL PRADESH jurisdiction.
KAR-KA-2021-01033,AUDITOR_EXP_01,2027-01-21T12:00:00,30,"RF-4, RF-6",2,1,"Elevated multi-factor risk: Co-occurrence of threshold manipulation, compressed bidding window, or repeat winner pattern.","duration=4.0d, threshold_val=₹187,062,481, flags=RF-4, RF-6",0.92,Reviewed under PARAKH Annotation Standard v2.0 for KARNATAKA jurisdiction.
2017_PWD_16857_1,AUDITOR_EXP_01,2027-01-21T14:00:00,15,RF-6,1,0,Isolated procedural deviation without evidence of systematic competition restriction.,"flags=RF-6, bidders=2",0.88,Reviewed under PARAKH Annotation Standard v2.0 for HIMACHAL PRADESH jurisdiction.
CEN-CE-2021-01258,AUDITOR_EXP_01,2027-01-21T16:00:00,30,"RF-4, RF-6",2,1,"Elevated multi-factor risk: Co-occurrence of threshold manipulation, compressed bidding window, or repeat winner pattern.","duration=6.0d, threshold_val=₹5,089,071, flags=RF-4, RF-6",0.92,Reviewed under PARAKH Annotation Standard v2.0 for CENTRAL jurisdiction.
2017_PWD_15702_3,AUDITOR_EXP_01,2027-01-21T18:00:00,35,"RF-5, RF-6",2,1,"Elevated multi-factor risk: Co-occurrence of threshold manipulation, compressed bidding window, or repeat winner pattern.","duration=20.75d, threshold_val=₹1,960,200, flags=RF-5, RF-6",0.92,Reviewed under PARAKH Annotation Standard v2.0 for HIMACHAL PRADESH jurisdiction.
UTT-UT-2021-01111,AUDITOR_EXP_01,2027-01-21T20:00:00,30,"RF-4, RF-6",2,1,"Elevated multi-factor risk: Co-occurrence of threshold manipulation, compressed bidding window, or repeat winner pattern.","duration=4.0d, threshold_val=₹3,913,217, flags=RF-4, RF-6",0.92,Reviewed under PARAKH Annotation Standard v2.0 for UTTAR PRADESH jurisdiction.
2017_UDDHP_15781_1,AUDITOR_EXP_01,2027-01-21T22:00:00,50,"RF-4, RF-5, RF-6",2,1,"Elevated multi-factor risk: Co-occurrence of threshold manipulation, compressed bidding window, or repeat winner pattern.","duration=6.083333333333333d, threshold_val=₹168,020, flags=RF-4, RF-5, RF-6",0.92,Reviewed under PARAKH Annotation Standard v2.0 for HIMACHAL PRADESH jurisdiction.
2017_PWD_15814_1,AUDITOR_EXP_01,2027-01-22T00:00:00,0,NONE,0,0,"Compliant procurement: Competitive bidding window, standard price alignment, and multiple participating suppliers.","bidders=5, duration=29.27083333333333d, estimate_alignment=OK",0.99,Reviewed under PARAKH Annotation Standard v2.0 for HIMACHAL PRADESH jurisdiction.
2017_HPIPH_17651_1-4055,AUDITOR_EXP_01,2027-01-22T02:00:00,20,RF-5,1,0,Isolated procedural deviation without evidence of systematic competition restriction.,"flags=RF-5, bidders=6",0.88,Reviewed under PARAKH Annotation Standard v2.0 for HIMACHAL PRADESH jurisdiction.
2019_HPIPH_31950_1,AUDITOR_EXP_01,2027-01-22T04:00:00,0,NONE,0,0,"Compliant procurement: Competitive bidding window, standard price alignment, and multiple participating suppliers.","bidders=9, duration=13.708333333333334d, estimate_alignment=OK",0.99,Reviewed under PARAKH Annotation Standard v2.0 for HIMACHAL PRADESH jurisdiction.
2018_HPIPH_22137_1-3470,AUDITOR_EXP_01,2027-01-22T06:00:00,35,"RF-5, RF-6",2,1,"Elevated multi-factor risk: Co-occurrence of threshold manipulation, compressed bidding window, or repeat winner pattern.","duration=24.75d, threshold_val=₹4,170,686, flags=RF-5, RF-6",0.92,Reviewed under PARAKH Annotation Standard v2.0 for HIMACHAL PRADESH jurisdiction.
2018_HPIPH_19456_1-33,AUDITOR_EXP_01,2027-01-22T08:00:00,15,RF-6,1,0,Isolated procedural deviation without evidence of systematic competition restriction.,"flags=RF-6, bidders=3",0.88,Reviewed under PARAKH Annotation Standard v2.0 for HIMACHAL PRADESH jurisdiction.
2018_PWD_19848_2,AUDITOR_EXP_01,2027-01-22T10:00:00,35,"RF-5, RF-6",2,1,"Elevated multi-factor risk: Co-occurrence of threshold manipulation, compressed bidding window, or repeat winner pattern.","duration=20.75d, threshold_val=₹1,642,404, flags=RF-5, RF-6",0.92,Reviewed under PARAKH Annotation Standard v2.0 for HIMACHAL PRADESH jurisdiction.
2018_PWD_19916_1,AUDITOR_EXP_01,2027-01-22T12:00:00,40,"RF-1, RF-6",2,1,"Elevated multi-factor risk: Co-occurrence of threshold manipulation, compressed bidding window, or repeat winner pattern.","duration=12.0d, threshold_val=₹1,215,313, flags=RF-1, RF-6",0.92,Reviewed under PARAKH Annotation Standard v2.0 for HIMACHAL PRADESH jurisdiction.
KAR-KA-2021-01113,AUDITOR_EXP_01,2027-01-22T14:00:00,40,"RF-1, RF-4",2,1,"Elevated multi-factor risk: Co-occurrence of threshold manipulation, compressed bidding window, or repeat winner pattern.","duration=6.0d, threshold_val=₹1,734,337, flags=RF-1, RF-4",0.92,Reviewed under PARAKH Annotation Standard v2.0 for KARNATAKA jurisdiction.
CEN-CE-2021-01318,AUDITOR_EXP_01,2027-01-22T16:00:00,55,"RF-1, RF-4, RF-6",2,1,"Elevated multi-factor risk: Co-occurrence of threshold manipulation, compressed bidding window, or repeat winner pattern.","duration=6.0d, threshold_val=₹11,110,688, flags=RF-1, RF-4, RF-6",0.92,Reviewed under PARAKH Annotation Standard v2.0 for CENTRAL jurisdiction.
2019_HPIPH_31540_1,AUDITOR_EXP_01,2027-01-22T18:00:00,35,"RF-5, RF-6",2,1,"Elevated multi-factor risk: Co-occurrence of threshold manipulation, compressed bidding window, or repeat winner pattern.","duration=20.67013888888889d, threshold_val=₹91,293,964, flags=RF-5, RF-6",0.92,Reviewed under PARAKH Annotation Standard v2.0 for HIMACHAL PRADESH jurisdiction.
CEN-CE-2021-01303,AUDITOR_EXP_01,2027-01-22T20:00:00,15,RF-6,1,0,Isolated procedural deviation without evidence of systematic competition restriction.,"flags=RF-6, bidders=2",0.88,Reviewed under PARAKH Annotation Standard v2.0 for CENTRAL jurisdiction.
2019_HPIPH_28313_1,AUDITOR_EXP_01,2027-01-22T22:00:00,0,NONE,0,0,"Compliant procurement: Competitive bidding window, standard price alignment, and multiple participating suppliers.","bidders=5, duration=19.0d, estimate_alignment=OK",0.99,Reviewed under PARAKH Annotation Standard v2.0 for HIMACHAL PRADESH jurisdiction.
2017_UDDHP_17044_1,AUDITOR_EXP_01,2027-01-23T00:00:00,50,"RF-4, RF-5, RF-6",2,1,"Elevated multi-factor risk: Co-occurrence of threshold manipulation, compressed bidding window, or repeat winner pattern.","duration=6.208333333333333d, threshold_val=₹370,486, flags=RF-4, RF-5, RF-6",0.92,Reviewed under PARAKH Annotation Standard v2.0 for HIMACHAL PRADESH jurisdiction.
2017_PWD_16936_1,AUDITOR_EXP_01,2027-01-23T02:00:00,30,"RF-4, RF-6",2,1,"Elevated multi-factor risk: Co-occurrence of threshold manipulation, compressed bidding window, or repeat winner pattern.","duration=6.659722222222222d, threshold_val=₹2,639,546, flags=RF-4, RF-6",0.92,Reviewed under PARAKH Annotation Standard v2.0 for HIMACHAL PRADESH jurisdiction.
2018_PWD_20228_9,AUDITOR_EXP_01,2027-01-23T04:00:00,35,"RF-5, RF-6",2,1,"Elevated multi-factor risk: Co-occurrence of threshold manipulation, compressed bidding window, or repeat winner pattern.","duration=20.916666666666668d, threshold_val=₹1,081,578, flags=RF-5, RF-6",0.92,Reviewed under PARAKH Annotation Standard v2.0 for HIMACHAL PRADESH jurisdiction.
2018_PWD_20253_1,AUDITOR_EXP_01,2027-01-23T06:00:00,35,"RF-5, RF-6",2,1,"Elevated multi-factor risk: Co-occurrence of threshold manipulation, compressed bidding window, or repeat winner pattern.","duration=12.125d, threshold_val=₹875,862, flags=RF-5, RF-6",0.92,Reviewed under PARAKH Annotation Standard v2.0 for HIMACHAL PRADESH jurisdiction.
RAJ-RA-2021-01109,AUDITOR_EXP_01,2027-01-23T08:00:00,60,"RF-1, RF-5, RF-6",3,1,Severe procurement anomaly: Single-bidder monopoly coupled with high price deviation or department dominance.,"bidders=1, price_deviation=0.35, flags=RF-1, RF-5, RF-6",0.98,Reviewed under PARAKH Annotation Standard v2.0 for RAJASTHAN jurisdiction.
2018_HPIPH_19453_1,AUDITOR_EXP_01,2027-01-23T10:00:00,35,"RF-5, RF-6",2,1,"Elevated multi-factor risk: Co-occurrence of threshold manipulation, compressed bidding window, or repeat winner pattern.","duration=27.760416666666668d, threshold_val=₹6,745,011, flags=RF-5, RF-6",0.92,Reviewed under PARAKH Annotation Standard v2.0 for HIMACHAL PRADESH jurisdiction.
2018_HPIPH_25214_1,AUDITOR_EXP_01,2027-01-23T12:00:00,0,NONE,0,0,"Compliant procurement: Competitive bidding window, standard price alignment, and multiple participating suppliers.","bidders=5, duration=13.75d, estimate_alignment=OK",0.99,Reviewed under PARAKH Annotation Standard v2.0 for HIMACHAL PRADESH jurisdiction.
2018_PWD_19772_12,AUDITOR_EXP_01,2027-01-23T14:00:00,0,NONE,0,0,"Compliant procurement: Competitive bidding window, standard price alignment, and multiple participating suppliers.","bidders=15, duration=27.08333333333333d, estimate_alignment=OK",0.99,Reviewed under PARAKH Annotation Standard v2.0 for HIMACHAL PRADESH jurisdiction.
2017_PWD_14242_1,AUDITOR_EXP_01,2027-01-23T16:00:00,20,RF-5,1,0,Isolated procedural deviation without evidence of systematic competition restriction.,"flags=RF-5, bidders=3",0.88,Reviewed under PARAKH Annotation Standard v2.0 for HIMACHAL PRADESH jurisdiction.
2018_PWD_22857_9,AUDITOR_EXP_01,2027-01-23T18:00:00,30,"RF-4, RF-6",2,1,"Elevated multi-factor risk: Co-occurrence of threshold manipulation, compressed bidding window, or repeat winner pattern.","duration=5.708333333333333d, threshold_val=₹3,321,524, flags=RF-4, RF-6",0.92,Reviewed under PARAKH Annotation Standard v2.0 for HIMACHAL PRADESH jurisdiction.
CEN-CE-2021-01104,AUDITOR_EXP_01,2027-01-23T20:00:00,50,"RF-4, RF-5, RF-6",2,1,"Elevated multi-factor risk: Co-occurrence of threshold manipulation, compressed bidding window, or repeat winner pattern.","duration=6.0d, threshold_val=₹428,097,320, flags=RF-4, RF-5, RF-6",0.92,Reviewed under PARAKH Annotation Standard v2.0 for CENTRAL jurisdiction.
MAH-MA-2021-01069,AUDITOR_EXP_01,2027-01-23T22:00:00,40,"RF-1, RF-6",2,1,"Elevated multi-factor risk: Co-occurrence of threshold manipulation, compressed bidding window, or repeat winner pattern.","duration=14.0d, threshold_val=₹17,054,928, flags=RF-1, RF-6",0.92,Reviewed under PARAKH Annotation Standard v2.0 for MAHARASHTRA jurisdiction.
2018_UDDHP_19957_1,AUDITOR_EXP_01,2027-01-24T00:00:00,35,"RF-4, RF-5",2,1,"Elevated multi-factor risk: Co-occurrence of threshold manipulation, compressed bidding window, or repeat winner pattern.","duration=6.125d, threshold_val=₹217,206, flags=RF-4, RF-5",0.92,Reviewed under PARAKH Annotation Standard v2.0 for HIMACHAL PRADESH jurisdiction.
RAJ-RA-2021-01134,AUDITOR_EXP_01,2027-01-24T02:00:00,15,RF-4,1,0,Isolated procedural deviation without evidence of systematic competition restriction.,"flags=RF-4, bidders=2",0.88,Reviewed under PARAKH Annotation Standard v2.0 for RAJASTHAN jurisdiction.
2017_UDDHP_15841_1,AUDITOR_EXP_01,2027-01-24T04:00:00,35,"RF-5, RF-6",2,1,"Elevated multi-factor risk: Co-occurrence of threshold manipulation, compressed bidding window, or repeat winner pattern.","duration=7.083333333333333d, threshold_val=₹1,372,237, flags=RF-5, RF-6",0.92,Reviewed under PARAKH Annotation Standard v2.0 for HIMACHAL PRADESH jurisdiction.
CEN-CE-2021-01146,AUDITOR_EXP_01,2027-01-24T06:00:00,0,NONE,0,0,"Compliant procurement: Competitive bidding window, standard price alignment, and multiple participating suppliers.","bidders=3, duration=30.0d, estimate_alignment=OK",0.99,Reviewed under PARAKH Annotation Standard v2.0 for CENTRAL jurisdiction.
2019_DMEHP_32877_1,AUDITOR_EXP_01,2027-01-24T08:00:00,35,"RF-5, RF-6",2,1,"Elevated multi-factor risk: Co-occurrence of threshold manipulation, compressed bidding window, or repeat winner pattern.","duration=20.791666666666668d, threshold_val=₹3,594,528, flags=RF-5, RF-6",0.92,Reviewed under PARAKH Annotation Standard v2.0 for HIMACHAL PRADESH jurisdiction.
KAR-KA-2021-01163,AUDITOR_EXP_01,2027-01-24T10:00:00,30,"RF-4, RF-6",2,1,"Elevated multi-factor risk: Co-occurrence of threshold manipulation, compressed bidding window, or repeat winner pattern.","duration=4.0d, threshold_val=₹5,064,007, flags=RF-4, RF-6",0.92,Reviewed under PARAKH Annotation Standard v2.0 for KARNATAKA jurisdiction.
2017_PWD_16343_1,AUDITOR_EXP_01,2027-01-24T12:00:00,0,NONE,0,0,"Compliant procurement: Competitive bidding window, standard price alignment, and multiple participating suppliers.","bidders=9, duration=13.989583333333334d, estimate_alignment=OK",0.99,Reviewed under PARAKH Annotation Standard v2.0 for HIMACHAL PRADESH jurisdiction.
MAH-MA-2021-01182,AUDITOR_EXP_01,2027-01-24T14:00:00,40,"RF-1, RF-6",2,1,"Elevated multi-factor risk: Co-occurrence of threshold manipulation, compressed bidding window, or repeat winner pattern.","duration=21.0d, threshold_val=₹5,005,389, flags=RF-1, RF-6",0.92,Reviewed under PARAKH Annotation Standard v2.0 for MAHARASHTRA jurisdiction.
2018_HPIPH_19765_1,AUDITOR_EXP_01,2027-01-24T16:00:00,35,"RF-5, RF-6",2,1,"Elevated multi-factor risk: Co-occurrence of threshold manipulation, compressed bidding window, or repeat winner pattern.","duration=19.875d, threshold_val=₹3,001,000, flags=RF-5, RF-6",0.92,Reviewed under PARAKH Annotation Standard v2.0 for HIMACHAL PRADESH jurisdiction.
2018_PWD_19408_2,AUDITOR_EXP_01,2027-01-24T18:00:00,0,NONE,0,0,"Compliant procurement: Competitive bidding window, standard price alignment, and multiple participating suppliers.","bidders=18, duration=22.08333333333333d, estimate_alignment=OK",0.99,Reviewed under PARAKH Annotation Standard v2.0 for HIMACHAL PRADESH jurisdiction.
2018_PWD_19823_1,AUDITOR_EXP_01,2027-01-24T20:00:00,30,"RF-4, RF-6",2,1,"Elevated multi-factor risk: Co-occurrence of threshold manipulation, compressed bidding window, or repeat winner pattern.","duration=6.708333333333333d, threshold_val=₹1,434,720, flags=RF-4, RF-6",0.92,Reviewed under PARAKH Annotation Standard v2.0 for HIMACHAL PRADESH jurisdiction.
MAH-MA-2021-01173,AUDITOR_EXP_01,2027-01-24T22:00:00,30,"RF-4, RF-6",2,1,"Elevated multi-factor risk: Co-occurrence of threshold manipulation, compressed bidding window, or repeat winner pattern.","duration=4.0d, threshold_val=₹309,249,487, flags=RF-4, RF-6",0.92,Reviewed under PARAKH Annotation Standard v2.0 for MAHARASHTRA jurisdiction.
2018_FDC_19522_7,AUDITOR_EXP_01,2027-01-25T00:00:00,60,"RF-1, RF-4, RF-5",3,1,Severe procurement anomaly: Single-bidder monopoly coupled with high price deviation or department dominance.,"bidders=1, price_deviation=0.31, flags=RF-1, RF-4, RF-5",0.98,Reviewed under PARAKH Annotation Standard v2.0 for HIMACHAL PRADESH jurisdiction.
2020_DFHW_34839_1,AUDITOR_EXP_01,2027-01-25T02:00:00,45,"RF-2, RF-5",2,1,"Elevated multi-factor risk: Co-occurrence of threshold manipulation, compressed bidding window, or repeat winner pattern.","duration=18.70833333333333d, threshold_val=₹1,150,000, flags=RF-2, RF-5",0.92,Reviewed under PARAKH Annotation Standard v2.0 for HIMACHAL PRADESH jurisdiction.
UTT-UT-2021-01038,AUDITOR_EXP_01,2027-01-25T04:00:00,30,"RF-4, RF-6",2,1,"Elevated multi-factor risk: Co-occurrence of threshold manipulation, compressed bidding window, or repeat winner pattern.","duration=4.0d, threshold_val=₹1,133,235, flags=RF-4, RF-6",0.92,Reviewed under PARAKH Annotation Standard v2.0 for UTTAR PRADESH jurisdiction.
2017_PWD_16911_5,AUDITOR_EXP_01,2027-01-25T06:00:00,0,NONE,0,0,"Compliant procurement: Competitive bidding window, standard price alignment, and multiple participating suppliers.","bidders=8, duration=20.95833333333333d, estimate_alignment=OK",0.99,Reviewed under PARAKH Annotation Standard v2.0 for HIMACHAL PRADESH jurisdiction.
CEN-CE-2021-01203,AUDITOR_EXP_01,2027-01-25T08:00:00,30,"RF-4, RF-6",2,1,"Elevated multi-factor risk: Co-occurrence of threshold manipulation, compressed bidding window, or repeat winner pattern.","duration=6.0d, threshold_val=₹7,280,762, flags=RF-4, RF-6",0.92,Reviewed under PARAKH Annotation Standard v2.0 for CENTRAL jurisdiction.
2017_PWD_15602_1,AUDITOR_EXP_01,2027-01-25T10:00:00,35,"RF-5, RF-6",2,1,"Elevated multi-factor risk: Co-occurrence of threshold manipulation, compressed bidding window, or repeat winner pattern.","duration=13.25d, threshold_val=₹592,253, flags=RF-5, RF-6",0.92,Reviewed under PARAKH Annotation Standard v2.0 for HIMACHAL PRADESH jurisdiction.
UTT-UT-2021-01074,AUDITOR_EXP_01,2027-01-25T12:00:00,40,"RF-1, RF-6",2,1,"Elevated multi-factor risk: Co-occurrence of threshold manipulation, compressed bidding window, or repeat winner pattern.","duration=21.0d, threshold_val=₹188,912,842, flags=RF-1, RF-6",0.92,Reviewed under PARAKH Annotation Standard v2.0 for UTTAR PRADESH jurisdiction.
RAJ-RA-2021-01099,AUDITOR_EXP_01,2027-01-25T14:00:00,30,"RF-4, RF-6",2,1,"Elevated multi-factor risk: Co-occurrence of threshold manipulation, compressed bidding window, or repeat winner pattern.","duration=6.0d, threshold_val=₹5,093,036, flags=RF-4, RF-6",0.92,Reviewed under PARAKH Annotation Standard v2.0 for RAJASTHAN jurisdiction.
2017_PWD_18173_5,AUDITOR_EXP_01,2027-01-25T16:00:00,0,NONE,0,0,"Compliant procurement: Competitive bidding window, standard price alignment, and multiple participating suppliers.","bidders=6, duration=20.729166666666668d, estimate_alignment=OK",0.99,Reviewed under PARAKH Annotation Standard v2.0 for HIMACHAL PRADESH jurisdiction.
RAJ-RA-2021-01030,AUDITOR_EXP_01,2027-01-25T18:00:00,0,NONE,0,0,"Compliant procurement: Competitive bidding window, standard price alignment, and multiple participating suppliers.","bidders=2, duration=14.0d, estimate_alignment=OK",0.99,Reviewed under PARAKH Annotation Standard v2.0 for RAJASTHAN jurisdiction.
2017_UDDHP_14898_1,AUDITOR_EXP_01,2027-01-25T20:00:00,30,"RF-4, RF-6",2,1,"Elevated multi-factor risk: Co-occurrence of threshold manipulation, compressed bidding window, or repeat winner pattern.","duration=6.041666666666667d, threshold_val=₹892,485, flags=RF-4, RF-6",0.92,Reviewed under PARAKH Annotation Standard v2.0 for HIMACHAL PRADESH jurisdiction.
KAR-KA-2021-01088,AUDITOR_EXP_01,2027-01-25T22:00:00,30,"RF-4, RF-6",2,1,"Elevated multi-factor risk: Co-occurrence of threshold manipulation, compressed bidding window, or repeat winner pattern.","duration=4.0d, threshold_val=₹2,816,414, flags=RF-4, RF-6",0.92,Reviewed under PARAKH Annotation Standard v2.0 for KARNATAKA jurisdiction.
KAR-KA-2021-01197,AUDITOR_EXP_01,2027-01-26T00:00:00,35,"RF-5, RF-6",2,1,"Elevated multi-factor risk: Co-occurrence of threshold manipulation, compressed bidding window, or repeat winner pattern.","duration=21.0d, threshold_val=₹276,616,951, flags=RF-5, RF-6",0.92,Reviewed under PARAKH Annotation Standard v2.0 for KARNATAKA jurisdiction.
2017_UDDHP_18117_1,AUDITOR_EXP_01,2027-01-26T02:00:00,35,"RF-5, RF-6",2,1,"Elevated multi-factor risk: Co-occurrence of threshold manipulation, compressed bidding window, or repeat winner pattern.","duration=11.25d, threshold_val=₹224,799, flags=RF-5, RF-6",0.92,Reviewed under PARAKH Annotation Standard v2.0 for HIMACHAL PRADESH jurisdiction.
UTT-UT-2021-01072,AUDITOR_EXP_01,2027-01-26T04:00:00,50,"RF-4, RF-5, RF-6",2,1,"Elevated multi-factor risk: Co-occurrence of threshold manipulation, compressed bidding window, or repeat winner pattern.","duration=6.0d, threshold_val=₹1,516,932, flags=RF-4, RF-5, RF-6",0.92,Reviewed under PARAKH Annotation Standard v2.0 for UTTAR PRADESH jurisdiction.
UTT-UT-2021-01107,AUDITOR_EXP_01,2027-01-26T06:00:00,50,"RF-4, RF-5, RF-6",2,1,"Elevated multi-factor risk: Co-occurrence of threshold manipulation, compressed bidding window, or repeat winner pattern.","duration=6.0d, threshold_val=₹6,730,074, flags=RF-4, RF-5, RF-6",0.92,Reviewed under PARAKH Annotation Standard v2.0 for UTTAR PRADESH jurisdiction.
2018_PWD_19134_1,AUDITOR_EXP_01,2027-01-26T08:00:00,35,"RF-3, RF-4",2,1,"Elevated multi-factor risk: Co-occurrence of threshold manipulation, compressed bidding window, or repeat winner pattern.","duration=5.631944444444445d, threshold_val=₹4,816,924, flags=RF-3, RF-4",0.92,Reviewed under PARAKH Annotation Standard v2.0 for HIMACHAL PRADESH jurisdiction.
2018_PWD_20125_1,AUDITOR_EXP_01,2027-01-26T10:00:00,30,"RF-4, RF-6",2,1,"Elevated multi-factor risk: Co-occurrence of threshold manipulation, compressed bidding window, or repeat winner pattern.","duration=6.270833333333333d, threshold_val=₹1,038,298, flags=RF-4, RF-6",0.92,Reviewed under PARAKH Annotation Standard v2.0 for HIMACHAL PRADESH jurisdiction.
2017_UDDHP_18130_1,AUDITOR_EXP_01,2027-01-26T12:00:00,35,"RF-5, RF-6",2,1,"Elevated multi-factor risk: Co-occurrence of threshold manipulation, compressed bidding window, or repeat winner pattern.","duration=11.25d, threshold_val=₹478,119, flags=RF-5, RF-6",0.92,Reviewed under PARAKH Annotation Standard v2.0 for HIMACHAL PRADESH jurisdiction.
2020_DFHW_34986_4,AUDITOR_EXP_01,2027-01-26T14:00:00,40,"RF-2, RF-6",2,1,"Elevated multi-factor risk: Co-occurrence of threshold manipulation, compressed bidding window, or repeat winner pattern.","duration=16.333333333333332d, threshold_val=₹2,601,900, flags=RF-2, RF-6",0.92,Reviewed under PARAKH Annotation Standard v2.0 for HIMACHAL PRADESH jurisdiction.
UTT-UT-2021-01046,AUDITOR_EXP_01,2027-01-26T16:00:00,40,"RF-1, RF-4",2,1,"Elevated multi-factor risk: Co-occurrence of threshold manipulation, compressed bidding window, or repeat winner pattern.","duration=4.0d, threshold_val=₹5,032,498, flags=RF-1, RF-4",0.92,Reviewed under PARAKH Annotation Standard v2.0 for UTTAR PRADESH jurisdiction.
CEN-CE-2021-01045,AUDITOR_EXP_01,2027-01-26T18:00:00,40,"RF-1, RF-6",2,1,"Elevated multi-factor risk: Co-occurrence of threshold manipulation, compressed bidding window, or repeat winner pattern.","duration=30.0d, threshold_val=₹10,258,035, flags=RF-1, RF-6",0.92,Reviewed under PARAKH Annotation Standard v2.0 for CENTRAL jurisdiction.
2017_PWD_17317_1,AUDITOR_EXP_01,2027-01-26T20:00:00,35,"RF-5, RF-6",2,1,"Elevated multi-factor risk: Co-occurrence of threshold manipulation, compressed bidding window, or repeat winner pattern.","duration=23.041666666666668d, threshold_val=₹30,327,824, flags=RF-5, RF-6",0.92,Reviewed under PARAKH Annotation Standard v2.0 for HIMACHAL PRADESH jurisdiction.
2018_HPIPH_22536_1,AUDITOR_EXP_01,2027-01-26T22:00:00,35,"RF-5, RF-6",2,1,"Elevated multi-factor risk: Co-occurrence of threshold manipulation, compressed bidding window, or repeat winner pattern.","duration=21.75d, threshold_val=₹131,354,539, flags=RF-5, RF-6",0.92,Reviewed under PARAKH Annotation Standard v2.0 for HIMACHAL PRADESH jurisdiction.
2017_HPIPH_17632_1-774,AUDITOR_EXP_01,2027-01-27T00:00:00,30,"RF-4, RF-6",2,1,"Elevated multi-factor risk: Co-occurrence of threshold manipulation, compressed bidding window, or repeat winner pattern.","duration=6.9375d, threshold_val=₹298,633, flags=RF-4, RF-6",0.92,Reviewed under PARAKH Annotation Standard v2.0 for HIMACHAL PRADESH jurisdiction.
RAJ-RA-2021-01004,AUDITOR_EXP_01,2027-01-27T02:00:00,30,"RF-4, RF-6",2,1,"Elevated multi-factor risk: Co-occurrence of threshold manipulation, compressed bidding window, or repeat winner pattern.","duration=4.0d, threshold_val=₹86,275,639, flags=RF-4, RF-6",0.92,Reviewed under PARAKH Annotation Standard v2.0 for RAJASTHAN jurisdiction.
UTT-UT-2021-01226,AUDITOR_EXP_01,2027-01-27T04:00:00,40,"RF-1, RF-4",2,1,"Elevated multi-factor risk: Co-occurrence of threshold manipulation, compressed bidding window, or repeat winner pattern.","duration=6.0d, threshold_val=₹280,376,582, flags=RF-1, RF-4",0.92,Reviewed under PARAKH Annotation Standard v2.0 for UTTAR PRADESH jurisdiction.
2015_HPIPH_9560_2,AUDITOR_EXP_01,2027-01-27T06:00:00,15,RF-4,1,0,Isolated procedural deviation without evidence of systematic competition restriction.,"flags=RF-4, bidders=5",0.88,Reviewed under PARAKH Annotation Standard v2.0 for HIMACHAL PRADESH jurisdiction.
CEN-CE-2021-01305,AUDITOR_EXP_01,2027-01-27T08:00:00,40,"RF-1, RF-6",2,1,"Elevated multi-factor risk: Co-occurrence of threshold manipulation, compressed bidding window, or repeat winner pattern.","duration=30.0d, threshold_val=₹5,006,909, flags=RF-1, RF-6",0.92,Reviewed under PARAKH Annotation Standard v2.0 for CENTRAL jurisdiction.
2017_HPCDP_15662_1,AUDITOR_EXP_01,2027-01-27T10:00:00,15,RF-6,1,0,Isolated procedural deviation without evidence of systematic competition restriction.,"flags=RF-6, bidders=4",0.88,Reviewed under PARAKH Annotation Standard v2.0 for HIMACHAL PRADESH jurisdiction.
MAH-MA-2021-01047,AUDITOR_EXP_01,2027-01-27T12:00:00,60,"RF-1, RF-5, RF-6",3,1,Severe procurement anomaly: Single-bidder monopoly coupled with high price deviation or department dominance.,"bidders=1, price_deviation=0.35, flags=RF-1, RF-5, RF-6",0.98,Reviewed under PARAKH Annotation Standard v2.0 for MAHARASHTRA jurisdiction.
CEN-CE-2021-01142,AUDITOR_EXP_01,2027-01-27T14:00:00,55,"RF-1, RF-4, RF-6",2,1,"Elevated multi-factor risk: Co-occurrence of threshold manipulation, compressed bidding window, or repeat winner pattern.","duration=4.0d, threshold_val=₹4,377,091, flags=RF-1, RF-4, RF-6",0.92,Reviewed under PARAKH Annotation Standard v2.0 for CENTRAL jurisdiction.
2017_PWD_18744_10,AUDITOR_EXP_01,2027-01-27T16:00:00,15,RF-6,1,0,Isolated procedural deviation without evidence of systematic competition restriction.,"flags=RF-6, bidders=4",0.88,Reviewed under PARAKH Annotation Standard v2.0 for HIMACHAL PRADESH jurisdiction.
RAJ-RA-2021-01241,AUDITOR_EXP_01,2027-01-27T18:00:00,55,"RF-3, RF-5, RF-6",2,1,"Elevated multi-factor risk: Co-occurrence of threshold manipulation, compressed bidding window, or repeat winner pattern.","duration=21.0d, threshold_val=₹4,540,729, flags=RF-3, RF-5, RF-6",0.92,Reviewed under PARAKH Annotation Standard v2.0 for RAJASTHAN jurisdiction.
2018_HPIPH_24330_1,AUDITOR_EXP_01,2027-01-27T20:00:00,15,RF-6,1,0,Isolated procedural deviation without evidence of systematic competition restriction.,"flags=RF-6, bidders=4",0.88,Reviewed under PARAKH Annotation Standard v2.0 for HIMACHAL PRADESH jurisdiction.
KAR-KA-2021-01193,AUDITOR_EXP_01,2027-01-27T22:00:00,30,"RF-4, RF-6",2,1,"Elevated multi-factor risk: Co-occurrence of threshold manipulation, compressed bidding window, or repeat winner pattern.","duration=4.0d, threshold_val=₹12,916,852, flags=RF-4, RF-6",0.92,Reviewed under PARAKH Annotation Standard v2.0 for KARNATAKA jurisdiction.
2017_PWD_18093_1,AUDITOR_EXP_01,2027-01-28T00:00:00,35,"RF-5, RF-6",2,1,"Elevated multi-factor risk: Co-occurrence of threshold manipulation, compressed bidding window, or repeat winner pattern.","duration=9.25d, threshold_val=₹714,057, flags=RF-5, RF-6",0.92,Reviewed under PARAKH Annotation Standard v2.0 for HIMACHAL PRADESH jurisdiction.
2017_HPIPH_17748_1-3497,AUDITOR_EXP_01,2027-01-28T02:00:00,50,"RF-4, RF-5, RF-6",2,1,"Elevated multi-factor risk: Co-occurrence of threshold manipulation, compressed bidding window, or repeat winner pattern.","duration=5.083333333333333d, threshold_val=₹803,750, flags=RF-4, RF-5, RF-6",0.92,Reviewed under PARAKH Annotation Standard v2.0 for HIMACHAL PRADESH jurisdiction.
RAJ-RA-2021-01158,AUDITOR_EXP_01,2027-01-28T04:00:00,30,"RF-4, RF-6",2,1,"Elevated multi-factor risk: Co-occurrence of threshold manipulation, compressed bidding window, or repeat winner pattern.","duration=4.0d, threshold_val=₹5,362,080, flags=RF-4, RF-6",0.92,Reviewed under PARAKH Annotation Standard v2.0 for RAJASTHAN jurisdiction.
2017_PWD_17999_1,AUDITOR_EXP_01,2027-01-28T06:00:00,35,"RF-4, RF-5",2,1,"Elevated multi-factor risk: Co-occurrence of threshold manipulation, compressed bidding window, or repeat winner pattern.","duration=5.708333333333333d, threshold_val=₹1,519,815, flags=RF-4, RF-5",0.92,Reviewed under PARAKH Annotation Standard v2.0 for HIMACHAL PRADESH jurisdiction.
