tender_id,tender_reference,department,organization,state,district,location,procurement_category,tender_title,description,published_date,submission_deadline,opening_date,contract_date,estimated_value,award_value,currency,number_of_bidders,winning_supplier,supplier_id,supplier_name,supplier_address,tender_status,contract_duration,extension_count,extension_days,procurement_method,buyer,source_dataset,source_url
CEN-CE-2021-01001,REF-CEN-CE-2021-01001,DEFENCE RESEARCH DEVELOPMENT ORG,Government of India,CENTRAL,Central District,"CENTRAL, India",Electrical & Mechanical,Procurement of electrical & mechanical for DEFENCE RESEARCH DEVELOPMENT ORG,Official public tender for supply of electrical & mechanical under standard CENTRAL state procurement guidelines.,2019-07-23 00:00:00,2019-08-22 00:00:00,2019-08-23 00:00:00,2019-09-06,3446691.02,4653032.88,INR,2,NCC LIMITED INFRASTRUCTURE,ENT-SUP-0DFD916C8B,NCC LIMITED INFRASTRUCTURE,"CENTRAL, India",AWARDED,30.0,0,0,OPEN_TENDER,DEFENCE RESEARCH DEVELOPMENT ORG,CENTRAL_CPPP,https://eprocure.gov.in/cppp/
CEN-CE-2021-01002,REF-CEN-CE-2021-01002,DEFENCE RESEARCH DEVELOPMENT ORG,Government of India,CENTRAL,Central District,"CENTRAL, India",Civil Works & Infrastructure,Procurement of civil works & infrastructure for DEFENCE RESEARCH DEVELOPMENT ORG,Official public tender for supply of civil works & infrastructure under standard CENTRAL state procurement guidelines.,2020-11-30 00:00:00,2020-12-21 00:00:00,2020-12-22 00:00:00,2021-01-05,343373572.97,370843458.8,INR,4,SHARMA ENGINEERING WORKS,ENT-SUP-9473B0CC3C,SHARMA ENGINEERING WORKS,"CENTRAL, India",AWARDED,21.0,0,0,OPEN_TENDER,DEFENCE RESEARCH DEVELOPMENT ORG,CENTRAL_CPPP,https://eprocure.gov.in/cppp/
CEN-CE-2021-01003,REF-CEN-CE-2021-01003,MINISTRY OF HEALTH FAMILY WELFARE,Government of India,CENTRAL,Central District,"CENTRAL, India",Consultancy & Facility Management,Procurement of consultancy & facility management for MINISTRY OF HEALTH FAMILY WELFARE,Official public tender for supply of consultancy & facility management under standard CENTRAL state procurement guidelines.,2020-02-21 00:00:00,2020-03-22 00:00:00,2020-03-23 00:00:00,2020-04-06,212588531.67,216840302.3,INR,3,SHREE BALAJI ENTERPRISE,ENT-SUP-CA68E614E4,SHREE BALAJI ENTERPRISE,"CENTRAL, India",AWARDED,30.0,0,0,OPEN_TENDER,MINISTRY OF HEALTH FAMILY WELFARE,CENTRAL_CPPP,https://eprocure.gov.in/cppp/
CEN-CE-2021-01004,REF-CEN-CE-2021-01004,NHAI HIGHWAYS,Government of India,CENTRAL,Central District,"CENTRAL, India",Civil Works & Infrastructure,Procurement of civil works & infrastructure for NHAI HIGHWAYS,Official public tender for supply of civil works & infrastructure under standard CENTRAL state procurement guidelines.,2021-05-28 00:00:00,2021-06-11 00:00:00,2021-06-12 00:00:00,2021-06-26,308759404.05,355073314.66,INR,4,NCC LIMITED INFRASTRUCTURE,ENT-SUP-0DFD916C8B,NCC LIMITED INFRASTRUCTURE,"CENTRAL, India",AWARDED,14.0,2,0,OPEN_TENDER,NHAI HIGHWAYS,CENTRAL_CPPP,https://eprocure.gov.in/cppp/
CEN-CE-2021-01005,REF-CEN-CE-2021-01005,DEFENCE RESEARCH DEVELOPMENT ORG,Government of India,CENTRAL,Central District,"CENTRAL, India",Information Technology & Software,Procurement of information technology & software for DEFENCE RESEARCH DEVELOPMENT ORG,Official public tender for supply of information technology & software under standard CENTRAL state procurement guidelines.,2021-06-26 00:00:00,2021-07-10 00:00:00,2021-07-11 00:00:00,2021-07-25,4953929.42,4359457.89,INR,3,SHREE BALAJI ENTERPRISE,ENT-SUP-CA68E614E4,SHREE BALAJI ENTERPRISE,"CENTRAL, India",AWARDED,14.0,2,0,OPEN_TENDER,DEFENCE RESEARCH DEVELOPMENT ORG,CENTRAL_CPPP,https://eprocure.gov.in/cppp/
CEN-CE-2021-01006,REF-CEN-CE-2021-01006,DEFENCE RESEARCH DEVELOPMENT ORG,Government of India,CENTRAL,Central District,"CENTRAL, India",Information Technology & Software,Procurement of information technology & software for DEFENCE RESEARCH DEVELOPMENT ORG,Official public tender for supply of information technology & software under standard CENTRAL state procurement guidelines.,2020-04-20 00:00:00,2020-05-20 00:00:00,2020-05-21 00:00:00,2020-06-04,22612952.83,24421989.06,INR,4,APEX MEDITECH SOLUTIONS,ENT-SUP-A750489DC1,APEX MEDITECH SOLUTIONS,"CENTRAL, India",AWARDED,30.0,1,0,OPEN_TENDER,DEFENCE RESEARCH DEVELOPMENT ORG,CENTRAL_CPPP,https://eprocure.gov.in/cppp/
CEN-CE-2021-01007,REF-CEN-CE-2021-01007,CENTRAL PUBLIC WORKS DEPARTMENT,Government of India,CENTRAL,Central District,"CENTRAL, India",Electrical & Mechanical,Procurement of electrical & mechanical for CENTRAL PUBLIC WORKS DEPARTMENT,Official public tender for supply of electrical & mechanical under standard CENTRAL state procurement guidelines.,2020-11-01 00:00:00,2020-11-07 00:00:00,2020-11-08 00:00:00,2020-11-22,245530311.04,265172735.93,INR,1,PNC INFRATECH LIMITED,ENT-SUP-4B3E89D111,PNC INFRATECH LIMITED,"CENTRAL, India",AWARDED,6.0,1,0,OPEN_TENDER,CENTRAL PUBLIC WORKS DEPARTMENT,CENTRAL_CPPP,https://eprocure.gov.in/cppp/
CEN-CE-2021-01008,REF-CEN-CE-2021-01008,NHAI HIGHWAYS,Government of India,CENTRAL,Central District,"CENTRAL, India",Information Technology & Software,Procurement of information technology & software for NHAI HIGHWAYS,Official public tender for supply of information technology & software under standard CENTRAL state procurement guidelines.,2019-11-10 00:00:00,2019-11-16 00:00:00,2019-11-17 00:00:00,2019-12-01,342608338.11,462521256.45,INR,1,AHLUWALIA CONTRACTS INDIA LIMITED,ENT-SUP-28AFE50D95,AHLUWALIA CONTRACTS INDIA LIMITED,"CENTRAL, India",AWARDED,6.0,0,0,OPEN_TENDER,NHAI HIGHWAYS,CENTRAL_CPPP,https://eprocure.gov.in/cppp/
CEN-CE-2021-01009,REF-CEN-CE-2021-01009,DEFENCE RESEARCH DEVELOPMENT ORG,Government of India,CENTRAL,Central District,"CENTRAL, India",Medical Equipment & Consumables,Procurement of medical equipment & consumables for DEFENCE RESEARCH DEVELOPMENT ORG,Official public tender for supply of medical equipment & consumables under standard CENTRAL state procurement guidelines.,2020-11-20 00:00:00,2020-12-04 00:00:00,2020-12-05 00:00:00,2020-12-19,556936.35,751864.07,INR,2,SHREE BALAJI ENTERPRISE,ENT-SUP-CA68E614E4,SHREE BALAJI ENTERPRISE,"CENTRAL, India",AWARDED,14.0,1,0,OPEN_TENDER,DEFENCE RESEARCH DEVELOPMENT ORG,CENTRAL_CPPP,https://eprocure.gov.in/cppp/
CEN-CE-2021-01010,REF-CEN-CE-2021-01010,CENTRAL PUBLIC WORKS DEPARTMENT,Government of India,CENTRAL,Central District,"CENTRAL, India",Medical Equipment & Consumables,Procurement of medical equipment & consumables for CENTRAL PUBLIC WORKS DEPARTMENT,Official public tender for supply of medical equipment & consumables under standard CENTRAL state procurement guidelines.,2020-06-22 00:00:00,2020-07-22 00:00:00,2020-07-23 00:00:00,2020-08-06,342687480.03,349541229.63,INR,5,APEX MEDITECH SOLUTIONS,ENT-SUP-A750489DC1,APEX MEDITECH SOLUTIONS,"CENTRAL, India",AWARDED,30.0,0,0,OPEN_TENDER,CENTRAL PUBLIC WORKS DEPARTMENT,CENTRAL_CPPP,https://eprocure.gov.in/cppp/
CEN-CE-2021-01011,REF-CEN-CE-2021-01011,DEFENCE RESEARCH DEVELOPMENT ORG,Government of India,CENTRAL,Central District,"CENTRAL, India",Consultancy & Facility Management,Procurement of consultancy & facility management for DEFENCE RESEARCH DEVELOPMENT ORG,Official public tender for supply of consultancy & facility management under standard CENTRAL state procurement guidelines.,2019-06-02 00:00:00,2019-06-16 00:00:00,2019-06-17 00:00:00,2019-07-01,10150055.57,10962060.01,INR,3,VANGUARD POWER SERVICES,ENT-SUP-FBE5090586,VANGUARD POWER SERVICES,"CENTRAL, India",AWARDED,14.0,0,0,OPEN_TENDER,DEFENCE RESEARCH DEVELOPMENT ORG,CENTRAL_CPPP,https://eprocure.gov.in/cppp/
CEN-CE-2021-01012,REF-CEN-CE-2021-01012,INDIAN RAILWAYS,Government of India,CENTRAL,Central District,"CENTRAL, India",Information Technology & Software,Procurement of information technology & software for INDIAN RAILWAYS,Official public tender for supply of information technology & software under standard CENTRAL state procurement guidelines.,2019-12-15 00:00:00,2019-12-21 00:00:00,2019-12-22 00:00:00,2020-01-05,14296641.28,15440372.58,INR,8,BHARAT DIAGNOSTIC SYSTEMS,ENT-SUP-C6B6FCD7BC,BHARAT DIAGNOSTIC SYSTEMS,"CENTRAL, India",AWARDED,6.0,2,0,OPEN_TENDER,INDIAN RAILWAYS,CENTRAL_CPPP,https://eprocure.gov.in/cppp/
CEN-CE-2021-01013,REF-CEN-CE-2021-01013,INDIAN RAILWAYS,Government of India,CENTRAL,Central District,"CENTRAL, India",Medical Equipment & Consumables,Procurement of medical equipment & consumables for INDIAN RAILWAYS,Official public tender for supply of medical equipment & consumables under standard CENTRAL state procurement guidelines.,2019-04-25 00:00:00,2019-04-29 00:00:00,2019-04-30 00:00:00,2019-05-14,83186873.46,95664904.48,INR,4,KNR CONSTRUCTION,ENT-SUP-6A86A67807,KNR CONSTRUCTION,"CENTRAL, India",AWARDED,4.0,0,0,OPEN_TENDER,INDIAN RAILWAYS,CENTRAL_CPPP,https://eprocure.gov.in/cppp/
CEN-CE-2021-01014,REF-CEN-CE-2021-01014,CENTRAL PUBLIC WORKS DEPARTMENT,Government of India,CENTRAL,Central District,"CENTRAL, India",Consultancy & Facility Management,Procurement of consultancy & facility management for CENTRAL PUBLIC WORKS DEPARTMENT,Official public tender for supply of consultancy & facility management under standard CENTRAL state procurement guidelines.,2021-06-18 00:00:00,2021-07-09 00:00:00,2021-07-10 00:00:00,2021-07-24,4984410.79,5732072.41,INR,2,KNR CONSTRUCTION,ENT-SUP-6A86A67807,KNR CONSTRUCTION,"CENTRAL, India",AWARDED,21.0,0,0,OPEN_TENDER,CENTRAL PUBLIC WORKS DEPARTMENT,CENTRAL_CPPP,https://eprocure.gov.in/cppp/
CEN-CE-2021-01015,REF-CEN-CE-2021-01015,INDIAN RAILWAYS,Government of India,CENTRAL,Central District,"CENTRAL, India",Information Technology & Software,Procurement of information technology & software for INDIAN RAILWAYS,Official public tender for supply of information technology & software under standard CENTRAL state procurement guidelines.,2021-03-08 00:00:00,2021-03-29 00:00:00,2021-03-30 00:00:00,2021-04-13,1479208.97,1508793.15,INR,1,NCC LIMITED INFRASTRUCTURE,ENT-SUP-0DFD916C8B,NCC LIMITED INFRASTRUCTURE,"CENTRAL, India",AWARDED,21.0,1,0,OPEN_TENDER,INDIAN RAILWAYS,CENTRAL_CPPP,https://eprocure.gov.in/cppp/
CEN-CE-2021-01016,REF-CEN-CE-2021-01016,CENTRAL PUBLIC WORKS DEPARTMENT,Government of India,CENTRAL,Central District,"CENTRAL, India",Civil Works & Infrastructure,Procurement of civil works & infrastructure for CENTRAL PUBLIC WORKS DEPARTMENT,Official public tender for supply of civil works & infrastructure under standard CENTRAL state procurement guidelines.,2019-11-27 00:00:00,2019-12-11 00:00:00,2019-12-12 00:00:00,2019-12-26,4973376.13,5371246.22,INR,4,KNR CONSTRUCTION,ENT-SUP-6A86A67807,KNR CONSTRUCTION,"CENTRAL, India",AWARDED,14.0,2,0,OPEN_TENDER,CENTRAL PUBLIC WORKS DEPARTMENT,CENTRAL_CPPP,https://eprocure.gov.in/cppp/
CEN-CE-2021-01017,REF-CEN-CE-2021-01017,INDIAN RAILWAYS,Government of India,CENTRAL,Central District,"CENTRAL, India",Consultancy & Facility Management,Procurement of consultancy & facility management for INDIAN RAILWAYS,Official public tender for supply of consultancy & facility management under standard CENTRAL state procurement guidelines.,2019-08-26 00:00:00,2019-09-16 00:00:00,2019-09-17 00:00:00,2019-10-01,98783086.46,106685733.37,INR,2,APEX MEDITECH SOLUTIONS,ENT-SUP-A750489DC1,APEX MEDITECH SOLUTIONS,"CENTRAL, India",AWARDED,21.0,0,0,OPEN_TENDER,INDIAN RAILWAYS,CENTRAL_CPPP,https://eprocure.gov.in/cppp/
CEN-CE-2021-01018,REF-CEN-CE-2021-01018,NHAI HIGHWAYS,Government of India,CENTRAL,Central District,"CENTRAL, India",Electrical & Mechanical,Procurement of electrical & mechanical for NHAI HIGHWAYS,Official public tender for supply of electrical & mechanical under standard CENTRAL state procurement guidelines.,2021-02-27 00:00:00,2021-03-05 00:00:00,2021-03-06 00:00:00,2021-03-20,4959746.3,4711758.98,INR,1,SHARMA ENGINEERING WORKS,ENT-SUP-9473B0CC3C,SHARMA ENGINEERING WORKS,"CENTRAL, India",AWARDED,6.0,0,0,OPEN_TENDER,NHAI HIGHWAYS,CENTRAL_CPPP,https://eprocure.gov.in/cppp/
CEN-CE-2021-01019,REF-CEN-CE-2021-01019,NHAI HIGHWAYS,Government of India,CENTRAL,Central District,"CENTRAL, India",Electrical & Mechanical,Procurement of electrical & mechanical for NHAI HIGHWAYS,Official public tender for supply of electrical & mechanical under standard CENTRAL state procurement guidelines.,2020-05-25 00:00:00,2020-06-08 00:00:00,2020-06-09 00:00:00,2020-06-23,24584158.78,23354950.84,INR,8,KNR CONSTRUCTION,ENT-SUP-6A86A67807,KNR CONSTRUCTION,"CENTRAL, India",AWARDED,14.0,2,0,OPEN_TENDER,NHAI HIGHWAYS,CENTRAL_CPPP,https://eprocure.gov.in/cppp/
CEN-CE-2021-01020,REF-CEN-CE-2021-01020,MINISTRY OF HEALTH FAMILY WELFARE,Government of India,CENTRAL,Central District,"CENTRAL, India",Medical Equipment & Consumables,Procurement of medical equipment & consumables for MINISTRY OF HEALTH FAMILY WELFARE,Official public tender for supply of medical equipment & consumables under standard CENTRAL state procurement guidelines.,2020-09-14 00:00:00,2020-09-18 00:00:00,2020-09-19 00:00:00,2020-10-03,265885833.72,252591542.04,INR,1,KNR CONSTRUCTION,ENT-SUP-6A86A67807,KNR CONSTRUCTION,"CENTRAL, India",AWARDED,4.0,0,0,OPEN_TENDER,MINISTRY OF HEALTH FAMILY WELFARE,CENTRAL_CPPP,https://eprocure.gov.in/cppp/
CEN-CE-2021-01021,REF-CEN-CE-2021-01021,DEFENCE RESEARCH DEVELOPMENT ORG,Government of India,CENTRAL,Central District,"CENTRAL, India",Medical Equipment & Consumables,Procurement of medical equipment & consumables for DEFENCE RESEARCH DEVELOPMENT ORG,Official public tender for supply of medical equipment & consumables under standard CENTRAL state procurement guidelines.,2020-12-24 00:00:00,2021-01-23 00:00:00,2021-01-24 00:00:00,2021-02-07,1231506.98,1662534.43,INR,1,BHARAT DIAGNOSTIC SYSTEMS,ENT-SUP-C6B6FCD7BC,BHARAT DIAGNOSTIC SYSTEMS,"CENTRAL, India",AWARDED,30.0,1,0,OPEN_TENDER,DEFENCE RESEARCH DEVELOPMENT ORG,CENTRAL_CPPP,https://eprocure.gov.in/cppp/
CEN-CE-2021-01022,REF-CEN-CE-2021-01022,NHAI HIGHWAYS,Government of India,CENTRAL,Central District,"CENTRAL, India",Civil Works & Infrastructure,Procurement of civil works & infrastructure for NHAI HIGHWAYS,Official public tender for supply of civil works & infrastructure under standard CENTRAL state procurement guidelines.,2020-03-10 00:00:00,2020-04-09 00:00:00,2020-04-10 00:00:00,2020-04-24,4967438.57,5066787.34,INR,2,PNC INFRATECH LIMITED,ENT-SUP-4B3E89D111,PNC INFRATECH LIMITED,"CENTRAL, India",AWARDED,30.0,0,0,OPEN_TENDER,NHAI HIGHWAYS,CENTRAL_CPPP,https://eprocure.gov.in/cppp/
CEN-CE-2021-01023,REF-CEN-CE-2021-01023,MINISTRY OF HEALTH FAMILY WELFARE,Government of India,CENTRAL,Central District,"CENTRAL, India",Information Technology & Software,Procurement of information technology & software for MINISTRY OF HEALTH FAMILY WELFARE,Official public tender for supply of information technology & software under standard CENTRAL state procurement guidelines.,2020-06-02 00:00:00,2020-07-02 00:00:00,2020-07-03 00:00:00,2020-07-17,6101451.48,5796378.9,INR,1,PNC INFRATECH LIMITED,ENT-SUP-4B3E89D111,PNC INFRATECH LIMITED,"CENTRAL, India",AWARDED,30.0,0,0,OPEN_TENDER,MINISTRY OF HEALTH FAMILY WELFARE,CENTRAL_CPPP,https://eprocure.gov.in/cppp/
CEN-CE-2021-01024,REF-CEN-CE-2021-01024,DEFENCE RESEARCH DEVELOPMENT ORG,Government of India,CENTRAL,Central District,"CENTRAL, India",Information Technology & Software,Procurement of information technology & software for DEFENCE RESEARCH DEVELOPMENT ORG,Official public tender for supply of information technology & software under standard CENTRAL state procurement guidelines.,2021-02-12 00:00:00,2021-03-05 00:00:00,2021-03-06 00:00:00,2021-03-20,3397762.75,3465718.01,INR,4,APEX MEDITECH SOLUTIONS,ENT-SUP-A750489DC1,APEX MEDITECH SOLUTIONS,"CENTRAL, India",AWARDED,21.0,0,0,OPEN_TENDER,DEFENCE RESEARCH DEVELOPMENT ORG,CENTRAL_CPPP,https://eprocure.gov.in/cppp/
CEN-CE-2021-01025,REF-CEN-CE-2021-01025,CENTRAL PUBLIC WORKS DEPARTMENT,Government of India,CENTRAL,Central District,"CENTRAL, India",Medical Equipment & Consumables,Procurement of medical equipment & consumables for CENTRAL PUBLIC WORKS DEPARTMENT,Official public tender for supply of medical equipment & consumables under standard CENTRAL state procurement guidelines.,2020-11-14 00:00:00,2020-12-05 00:00:00,2020-12-06 00:00:00,2020-12-20,318668530.23,280428306.6,INR,4,AHLUWALIA CONTRACTS INDIA LIMITED,ENT-SUP-28AFE50D95,AHLUWALIA CONTRACTS INDIA LIMITED,"CENTRAL, India",AWARDED,21.0,2,0,OPEN_TENDER,CENTRAL PUBLIC WORKS DEPARTMENT,CENTRAL_CPPP,https://eprocure.gov.in/cppp/
CEN-CE-2021-01026,REF-CEN-CE-2021-01026,DEFENCE RESEARCH DEVELOPMENT ORG,Government of India,CENTRAL,Central District,"CENTRAL, India",Information Technology & Software,Procurement of information technology & software for DEFENCE RESEARCH DEVELOPMENT ORG,Official public tender for supply of information technology & software under standard CENTRAL state procurement guidelines.,2021-10-10 00:00:00,2021-11-09 00:00:00,2021-11-10 00:00:00,2021-11-24,117848172.52,135525398.4,INR,1,APEX MEDITECH SOLUTIONS,ENT-SUP-A750489DC1,APEX MEDITECH SOLUTIONS,"CENTRAL, India",AWARDED,30.0,0,0,OPEN_TENDER,DEFENCE RESEARCH DEVELOPMENT ORG,CENTRAL_CPPP,https://eprocure.gov.in/cppp/
CEN-CE-2021-01027,REF-CEN-CE-2021-01027,MINISTRY OF HEALTH FAMILY WELFARE,Government of India,CENTRAL,Central District,"CENTRAL, India",Medical Equipment & Consumables,Procurement of medical equipment & consumables for MINISTRY OF HEALTH FAMILY WELFARE,Official public tender for supply of medical equipment & consumables under standard CENTRAL state procurement guidelines.,2021-03-12 00:00:00,2021-04-02 00:00:00,2021-04-03 00:00:00,2021-04-17,19039390.96,25703177.79,INR,4,AHLUWALIA CONTRACTS INDIA LIMITED,ENT-SUP-28AFE50D95,AHLUWALIA CONTRACTS INDIA LIMITED,"CENTRAL, India",AWARDED,21.0,0,0,OPEN_TENDER,MINISTRY OF HEALTH FAMILY WELFARE,CENTRAL_CPPP,https://eprocure.gov.in/cppp/
CEN-CE-2021-01028,REF-CEN-CE-2021-01028,CENTRAL PUBLIC WORKS DEPARTMENT,Government of India,CENTRAL,Central District,"CENTRAL, India",Electrical & Mechanical,Procurement of electrical & mechanical for CENTRAL PUBLIC WORKS DEPARTMENT,Official public tender for supply of electrical & mechanical under standard CENTRAL state procurement guidelines.,2019-07-16 00:00:00,2019-07-20 00:00:00,2019-07-21 00:00:00,2019-08-04,4968641.38,5366132.69,INR,3,GUPTA AND SONS CONTRACTOR,ENT-SUP-7A3AE215B9,GUPTA AND SONS CONTRACTOR,"CENTRAL, India",AWARDED,4.0,1,0,OPEN_TENDER,CENTRAL PUBLIC WORKS DEPARTMENT,CENTRAL_CPPP,https://eprocure.gov.in/cppp/
CEN-CE-2021-01029,REF-CEN-CE-2021-01029,NHAI HIGHWAYS,Government of India,CENTRAL,Central District,"CENTRAL, India",Information Technology & Software,Procurement of information technology & software for NHAI HIGHWAYS,Official public tender for supply of information technology & software under standard CENTRAL state procurement guidelines.,2020-04-06 00:00:00,2020-04-12 00:00:00,2020-04-13 00:00:00,2020-04-27,4920542.56,5314185.96,INR,2,AHLUWALIA CONTRACTS INDIA LIMITED,ENT-SUP-28AFE50D95,AHLUWALIA CONTRACTS INDIA LIMITED,"CENTRAL, India",AWARDED,6.0,0,0,OPEN_TENDER,NHAI HIGHWAYS,CENTRAL_CPPP,https://eprocure.gov.in/cppp/
CEN-CE-2021-01030,REF-CEN-CE-2021-01030,MINISTRY OF HEALTH FAMILY WELFARE,Government of India,CENTRAL,Central District,"CENTRAL, India",Information Technology & Software,Procurement of information technology & software for MINISTRY OF HEALTH FAMILY WELFARE,Official public tender for supply of information technology & software under standard CENTRAL state procurement guidelines.,2021-07-19 00:00:00,2021-07-25 00:00:00,2021-07-26 00:00:00,2021-08-09,4155237.65,3947475.77,INR,3,SHREE BALAJI ENTERPRISE,ENT-SUP-CA68E614E4,SHREE BALAJI ENTERPRISE,"CENTRAL, India",AWARDED,6.0,1,0,OPEN_TENDER,MINISTRY OF HEALTH FAMILY WELFARE,CENTRAL_CPPP,https://eprocure.gov.in/cppp/
CEN-CE-2021-01031,REF-CEN-CE-2021-01031,DEFENCE RESEARCH DEVELOPMENT ORG,Government of India,CENTRAL,Central District,"CENTRAL, India",Medical Equipment & Consumables,Procurement of medical equipment & consumables for DEFENCE RESEARCH DEVELOPMENT ORG,Official public tender for supply of medical equipment & consumables under standard CENTRAL state procurement guidelines.,2021-07-25 00:00:00,2021-08-08 00:00:00,2021-08-09 00:00:00,2021-08-23,4976021.85,6717629.5,INR,1,AHLUWALIA CONTRACTS INDIA LIMITED,ENT-SUP-28AFE50D95,AHLUWALIA CONTRACTS INDIA LIMITED,"CENTRAL, India",AWARDED,14.0,0,0,OPEN_TENDER,DEFENCE RESEARCH DEVELOPMENT ORG,CENTRAL_CPPP,https://eprocure.gov.in/cppp/
CEN-CE-2021-01032,REF-CEN-CE-2021-01032,DEFENCE RESEARCH DEVELOPMENT ORG,Government of India,CENTRAL,Central District,"CENTRAL, India",Civil Works & Infrastructure,Procurement of civil works & infrastructure for DEFENCE RESEARCH DEVELOPMENT ORG,Official public tender for supply of civil works & infrastructure under standard CENTRAL state procurement guidelines.,2020-05-08 00:00:00,2020-05-14 00:00:00,2020-05-15 00:00:00,2020-05-29,15764179.13,13872477.63,INR,1,SHREE BALAJI ENTERPRISE,ENT-SUP-CA68E614E4,SHREE BALAJI ENTERPRISE,"CENTRAL, India",AWARDED,6.0,1,0,OPEN_TENDER,DEFENCE RESEARCH DEVELOPMENT ORG,CENTRAL_CPPP,https://eprocure.gov.in/cppp/
CEN-CE-2021-01033,REF-CEN-CE-2021-01033,MINISTRY OF HEALTH FAMILY WELFARE,Government of India,CENTRAL,Central District,"CENTRAL, India",Information Technology & Software,Procurement of information technology & software for MINISTRY OF HEALTH FAMILY WELFARE,Official public tender for supply of information technology & software under standard CENTRAL state procurement guidelines.,2021-08-04 00:00:00,2021-08-08 00:00:00,2021-08-09 00:00:00,2021-08-23,4324455.27,5838014.61,INR,3,BHARAT DIAGNOSTIC SYSTEMS,ENT-SUP-C6B6FCD7BC,BHARAT DIAGNOSTIC SYSTEMS,"CENTRAL, India",AWARDED,4.0,0,0,OPEN_TENDER,MINISTRY OF HEALTH FAMILY WELFARE,CENTRAL_CPPP,https://eprocure.gov.in/cppp/
CEN-CE-2021-01034,REF-CEN-CE-2021-01034,INDIAN RAILWAYS,Government of India,CENTRAL,Central District,"CENTRAL, India",Consultancy & Facility Management,Procurement of consultancy & facility management for INDIAN RAILWAYS,Official public tender for supply of consultancy & facility management under standard CENTRAL state procurement guidelines.,2019-12-08 00:00:00,2019-12-22 00:00:00,2019-12-23 00:00:00,2020-01-06,246891876.89,266643227.04,INR,1,PNC INFRATECH LIMITED,ENT-SUP-4B3E89D111,PNC INFRATECH LIMITED,"CENTRAL, India",AWARDED,14.0,1,0,OPEN_TENDER,INDIAN RAILWAYS,CENTRAL_CPPP,https://eprocure.gov.in/cppp/
CEN-CE-2021-01035,REF-CEN-CE-2021-01035,NHAI HIGHWAYS,Government of India,CENTRAL,Central District,"CENTRAL, India",Electrical & Mechanical,Procurement of electrical & mechanical for NHAI HIGHWAYS,Official public tender for supply of electrical & mechanical under standard CENTRAL state procurement guidelines.,2021-06-29 00:00:00,2021-07-29 00:00:00,2021-07-30 00:00:00,2021-08-13,22960993.92,21812944.23,INR,1,SHARMA ENGINEERING WORKS,ENT-SUP-9473B0CC3C,SHARMA ENGINEERING WORKS,"CENTRAL, India",AWARDED,30.0,0,0,OPEN_TENDER,NHAI HIGHWAYS,CENTRAL_CPPP,https://eprocure.gov.in/cppp/
CEN-CE-2021-01036,REF-CEN-CE-2021-01036,CENTRAL PUBLIC WORKS DEPARTMENT,Government of India,CENTRAL,Central District,"CENTRAL, India",Consultancy & Facility Management,Procurement of consultancy & facility management for CENTRAL PUBLIC WORKS DEPARTMENT,Official public tender for supply of consultancy & facility management under standard CENTRAL state procurement guidelines.,2019-12-13 00:00:00,2019-12-27 00:00:00,2019-12-28 00:00:00,2020-01-11,4984874.35,6729580.37,INR,3,KNR CONSTRUCTION,ENT-SUP-6A86A67807,KNR CONSTRUCTION,"CENTRAL, India",AWARDED,14.0,0,0,OPEN_TENDER,CENTRAL PUBLIC WORKS DEPARTMENT,CENTRAL_CPPP,https://eprocure.gov.in/cppp/
CEN-CE-2021-01037,REF-CEN-CE-2021-01037,INDIAN RAILWAYS,Government of India,CENTRAL,Central District,"CENTRAL, India",Electrical & Mechanical,Procurement of electrical & mechanical for INDIAN RAILWAYS,Official public tender for supply of electrical & mechanical under standard CENTRAL state procurement guidelines.,2020-07-16 00:00:00,2020-07-30 00:00:00,2020-07-31 00:00:00,2020-08-14,946405.23,1022117.64,INR,4,KNR CONSTRUCTION,ENT-SUP-6A86A67807,KNR CONSTRUCTION,"CENTRAL, India",AWARDED,14.0,2,0,OPEN_TENDER,INDIAN RAILWAYS,CENTRAL_CPPP,https://eprocure.gov.in/cppp/
CEN-CE-2021-01038,REF-CEN-CE-2021-01038,INDIAN RAILWAYS,Government of India,CENTRAL,Central District,"CENTRAL, India",Consultancy & Facility Management,Procurement of consultancy & facility management for INDIAN RAILWAYS,Official public tender for supply of consultancy & facility management under standard CENTRAL state procurement guidelines.,2019-06-07 00:00:00,2019-06-28 00:00:00,2019-06-29 00:00:00,2019-07-13,4992502.43,5391902.63,INR,5,ZENITH INFRASTRUCTURE PROJECTS,ENT-SUP-4F350A4CA1,ZENITH INFRASTRUCTURE PROJECTS,"CENTRAL, India",AWARDED,21.0,0,0,OPEN_TENDER,INDIAN RAILWAYS,CENTRAL_CPPP,https://eprocure.gov.in/cppp/
CEN-CE-2021-01039,REF-CEN-CE-2021-01039,INDIAN RAILWAYS,Government of India,CENTRAL,Central District,"CENTRAL, India",Medical Equipment & Consumables,Procurement of medical equipment & consumables for INDIAN RAILWAYS,Official public tender for supply of medical equipment & consumables under standard CENTRAL state procurement guidelines.,2019-04-05 00:00:00,2019-04-11 00:00:00,2019-04-12 00:00:00,2019-04-26,9541653.84,8396655.38,INR,5,PNC INFRATECH LIMITED,ENT-SUP-4B3E89D111,PNC INFRATECH LIMITED,"CENTRAL, India",AWARDED,6.0,0,0,OPEN_TENDER,INDIAN RAILWAYS,CENTRAL_CPPP,https://eprocure.gov.in/cppp/
CEN-CE-2021-01040,REF-CEN-CE-2021-01040,CENTRAL PUBLIC WORKS DEPARTMENT,Government of India,CENTRAL,Central District,"CENTRAL, India",Information Technology & Software,Procurement of information technology & software for CENTRAL PUBLIC WORKS DEPARTMENT,Official public tender for supply of information technology & software under standard CENTRAL state procurement guidelines.,2020-06-26 00:00:00,2020-07-26 00:00:00,2020-07-27 00:00:00,2020-08-10,13337311.07,14404295.96,INR,2,AFCONS INFRASTRUCTURE LIMITED,ENT-SUP-AC3B9A87E5,AFCONS INFRASTRUCTURE LIMITED,"CENTRAL, India",AWARDED,30.0,2,0,OPEN_TENDER,CENTRAL PUBLIC WORKS DEPARTMENT,CENTRAL_CPPP,https://eprocure.gov.in/cppp/
CEN-CE-2021-01041,REF-CEN-CE-2021-01041,CENTRAL PUBLIC WORKS DEPARTMENT,Government of India,CENTRAL,Central District,"CENTRAL, India",Medical Equipment & Consumables,Procurement of medical equipment & consumables for CENTRAL PUBLIC WORKS DEPARTMENT,Official public tender for supply of medical equipment & consumables under standard CENTRAL state procurement guidelines.,2021-09-15 00:00:00,2021-09-29 00:00:00,2021-09-30 00:00:00,2021-10-14,320055285.58,326456391.29,INR,2,KNR CONSTRUCTION,ENT-SUP-6A86A67807,KNR CONSTRUCTION,"CENTRAL, India",AWARDED,14.0,0,0,OPEN_TENDER,CENTRAL PUBLIC WORKS DEPARTMENT,CENTRAL_CPPP,https://eprocure.gov.in/cppp/
CEN-CE-2021-01042,REF-CEN-CE-2021-01042,NHAI HIGHWAYS,Government of India,CENTRAL,Central District,"CENTRAL, India",Electrical & Mechanical,Procurement of electrical & mechanical for NHAI HIGHWAYS,Official public tender for supply of electrical & mechanical under standard CENTRAL state procurement guidelines.,2019-05-31 00:00:00,2019-06-21 00:00:00,2019-06-22 00:00:00,2019-07-06,4910061.44,5646570.65,INR,1,SHARMA ENGINEERING WORKS,ENT-SUP-9473B0CC3C,SHARMA ENGINEERING WORKS,"CENTRAL, India",AWARDED,21.0,1,0,OPEN_TENDER,NHAI HIGHWAYS,CENTRAL_CPPP,https://eprocure.gov.in/cppp/
CEN-CE-2021-01043,REF-CEN-CE-2021-01043,NHAI HIGHWAYS,Government of India,CENTRAL,Central District,"CENTRAL, India",Consultancy & Facility Management,Procurement of consultancy & facility management for NHAI HIGHWAYS,Official public tender for supply of consultancy & facility management under standard CENTRAL state procurement guidelines.,2020-12-04 00:00:00,2020-12-25 00:00:00,2020-12-26 00:00:00,2021-01-09,228212199.94,246469175.94,INR,2,SHREE BALAJI ENTERPRISE,ENT-SUP-CA68E614E4,SHREE BALAJI ENTERPRISE,"CENTRAL, India",AWARDED,21.0,2,0,OPEN_TENDER,NHAI HIGHWAYS,CENTRAL_CPPP,https://eprocure.gov.in/cppp/
CEN-CE-2021-01044,REF-CEN-CE-2021-01044,CENTRAL PUBLIC WORKS DEPARTMENT,Government of India,CENTRAL,Central District,"CENTRAL, India",Civil Works & Infrastructure,Procurement of civil works & infrastructure for CENTRAL PUBLIC WORKS DEPARTMENT,Official public tender for supply of civil works & infrastructure under standard CENTRAL state procurement guidelines.,2020-01-09 00:00:00,2020-01-15 00:00:00,2020-01-16 00:00:00,2020-01-30,4961071.13,4713017.57,INR,4,GUPTA AND SONS CONTRACTOR,ENT-SUP-7A3AE215B9,GUPTA AND SONS CONTRACTOR,"CENTRAL, India",AWARDED,6.0,2,0,OPEN_TENDER,CENTRAL PUBLIC WORKS DEPARTMENT,CENTRAL_CPPP,https://eprocure.gov.in/cppp/
CEN-CE-2021-01045,REF-CEN-CE-2021-01045,CENTRAL PUBLIC WORKS DEPARTMENT,Government of India,CENTRAL,Central District,"CENTRAL, India",Consultancy & Facility Management,Procurement of consultancy & facility management for CENTRAL PUBLIC WORKS DEPARTMENT,Official public tender for supply of consultancy & facility management under standard CENTRAL state procurement guidelines.,2020-02-01 00:00:00,2020-03-02 00:00:00,2020-03-03 00:00:00,2020-03-17,11656857.64,10258034.72,INR,1,AHLUWALIA CONTRACTS INDIA LIMITED,ENT-SUP-28AFE50D95,AHLUWALIA CONTRACTS INDIA LIMITED,"CENTRAL, India",AWARDED,30.0,1,0,OPEN_TENDER,CENTRAL PUBLIC WORKS DEPARTMENT,CENTRAL_CPPP,https://eprocure.gov.in/cppp/
CEN-CE-2021-01046,REF-CEN-CE-2021-01046,CENTRAL PUBLIC WORKS DEPARTMENT,Government of India,CENTRAL,Central District,"CENTRAL, India",Medical Equipment & Consumables,Procurement of medical equipment & consumables for CENTRAL PUBLIC WORKS DEPARTMENT,Official public tender for supply of medical equipment & consumables under standard CENTRAL state procurement guidelines.,2020-10-09 00:00:00,2020-10-30 00:00:00,2020-10-31 00:00:00,2020-11-14,4975523.11,5373564.95,INR,3,SHARMA ENGINEERING WORKS,ENT-SUP-9473B0CC3C,SHARMA ENGINEERING WORKS,"CENTRAL, India",AWARDED,21.0,0,0,OPEN_TENDER,CENTRAL PUBLIC WORKS DEPARTMENT,CENTRAL_CPPP,https://eprocure.gov.in/cppp/
CEN-CE-2021-01047,REF-CEN-CE-2021-01047,CENTRAL PUBLIC WORKS DEPARTMENT,Government of India,CENTRAL,Central District,"CENTRAL, India",Electrical & Mechanical,Procurement of electrical & mechanical for CENTRAL PUBLIC WORKS DEPARTMENT,Official public tender for supply of electrical & mechanical under standard CENTRAL state procurement guidelines.,2019-11-03 00:00:00,2019-11-09 00:00:00,2019-11-10 00:00:00,2019-11-24,4938949.27,6667581.52,INR,8,SHARMA ENGINEERING WORKS,ENT-SUP-9473B0CC3C,SHARMA ENGINEERING WORKS,"CENTRAL, India",AWARDED,6.0,0,0,OPEN_TENDER,CENTRAL PUBLIC WORKS DEPARTMENT,CENTRAL_CPPP,https://eprocure.gov.in/cppp/
CEN-CE-2021-01048,REF-CEN-CE-2021-01048,MINISTRY OF HEALTH FAMILY WELFARE,Government of India,CENTRAL,Central District,"CENTRAL, India",Civil Works & Infrastructure,Procurement of civil works & infrastructure for MINISTRY OF HEALTH FAMILY WELFARE,Official public tender for supply of civil works & infrastructure under standard CENTRAL state procurement guidelines.,2019-12-11 00:00:00,2019-12-15 00:00:00,2019-12-16 00:00:00,2019-12-30,4965054.94,5064356.04,INR,4,ZENITH INFRASTRUCTURE PROJECTS,ENT-SUP-4F350A4CA1,ZENITH INFRASTRUCTURE PROJECTS,"CENTRAL, India",AWARDED,4.0,2,0,OPEN_TENDER,MINISTRY OF HEALTH FAMILY WELFARE,CENTRAL_CPPP,https://eprocure.gov.in/cppp/
CEN-CE-2021-01049,REF-CEN-CE-2021-01049,INDIAN RAILWAYS,Government of India,CENTRAL,Central District,"CENTRAL, India",Electrical & Mechanical,Procurement of electrical & mechanical for INDIAN RAILWAYS,Official public tender for supply of electrical & mechanical under standard CENTRAL state procurement guidelines.,2020-02-15 00:00:00,2020-02-29 00:00:00,2020-03-01 00:00:00,2020-03-15,4984720.62,5084415.04,INR,3,LARSEN AND TOUBRO CONSTRUCTION,ENT-SUP-6C6BEB7D6E,LARSEN AND TOUBRO CONSTRUCTION,"CENTRAL, India",AWARDED,14.0,0,0,OPEN_TENDER,INDIAN RAILWAYS,CENTRAL_CPPP,https://eprocure.gov.in/cppp/
CEN-CE-2021-01050,REF-CEN-CE-2021-01050,CENTRAL PUBLIC WORKS DEPARTMENT,Government of India,CENTRAL,Central District,"CENTRAL, India",Civil Works & Infrastructure,Procurement of civil works & infrastructure for CENTRAL PUBLIC WORKS DEPARTMENT,Official public tender for supply of civil works & infrastructure under standard CENTRAL state procurement guidelines.,2021-05-26 00:00:00,2021-06-16 00:00:00,2021-06-17 00:00:00,2021-07-01,4921110.94,6643499.77,INR,8,GUPTA AND SONS CONTRACTOR,ENT-SUP-7A3AE215B9,GUPTA AND SONS CONTRACTOR,"CENTRAL, India",AWARDED,21.0,2,0,OPEN_TENDER,CENTRAL PUBLIC WORKS DEPARTMENT,CENTRAL_CPPP,https://eprocure.gov.in/cppp/
CEN-CE-2021-01051,REF-CEN-CE-2021-01051,DEFENCE RESEARCH DEVELOPMENT ORG,Government of India,CENTRAL,Central District,"CENTRAL, India",Consultancy & Facility Management,Procurement of consultancy & facility management for DEFENCE RESEARCH DEVELOPMENT ORG,Official public tender for supply of consultancy & facility management under standard CENTRAL state procurement guidelines.,2020-01-02 00:00:00,2020-02-01 00:00:00,2020-02-02 00:00:00,2020-02-16,4925455.45,5023964.56,INR,3,BHARAT DIAGNOSTIC SYSTEMS,ENT-SUP-C6B6FCD7BC,BHARAT DIAGNOSTIC SYSTEMS,"CENTRAL, India",AWARDED,30.0,1,0,OPEN_TENDER,DEFENCE RESEARCH DEVELOPMENT ORG,CENTRAL_CPPP,https://eprocure.gov.in/cppp/
CEN-CE-2021-01052,REF-CEN-CE-2021-01052,DEFENCE RESEARCH DEVELOPMENT ORG,Government of India,CENTRAL,Central District,"CENTRAL, India",Civil Works & Infrastructure,Procurement of civil works & infrastructure for DEFENCE RESEARCH DEVELOPMENT ORG,Official public tender for supply of civil works & infrastructure under standard CENTRAL state procurement guidelines.,2019-10-11 00:00:00,2019-10-17 00:00:00,2019-10-18 00:00:00,2019-11-01,168956417.56,194299880.2,INR,1,PNC INFRATECH LIMITED,ENT-SUP-4B3E89D111,PNC INFRATECH LIMITED,"CENTRAL, India",AWARDED,6.0,0,0,OPEN_TENDER,DEFENCE RESEARCH DEVELOPMENT ORG,CENTRAL_CPPP,https://eprocure.gov.in/cppp/
CEN-CE-2021-01053,REF-CEN-CE-2021-01053,INDIAN RAILWAYS,Government of India,CENTRAL,Central District,"CENTRAL, India",Medical Equipment & Consumables,Procurement of medical equipment & consumables for INDIAN RAILWAYS,Official public tender for supply of medical equipment & consumables under standard CENTRAL state procurement guidelines.,2019-02-23 00:00:00,2019-03-16 00:00:00,2019-03-17 00:00:00,2019-03-31,4993855.5,5093732.61,INR,5,DILIP BUILDCON LIMITED,ENT-SUP-55226FC7C8,DILIP BUILDCON LIMITED,"CENTRAL, India",AWARDED,21.0,0,0,OPEN_TENDER,INDIAN RAILWAYS,CENTRAL_CPPP,https://eprocure.gov.in/cppp/
CEN-CE-2021-01054,REF-CEN-CE-2021-01054,CENTRAL PUBLIC WORKS DEPARTMENT,Government of India,CENTRAL,Central District,"CENTRAL, India",Consultancy & Facility Management,Procurement of consultancy & facility management for CENTRAL PUBLIC WORKS DEPARTMENT,Official public tender for supply of consultancy & facility management under standard CENTRAL state procurement guidelines.,2021-05-04 00:00:00,2021-06-03 00:00:00,2021-06-04 00:00:00,2021-06-18,4905525.58,5297967.63,INR,4,SHARMA ENGINEERING WORKS,ENT-SUP-9473B0CC3C,SHARMA ENGINEERING WORKS,"CENTRAL, India",AWARDED,30.0,1,0,OPEN_TENDER,CENTRAL PUBLIC WORKS DEPARTMENT,CENTRAL_CPPP,https://eprocure.gov.in/cppp/
CEN-CE-2021-01055,REF-CEN-CE-2021-01055,MINISTRY OF HEALTH FAMILY WELFARE,Government of India,CENTRAL,Central District,"CENTRAL, India",Electrical & Mechanical,Procurement of electrical & mechanical for MINISTRY OF HEALTH FAMILY WELFARE,Official public tender for supply of electrical & mechanical under standard CENTRAL state procurement guidelines.,2020-04-25 00:00:00,2020-05-25 00:00:00,2020-05-26 00:00:00,2020-06-09,192349687.33,221202140.43,INR,5,VANGUARD POWER SERVICES,ENT-SUP-FBE5090586,VANGUARD POWER SERVICES,"CENTRAL, India",AWARDED,30.0,0,0,OPEN_TENDER,MINISTRY OF HEALTH FAMILY WELFARE,CENTRAL_CPPP,https://eprocure.gov.in/cppp/
CEN-CE-2021-01056,REF-CEN-CE-2021-01056,NHAI HIGHWAYS,Government of India,CENTRAL,Central District,"CENTRAL, India",Electrical & Mechanical,Procurement of electrical & mechanical for NHAI HIGHWAYS,Official public tender for supply of electrical & mechanical under standard CENTRAL state procurement guidelines.,2019-10-22 00:00:00,2019-10-26 00:00:00,2019-10-27 00:00:00,2019-11-10,22635870.19,23088587.59,INR,1,VANGUARD POWER SERVICES,ENT-SUP-FBE5090586,VANGUARD POWER SERVICES,"CENTRAL, India",AWARDED,4.0,0,0,OPEN_TENDER,NHAI HIGHWAYS,CENTRAL_CPPP,https://eprocure.gov.in/cppp/
CEN-CE-2021-01057,REF-CEN-CE-2021-01057,DEFENCE RESEARCH DEVELOPMENT ORG,Government of India,CENTRAL,Central District,"CENTRAL, India",Medical Equipment & Consumables,Procurement of medical equipment & consumables for DEFENCE RESEARCH DEVELOPMENT ORG,Official public tender for supply of medical equipment & consumables under standard CENTRAL state procurement guidelines.,2019-09-06 00:00:00,2019-09-12 00:00:00,2019-09-13 00:00:00,2019-09-27,7337250.87,7924230.94,INR,8,DILIP BUILDCON LIMITED,ENT-SUP-55226FC7C8,DILIP BUILDCON LIMITED,"CENTRAL, India",AWARDED,6.0,0,0,OPEN_TENDER,DEFENCE RESEARCH DEVELOPMENT ORG,CENTRAL_CPPP,https://eprocure.gov.in/cppp/
CEN-CE-2021-01058,REF-CEN-CE-2021-01058,CENTRAL PUBLIC WORKS DEPARTMENT,Government of India,CENTRAL,Central District,"CENTRAL, India",Medical Equipment & Consumables,Procurement of medical equipment & consumables for CENTRAL PUBLIC WORKS DEPARTMENT,Official public tender for supply of medical equipment & consumables under standard CENTRAL state procurement guidelines.,2020-11-14 00:00:00,2020-12-05 00:00:00,2020-12-06 00:00:00,2020-12-20,2953203.06,2805542.9,INR,3,VANGUARD POWER SERVICES,ENT-SUP-FBE5090586,VANGUARD POWER SERVICES,"CENTRAL, India",AWARDED,21.0,0,0,OPEN_TENDER,CENTRAL PUBLIC WORKS DEPARTMENT,CENTRAL_CPPP,https://eprocure.gov.in/cppp/
CEN-CE-2021-01059,REF-CEN-CE-2021-01059,INDIAN RAILWAYS,Government of India,CENTRAL,Central District,"CENTRAL, India",Consultancy & Facility Management,Procurement of consultancy & facility management for INDIAN RAILWAYS,Official public tender for supply of consultancy & facility management under standard CENTRAL state procurement guidelines.,2019-06-08 00:00:00,2019-06-22 00:00:00,2019-06-23 00:00:00,2019-07-07,4940815.56,4693774.78,INR,2,LARSEN AND TOUBRO CONSTRUCTION,ENT-SUP-6C6BEB7D6E,LARSEN AND TOUBRO CONSTRUCTION,"CENTRAL, India",AWARDED,14.0,0,0,OPEN_TENDER,INDIAN RAILWAYS,CENTRAL_CPPP,https://eprocure.gov.in/cppp/
CEN-CE-2021-01060,REF-CEN-CE-2021-01060,CENTRAL PUBLIC WORKS DEPARTMENT,Government of India,CENTRAL,Central District,"CENTRAL, India",Information Technology & Software,Procurement of information technology & software for CENTRAL PUBLIC WORKS DEPARTMENT,Official public tender for supply of information technology & software under standard CENTRAL state procurement guidelines.,2020-03-08 00:00:00,2020-04-07 00:00:00,2020-04-08 00:00:00,2020-04-22,242445093.74,247293995.61,INR,5,SHARMA ENGINEERING WORKS,ENT-SUP-9473B0CC3C,SHARMA ENGINEERING WORKS,"CENTRAL, India",AWARDED,30.0,0,0,OPEN_TENDER,CENTRAL PUBLIC WORKS DEPARTMENT,CENTRAL_CPPP,https://eprocure.gov.in/cppp/
CEN-CE-2021-01061,REF-CEN-CE-2021-01061,INDIAN RAILWAYS,Government of India,CENTRAL,Central District,"CENTRAL, India",Electrical & Mechanical,Procurement of electrical & mechanical for INDIAN RAILWAYS,Official public tender for supply of electrical & mechanical under standard CENTRAL state procurement guidelines.,2020-03-25 00:00:00,2020-03-29 00:00:00,2020-03-30 00:00:00,2020-04-13,20296986.86,27400932.26,INR,4,KNR CONSTRUCTION,ENT-SUP-6A86A67807,KNR CONSTRUCTION,"CENTRAL, India",AWARDED,4.0,0,0,OPEN_TENDER,INDIAN RAILWAYS,CENTRAL_CPPP,https://eprocure.gov.in/cppp/
CEN-CE-2021-01062,REF-CEN-CE-2021-01062,INDIAN RAILWAYS,Government of India,CENTRAL,Central District,"CENTRAL, India",Consultancy & Facility Management,Procurement of consultancy & facility management for INDIAN RAILWAYS,Official public tender for supply of consultancy & facility management under standard CENTRAL state procurement guidelines.,2020-10-27 00:00:00,2020-11-17 00:00:00,2020-11-18 00:00:00,2020-12-02,10418521.91,9168299.28,INR,2,SHREE BALAJI ENTERPRISE,ENT-SUP-CA68E614E4,SHREE BALAJI ENTERPRISE,"CENTRAL, India",AWARDED,21.0,1,0,OPEN_TENDER,INDIAN RAILWAYS,CENTRAL_CPPP,https://eprocure.gov.in/cppp/
CEN-CE-2021-01063,REF-CEN-CE-2021-01063,CENTRAL PUBLIC WORKS DEPARTMENT,Government of India,CENTRAL,Central District,"CENTRAL, India",Consultancy & Facility Management,Procurement of consultancy & facility management for CENTRAL PUBLIC WORKS DEPARTMENT,Official public tender for supply of consultancy & facility management under standard CENTRAL state procurement guidelines.,2020-02-16 00:00:00,2020-02-20 00:00:00,2020-02-21 00:00:00,2020-03-06,4908292.35,4662877.73,INR,3,PNC INFRATECH LIMITED,ENT-SUP-4B3E89D111,PNC INFRATECH LIMITED,"CENTRAL, India",AWARDED,4.0,0,0,OPEN_TENDER,CENTRAL PUBLIC WORKS DEPARTMENT,CENTRAL_CPPP,https://eprocure.gov.in/cppp/
CEN-CE-2021-01064,REF-CEN-CE-2021-01064,INDIAN RAILWAYS,Government of India,CENTRAL,Central District,"CENTRAL, India",Civil Works & Infrastructure,Procurement of civil works & infrastructure for INDIAN RAILWAYS,Official public tender for supply of civil works & infrastructure under standard CENTRAL state procurement guidelines.,2019-12-12 00:00:00,2019-12-18 00:00:00,2019-12-19 00:00:00,2020-01-02,2680647.95,2358970.19,INR,5,BHARAT DIAGNOSTIC SYSTEMS,ENT-SUP-C6B6FCD7BC,BHARAT DIAGNOSTIC SYSTEMS,"CENTRAL, India",AWARDED,6.0,0,0,OPEN_TENDER,INDIAN RAILWAYS,CENTRAL_CPPP,https://eprocure.gov.in/cppp/
CEN-CE-2021-01065,REF-CEN-CE-2021-01065,NHAI HIGHWAYS,Government of India,CENTRAL,Central District,"CENTRAL, India",Information Technology & Software,Procurement of information technology & software for NHAI HIGHWAYS,Official public tender for supply of information technology & software under standard CENTRAL state procurement guidelines.,2020-10-09 00:00:00,2020-10-15 00:00:00,2020-10-16 00:00:00,2020-10-30,17056471.41,16203647.84,INR,2,AHLUWALIA CONTRACTS INDIA LIMITED,ENT-SUP-28AFE50D95,AHLUWALIA CONTRACTS INDIA LIMITED,"CENTRAL, India",AWARDED,6.0,2,0,OPEN_TENDER,NHAI HIGHWAYS,CENTRAL_CPPP,https://eprocure.gov.in/cppp/
CEN-CE-2021-01066,REF-CEN-CE-2021-01066,INDIAN RAILWAYS,Government of India,CENTRAL,Central District,"CENTRAL, India",Medical Equipment & Consumables,Procurement of medical equipment & consumables for INDIAN RAILWAYS,Official public tender for supply of medical equipment & consumables under standard CENTRAL state procurement guidelines.,2021-05-13 00:00:00,2021-06-03 00:00:00,2021-06-04 00:00:00,2021-06-18,100692171.51,135934431.54,INR,3,AHLUWALIA CONTRACTS INDIA LIMITED,ENT-SUP-28AFE50D95,AHLUWALIA CONTRACTS INDIA LIMITED,"CENTRAL, India",AWARDED,21.0,1,0,OPEN_TENDER,INDIAN RAILWAYS,CENTRAL_CPPP,https://eprocure.gov.in/cppp/
CEN-CE-2021-01067,REF-CEN-CE-2021-01067,INDIAN RAILWAYS,Government of India,CENTRAL,Central District,"CENTRAL, India",Electrical & Mechanical,Procurement of electrical & mechanical for INDIAN RAILWAYS,Official public tender for supply of electrical & mechanical under standard CENTRAL state procurement guidelines.,2020-08-30 00:00:00,2020-09-03 00:00:00,2020-09-04 00:00:00,2020-09-18,4924148.08,5662770.29,INR,3,SHARMA ENGINEERING WORKS,ENT-SUP-9473B0CC3C,SHARMA ENGINEERING WORKS,"CENTRAL, India",AWARDED,4.0,0,0,OPEN_TENDER,INDIAN RAILWAYS,CENTRAL_CPPP,https://eprocure.gov.in/cppp/
CEN-CE-2021-01068,REF-CEN-CE-2021-01068,INDIAN RAILWAYS,Government of India,CENTRAL,Central District,"CENTRAL, India",Medical Equipment & Consumables,Procurement of medical equipment & consumables for INDIAN RAILWAYS,Official public tender for supply of medical equipment & consumables under standard CENTRAL state procurement guidelines.,2020-11-12 00:00:00,2020-11-18 00:00:00,2020-11-19 00:00:00,2020-12-03,3767195.17,4068570.78,INR,8,AHLUWALIA CONTRACTS INDIA LIMITED,ENT-SUP-28AFE50D95,AHLUWALIA CONTRACTS INDIA LIMITED,"CENTRAL, India",AWARDED,6.0,1,0,OPEN_TENDER,INDIAN RAILWAYS,CENTRAL_CPPP,https://eprocure.gov.in/cppp/
CEN-CE-2021-01069,REF-CEN-CE-2021-01069,INDIAN RAILWAYS,Government of India,CENTRAL,Central District,"CENTRAL, India",Medical Equipment & Consumables,Procurement of medical equipment & consumables for INDIAN RAILWAYS,Official public tender for supply of medical equipment & consumables under standard CENTRAL state procurement guidelines.,2019-08-24 00:00:00,2019-08-30 00:00:00,2019-08-31 00:00:00,2019-09-14,4996700.98,5096635.0,INR,4,GUPTA AND SONS CONTRACTOR,ENT-SUP-7A3AE215B9,GUPTA AND SONS CONTRACTOR,"CENTRAL, India",AWARDED,6.0,0,0,OPEN_TENDER,INDIAN RAILWAYS,CENTRAL_CPPP,https://eprocure.gov.in/cppp/
CEN-CE-2021-01070,REF-CEN-CE-2021-01070,MINISTRY OF HEALTH FAMILY WELFARE,Government of India,CENTRAL,Central District,"CENTRAL, India",Civil Works & Infrastructure,Procurement of civil works & infrastructure for MINISTRY OF HEALTH FAMILY WELFARE,Official public tender for supply of civil works & infrastructure under standard CENTRAL state procurement guidelines.,2019-05-31 00:00:00,2019-06-30 00:00:00,2019-07-01 00:00:00,2019-07-15,13280806.61,13546422.74,INR,4,APEX MEDITECH SOLUTIONS,ENT-SUP-A750489DC1,APEX MEDITECH SOLUTIONS,"CENTRAL, India",AWARDED,30.0,1,0,OPEN_TENDER,MINISTRY OF HEALTH FAMILY WELFARE,CENTRAL_CPPP,https://eprocure.gov.in/cppp/
CEN-CE-2021-01071,REF-CEN-CE-2021-01071,CENTRAL PUBLIC WORKS DEPARTMENT,Government of India,CENTRAL,Central District,"CENTRAL, India",Medical Equipment & Consumables,Procurement of medical equipment & consumables for CENTRAL PUBLIC WORKS DEPARTMENT,Official public tender for supply of medical equipment & consumables under standard CENTRAL state procurement guidelines.,2020-04-15 00:00:00,2020-04-19 00:00:00,2020-04-20 00:00:00,2020-05-04,4791180.8,6468094.07,INR,2,AHLUWALIA CONTRACTS INDIA LIMITED,ENT-SUP-28AFE50D95,AHLUWALIA CONTRACTS INDIA LIMITED,"CENTRAL, India",AWARDED,4.0,0,0,OPEN_TENDER,CENTRAL PUBLIC WORKS DEPARTMENT,CENTRAL_CPPP,https://eprocure.gov.in/cppp/
CEN-CE-2021-01072,REF-CEN-CE-2021-01072,MINISTRY OF HEALTH FAMILY WELFARE,Government of India,CENTRAL,Central District,"CENTRAL, India",Information Technology & Software,Procurement of information technology & software for MINISTRY OF HEALTH FAMILY WELFARE,Official public tender for supply of information technology & software under standard CENTRAL state procurement guidelines.,2019-04-18 00:00:00,2019-04-22 00:00:00,2019-04-23 00:00:00,2019-05-07,4994757.75,5743971.41,INR,1,NCC LIMITED INFRASTRUCTURE,ENT-SUP-0DFD916C8B,NCC LIMITED INFRASTRUCTURE,"CENTRAL, India",AWARDED,4.0,1,0,OPEN_TENDER,MINISTRY OF HEALTH FAMILY WELFARE,CENTRAL_CPPP,https://eprocure.gov.in/cppp/
CEN-CE-2021-01073,REF-CEN-CE-2021-01073,CENTRAL PUBLIC WORKS DEPARTMENT,Government of India,CENTRAL,Central District,"CENTRAL, India",Electrical & Mechanical,Procurement of electrical & mechanical for CENTRAL PUBLIC WORKS DEPARTMENT,Official public tender for supply of electrical & mechanical under standard CENTRAL state procurement guidelines.,2019-08-10 00:00:00,2019-09-09 00:00:00,2019-09-10 00:00:00,2019-09-24,4982698.66,5730103.46,INR,1,APEX MEDITECH SOLUTIONS,ENT-SUP-A750489DC1,APEX MEDITECH SOLUTIONS,"CENTRAL, India",AWARDED,30.0,2,0,OPEN_TENDER,CENTRAL PUBLIC WORKS DEPARTMENT,CENTRAL_CPPP,https://eprocure.gov.in/cppp/
CEN-CE-2021-01074,REF-CEN-CE-2021-01074,DEFENCE RESEARCH DEVELOPMENT ORG,Government of India,CENTRAL,Central District,"CENTRAL, India",Civil Works & Infrastructure,Procurement of civil works & infrastructure for DEFENCE RESEARCH DEVELOPMENT ORG,Official public tender for supply of civil works & infrastructure under standard CENTRAL state procurement guidelines.,2021-05-31 00:00:00,2021-06-30 00:00:00,2021-07-01 00:00:00,2021-07-15,189817352.15,256253425.41,INR,4,SHREE BALAJI ENTERPRISE,ENT-SUP-CA68E614E4,SHREE BALAJI ENTERPRISE,"CENTRAL, India",AWARDED,30.0,0,0,OPEN_TENDER,DEFENCE RESEARCH DEVELOPMENT ORG,CENTRAL_CPPP,https://eprocure.gov.in/cppp/
CEN-CE-2021-01075,REF-CEN-CE-2021-01075,CENTRAL PUBLIC WORKS DEPARTMENT,Government of India,CENTRAL,Central District,"CENTRAL, India",Medical Equipment & Consumables,Procurement of medical equipment & consumables for CENTRAL PUBLIC WORKS DEPARTMENT,Official public tender for supply of medical equipment & consumables under standard CENTRAL state procurement guidelines.,2020-03-27 00:00:00,2020-03-31 00:00:00,2020-04-01 00:00:00,2020-04-15,17491271.12,15392318.58,INR,4,VANGUARD POWER SERVICES,ENT-SUP-FBE5090586,VANGUARD POWER SERVICES,"CENTRAL, India",AWARDED,4.0,0,0,OPEN_TENDER,CENTRAL PUBLIC WORKS DEPARTMENT,CENTRAL_CPPP,https://eprocure.gov.in/cppp/
CEN-CE-2021-01076,REF-CEN-CE-2021-01076,INDIAN RAILWAYS,Government of India,CENTRAL,Central District,"CENTRAL, India",Consultancy & Facility Management,Procurement of consultancy & facility management for INDIAN RAILWAYS,Official public tender for supply of consultancy & facility management under standard CENTRAL state procurement guidelines.,2021-06-21 00:00:00,2021-06-25 00:00:00,2021-06-26 00:00:00,2021-07-10,4905421.47,5297855.18,INR,2,GUPTA AND SONS CONTRACTOR,ENT-SUP-7A3AE215B9,GUPTA AND SONS CONTRACTOR,"CENTRAL, India",AWARDED,4.0,0,0,OPEN_TENDER,INDIAN RAILWAYS,CENTRAL_CPPP,https://eprocure.gov.in/cppp/
CEN-CE-2021-01077,REF-CEN-CE-2021-01077,DEFENCE RESEARCH DEVELOPMENT ORG,Government of India,CENTRAL,Central District,"CENTRAL, India",Civil Works & Infrastructure,Procurement of civil works & infrastructure for DEFENCE RESEARCH DEVELOPMENT ORG,Official public tender for supply of civil works & infrastructure under standard CENTRAL state procurement guidelines.,2021-02-09 00:00:00,2021-03-11 00:00:00,2021-03-12 00:00:00,2021-03-26,7419114.62,8012643.79,INR,2,GUPTA AND SONS CONTRACTOR,ENT-SUP-7A3AE215B9,GUPTA AND SONS CONTRACTOR,"CENTRAL, India",AWARDED,30.0,0,0,OPEN_TENDER,DEFENCE RESEARCH DEVELOPMENT ORG,CENTRAL_CPPP,https://eprocure.gov.in/cppp/
CEN-CE-2021-01078,REF-CEN-CE-2021-01078,MINISTRY OF HEALTH FAMILY WELFARE,Government of India,CENTRAL,Central District,"CENTRAL, India",Medical Equipment & Consumables,Procurement of medical equipment & consumables for MINISTRY OF HEALTH FAMILY WELFARE,Official public tender for supply of medical equipment & consumables under standard CENTRAL state procurement guidelines.,2019-12-24 00:00:00,2020-01-14 00:00:00,2020-01-15 00:00:00,2020-01-29,4910344.98,5303172.58,INR,3,KNR CONSTRUCTION,ENT-SUP-6A86A67807,KNR CONSTRUCTION,"CENTRAL, India",AWARDED,21.0,2,0,OPEN_TENDER,MINISTRY OF HEALTH FAMILY WELFARE,CENTRAL_CPPP,https://eprocure.gov.in/cppp/
CEN-CE-2021-01079,REF-CEN-CE-2021-01079,CENTRAL PUBLIC WORKS DEPARTMENT,Government of India,CENTRAL,Central District,"CENTRAL, India",Civil Works & Infrastructure,Procurement of civil works & infrastructure for CENTRAL PUBLIC WORKS DEPARTMENT,Official public tender for supply of civil works & infrastructure under standard CENTRAL state procurement guidelines.,2021-08-21 00:00:00,2021-09-04 00:00:00,2021-09-05 00:00:00,2021-09-19,4953965.39,4359489.54,INR,3,PNC INFRATECH LIMITED,ENT-SUP-4B3E89D111,PNC INFRATECH LIMITED,"CENTRAL, India",AWARDED,14.0,0,0,OPEN_TENDER,CENTRAL PUBLIC WORKS DEPARTMENT,CENTRAL_CPPP,https://eprocure.gov.in/cppp/
CEN-CE-2021-01080,REF-CEN-CE-2021-01080,MINISTRY OF HEALTH FAMILY WELFARE,Government of India,CENTRAL,Central District,"CENTRAL, India",Consultancy & Facility Management,Procurement of consultancy & facility management for MINISTRY OF HEALTH FAMILY WELFARE,Official public tender for supply of consultancy & facility management under standard CENTRAL state procurement guidelines.,2019-07-08 00:00:00,2019-07-14 00:00:00,2019-07-15 00:00:00,2019-07-29,159058151.6,182916874.34,INR,1,NCC LIMITED INFRASTRUCTURE,ENT-SUP-0DFD916C8B,NCC LIMITED INFRASTRUCTURE,"CENTRAL, India",AWARDED,6.0,2,0,OPEN_TENDER,MINISTRY OF HEALTH FAMILY WELFARE,CENTRAL_CPPP,https://eprocure.gov.in/cppp/
CEN-CE-2021-01081,REF-CEN-CE-2021-01081,CENTRAL PUBLIC WORKS DEPARTMENT,Government of India,CENTRAL,Central District,"CENTRAL, India",Information Technology & Software,Procurement of information technology & software for CENTRAL PUBLIC WORKS DEPARTMENT,Official public tender for supply of information technology & software under standard CENTRAL state procurement guidelines.,2020-11-14 00:00:00,2020-11-20 00:00:00,2020-11-21 00:00:00,2020-12-05,15145704.24,16357360.58,INR,1,GUPTA AND SONS CONTRACTOR,ENT-SUP-7A3AE215B9,GUPTA AND SONS CONTRACTOR,"CENTRAL, India",AWARDED,6.0,2,0,OPEN_TENDER,CENTRAL PUBLIC WORKS DEPARTMENT,CENTRAL_CPPP,https://eprocure.gov.in/cppp/
CEN-CE-2021-01082,REF-CEN-CE-2021-01082,MINISTRY OF HEALTH FAMILY WELFARE,Government of India,CENTRAL,Central District,"CENTRAL, India",Electrical & Mechanical,Procurement of electrical & mechanical for MINISTRY OF HEALTH FAMILY WELFARE,Official public tender for supply of electrical & mechanical under standard CENTRAL state procurement guidelines.,2020-08-22 00:00:00,2020-09-21 00:00:00,2020-09-22 00:00:00,2020-10-06,4972922.86,4376172.12,INR,1,PNC INFRATECH LIMITED,ENT-SUP-4B3E89D111,PNC INFRATECH LIMITED,"CENTRAL, India",AWARDED,30.0,0,0,OPEN_TENDER,MINISTRY OF HEALTH FAMILY WELFARE,CENTRAL_CPPP,https://eprocure.gov.in/cppp/
CEN-CE-2021-01083,REF-CEN-CE-2021-01083,CENTRAL PUBLIC WORKS DEPARTMENT,Government of India,CENTRAL,Central District,"CENTRAL, India",Electrical & Mechanical,Procurement of electrical & mechanical for CENTRAL PUBLIC WORKS DEPARTMENT,Official public tender for supply of electrical & mechanical under standard CENTRAL state procurement guidelines.,2020-03-15 00:00:00,2020-03-19 00:00:00,2020-03-20 00:00:00,2020-04-03,4988379.13,5387449.46,INR,4,NCC LIMITED INFRASTRUCTURE,ENT-SUP-0DFD916C8B,NCC LIMITED INFRASTRUCTURE,"CENTRAL, India",AWARDED,4.0,0,0,OPEN_TENDER,CENTRAL PUBLIC WORKS DEPARTMENT,CENTRAL_CPPP,https://eprocure.gov.in/cppp/
CEN-CE-2021-01084,REF-CEN-CE-2021-01084,INDIAN RAILWAYS,Government of India,CENTRAL,Central District,"CENTRAL, India",Civil Works & Infrastructure,Procurement of civil works & infrastructure for INDIAN RAILWAYS,Official public tender for supply of civil works & infrastructure under standard CENTRAL state procurement guidelines.,2020-02-27 00:00:00,2020-03-04 00:00:00,2020-03-05 00:00:00,2020-03-19,4924301.61,5318245.74,INR,2,ZENITH INFRASTRUCTURE PROJECTS,ENT-SUP-4F350A4CA1,ZENITH INFRASTRUCTURE PROJECTS,"CENTRAL, India",AWARDED,6.0,0,0,OPEN_TENDER,INDIAN RAILWAYS,CENTRAL_CPPP,https://eprocure.gov.in/cppp/
CEN-CE-2021-01085,REF-CEN-CE-2021-01085,NHAI HIGHWAYS,Government of India,CENTRAL,Central District,"CENTRAL, India",Civil Works & Infrastructure,Procurement of civil works & infrastructure for NHAI HIGHWAYS,Official public tender for supply of civil works & infrastructure under standard CENTRAL state procurement guidelines.,2020-04-11 00:00:00,2020-04-15 00:00:00,2020-04-16 00:00:00,2020-04-30,335097998.18,385362697.91,INR,3,SHARMA ENGINEERING WORKS,ENT-SUP-9473B0CC3C,SHARMA ENGINEERING WORKS,"CENTRAL, India",AWARDED,4.0,0,0,OPEN_TENDER,NHAI HIGHWAYS,CENTRAL_CPPP,https://eprocure.gov.in/cppp/
CEN-CE-2021-01086,REF-CEN-CE-2021-01086,DEFENCE RESEARCH DEVELOPMENT ORG,Government of India,CENTRAL,Central District,"CENTRAL, India",Civil Works & Infrastructure,Procurement of civil works & infrastructure for DEFENCE RESEARCH DEVELOPMENT ORG,Official public tender for supply of civil works & infrastructure under standard CENTRAL state procurement guidelines.,2021-03-05 00:00:00,2021-03-19 00:00:00,2021-03-20 00:00:00,2021-04-03,207442612.71,224038021.72,INR,3,APEX MEDITECH SOLUTIONS,ENT-SUP-A750489DC1,APEX MEDITECH SOLUTIONS,"CENTRAL, India",AWARDED,14.0,2,0,OPEN_TENDER,DEFENCE RESEARCH DEVELOPMENT ORG,CENTRAL_CPPP,https://eprocure.gov.in/cppp/
CEN-CE-2021-01087,REF-CEN-CE-2021-01087,CENTRAL PUBLIC WORKS DEPARTMENT,Government of India,CENTRAL,Central District,"CENTRAL, India",Consultancy & Facility Management,Procurement of consultancy & facility management for CENTRAL PUBLIC WORKS DEPARTMENT,Official public tender for supply of consultancy & facility management under standard CENTRAL state procurement guidelines.,2020-02-17 00:00:00,2020-02-23 00:00:00,2020-02-24 00:00:00,2020-03-09,3281137.44,4429535.54,INR,4,BHARAT DIAGNOSTIC SYSTEMS,ENT-SUP-C6B6FCD7BC,BHARAT DIAGNOSTIC SYSTEMS,"CENTRAL, India",AWARDED,6.0,0,0,OPEN_TENDER,CENTRAL PUBLIC WORKS DEPARTMENT,CENTRAL_CPPP,https://eprocure.gov.in/cppp/
CEN-CE-2021-01088,REF-CEN-CE-2021-01088,CENTRAL PUBLIC WORKS DEPARTMENT,Government of India,CENTRAL,Central District,"CENTRAL, India",Electrical & Mechanical,Procurement of electrical & mechanical for CENTRAL PUBLIC WORKS DEPARTMENT,Official public tender for supply of electrical & mechanical under standard CENTRAL state procurement guidelines.,2021-09-26 00:00:00,2021-09-30 00:00:00,2021-10-01 00:00:00,2021-10-15,207576629.32,182667433.8,INR,5,ZENITH INFRASTRUCTURE PROJECTS,ENT-SUP-4F350A4CA1,ZENITH INFRASTRUCTURE PROJECTS,"CENTRAL, India",AWARDED,4.0,2,0,OPEN_TENDER,CENTRAL PUBLIC WORKS DEPARTMENT,CENTRAL_CPPP,https://eprocure.gov.in/cppp/
CEN-CE-2021-01089,REF-CEN-CE-2021-01089,NHAI HIGHWAYS,Government of India,CENTRAL,Central District,"CENTRAL, India",Civil Works & Infrastructure,Procurement of civil works & infrastructure for NHAI HIGHWAYS,Official public tender for supply of civil works & infrastructure under standard CENTRAL state procurement guidelines.,2019-12-06 00:00:00,2019-12-10 00:00:00,2019-12-11 00:00:00,2019-12-25,269883984.05,364343378.46,INR,4,GUPTA AND SONS CONTRACTOR,ENT-SUP-7A3AE215B9,GUPTA AND SONS CONTRACTOR,"CENTRAL, India",AWARDED,4.0,0,0,OPEN_TENDER,NHAI HIGHWAYS,CENTRAL_CPPP,https://eprocure.gov.in/cppp/
CEN-CE-2021-01090,REF-CEN-CE-2021-01090,INDIAN RAILWAYS,Government of India,CENTRAL,Central District,"CENTRAL, India",Medical Equipment & Consumables,Procurement of medical equipment & consumables for INDIAN RAILWAYS,Official public tender for supply of medical equipment & consumables under standard CENTRAL state procurement guidelines.,2019-03-17 00:00:00,2019-03-31 00:00:00,2019-04-01 00:00:00,2019-04-15,4943421.55,5684934.78,INR,4,KNR CONSTRUCTION,ENT-SUP-6A86A67807,KNR CONSTRUCTION,"CENTRAL, India",AWARDED,14.0,2,0,OPEN_TENDER,INDIAN RAILWAYS,CENTRAL_CPPP,https://eprocure.gov.in/cppp/
CEN-CE-2021-01091,REF-CEN-CE-2021-01091,CENTRAL PUBLIC WORKS DEPARTMENT,Government of India,CENTRAL,Central District,"CENTRAL, India",Electrical & Mechanical,Procurement of electrical & mechanical for CENTRAL PUBLIC WORKS DEPARTMENT,Official public tender for supply of electrical & mechanical under standard CENTRAL state procurement guidelines.,2020-03-31 00:00:00,2020-04-30 00:00:00,2020-05-01 00:00:00,2020-05-15,15284734.85,20634392.04,INR,4,SHREE BALAJI ENTERPRISE,ENT-SUP-CA68E614E4,SHREE BALAJI ENTERPRISE,"CENTRAL, India",AWARDED,30.0,1,0,OPEN_TENDER,CENTRAL PUBLIC WORKS DEPARTMENT,CENTRAL_CPPP,https://eprocure.gov.in/cppp/
CEN-CE-2021-01092,REF-CEN-CE-2021-01092,MINISTRY OF HEALTH FAMILY WELFARE,Government of India,CENTRAL,Central District,"CENTRAL, India",Consultancy & Facility Management,Procurement of consultancy & facility management for MINISTRY OF HEALTH FAMILY WELFARE,Official public tender for supply of consultancy & facility management under standard CENTRAL state procurement guidelines.,2021-09-06 00:00:00,2021-09-27 00:00:00,2021-09-28 00:00:00,2021-10-12,223298487.53,241162366.54,INR,5,NCC LIMITED INFRASTRUCTURE,ENT-SUP-0DFD916C8B,NCC LIMITED INFRASTRUCTURE,"CENTRAL, India",AWARDED,21.0,0,0,OPEN_TENDER,MINISTRY OF HEALTH FAMILY WELFARE,CENTRAL_CPPP,https://eprocure.gov.in/cppp/
CEN-CE-2021-01093,REF-CEN-CE-2021-01093,MINISTRY OF HEALTH FAMILY WELFARE,Government of India,CENTRAL,Central District,"CENTRAL, India",Consultancy & Facility Management,Procurement of consultancy & facility management for MINISTRY OF HEALTH FAMILY WELFARE,Official public tender for supply of consultancy & facility management under standard CENTRAL state procurement guidelines.,2021-03-31 00:00:00,2021-04-04 00:00:00,2021-04-05 00:00:00,2021-04-19,21225070.75,20163817.21,INR,4,BHARAT DIAGNOSTIC SYSTEMS,ENT-SUP-C6B6FCD7BC,BHARAT DIAGNOSTIC SYSTEMS,"CENTRAL, India",AWARDED,4.0,0,0,OPEN_TENDER,MINISTRY OF HEALTH FAMILY WELFARE,CENTRAL_CPPP,https://eprocure.gov.in/cppp/
CEN-CE-2021-01094,REF-CEN-CE-2021-01094,MINISTRY OF HEALTH FAMILY WELFARE,Government of India,CENTRAL,Central District,"CENTRAL, India",Consultancy & Facility Management,Procurement of consultancy & facility management for MINISTRY OF HEALTH FAMILY WELFARE,Official public tender for supply of consultancy & facility management under standard CENTRAL state procurement guidelines.,2021-06-21 00:00:00,2021-06-27 00:00:00,2021-06-28 00:00:00,2021-07-12,4783765.37,4879440.67,INR,2,DILIP BUILDCON LIMITED,ENT-SUP-55226FC7C8,DILIP BUILDCON LIMITED,"CENTRAL, India",AWARDED,6.0,0,0,OPEN_TENDER,MINISTRY OF HEALTH FAMILY WELFARE,CENTRAL_CPPP,https://eprocure.gov.in/cppp/
CEN-CE-2021-01095,REF-CEN-CE-2021-01095,CENTRAL PUBLIC WORKS DEPARTMENT,Government of India,CENTRAL,Central District,"CENTRAL, India",Medical Equipment & Consumables,Procurement of medical equipment & consumables for CENTRAL PUBLIC WORKS DEPARTMENT,Official public tender for supply of medical equipment & consumables under standard CENTRAL state procurement guidelines.,2021-02-04 00:00:00,2021-02-25 00:00:00,2021-02-26 00:00:00,2021-03-12,8337557.94,11255703.21,INR,3,PNC INFRATECH LIMITED,ENT-SUP-4B3E89D111,PNC INFRATECH LIMITED,"CENTRAL, India",AWARDED,21.0,0,0,OPEN_TENDER,CENTRAL PUBLIC WORKS DEPARTMENT,CENTRAL_CPPP,https://eprocure.gov.in/cppp/
CEN-CE-2021-01096,REF-CEN-CE-2021-01096,INDIAN RAILWAYS,Government of India,CENTRAL,Central District,"CENTRAL, India",Electrical & Mechanical,Procurement of electrical & mechanical for INDIAN RAILWAYS,Official public tender for supply of electrical & mechanical under standard CENTRAL state procurement guidelines.,2021-08-16 00:00:00,2021-09-15 00:00:00,2021-09-16 00:00:00,2021-09-30,113646690.81,122738426.07,INR,2,GUPTA AND SONS CONTRACTOR,ENT-SUP-7A3AE215B9,GUPTA AND SONS CONTRACTOR,"CENTRAL, India",AWARDED,30.0,0,0,OPEN_TENDER,INDIAN RAILWAYS,CENTRAL_CPPP,https://eprocure.gov.in/cppp/
CEN-CE-2021-01097,REF-CEN-CE-2021-01097,NHAI HIGHWAYS,Government of India,CENTRAL,Central District,"CENTRAL, India",Electrical & Mechanical,Procurement of electrical & mechanical for NHAI HIGHWAYS,Official public tender for supply of electrical & mechanical under standard CENTRAL state procurement guidelines.,2020-09-15 00:00:00,2020-09-19 00:00:00,2020-09-20 00:00:00,2020-10-04,62976017.77,72422420.44,INR,1,AFCONS INFRASTRUCTURE LIMITED,ENT-SUP-AC3B9A87E5,AFCONS INFRASTRUCTURE LIMITED,"CENTRAL, India",AWARDED,4.0,0,0,OPEN_TENDER,NHAI HIGHWAYS,CENTRAL_CPPP,https://eprocure.gov.in/cppp/
CEN-CE-2021-01098,REF-CEN-CE-2021-01098,CENTRAL PUBLIC WORKS DEPARTMENT,Government of India,CENTRAL,Central District,"CENTRAL, India",Electrical & Mechanical,Procurement of electrical & mechanical for CENTRAL PUBLIC WORKS DEPARTMENT,Official public tender for supply of electrical & mechanical under standard CENTRAL state procurement guidelines.,2020-01-23 00:00:00,2020-01-27 00:00:00,2020-01-28 00:00:00,2020-02-11,4737145.38,4500288.11,INR,4,LARSEN AND TOUBRO CONSTRUCTION,ENT-SUP-6C6BEB7D6E,LARSEN AND TOUBRO CONSTRUCTION,"CENTRAL, India",AWARDED,4.0,2,0,OPEN_TENDER,CENTRAL PUBLIC WORKS DEPARTMENT,CENTRAL_CPPP,https://eprocure.gov.in/cppp/
CEN-CE-2021-01099,REF-CEN-CE-2021-01099,DEFENCE RESEARCH DEVELOPMENT ORG,Government of India,CENTRAL,Central District,"CENTRAL, India",Information Technology & Software,Procurement of information technology & software for DEFENCE RESEARCH DEVELOPMENT ORG,Official public tender for supply of information technology & software under standard CENTRAL state procurement guidelines.,2020-10-09 00:00:00,2020-10-13 00:00:00,2020-10-14 00:00:00,2020-10-28,16419565.15,15598586.89,INR,4,APEX MEDITECH SOLUTIONS,ENT-SUP-A750489DC1,APEX MEDITECH SOLUTIONS,"CENTRAL, India",AWARDED,4.0,0,0,OPEN_TENDER,DEFENCE RESEARCH DEVELOPMENT ORG,CENTRAL_CPPP,https://eprocure.gov.in/cppp/
CEN-CE-2021-01100,REF-CEN-CE-2021-01100,DEFENCE RESEARCH DEVELOPMENT ORG,Government of India,CENTRAL,Central District,"CENTRAL, India",Electrical & Mechanical,Procurement of electrical & mechanical for DEFENCE RESEARCH DEVELOPMENT ORG,Official public tender for supply of electrical & mechanical under standard CENTRAL state procurement guidelines.,2021-01-04 00:00:00,2021-01-25 00:00:00,2021-01-26 00:00:00,2021-02-09,221485190.13,225914893.93,INR,3,ZENITH INFRASTRUCTURE PROJECTS,ENT-SUP-4F350A4CA1,ZENITH INFRASTRUCTURE PROJECTS,"CENTRAL, India",AWARDED,21.0,0,0,OPEN_TENDER,DEFENCE RESEARCH DEVELOPMENT ORG,CENTRAL_CPPP,https://eprocure.gov.in/cppp/
CEN-CE-2021-01101,REF-CEN-CE-2021-01101,DEFENCE RESEARCH DEVELOPMENT ORG,Government of India,CENTRAL,Central District,"CENTRAL, India",Consultancy & Facility Management,Procurement of consultancy & facility management for DEFENCE RESEARCH DEVELOPMENT ORG,Official public tender for supply of consultancy & facility management under standard CENTRAL state procurement guidelines.,2021-08-01 00:00:00,2021-08-15 00:00:00,2021-08-16 00:00:00,2021-08-30,2903806.53,2961882.66,INR,1,KNR CONSTRUCTION,ENT-SUP-6A86A67807,KNR CONSTRUCTION,"CENTRAL, India",AWARDED,14.0,0,0,OPEN_TENDER,DEFENCE RESEARCH DEVELOPMENT ORG,CENTRAL_CPPP,https://eprocure.gov.in/cppp/
CEN-CE-2021-01102,REF-CEN-CE-2021-01102,INDIAN RAILWAYS,Government of India,CENTRAL,Central District,"CENTRAL, India",Civil Works & Infrastructure,Procurement of civil works & infrastructure for INDIAN RAILWAYS,Official public tender for supply of civil works & infrastructure under standard CENTRAL state procurement guidelines.,2021-06-04 00:00:00,2021-07-04 00:00:00,2021-07-05 00:00:00,2021-07-19,17523808.59,16647618.16,INR,5,PNC INFRATECH LIMITED,ENT-SUP-4B3E89D111,PNC INFRATECH LIMITED,"CENTRAL, India",AWARDED,30.0,0,0,OPEN_TENDER,INDIAN RAILWAYS,CENTRAL_CPPP,https://eprocure.gov.in/cppp/
CEN-CE-2021-01103,REF-CEN-CE-2021-01103,DEFENCE RESEARCH DEVELOPMENT ORG,Government of India,CENTRAL,Central District,"CENTRAL, India",Consultancy & Facility Management,Procurement of consultancy & facility management for DEFENCE RESEARCH DEVELOPMENT ORG,Official public tender for supply of consultancy & facility management under standard CENTRAL state procurement guidelines.,2019-10-29 00:00:00,2019-11-12 00:00:00,2019-11-13 00:00:00,2019-11-27,211802362.94,228746551.98,INR,2,SHREE BALAJI ENTERPRISE,ENT-SUP-CA68E614E4,SHREE BALAJI ENTERPRISE,"CENTRAL, India",AWARDED,14.0,2,0,OPEN_TENDER,DEFENCE RESEARCH DEVELOPMENT ORG,CENTRAL_CPPP,https://eprocure.gov.in/cppp/
CEN-CE-2021-01104,REF-CEN-CE-2021-01104,CENTRAL PUBLIC WORKS DEPARTMENT,Government of India,CENTRAL,Central District,"CENTRAL, India",Medical Equipment & Consumables,Procurement of medical equipment & consumables for CENTRAL PUBLIC WORKS DEPARTMENT,Official public tender for supply of medical equipment & consumables under standard CENTRAL state procurement guidelines.,2019-10-30 00:00:00,2019-11-05 00:00:00,2019-11-06 00:00:00,2019-11-20,317109126.28,428097320.47,INR,2,VANGUARD POWER SERVICES,ENT-SUP-FBE5090586,VANGUARD POWER SERVICES,"CENTRAL, India",AWARDED,6.0,0,0,OPEN_TENDER,CENTRAL PUBLIC WORKS DEPARTMENT,CENTRAL_CPPP,https://eprocure.gov.in/cppp/
CEN-CE-2021-01105,REF-CEN-CE-2021-01105,INDIAN RAILWAYS,Government of India,CENTRAL,Central District,"CENTRAL, India",Consultancy & Facility Management,Procurement of consultancy & facility management for INDIAN RAILWAYS,Official public tender for supply of consultancy & facility management under standard CENTRAL state procurement guidelines.,2021-05-10 00:00:00,2021-05-24 00:00:00,2021-05-25 00:00:00,2021-06-08,570285.23,501851.01,INR,1,VANGUARD POWER SERVICES,ENT-SUP-FBE5090586,VANGUARD POWER SERVICES,"CENTRAL, India",AWARDED,14.0,2,0,OPEN_TENDER,INDIAN RAILWAYS,CENTRAL_CPPP,https://eprocure.gov.in/cppp/
CEN-CE-2021-01106,REF-CEN-CE-2021-01106,CENTRAL PUBLIC WORKS DEPARTMENT,Government of India,CENTRAL,Central District,"CENTRAL, India",Information Technology & Software,Procurement of information technology & software for CENTRAL PUBLIC WORKS DEPARTMENT,Official public tender for supply of information technology & software under standard CENTRAL state procurement guidelines.,2020-08-04 00:00:00,2020-08-08 00:00:00,2020-08-09 00:00:00,2020-08-23,2851117.07,3079206.44,INR,3,APEX MEDITECH SOLUTIONS,ENT-SUP-A750489DC1,APEX MEDITECH SOLUTIONS,"CENTRAL, India",AWARDED,4.0,0,0,OPEN_TENDER,CENTRAL PUBLIC WORKS DEPARTMENT,CENTRAL_CPPP,https://eprocure.gov.in/cppp/
CEN-CE-2021-01107,REF-CEN-CE-2021-01107,MINISTRY OF HEALTH FAMILY WELFARE,Government of India,CENTRAL,Central District,"CENTRAL, India",Consultancy & Facility Management,Procurement of consultancy & facility management for MINISTRY OF HEALTH FAMILY WELFARE,Official public tender for supply of consultancy & facility management under standard CENTRAL state procurement guidelines.,2019-03-12 00:00:00,2019-04-02 00:00:00,2019-04-03 00:00:00,2019-04-17,8809000.43,7751920.38,INR,4,TATA PROJECTS LIMITED,ENT-SUP-861D6E7011,TATA PROJECTS LIMITED,"CENTRAL, India",AWARDED,21.0,0,0,OPEN_TENDER,MINISTRY OF HEALTH FAMILY WELFARE,CENTRAL_CPPP,https://eprocure.gov.in/cppp/
CEN-CE-2021-01108,REF-CEN-CE-2021-01108,MINISTRY OF HEALTH FAMILY WELFARE,Government of India,CENTRAL,Central District,"CENTRAL, India",Electrical & Mechanical,Procurement of electrical & mechanical for MINISTRY OF HEALTH FAMILY WELFARE,Official public tender for supply of electrical & mechanical under standard CENTRAL state procurement guidelines.,2019-06-27 00:00:00,2019-07-11 00:00:00,2019-07-12 00:00:00,2019-07-26,4959986.01,5703983.92,INR,1,ZENITH INFRASTRUCTURE PROJECTS,ENT-SUP-4F350A4CA1,ZENITH INFRASTRUCTURE PROJECTS,"CENTRAL, India",AWARDED,14.0,0,0,OPEN_TENDER,MINISTRY OF HEALTH FAMILY WELFARE,CENTRAL_CPPP,https://eprocure.gov.in/cppp/
CEN-CE-2021-01109,REF-CEN-CE-2021-01109,INDIAN RAILWAYS,Government of India,CENTRAL,Central District,"CENTRAL, India",Information Technology & Software,Procurement of information technology & software for INDIAN RAILWAYS,Official public tender for supply of information technology & software under standard CENTRAL state procurement guidelines.,2021-03-24 00:00:00,2021-04-14 00:00:00,2021-04-15 00:00:00,2021-04-29,4532492.08,6118864.31,INR,4,PNC INFRATECH LIMITED,ENT-SUP-4B3E89D111,PNC INFRATECH LIMITED,"CENTRAL, India",AWARDED,21.0,1,0,OPEN_TENDER,INDIAN RAILWAYS,CENTRAL_CPPP,https://eprocure.gov.in/cppp/
CEN-CE-2021-01110,REF-CEN-CE-2021-01110,MINISTRY OF HEALTH FAMILY WELFARE,Government of India,CENTRAL,Central District,"CENTRAL, India",Civil Works & Infrastructure,Procurement of civil works & infrastructure for MINISTRY OF HEALTH FAMILY WELFARE,Official public tender for supply of civil works & infrastructure under standard CENTRAL state procurement guidelines.,2020-09-24 00:00:00,2020-09-30 00:00:00,2020-10-01 00:00:00,2020-10-15,4981633.12,5380163.77,INR,2,AFCONS INFRASTRUCTURE LIMITED,ENT-SUP-AC3B9A87E5,AFCONS INFRASTRUCTURE LIMITED,"CENTRAL, India",AWARDED,6.0,1,0,OPEN_TENDER,MINISTRY OF HEALTH FAMILY WELFARE,CENTRAL_CPPP,https://eprocure.gov.in/cppp/
CEN-CE-2021-01111,REF-CEN-CE-2021-01111,DEFENCE RESEARCH DEVELOPMENT ORG,Government of India,CENTRAL,Central District,"CENTRAL, India",Consultancy & Facility Management,Procurement of consultancy & facility management for DEFENCE RESEARCH DEVELOPMENT ORG,Official public tender for supply of consultancy & facility management under standard CENTRAL state procurement guidelines.,2021-01-27 00:00:00,2021-02-26 00:00:00,2021-02-27 00:00:00,2021-03-13,4900454.21,4312399.7,INR,2,SHREE BALAJI ENTERPRISE,ENT-SUP-CA68E614E4,SHREE BALAJI ENTERPRISE,"CENTRAL, India",AWARDED,30.0,1,0,OPEN_TENDER,DEFENCE RESEARCH DEVELOPMENT ORG,CENTRAL_CPPP,https://eprocure.gov.in/cppp/
CEN-CE-2021-01112,REF-CEN-CE-2021-01112,DEFENCE RESEARCH DEVELOPMENT ORG,Government of India,CENTRAL,Central District,"CENTRAL, India",Electrical & Mechanical,Procurement of electrical & mechanical for DEFENCE RESEARCH DEVELOPMENT ORG,Official public tender for supply of electrical & mechanical under standard CENTRAL state procurement guidelines.,2019-11-18 00:00:00,2019-11-22 00:00:00,2019-11-23 00:00:00,2019-12-07,9267144.07,10657215.68,INR,4,AHLUWALIA CONTRACTS INDIA LIMITED,ENT-SUP-28AFE50D95,AHLUWALIA CONTRACTS INDIA LIMITED,"CENTRAL, India",AWARDED,4.0,1,0,OPEN_TENDER,DEFENCE RESEARCH DEVELOPMENT ORG,CENTRAL_CPPP,https://eprocure.gov.in/cppp/
CEN-CE-2021-01113,REF-CEN-CE-2021-01113,DEFENCE RESEARCH DEVELOPMENT ORG,Government of India,CENTRAL,Central District,"CENTRAL, India",Consultancy & Facility Management,Procurement of consultancy & facility management for DEFENCE RESEARCH DEVELOPMENT ORG,Official public tender for supply of consultancy & facility management under standard CENTRAL state procurement guidelines.,2019-07-21 00:00:00,2019-08-04 00:00:00,2019-08-05 00:00:00,2019-08-19,1678653.51,1712226.58,INR,1,APEX MEDITECH SOLUTIONS,ENT-SUP-A750489DC1,APEX MEDITECH SOLUTIONS,"CENTRAL, India",AWARDED,14.0,2,0,OPEN_TENDER,DEFENCE RESEARCH DEVELOPMENT ORG,CENTRAL_CPPP,https://eprocure.gov.in/cppp/
CEN-CE-2021-01114,REF-CEN-CE-2021-01114,CENTRAL PUBLIC WORKS DEPARTMENT,Government of India,CENTRAL,Central District,"CENTRAL, India",Civil Works & Infrastructure,Procurement of civil works & infrastructure for CENTRAL PUBLIC WORKS DEPARTMENT,Official public tender for supply of civil works & infrastructure under standard CENTRAL state procurement guidelines.,2021-03-14 00:00:00,2021-04-04 00:00:00,2021-04-05 00:00:00,2021-04-19,4969628.94,4373273.47,INR,2,APEX MEDITECH SOLUTIONS,ENT-SUP-A750489DC1,APEX MEDITECH SOLUTIONS,"CENTRAL, India",AWARDED,21.0,2,0,OPEN_TENDER,CENTRAL PUBLIC WORKS DEPARTMENT,CENTRAL_CPPP,https://eprocure.gov.in/cppp/
CEN-CE-2021-01115,REF-CEN-CE-2021-01115,CENTRAL PUBLIC WORKS DEPARTMENT,Government of India,CENTRAL,Central District,"CENTRAL, India",Civil Works & Infrastructure,Procurement of civil works & infrastructure for CENTRAL PUBLIC WORKS DEPARTMENT,Official public tender for supply of civil works & infrastructure under standard CENTRAL state procurement guidelines.,2019-04-24 00:00:00,2019-04-28 00:00:00,2019-04-29 00:00:00,2019-05-13,11979697.92,12219291.88,INR,2,AFCONS INFRASTRUCTURE LIMITED,ENT-SUP-AC3B9A87E5,AFCONS INFRASTRUCTURE LIMITED,"CENTRAL, India",AWARDED,4.0,2,0,OPEN_TENDER,CENTRAL PUBLIC WORKS DEPARTMENT,CENTRAL_CPPP,https://eprocure.gov.in/cppp/
CEN-CE-2021-01116,REF-CEN-CE-2021-01116,DEFENCE RESEARCH DEVELOPMENT ORG,Government of India,CENTRAL,Central District,"CENTRAL, India",Consultancy & Facility Management,Procurement of consultancy & facility management for DEFENCE RESEARCH DEVELOPMENT ORG,Official public tender for supply of consultancy & facility management under standard CENTRAL state procurement guidelines.,2019-05-13 00:00:00,2019-06-12 00:00:00,2019-06-13 00:00:00,2019-06-27,4980916.46,5080534.79,INR,2,PNC INFRATECH LIMITED,ENT-SUP-4B3E89D111,PNC INFRATECH LIMITED,"CENTRAL, India",AWARDED,30.0,0,0,OPEN_TENDER,DEFENCE RESEARCH DEVELOPMENT ORG,CENTRAL_CPPP,https://eprocure.gov.in/cppp/
CEN-CE-2021-01117,REF-CEN-CE-2021-01117,DEFENCE RESEARCH DEVELOPMENT ORG,Government of India,CENTRAL,Central District,"CENTRAL, India",Medical Equipment & Consumables,Procurement of medical equipment & consumables for DEFENCE RESEARCH DEVELOPMENT ORG,Official public tender for supply of medical equipment & consumables under standard CENTRAL state procurement guidelines.,2020-05-21 00:00:00,2020-06-20 00:00:00,2020-06-21 00:00:00,2020-07-05,4133613.39,3926932.72,INR,2,KNR CONSTRUCTION,ENT-SUP-6A86A67807,KNR CONSTRUCTION,"CENTRAL, India",AWARDED,30.0,1,0,OPEN_TENDER,DEFENCE RESEARCH DEVELOPMENT ORG,CENTRAL_CPPP,https://eprocure.gov.in/cppp/
CEN-CE-2021-01118,REF-CEN-CE-2021-01118,MINISTRY OF HEALTH FAMILY WELFARE,Government of India,CENTRAL,Central District,"CENTRAL, India",Medical Equipment & Consumables,Procurement of medical equipment & consumables for MINISTRY OF HEALTH FAMILY WELFARE,Official public tender for supply of medical equipment & consumables under standard CENTRAL state procurement guidelines.,2021-02-01 00:00:00,2021-02-22 00:00:00,2021-02-23 00:00:00,2021-03-09,4924139.19,4333242.49,INR,2,SHREE BALAJI ENTERPRISE,ENT-SUP-CA68E614E4,SHREE BALAJI ENTERPRISE,"CENTRAL, India",AWARDED,21.0,0,0,OPEN_TENDER,MINISTRY OF HEALTH FAMILY WELFARE,CENTRAL_CPPP,https://eprocure.gov.in/cppp/
CEN-CE-2021-01119,REF-CEN-CE-2021-01119,MINISTRY OF HEALTH FAMILY WELFARE,Government of India,CENTRAL,Central District,"CENTRAL, India",Civil Works & Infrastructure,Procurement of civil works & infrastructure for MINISTRY OF HEALTH FAMILY WELFARE,Official public tender for supply of civil works & infrastructure under standard CENTRAL state procurement guidelines.,2020-02-27 00:00:00,2020-03-19 00:00:00,2020-03-20 00:00:00,2020-04-03,10835850.14,10294057.63,INR,1,DILIP BUILDCON LIMITED,ENT-SUP-55226FC7C8,DILIP BUILDCON LIMITED,"CENTRAL, India",AWARDED,21.0,0,0,OPEN_TENDER,MINISTRY OF HEALTH FAMILY WELFARE,CENTRAL_CPPP,https://eprocure.gov.in/cppp/
CEN-CE-2021-01120,REF-CEN-CE-2021-01120,DEFENCE RESEARCH DEVELOPMENT ORG,Government of India,CENTRAL,Central District,"CENTRAL, India",Consultancy & Facility Management,Procurement of consultancy & facility management for DEFENCE RESEARCH DEVELOPMENT ORG,Official public tender for supply of consultancy & facility management under standard CENTRAL state procurement guidelines.,2021-02-28 00:00:00,2021-03-21 00:00:00,2021-03-22 00:00:00,2021-04-05,4979192.21,4730232.6,INR,3,GUPTA AND SONS CONTRACTOR,ENT-SUP-7A3AE215B9,GUPTA AND SONS CONTRACTOR,"CENTRAL, India",AWARDED,21.0,0,0,OPEN_TENDER,DEFENCE RESEARCH DEVELOPMENT ORG,CENTRAL_CPPP,https://eprocure.gov.in/cppp/
CEN-CE-2021-01121,REF-CEN-CE-2021-01121,INDIAN RAILWAYS,Government of India,CENTRAL,Central District,"CENTRAL, India",Civil Works & Infrastructure,Procurement of civil works & infrastructure for INDIAN RAILWAYS,Official public tender for supply of civil works & infrastructure under standard CENTRAL state procurement guidelines.,2021-03-01 00:00:00,2021-03-05 00:00:00,2021-03-06 00:00:00,2021-03-20,24622557.15,23391429.29,INR,4,PNC INFRATECH LIMITED,ENT-SUP-4B3E89D111,PNC INFRATECH LIMITED,"CENTRAL, India",AWARDED,4.0,0,0,OPEN_TENDER,INDIAN RAILWAYS,CENTRAL_CPPP,https://eprocure.gov.in/cppp/
CEN-CE-2021-01122,REF-CEN-CE-2021-01122,DEFENCE RESEARCH DEVELOPMENT ORG,Government of India,CENTRAL,Central District,"CENTRAL, India",Electrical & Mechanical,Procurement of electrical & mechanical for DEFENCE RESEARCH DEVELOPMENT ORG,Official public tender for supply of electrical & mechanical under standard CENTRAL state procurement guidelines.,2021-01-08 00:00:00,2021-01-29 00:00:00,2021-01-30 00:00:00,2021-02-13,163786679.14,155597345.18,INR,1,SHREE BALAJI ENTERPRISE,ENT-SUP-CA68E614E4,SHREE BALAJI ENTERPRISE,"CENTRAL, India",AWARDED,21.0,0,0,OPEN_TENDER,DEFENCE RESEARCH DEVELOPMENT ORG,CENTRAL_CPPP,https://eprocure.gov.in/cppp/
CEN-CE-2021-01123,REF-CEN-CE-2021-01123,INDIAN RAILWAYS,Government of India,CENTRAL,Central District,"CENTRAL, India",Information Technology & Software,Procurement of information technology & software for INDIAN RAILWAYS,Official public tender for supply of information technology & software under standard CENTRAL state procurement guidelines.,2021-08-06 00:00:00,2021-08-20 00:00:00,2021-08-21 00:00:00,2021-09-04,21297397.95,24492007.64,INR,1,AFCONS INFRASTRUCTURE LIMITED,ENT-SUP-AC3B9A87E5,AFCONS INFRASTRUCTURE LIMITED,"CENTRAL, India",AWARDED,14.0,2,0,OPEN_TENDER,INDIAN RAILWAYS,CENTRAL_CPPP,https://eprocure.gov.in/cppp/
CEN-CE-2021-01124,REF-CEN-CE-2021-01124,INDIAN RAILWAYS,Government of India,CENTRAL,Central District,"CENTRAL, India",Consultancy & Facility Management,Procurement of consultancy & facility management for INDIAN RAILWAYS,Official public tender for supply of consultancy & facility management under standard CENTRAL state procurement guidelines.,2019-04-11 00:00:00,2019-04-17 00:00:00,2019-04-18 00:00:00,2019-05-02,3331551.44,3398182.46,INR,2,APEX MEDITECH SOLUTIONS,ENT-SUP-A750489DC1,APEX MEDITECH SOLUTIONS,"CENTRAL, India",AWARDED,6.0,0,0,OPEN_TENDER,INDIAN RAILWAYS,CENTRAL_CPPP,https://eprocure.gov.in/cppp/
CEN-CE-2021-01125,REF-CEN-CE-2021-01125,NHAI HIGHWAYS,Government of India,CENTRAL,Central District,"CENTRAL, India",Information Technology & Software,Procurement of information technology & software for NHAI HIGHWAYS,Official public tender for supply of information technology & software under standard CENTRAL state procurement guidelines.,2020-07-12 00:00:00,2020-07-16 00:00:00,2020-07-17 00:00:00,2020-07-31,4923238.78,5317097.88,INR,3,GUPTA AND SONS CONTRACTOR,ENT-SUP-7A3AE215B9,GUPTA AND SONS CONTRACTOR,"CENTRAL, India",AWARDED,4.0,0,0,OPEN_TENDER,NHAI HIGHWAYS,CENTRAL_CPPP,https://eprocure.gov.in/cppp/
CEN-CE-2021-01126,REF-CEN-CE-2021-01126,DEFENCE RESEARCH DEVELOPMENT ORG,Government of India,CENTRAL,Central District,"CENTRAL, India",Medical Equipment & Consumables,Procurement of medical equipment & consumables for DEFENCE RESEARCH DEVELOPMENT ORG,Official public tender for supply of medical equipment & consumables under standard CENTRAL state procurement guidelines.,2021-09-15 00:00:00,2021-10-15 00:00:00,2021-10-16 00:00:00,2021-10-30,9805591.27,11276429.96,INR,1,KNR CONSTRUCTION,ENT-SUP-6A86A67807,KNR CONSTRUCTION,"CENTRAL, India",AWARDED,30.0,0,0,OPEN_TENDER,DEFENCE RESEARCH DEVELOPMENT ORG,CENTRAL_CPPP,https://eprocure.gov.in/cppp/
CEN-CE-2021-01127,REF-CEN-CE-2021-01127,NHAI HIGHWAYS,Government of India,CENTRAL,Central District,"CENTRAL, India",Information Technology & Software,Procurement of information technology & software for NHAI HIGHWAYS,Official public tender for supply of information technology & software under standard CENTRAL state procurement guidelines.,2020-01-26 00:00:00,2020-02-01 00:00:00,2020-02-02 00:00:00,2020-02-16,19428679.4,22342981.31,INR,2,DILIP BUILDCON LIMITED,ENT-SUP-55226FC7C8,DILIP BUILDCON LIMITED,"CENTRAL, India",AWARDED,6.0,2,0,OPEN_TENDER,NHAI HIGHWAYS,CENTRAL_CPPP,https://eprocure.gov.in/cppp/
CEN-CE-2021-01128,REF-CEN-CE-2021-01128,CENTRAL PUBLIC WORKS DEPARTMENT,Government of India,CENTRAL,Central District,"CENTRAL, India",Consultancy & Facility Management,Procurement of consultancy & facility management for CENTRAL PUBLIC WORKS DEPARTMENT,Official public tender for supply of consultancy & facility management under standard CENTRAL state procurement guidelines.,2019-07-18 00:00:00,2019-08-01 00:00:00,2019-08-02 00:00:00,2019-08-16,4991358.71,6738334.26,INR,2,GUPTA AND SONS CONTRACTOR,ENT-SUP-7A3AE215B9,GUPTA AND SONS CONTRACTOR,"CENTRAL, India",AWARDED,14.0,0,0,OPEN_TENDER,CENTRAL PUBLIC WORKS DEPARTMENT,CENTRAL_CPPP,https://eprocure.gov.in/cppp/
CEN-CE-2021-01129,REF-CEN-CE-2021-01129,DEFENCE RESEARCH DEVELOPMENT ORG,Government of India,CENTRAL,Central District,"CENTRAL, India",Medical Equipment & Consumables,Procurement of medical equipment & consumables for DEFENCE RESEARCH DEVELOPMENT ORG,Official public tender for supply of medical equipment & consumables under standard CENTRAL state procurement guidelines.,2020-09-28 00:00:00,2020-10-12 00:00:00,2020-10-13 00:00:00,2020-10-27,4992137.86,5091980.61,INR,3,TATA PROJECTS LIMITED,ENT-SUP-861D6E7011,TATA PROJECTS LIMITED,"CENTRAL, India",AWARDED,14.0,1,0,OPEN_TENDER,DEFENCE RESEARCH DEVELOPMENT ORG,CENTRAL_CPPP,https://eprocure.gov.in/cppp/
CEN-CE-2021-01130,REF-CEN-CE-2021-01130,DEFENCE RESEARCH DEVELOPMENT ORG,Government of India,CENTRAL,Central District,"CENTRAL, India",Civil Works & Infrastructure,Procurement of civil works & infrastructure for DEFENCE RESEARCH DEVELOPMENT ORG,Official public tender for supply of civil works & infrastructure under standard CENTRAL state procurement guidelines.,2021-03-18 00:00:00,2021-03-22 00:00:00,2021-03-23 00:00:00,2021-04-06,2158610.93,1899577.62,INR,3,NCC LIMITED INFRASTRUCTURE,ENT-SUP-0DFD916C8B,NCC LIMITED INFRASTRUCTURE,"CENTRAL, India",AWARDED,4.0,0,0,OPEN_TENDER,DEFENCE RESEARCH DEVELOPMENT ORG,CENTRAL_CPPP,https://eprocure.gov.in/cppp/
CEN-CE-2021-01131,REF-CEN-CE-2021-01131,MINISTRY OF HEALTH FAMILY WELFARE,Government of India,CENTRAL,Central District,"CENTRAL, India",Electrical & Mechanical,Procurement of electrical & mechanical for MINISTRY OF HEALTH FAMILY WELFARE,Official public tender for supply of electrical & mechanical under standard CENTRAL state procurement guidelines.,2020-07-19 00:00:00,2020-08-18 00:00:00,2020-08-19 00:00:00,2020-09-02,1904709.66,1809474.18,INR,2,NCC LIMITED INFRASTRUCTURE,ENT-SUP-0DFD916C8B,NCC LIMITED INFRASTRUCTURE,"CENTRAL, India",AWARDED,30.0,0,0,OPEN_TENDER,MINISTRY OF HEALTH FAMILY WELFARE,CENTRAL_CPPP,https://eprocure.gov.in/cppp/
CEN-CE-2021-01132,REF-CEN-CE-2021-01132,INDIAN RAILWAYS,Government of India,CENTRAL,Central District,"CENTRAL, India",Civil Works & Infrastructure,Procurement of civil works & infrastructure for INDIAN RAILWAYS,Official public tender for supply of civil works & infrastructure under standard CENTRAL state procurement guidelines.,2021-06-03 00:00:00,2021-07-03 00:00:00,2021-07-04 00:00:00,2021-07-18,18454920.39,16240329.94,INR,2,KNR CONSTRUCTION,ENT-SUP-6A86A67807,KNR CONSTRUCTION,"CENTRAL, India",AWARDED,30.0,1,0,OPEN_TENDER,INDIAN RAILWAYS,CENTRAL_CPPP,https://eprocure.gov.in/cppp/
CEN-CE-2021-01133,REF-CEN-CE-2021-01133,MINISTRY OF HEALTH FAMILY WELFARE,Government of India,CENTRAL,Central District,"CENTRAL, India",Civil Works & Infrastructure,Procurement of civil works & infrastructure for MINISTRY OF HEALTH FAMILY WELFARE,Official public tender for supply of civil works & infrastructure under standard CENTRAL state procurement guidelines.,2020-07-08 00:00:00,2020-07-29 00:00:00,2020-07-30 00:00:00,2020-08-13,21545718.32,20468432.4,INR,3,AHLUWALIA CONTRACTS INDIA LIMITED,ENT-SUP-28AFE50D95,AHLUWALIA CONTRACTS INDIA LIMITED,"CENTRAL, India",AWARDED,21.0,2,0,OPEN_TENDER,MINISTRY OF HEALTH FAMILY WELFARE,CENTRAL_CPPP,https://eprocure.gov.in/cppp/
CEN-CE-2021-01134,REF-CEN-CE-2021-01134,NHAI HIGHWAYS,Government of India,CENTRAL,Central District,"CENTRAL, India",Consultancy & Facility Management,Procurement of consultancy & facility management for NHAI HIGHWAYS,Official public tender for supply of consultancy & facility management under standard CENTRAL state procurement guidelines.,2020-09-06 00:00:00,2020-09-20 00:00:00,2020-09-21 00:00:00,2020-10-05,4969575.73,4373226.65,INR,3,VANGUARD POWER SERVICES,ENT-SUP-FBE5090586,VANGUARD POWER SERVICES,"CENTRAL, India",AWARDED,14.0,1,0,OPEN_TENDER,NHAI HIGHWAYS,CENTRAL_CPPP,https://eprocure.gov.in/cppp/
CEN-CE-2021-01135,REF-CEN-CE-2021-01135,NHAI HIGHWAYS,Government of India,CENTRAL,Central District,"CENTRAL, India",Electrical & Mechanical,Procurement of electrical & mechanical for NHAI HIGHWAYS,Official public tender for supply of electrical & mechanical under standard CENTRAL state procurement guidelines.,2019-04-21 00:00:00,2019-04-27 00:00:00,2019-04-28 00:00:00,2019-05-12,210520464.67,214730873.97,INR,2,DILIP BUILDCON LIMITED,ENT-SUP-55226FC7C8,DILIP BUILDCON LIMITED,"CENTRAL, India",AWARDED,6.0,0,0,OPEN_TENDER,NHAI HIGHWAYS,CENTRAL_CPPP,https://eprocure.gov.in/cppp/
CEN-CE-2021-01136,REF-CEN-CE-2021-01136,INDIAN RAILWAYS,Government of India,CENTRAL,Central District,"CENTRAL, India",Civil Works & Infrastructure,Procurement of civil works & infrastructure for INDIAN RAILWAYS,Official public tender for supply of civil works & infrastructure under standard CENTRAL state procurement guidelines.,2021-07-29 00:00:00,2021-08-02 00:00:00,2021-08-03 00:00:00,2021-08-17,4968680.45,6707718.6,INR,2,AHLUWALIA CONTRACTS INDIA LIMITED,ENT-SUP-28AFE50D95,AHLUWALIA CONTRACTS INDIA LIMITED,"CENTRAL, India",AWARDED,4.0,1,0,OPEN_TENDER,INDIAN RAILWAYS,CENTRAL_CPPP,https://eprocure.gov.in/cppp/
CEN-CE-2021-01137,REF-CEN-CE-2021-01137,DEFENCE RESEARCH DEVELOPMENT ORG,Government of India,CENTRAL,Central District,"CENTRAL, India",Medical Equipment & Consumables,Procurement of medical equipment & consumables for DEFENCE RESEARCH DEVELOPMENT ORG,Official public tender for supply of medical equipment & consumables under standard CENTRAL state procurement guidelines.,2020-11-11 00:00:00,2020-12-11 00:00:00,2020-12-12 00:00:00,2020-12-26,1298608.03,1233677.63,INR,1,PNC INFRATECH LIMITED,ENT-SUP-4B3E89D111,PNC INFRATECH LIMITED,"CENTRAL, India",AWARDED,30.0,1,0,OPEN_TENDER,DEFENCE RESEARCH DEVELOPMENT ORG,CENTRAL_CPPP,https://eprocure.gov.in/cppp/
CEN-CE-2021-01138,REF-CEN-CE-2021-01138,MINISTRY OF HEALTH FAMILY WELFARE,Government of India,CENTRAL,Central District,"CENTRAL, India",Medical Equipment & Consumables,Procurement of medical equipment & consumables for MINISTRY OF HEALTH FAMILY WELFARE,Official public tender for supply of medical equipment & consumables under standard CENTRAL state procurement guidelines.,2019-04-13 00:00:00,2019-04-19 00:00:00,2019-04-20 00:00:00,2019-05-04,4967119.79,4371065.42,INR,2,VANGUARD POWER SERVICES,ENT-SUP-FBE5090586,VANGUARD POWER SERVICES,"CENTRAL, India",AWARDED,6.0,1,0,OPEN_TENDER,MINISTRY OF HEALTH FAMILY WELFARE,CENTRAL_CPPP,https://eprocure.gov.in/cppp/
CEN-CE-2021-01139,REF-CEN-CE-2021-01139,CENTRAL PUBLIC WORKS DEPARTMENT,Government of India,CENTRAL,Central District,"CENTRAL, India",Consultancy & Facility Management,Procurement of consultancy & facility management for CENTRAL PUBLIC WORKS DEPARTMENT,Official public tender for supply of consultancy & facility management under standard CENTRAL state procurement guidelines.,2020-08-01 00:00:00,2020-08-15 00:00:00,2020-08-16 00:00:00,2020-08-30,61524593.35,62755085.21,INR,3,DILIP BUILDCON LIMITED,ENT-SUP-55226FC7C8,DILIP BUILDCON LIMITED,"CENTRAL, India",AWARDED,14.0,1,0,OPEN_TENDER,CENTRAL PUBLIC WORKS DEPARTMENT,CENTRAL_CPPP,https://eprocure.gov.in/cppp/
CEN-CE-2021-01140,REF-CEN-CE-2021-01140,NHAI HIGHWAYS,Government of India,CENTRAL,Central District,"CENTRAL, India",Medical Equipment & Consumables,Procurement of medical equipment & consumables for NHAI HIGHWAYS,Official public tender for supply of medical equipment & consumables under standard CENTRAL state procurement guidelines.,2019-06-10 00:00:00,2019-07-10 00:00:00,2019-07-11 00:00:00,2019-07-25,4956109.28,5699525.67,INR,4,SHREE BALAJI ENTERPRISE,ENT-SUP-CA68E614E4,SHREE BALAJI ENTERPRISE,"CENTRAL, India",AWARDED,30.0,2,0,OPEN_TENDER,NHAI HIGHWAYS,CENTRAL_CPPP,https://eprocure.gov.in/cppp/
CEN-CE-2021-01141,REF-CEN-CE-2021-01141,INDIAN RAILWAYS,Government of India,CENTRAL,Central District,"CENTRAL, India",Electrical & Mechanical,Procurement of electrical & mechanical for INDIAN RAILWAYS,Official public tender for supply of electrical & mechanical under standard CENTRAL state procurement guidelines.,2019-10-19 00:00:00,2019-10-23 00:00:00,2019-10-24 00:00:00,2019-11-07,4910817.33,5009033.67,INR,3,GUPTA AND SONS CONTRACTOR,ENT-SUP-7A3AE215B9,GUPTA AND SONS CONTRACTOR,"CENTRAL, India",AWARDED,4.0,0,0,OPEN_TENDER,INDIAN RAILWAYS,CENTRAL_CPPP,https://eprocure.gov.in/cppp/
CEN-CE-2021-01142,REF-CEN-CE-2021-01142,INDIAN RAILWAYS,Government of India,CENTRAL,Central District,"CENTRAL, India",Consultancy & Facility Management,Procurement of consultancy & facility management for INDIAN RAILWAYS,Official public tender for supply of consultancy & facility management under standard CENTRAL state procurement guidelines.,2019-09-30 00:00:00,2019-10-04 00:00:00,2019-10-05 00:00:00,2019-10-19,4973967.25,4377091.18,INR,1,VANGUARD POWER SERVICES,ENT-SUP-FBE5090586,VANGUARD POWER SERVICES,"CENTRAL, India",AWARDED,4.0,0,0,OPEN_TENDER,INDIAN RAILWAYS,CENTRAL_CPPP,https://eprocure.gov.in/cppp/
CEN-CE-2021-01143,REF-CEN-CE-2021-01143,MINISTRY OF HEALTH FAMILY WELFARE,Government of India,CENTRAL,Central District,"CENTRAL, India",Electrical & Mechanical,Procurement of electrical & mechanical for MINISTRY OF HEALTH FAMILY WELFARE,Official public tender for supply of electrical & mechanical under standard CENTRAL state procurement guidelines.,2021-08-04 00:00:00,2021-08-10 00:00:00,2021-08-11 00:00:00,2021-08-25,1597257.8,1629202.95,INR,1,AFCONS INFRASTRUCTURE LIMITED,ENT-SUP-AC3B9A87E5,AFCONS INFRASTRUCTURE LIMITED,"CENTRAL, India",AWARDED,6.0,1,0,OPEN_TENDER,MINISTRY OF HEALTH FAMILY WELFARE,CENTRAL_CPPP,https://eprocure.gov.in/cppp/
CEN-CE-2021-01144,REF-CEN-CE-2021-01144,CENTRAL PUBLIC WORKS DEPARTMENT,Government of India,CENTRAL,Central District,"CENTRAL, India",Electrical & Mechanical,Procurement of electrical & mechanical for CENTRAL PUBLIC WORKS DEPARTMENT,Official public tender for supply of electrical & mechanical under standard CENTRAL state procurement guidelines.,2020-02-19 00:00:00,2020-03-11 00:00:00,2020-03-12 00:00:00,2020-03-26,14052553.55,12366247.12,INR,2,PNC INFRATECH LIMITED,ENT-SUP-4B3E89D111,PNC INFRATECH LIMITED,"CENTRAL, India",AWARDED,21.0,2,0,OPEN_TENDER,CENTRAL PUBLIC WORKS DEPARTMENT,CENTRAL_CPPP,https://eprocure.gov.in/cppp/
CEN-CE-2021-01145,REF-CEN-CE-2021-01145,MINISTRY OF HEALTH FAMILY WELFARE,Government of India,CENTRAL,Central District,"CENTRAL, India",Information Technology & Software,Procurement of information technology & software for MINISTRY OF HEALTH FAMILY WELFARE,Official public tender for supply of information technology & software under standard CENTRAL state procurement guidelines.,2020-05-06 00:00:00,2020-05-20 00:00:00,2020-05-21 00:00:00,2020-06-04,4929136.27,4682679.46,INR,1,KNR CONSTRUCTION,ENT-SUP-6A86A67807,KNR CONSTRUCTION,"CENTRAL, India",AWARDED,14.0,0,0,OPEN_TENDER,MINISTRY OF HEALTH FAMILY WELFARE,CENTRAL_CPPP,https://eprocure.gov.in/cppp/
CEN-CE-2021-01146,REF-CEN-CE-2021-01146,MINISTRY OF HEALTH FAMILY WELFARE,Government of India,CENTRAL,Central District,"CENTRAL, India",Consultancy & Facility Management,Procurement of consultancy & facility management for MINISTRY OF HEALTH FAMILY WELFARE,Official public tender for supply of consultancy & facility management under standard CENTRAL state procurement guidelines.,2021-07-07 00:00:00,2021-08-06 00:00:00,2021-08-07 00:00:00,2021-08-21,4900138.45,5635159.21,INR,3,GUPTA AND SONS CONTRACTOR,ENT-SUP-7A3AE215B9,GUPTA AND SONS CONTRACTOR,"CENTRAL, India",AWARDED,30.0,0,0,OPEN_TENDER,MINISTRY OF HEALTH FAMILY WELFARE,CENTRAL_CPPP,https://eprocure.gov.in/cppp/
CEN-CE-2021-01147,REF-CEN-CE-2021-01147,NHAI HIGHWAYS,Government of India,CENTRAL,Central District,"CENTRAL, India",Civil Works & Infrastructure,Procurement of civil works & infrastructure for NHAI HIGHWAYS,Official public tender for supply of civil works & infrastructure under standard CENTRAL state procurement guidelines.,2020-03-02 00:00:00,2020-03-06 00:00:00,2020-03-07 00:00:00,2020-03-21,7847359.64,8004306.84,INR,2,GUPTA AND SONS CONTRACTOR,ENT-SUP-7A3AE215B9,GUPTA AND SONS CONTRACTOR,"CENTRAL, India",AWARDED,4.0,0,0,OPEN_TENDER,NHAI HIGHWAYS,CENTRAL_CPPP,https://eprocure.gov.in/cppp/
CEN-CE-2021-01148,REF-CEN-CE-2021-01148,CENTRAL PUBLIC WORKS DEPARTMENT,Government of India,CENTRAL,Central District,"CENTRAL, India",Civil Works & Infrastructure,Procurement of civil works & infrastructure for CENTRAL PUBLIC WORKS DEPARTMENT,Official public tender for supply of civil works & infrastructure under standard CENTRAL state procurement guidelines.,2019-07-06 00:00:00,2019-07-27 00:00:00,2019-07-28 00:00:00,2019-08-11,4973983.73,4377105.68,INR,3,ZENITH INFRASTRUCTURE PROJECTS,ENT-SUP-4F350A4CA1,ZENITH INFRASTRUCTURE PROJECTS,"CENTRAL, India",AWARDED,21.0,0,0,OPEN_TENDER,CENTRAL PUBLIC WORKS DEPARTMENT,CENTRAL_CPPP,https://eprocure.gov.in/cppp/
CEN-CE-2021-01149,REF-CEN-CE-2021-01149,NHAI HIGHWAYS,Government of India,CENTRAL,Central District,"CENTRAL, India",Civil Works & Infrastructure,Procurement of civil works & infrastructure for NHAI HIGHWAYS,Official public tender for supply of civil works & infrastructure under standard CENTRAL state procurement guidelines.,2021-03-03 00:00:00,2021-03-17 00:00:00,2021-03-18 00:00:00,2021-04-01,2106102.85,2422018.28,INR,4,TATA PROJECTS LIMITED,ENT-SUP-861D6E7011,TATA PROJECTS LIMITED,"CENTRAL, India",AWARDED,14.0,0,0,OPEN_TENDER,NHAI HIGHWAYS,CENTRAL_CPPP,https://eprocure.gov.in/cppp/
CEN-CE-2021-01150,REF-CEN-CE-2021-01150,INDIAN RAILWAYS,Government of India,CENTRAL,Central District,"CENTRAL, India",Civil Works & Infrastructure,Procurement of civil works & infrastructure for INDIAN RAILWAYS,Official public tender for supply of civil works & infrastructure under standard CENTRAL state procurement guidelines.,2019-02-17 00:00:00,2019-03-19 00:00:00,2019-03-20 00:00:00,2019-04-03,74776747.2,80758886.98,INR,3,GUPTA AND SONS CONTRACTOR,ENT-SUP-7A3AE215B9,GUPTA AND SONS CONTRACTOR,"CENTRAL, India",AWARDED,30.0,0,0,OPEN_TENDER,INDIAN RAILWAYS,CENTRAL_CPPP,https://eprocure.gov.in/cppp/
CEN-CE-2021-01151,REF-CEN-CE-2021-01151,MINISTRY OF HEALTH FAMILY WELFARE,Government of India,CENTRAL,Central District,"CENTRAL, India",Civil Works & Infrastructure,Procurement of civil works & infrastructure for MINISTRY OF HEALTH FAMILY WELFARE,Official public tender for supply of civil works & infrastructure under standard CENTRAL state procurement guidelines.,2019-09-17 00:00:00,2019-10-01 00:00:00,2019-10-02 00:00:00,2019-10-16,4629173.36,5323549.37,INR,5,KNR CONSTRUCTION,ENT-SUP-6A86A67807,KNR CONSTRUCTION,"CENTRAL, India",AWARDED,14.0,1,0,OPEN_TENDER,MINISTRY OF HEALTH FAMILY WELFARE,CENTRAL_CPPP,https://eprocure.gov.in/cppp/
CEN-CE-2021-01152,REF-CEN-CE-2021-01152,CENTRAL PUBLIC WORKS DEPARTMENT,Government of India,CENTRAL,Central District,"CENTRAL, India",Consultancy & Facility Management,Procurement of consultancy & facility management for CENTRAL PUBLIC WORKS DEPARTMENT,Official public tender for supply of consultancy & facility management under standard CENTRAL state procurement guidelines.,2019-10-11 00:00:00,2019-10-25 00:00:00,2019-10-26 00:00:00,2019-11-09,4939327.78,4692361.39,INR,4,PNC INFRATECH LIMITED,ENT-SUP-4B3E89D111,PNC INFRATECH LIMITED,"CENTRAL, India",AWARDED,14.0,0,0,OPEN_TENDER,CENTRAL PUBLIC WORKS DEPARTMENT,CENTRAL_CPPP,https://eprocure.gov.in/cppp/
CEN-CE-2021-01153,REF-CEN-CE-2021-01153,DEFENCE RESEARCH DEVELOPMENT ORG,Government of India,CENTRAL,Central District,"CENTRAL, India",Electrical & Mechanical,Procurement of electrical & mechanical for DEFENCE RESEARCH DEVELOPMENT ORG,Official public tender for supply of electrical & mechanical under standard CENTRAL state procurement guidelines.,2020-11-08 00:00:00,2020-11-22 00:00:00,2020-11-23 00:00:00,2020-12-07,202114458.51,272854518.99,INR,1,APEX MEDITECH SOLUTIONS,ENT-SUP-A750489DC1,APEX MEDITECH SOLUTIONS,"CENTRAL, India",AWARDED,14.0,0,0,OPEN_TENDER,DEFENCE RESEARCH DEVELOPMENT ORG,CENTRAL_CPPP,https://eprocure.gov.in/cppp/
CEN-CE-2021-01154,REF-CEN-CE-2021-01154,INDIAN RAILWAYS,Government of India,CENTRAL,Central District,"CENTRAL, India",Information Technology & Software,Procurement of information technology & software for INDIAN RAILWAYS,Official public tender for supply of information technology & software under standard CENTRAL state procurement guidelines.,2020-04-29 00:00:00,2020-05-20 00:00:00,2020-05-21 00:00:00,2020-06-04,4638360.58,6261786.79,INR,8,VANGUARD POWER SERVICES,ENT-SUP-FBE5090586,VANGUARD POWER SERVICES,"CENTRAL, India",AWARDED,21.0,2,0,OPEN_TENDER,INDIAN RAILWAYS,CENTRAL_CPPP,https://eprocure.gov.in/cppp/
CEN-CE-2021-01155,REF-CEN-CE-2021-01155,MINISTRY OF HEALTH FAMILY WELFARE,Government of India,CENTRAL,Central District,"CENTRAL, India",Electrical & Mechanical,Procurement of electrical & mechanical for MINISTRY OF HEALTH FAMILY WELFARE,Official public tender for supply of electrical & mechanical under standard CENTRAL state procurement guidelines.,2020-07-15 00:00:00,2020-07-29 00:00:00,2020-07-30 00:00:00,2020-08-13,4289724.8,4632902.78,INR,4,SHARMA ENGINEERING WORKS,ENT-SUP-9473B0CC3C,SHARMA ENGINEERING WORKS,"CENTRAL, India",AWARDED,14.0,2,0,OPEN_TENDER,MINISTRY OF HEALTH FAMILY WELFARE,CENTRAL_CPPP,https://eprocure.gov.in/cppp/
CEN-CE-2021-01156,REF-CEN-CE-2021-01156,MINISTRY OF HEALTH FAMILY WELFARE,Government of India,CENTRAL,Central District,"CENTRAL, India",Consultancy & Facility Management,Procurement of consultancy & facility management for MINISTRY OF HEALTH FAMILY WELFARE,Official public tender for supply of consultancy & facility management under standard CENTRAL state procurement guidelines.,2020-06-14 00:00:00,2020-06-18 00:00:00,2020-06-19 00:00:00,2020-07-03,10623634.01,11473524.73,INR,2,DILIP BUILDCON LIMITED,ENT-SUP-55226FC7C8,DILIP BUILDCON LIMITED,"CENTRAL, India",AWARDED,4.0,2,0,OPEN_TENDER,MINISTRY OF HEALTH FAMILY WELFARE,CENTRAL_CPPP,https://eprocure.gov.in/cppp/
CEN-CE-2021-01157,REF-CEN-CE-2021-01157,NHAI HIGHWAYS,Government of India,CENTRAL,Central District,"CENTRAL, India",Medical Equipment & Consumables,Procurement of medical equipment & consumables for NHAI HIGHWAYS,Official public tender for supply of medical equipment & consumables under standard CENTRAL state procurement guidelines.,2021-07-18 00:00:00,2021-08-01 00:00:00,2021-08-02 00:00:00,2021-08-16,14845180.19,15142083.8,INR,2,NCC LIMITED INFRASTRUCTURE,ENT-SUP-0DFD916C8B,NCC LIMITED INFRASTRUCTURE,"CENTRAL, India",AWARDED,14.0,1,0,OPEN_TENDER,NHAI HIGHWAYS,CENTRAL_CPPP,https://eprocure.gov.in/cppp/
CEN-CE-2021-01158,REF-CEN-CE-2021-01158,MINISTRY OF HEALTH FAMILY WELFARE,Government of India,CENTRAL,Central District,"CENTRAL, India",Medical Equipment & Consumables,Procurement of medical equipment & consumables for MINISTRY OF HEALTH FAMILY WELFARE,Official public tender for supply of medical equipment & consumables under standard CENTRAL state procurement guidelines.,2020-10-08 00:00:00,2020-11-07 00:00:00,2020-11-08 00:00:00,2020-11-22,2466021.42,2342720.35,INR,2,ZENITH INFRASTRUCTURE PROJECTS,ENT-SUP-4F350A4CA1,ZENITH INFRASTRUCTURE PROJECTS,"CENTRAL, India",AWARDED,30.0,1,0,OPEN_TENDER,MINISTRY OF HEALTH FAMILY WELFARE,CENTRAL_CPPP,https://eprocure.gov.in/cppp/
CEN-CE-2021-01159,REF-CEN-CE-2021-01159,NHAI HIGHWAYS,Government of India,CENTRAL,Central District,"CENTRAL, India",Information Technology & Software,Procurement of information technology & software for NHAI HIGHWAYS,Official public tender for supply of information technology & software under standard CENTRAL state procurement guidelines.,2019-10-28 00:00:00,2019-11-27 00:00:00,2019-11-28 00:00:00,2019-12-12,4937682.65,4345160.73,INR,4,SHREE BALAJI ENTERPRISE,ENT-SUP-CA68E614E4,SHREE BALAJI ENTERPRISE,"CENTRAL, India",AWARDED,30.0,0,0,OPEN_TENDER,NHAI HIGHWAYS,CENTRAL_CPPP,https://eprocure.gov.in/cppp/
CEN-CE-2021-01160,REF-CEN-CE-2021-01160,CENTRAL PUBLIC WORKS DEPARTMENT,Government of India,CENTRAL,Central District,"CENTRAL, India",Medical Equipment & Consumables,Procurement of medical equipment & consumables for CENTRAL PUBLIC WORKS DEPARTMENT,Official public tender for supply of medical equipment & consumables under standard CENTRAL state procurement guidelines.,2019-06-30 00:00:00,2019-07-04 00:00:00,2019-07-05 00:00:00,2019-07-19,1730534.59,1765145.28,INR,4,TATA PROJECTS LIMITED,ENT-SUP-861D6E7011,TATA PROJECTS LIMITED,"CENTRAL, India",AWARDED,4.0,0,0,OPEN_TENDER,CENTRAL PUBLIC WORKS DEPARTMENT,CENTRAL_CPPP,https://eprocure.gov.in/cppp/
CEN-CE-2021-01161,REF-CEN-CE-2021-01161,INDIAN RAILWAYS,Government of India,CENTRAL,Central District,"CENTRAL, India",Electrical & Mechanical,Procurement of electrical & mechanical for INDIAN RAILWAYS,Official public tender for supply of electrical & mechanical under standard CENTRAL state procurement guidelines.,2020-04-14 00:00:00,2020-05-14 00:00:00,2020-05-15 00:00:00,2020-05-29,24114492.19,24596782.04,INR,4,APEX MEDITECH SOLUTIONS,ENT-SUP-A750489DC1,APEX MEDITECH SOLUTIONS,"CENTRAL, India",AWARDED,30.0,0,0,OPEN_TENDER,INDIAN RAILWAYS,CENTRAL_CPPP,https://eprocure.gov.in/cppp/
CEN-CE-2021-01162,REF-CEN-CE-2021-01162,CENTRAL PUBLIC WORKS DEPARTMENT,Government of India,CENTRAL,Central District,"CENTRAL, India",Consultancy & Facility Management,Procurement of consultancy & facility management for CENTRAL PUBLIC WORKS DEPARTMENT,Official public tender for supply of consultancy & facility management under standard CENTRAL state procurement guidelines.,2020-03-09 00:00:00,2020-03-23 00:00:00,2020-03-24 00:00:00,2020-04-07,9306076.54,8189347.36,INR,2,LARSEN AND TOUBRO CONSTRUCTION,ENT-SUP-6C6BEB7D6E,LARSEN AND TOUBRO CONSTRUCTION,"CENTRAL, India",AWARDED,14.0,0,0,OPEN_TENDER,CENTRAL PUBLIC WORKS DEPARTMENT,CENTRAL_CPPP,https://eprocure.gov.in/cppp/
CEN-CE-2021-01163,REF-CEN-CE-2021-01163,NHAI HIGHWAYS,Government of India,CENTRAL,Central District,"CENTRAL, India",Medical Equipment & Consumables,Procurement of medical equipment & consumables for NHAI HIGHWAYS,Official public tender for supply of medical equipment & consumables under standard CENTRAL state procurement guidelines.,2019-03-22 00:00:00,2019-04-21 00:00:00,2019-04-22 00:00:00,2019-05-06,4994821.75,4395443.14,INR,2,AFCONS INFRASTRUCTURE LIMITED,ENT-SUP-AC3B9A87E5,AFCONS INFRASTRUCTURE LIMITED,"CENTRAL, India",AWARDED,30.0,1,0,OPEN_TENDER,NHAI HIGHWAYS,CENTRAL_CPPP,https://eprocure.gov.in/cppp/
CEN-CE-2021-01164,REF-CEN-CE-2021-01164,DEFENCE RESEARCH DEVELOPMENT ORG,Government of India,CENTRAL,Central District,"CENTRAL, India",Consultancy & Facility Management,Procurement of consultancy & facility management for DEFENCE RESEARCH DEVELOPMENT ORG,Official public tender for supply of consultancy & facility management under standard CENTRAL state procurement guidelines.,2019-05-19 00:00:00,2019-06-09 00:00:00,2019-06-10 00:00:00,2019-06-24,55015188.67,56115492.45,INR,2,ZENITH INFRASTRUCTURE PROJECTS,ENT-SUP-4F350A4CA1,ZENITH INFRASTRUCTURE PROJECTS,"CENTRAL, India",AWARDED,21.0,0,0,OPEN_TENDER,DEFENCE RESEARCH DEVELOPMENT ORG,CENTRAL_CPPP,https://eprocure.gov.in/cppp/
CEN-CE-2021-01165,REF-CEN-CE-2021-01165,DEFENCE RESEARCH DEVELOPMENT ORG,Government of India,CENTRAL,Central District,"CENTRAL, India",Electrical & Mechanical,Procurement of electrical & mechanical for DEFENCE RESEARCH DEVELOPMENT ORG,Official public tender for supply of electrical & mechanical under standard CENTRAL state procurement guidelines.,2020-03-07 00:00:00,2020-03-28 00:00:00,2020-03-29 00:00:00,2020-04-12,120714670.96,106228910.45,INR,3,LARSEN AND TOUBRO CONSTRUCTION,ENT-SUP-6C6BEB7D6E,LARSEN AND TOUBRO CONSTRUCTION,"CENTRAL, India",AWARDED,21.0,0,0,OPEN_TENDER,DEFENCE RESEARCH DEVELOPMENT ORG,CENTRAL_CPPP,https://eprocure.gov.in/cppp/
CEN-CE-2021-01166,REF-CEN-CE-2021-01166,DEFENCE RESEARCH DEVELOPMENT ORG,Government of India,CENTRAL,Central District,"CENTRAL, India",Consultancy & Facility Management,Procurement of consultancy & facility management for DEFENCE RESEARCH DEVELOPMENT ORG,Official public tender for supply of consultancy & facility management under standard CENTRAL state procurement guidelines.,2021-02-13 00:00:00,2021-02-19 00:00:00,2021-02-20 00:00:00,2021-03-06,4998262.71,4398471.18,INR,2,LARSEN AND TOUBRO CONSTRUCTION,ENT-SUP-6C6BEB7D6E,LARSEN AND TOUBRO CONSTRUCTION,"CENTRAL, India",AWARDED,6.0,0,0,OPEN_TENDER,DEFENCE RESEARCH DEVELOPMENT ORG,CENTRAL_CPPP,https://eprocure.gov.in/cppp/
CEN-CE-2021-01167,REF-CEN-CE-2021-01167,MINISTRY OF HEALTH FAMILY WELFARE,Government of India,CENTRAL,Central District,"CENTRAL, India",Information Technology & Software,Procurement of information technology & software for MINISTRY OF HEALTH FAMILY WELFARE,Official public tender for supply of information technology & software under standard CENTRAL state procurement guidelines.,2020-08-26 00:00:00,2020-09-16 00:00:00,2020-09-17 00:00:00,2020-10-01,23413660.53,26925709.61,INR,2,BHARAT DIAGNOSTIC SYSTEMS,ENT-SUP-C6B6FCD7BC,BHARAT DIAGNOSTIC SYSTEMS,"CENTRAL, India",AWARDED,21.0,0,0,OPEN_TENDER,MINISTRY OF HEALTH FAMILY WELFARE,CENTRAL_CPPP,https://eprocure.gov.in/cppp/
CEN-CE-2021-01168,REF-CEN-CE-2021-01168,DEFENCE RESEARCH DEVELOPMENT ORG,Government of India,CENTRAL,Central District,"CENTRAL, India",Consultancy & Facility Management,Procurement of consultancy & facility management for DEFENCE RESEARCH DEVELOPMENT ORG,Official public tender for supply of consultancy & facility management under standard CENTRAL state procurement guidelines.,2021-03-13 00:00:00,2021-04-12 00:00:00,2021-04-13 00:00:00,2021-04-27,312872590.84,359803479.47,INR,2,DILIP BUILDCON LIMITED,ENT-SUP-55226FC7C8,DILIP BUILDCON LIMITED,"CENTRAL, India",AWARDED,30.0,0,0,OPEN_TENDER,DEFENCE RESEARCH DEVELOPMENT ORG,CENTRAL_CPPP,https://eprocure.gov.in/cppp/
CEN-CE-2021-01169,REF-CEN-CE-2021-01169,DEFENCE RESEARCH DEVELOPMENT ORG,Government of India,CENTRAL,Central District,"CENTRAL, India",Medical Equipment & Consumables,Procurement of medical equipment & consumables for DEFENCE RESEARCH DEVELOPMENT ORG,Official public tender for supply of medical equipment & consumables under standard CENTRAL state procurement guidelines.,2020-09-15 00:00:00,2020-09-29 00:00:00,2020-09-30 00:00:00,2020-10-14,326706643.79,287501846.53,INR,3,AHLUWALIA CONTRACTS INDIA LIMITED,ENT-SUP-28AFE50D95,AHLUWALIA CONTRACTS INDIA LIMITED,"CENTRAL, India",AWARDED,14.0,2,0,OPEN_TENDER,DEFENCE RESEARCH DEVELOPMENT ORG,CENTRAL_CPPP,https://eprocure.gov.in/cppp/
CEN-CE-2021-01170,REF-CEN-CE-2021-01170,CENTRAL PUBLIC WORKS DEPARTMENT,Government of India,CENTRAL,Central District,"CENTRAL, India",Consultancy & Facility Management,Procurement of consultancy & facility management for CENTRAL PUBLIC WORKS DEPARTMENT,Official public tender for supply of consultancy & facility management under standard CENTRAL state procurement guidelines.,2020-02-16 00:00:00,2020-02-22 00:00:00,2020-02-23 00:00:00,2020-03-08,4972938.06,4724291.16,INR,2,ZENITH INFRASTRUCTURE PROJECTS,ENT-SUP-4F350A4CA1,ZENITH INFRASTRUCTURE PROJECTS,"CENTRAL, India",AWARDED,6.0,0,0,OPEN_TENDER,CENTRAL PUBLIC WORKS DEPARTMENT,CENTRAL_CPPP,https://eprocure.gov.in/cppp/
CEN-CE-2021-01171,REF-CEN-CE-2021-01171,NHAI HIGHWAYS,Government of India,CENTRAL,Central District,"CENTRAL, India",Medical Equipment & Consumables,Procurement of medical equipment & consumables for NHAI HIGHWAYS,Official public tender for supply of medical equipment & consumables under standard CENTRAL state procurement guidelines.,2021-04-07 00:00:00,2021-04-13 00:00:00,2021-04-14 00:00:00,2021-04-28,4996615.36,4746784.59,INR,3,GUPTA AND SONS CONTRACTOR,ENT-SUP-7A3AE215B9,GUPTA AND SONS CONTRACTOR,"CENTRAL, India",AWARDED,6.0,0,0,OPEN_TENDER,NHAI HIGHWAYS,CENTRAL_CPPP,https://eprocure.gov.in/cppp/
CEN-CE-2021-01172,REF-CEN-CE-2021-01172,NHAI HIGHWAYS,Government of India,CENTRAL,Central District,"CENTRAL, India",Civil Works & Infrastructure,Procurement of civil works & infrastructure for NHAI HIGHWAYS,Official public tender for supply of civil works & infrastructure under standard CENTRAL state procurement guidelines.,2019-12-11 00:00:00,2019-12-17 00:00:00,2019-12-18 00:00:00,2020-01-01,307208267.25,313352432.59,INR,1,TATA PROJECTS LIMITED,ENT-SUP-861D6E7011,TATA PROJECTS LIMITED,"CENTRAL, India",AWARDED,6.0,0,0,OPEN_TENDER,NHAI HIGHWAYS,CENTRAL_CPPP,https://eprocure.gov.in/cppp/
CEN-CE-2021-01173,REF-CEN-CE-2021-01173,INDIAN RAILWAYS,Government of India,CENTRAL,Central District,"CENTRAL, India",Electrical & Mechanical,Procurement of electrical & mechanical for INDIAN RAILWAYS,Official public tender for supply of electrical & mechanical under standard CENTRAL state procurement guidelines.,2019-03-08 00:00:00,2019-03-29 00:00:00,2019-03-30 00:00:00,2019-04-13,19621228.5,20013653.07,INR,2,LARSEN AND TOUBRO CONSTRUCTION,ENT-SUP-6C6BEB7D6E,LARSEN AND TOUBRO CONSTRUCTION,"CENTRAL, India",AWARDED,21.0,2,0,OPEN_TENDER,INDIAN RAILWAYS,CENTRAL_CPPP,https://eprocure.gov.in/cppp/
CEN-CE-2021-01174,REF-CEN-CE-2021-01174,DEFENCE RESEARCH DEVELOPMENT ORG,Government of India,CENTRAL,Central District,"CENTRAL, India",Information Technology & Software,Procurement of information technology & software for DEFENCE RESEARCH DEVELOPMENT ORG,Official public tender for supply of information technology & software under standard CENTRAL state procurement guidelines.,2020-10-19 00:00:00,2020-10-23 00:00:00,2020-10-24 00:00:00,2020-11-07,10203521.99,10407592.42,INR,4,VANGUARD POWER SERVICES,ENT-SUP-FBE5090586,VANGUARD POWER SERVICES,"CENTRAL, India",AWARDED,4.0,0,0,OPEN_TENDER,DEFENCE RESEARCH DEVELOPMENT ORG,CENTRAL_CPPP,https://eprocure.gov.in/cppp/
CEN-CE-2021-01175,REF-CEN-CE-2021-01175,CENTRAL PUBLIC WORKS DEPARTMENT,Government of India,CENTRAL,Central District,"CENTRAL, India",Information Technology & Software,Procurement of information technology & software for CENTRAL PUBLIC WORKS DEPARTMENT,Official public tender for supply of information technology & software under standard CENTRAL state procurement guidelines.,2019-04-09 00:00:00,2019-04-13 00:00:00,2019-04-14 00:00:00,2019-04-28,2508849.91,2885177.4,INR,1,LARSEN AND TOUBRO CONSTRUCTION,ENT-SUP-6C6BEB7D6E,LARSEN AND TOUBRO CONSTRUCTION,"CENTRAL, India",AWARDED,4.0,0,0,OPEN_TENDER,CENTRAL PUBLIC WORKS DEPARTMENT,CENTRAL_CPPP,https://eprocure.gov.in/cppp/
CEN-CE-2021-01176,REF-CEN-CE-2021-01176,CENTRAL PUBLIC WORKS DEPARTMENT,Government of India,CENTRAL,Central District,"CENTRAL, India",Information Technology & Software,Procurement of information technology & software for CENTRAL PUBLIC WORKS DEPARTMENT,Official public tender for supply of information technology & software under standard CENTRAL state procurement guidelines.,2019-10-21 00:00:00,2019-11-20 00:00:00,2019-11-21 00:00:00,2019-12-05,4794442.73,4219109.6,INR,2,TATA PROJECTS LIMITED,ENT-SUP-861D6E7011,TATA PROJECTS LIMITED,"CENTRAL, India",AWARDED,30.0,0,0,OPEN_TENDER,CENTRAL PUBLIC WORKS DEPARTMENT,CENTRAL_CPPP,https://eprocure.gov.in/cppp/
CEN-CE-2021-01177,REF-CEN-CE-2021-01177,MINISTRY OF HEALTH FAMILY WELFARE,Government of India,CENTRAL,Central District,"CENTRAL, India",Civil Works & Infrastructure,Procurement of civil works & infrastructure for MINISTRY OF HEALTH FAMILY WELFARE,Official public tender for supply of civil works & infrastructure under standard CENTRAL state procurement guidelines.,2019-07-18 00:00:00,2019-07-24 00:00:00,2019-07-25 00:00:00,2019-08-08,17298660.28,19893459.32,INR,3,APEX MEDITECH SOLUTIONS,ENT-SUP-A750489DC1,APEX MEDITECH SOLUTIONS,"CENTRAL, India",AWARDED,6.0,0,0,OPEN_TENDER,MINISTRY OF HEALTH FAMILY WELFARE,CENTRAL_CPPP,https://eprocure.gov.in/cppp/
CEN-CE-2021-01178,REF-CEN-CE-2021-01178,DEFENCE RESEARCH DEVELOPMENT ORG,Government of India,CENTRAL,Central District,"CENTRAL, India",Electrical & Mechanical,Procurement of electrical & mechanical for DEFENCE RESEARCH DEVELOPMENT ORG,Official public tender for supply of electrical & mechanical under standard CENTRAL state procurement guidelines.,2021-01-01 00:00:00,2021-01-31 00:00:00,2021-02-01 00:00:00,2021-02-15,23591623.76,25478953.66,INR,8,NCC LIMITED INFRASTRUCTURE,ENT-SUP-0DFD916C8B,NCC LIMITED INFRASTRUCTURE,"CENTRAL, India",AWARDED,30.0,0,0,OPEN_TENDER,DEFENCE RESEARCH DEVELOPMENT ORG,CENTRAL_CPPP,https://eprocure.gov.in/cppp/
CEN-CE-2021-01179,REF-CEN-CE-2021-01179,INDIAN RAILWAYS,Government of India,CENTRAL,Central District,"CENTRAL, India",Electrical & Mechanical,Procurement of electrical & mechanical for INDIAN RAILWAYS,Official public tender for supply of electrical & mechanical under standard CENTRAL state procurement guidelines.,2019-06-22 00:00:00,2019-06-26 00:00:00,2019-06-27 00:00:00,2019-07-11,15400266.47,13552234.49,INR,2,SHARMA ENGINEERING WORKS,ENT-SUP-9473B0CC3C,SHARMA ENGINEERING WORKS,"CENTRAL, India",AWARDED,4.0,2,0,OPEN_TENDER,INDIAN RAILWAYS,CENTRAL_CPPP,https://eprocure.gov.in/cppp/
CEN-CE-2021-01180,REF-CEN-CE-2021-01180,DEFENCE RESEARCH DEVELOPMENT ORG,Government of India,CENTRAL,Central District,"CENTRAL, India",Medical Equipment & Consumables,Procurement of medical equipment & consumables for DEFENCE RESEARCH DEVELOPMENT ORG,Official public tender for supply of medical equipment & consumables under standard CENTRAL state procurement guidelines.,2021-05-15 00:00:00,2021-06-05 00:00:00,2021-06-06 00:00:00,2021-06-20,4912821.73,6632309.34,INR,1,GUPTA AND SONS CONTRACTOR,ENT-SUP-7A3AE215B9,GUPTA AND SONS CONTRACTOR,"CENTRAL, India",AWARDED,21.0,0,0,OPEN_TENDER,DEFENCE RESEARCH DEVELOPMENT ORG,CENTRAL_CPPP,https://eprocure.gov.in/cppp/
CEN-CE-2021-01181,REF-CEN-CE-2021-01181,DEFENCE RESEARCH DEVELOPMENT ORG,Government of India,CENTRAL,Central District,"CENTRAL, India",Consultancy & Facility Management,Procurement of consultancy & facility management for DEFENCE RESEARCH DEVELOPMENT ORG,Official public tender for supply of consultancy & facility management under standard CENTRAL state procurement guidelines.,2021-01-27 00:00:00,2021-02-02 00:00:00,2021-02-03 00:00:00,2021-02-17,233239480.9,237904270.52,INR,1,AHLUWALIA CONTRACTS INDIA LIMITED,ENT-SUP-28AFE50D95,AHLUWALIA CONTRACTS INDIA LIMITED,"CENTRAL, India",AWARDED,6.0,1,0,OPEN_TENDER,DEFENCE RESEARCH DEVELOPMENT ORG,CENTRAL_CPPP,https://eprocure.gov.in/cppp/
CEN-CE-2021-01182,REF-CEN-CE-2021-01182,INDIAN RAILWAYS,Government of India,CENTRAL,Central District,"CENTRAL, India",Consultancy & Facility Management,Procurement of consultancy & facility management for INDIAN RAILWAYS,Official public tender for supply of consultancy & facility management under standard CENTRAL state procurement guidelines.,2021-04-28 00:00:00,2021-05-12 00:00:00,2021-05-13 00:00:00,2021-05-27,4952128.92,6685374.04,INR,2,VANGUARD POWER SERVICES,ENT-SUP-FBE5090586,VANGUARD POWER SERVICES,"CENTRAL, India",AWARDED,14.0,0,0,OPEN_TENDER,INDIAN RAILWAYS,CENTRAL_CPPP,https://eprocure.gov.in/cppp/
CEN-CE-2021-01183,REF-CEN-CE-2021-01183,NHAI HIGHWAYS,Government of India,CENTRAL,Central District,"CENTRAL, India",Consultancy & Facility Management,Procurement of consultancy & facility management for NHAI HIGHWAYS,Official public tender for supply of consultancy & facility management under standard CENTRAL state procurement guidelines.,2020-11-27 00:00:00,2020-12-03 00:00:00,2020-12-04 00:00:00,2020-12-18,21526246.21,20449933.9,INR,3,TATA PROJECTS LIMITED,ENT-SUP-861D6E7011,TATA PROJECTS LIMITED,"CENTRAL, India",AWARDED,6.0,0,0,OPEN_TENDER,NHAI HIGHWAYS,CENTRAL_CPPP,https://eprocure.gov.in/cppp/
CEN-CE-2021-01184,REF-CEN-CE-2021-01184,INDIAN RAILWAYS,Government of India,CENTRAL,Central District,"CENTRAL, India",Medical Equipment & Consumables,Procurement of medical equipment & consumables for INDIAN RAILWAYS,Official public tender for supply of medical equipment & consumables under standard CENTRAL state procurement guidelines.,2021-01-04 00:00:00,2021-02-03 00:00:00,2021-02-04 00:00:00,2021-02-18,16135573.5,16458284.97,INR,2,APEX MEDITECH SOLUTIONS,ENT-SUP-A750489DC1,APEX MEDITECH SOLUTIONS,"CENTRAL, India",AWARDED,30.0,0,0,OPEN_TENDER,INDIAN RAILWAYS,CENTRAL_CPPP,https://eprocure.gov.in/cppp/
CEN-CE-2021-01185,REF-CEN-CE-2021-01185,CENTRAL PUBLIC WORKS DEPARTMENT,Government of India,CENTRAL,Central District,"CENTRAL, India",Civil Works & Infrastructure,Procurement of civil works & infrastructure for CENTRAL PUBLIC WORKS DEPARTMENT,Official public tender for supply of civil works & infrastructure under standard CENTRAL state procurement guidelines.,2019-09-18 00:00:00,2019-09-24 00:00:00,2019-09-25 00:00:00,2019-10-09,9012198.5,10364028.28,INR,4,VANGUARD POWER SERVICES,ENT-SUP-FBE5090586,VANGUARD POWER SERVICES,"CENTRAL, India",AWARDED,6.0,0,0,OPEN_TENDER,CENTRAL PUBLIC WORKS DEPARTMENT,CENTRAL_CPPP,https://eprocure.gov.in/cppp/
CEN-CE-2021-01186,REF-CEN-CE-2021-01186,MINISTRY OF HEALTH FAMILY WELFARE,Government of India,CENTRAL,Central District,"CENTRAL, India",Consultancy & Facility Management,Procurement of consultancy & facility management for MINISTRY OF HEALTH FAMILY WELFARE,Official public tender for supply of consultancy & facility management under standard CENTRAL state procurement guidelines.,2019-11-11 00:00:00,2019-12-02 00:00:00,2019-12-03 00:00:00,2019-12-17,20669299.58,19635834.6,INR,3,TATA PROJECTS LIMITED,ENT-SUP-861D6E7011,TATA PROJECTS LIMITED,"CENTRAL, India",AWARDED,21.0,0,0,OPEN_TENDER,MINISTRY OF HEALTH FAMILY WELFARE,CENTRAL_CPPP,https://eprocure.gov.in/cppp/
CEN-CE-2021-01187,REF-CEN-CE-2021-01187,CENTRAL PUBLIC WORKS DEPARTMENT,Government of India,CENTRAL,Central District,"CENTRAL, India",Information Technology & Software,Procurement of information technology & software for CENTRAL PUBLIC WORKS DEPARTMENT,Official public tender for supply of information technology & software under standard CENTRAL state procurement guidelines.,2019-09-01 00:00:00,2019-09-22 00:00:00,2019-09-23 00:00:00,2019-10-07,4979681.25,5726633.44,INR,2,ZENITH INFRASTRUCTURE PROJECTS,ENT-SUP-4F350A4CA1,ZENITH INFRASTRUCTURE PROJECTS,"CENTRAL, India",AWARDED,21.0,0,0,OPEN_TENDER,CENTRAL PUBLIC WORKS DEPARTMENT,CENTRAL_CPPP,https://eprocure.gov.in/cppp/
CEN-CE-2021-01188,REF-CEN-CE-2021-01188,MINISTRY OF HEALTH FAMILY WELFARE,Government of India,CENTRAL,Central District,"CENTRAL, India",Medical Equipment & Consumables,Procurement of medical equipment & consumables for MINISTRY OF HEALTH FAMILY WELFARE,Official public tender for supply of medical equipment & consumables under standard CENTRAL state procurement guidelines.,2021-07-06 00:00:00,2021-07-12 00:00:00,2021-07-13 00:00:00,2021-07-27,95008671.37,96908844.8,INR,1,PNC INFRATECH LIMITED,ENT-SUP-4B3E89D111,PNC INFRATECH LIMITED,"CENTRAL, India",AWARDED,6.0,0,0,OPEN_TENDER,MINISTRY OF HEALTH FAMILY WELFARE,CENTRAL_CPPP,https://eprocure.gov.in/cppp/
CEN-CE-2021-01189,REF-CEN-CE-2021-01189,INDIAN RAILWAYS,Government of India,CENTRAL,Central District,"CENTRAL, India",Medical Equipment & Consumables,Procurement of medical equipment & consumables for INDIAN RAILWAYS,Official public tender for supply of medical equipment & consumables under standard CENTRAL state procurement guidelines.,2020-11-23 00:00:00,2020-11-27 00:00:00,2020-11-28 00:00:00,2020-12-12,4454437.68,6013490.87,INR,3,NCC LIMITED INFRASTRUCTURE,ENT-SUP-0DFD916C8B,NCC LIMITED INFRASTRUCTURE,"CENTRAL, India",AWARDED,4.0,0,0,OPEN_TENDER,INDIAN RAILWAYS,CENTRAL_CPPP,https://eprocure.gov.in/cppp/
CEN-CE-2021-01190,REF-CEN-CE-2021-01190,INDIAN RAILWAYS,Government of India,CENTRAL,Central District,"CENTRAL, India",Electrical & Mechanical,Procurement of electrical & mechanical for INDIAN RAILWAYS,Official public tender for supply of electrical & mechanical under standard CENTRAL state procurement guidelines.,2019-05-30 00:00:00,2019-06-13 00:00:00,2019-06-14 00:00:00,2019-06-28,4985896.33,4387588.77,INR,3,NCC LIMITED INFRASTRUCTURE,ENT-SUP-0DFD916C8B,NCC LIMITED INFRASTRUCTURE,"CENTRAL, India",AWARDED,14.0,0,0,OPEN_TENDER,INDIAN RAILWAYS,CENTRAL_CPPP,https://eprocure.gov.in/cppp/
CEN-CE-2021-01191,REF-CEN-CE-2021-01191,INDIAN RAILWAYS,Government of India,CENTRAL,Central District,"CENTRAL, India",Consultancy & Facility Management,Procurement of consultancy & facility management for INDIAN RAILWAYS,Official public tender for supply of consultancy & facility management under standard CENTRAL state procurement guidelines.,2020-12-07 00:00:00,2020-12-11 00:00:00,2020-12-12 00:00:00,2020-12-26,3534771.78,3110599.17,INR,1,KNR CONSTRUCTION,ENT-SUP-6A86A67807,KNR CONSTRUCTION,"CENTRAL, India",AWARDED,4.0,1,0,OPEN_TENDER,INDIAN RAILWAYS,CENTRAL_CPPP,https://eprocure.gov.in/cppp/
CEN-CE-2021-01192,REF-CEN-CE-2021-01192,NHAI HIGHWAYS,Government of India,CENTRAL,Central District,"CENTRAL, India",Electrical & Mechanical,Procurement of electrical & mechanical for NHAI HIGHWAYS,Official public tender for supply of electrical & mechanical under standard CENTRAL state procurement guidelines.,2021-07-24 00:00:00,2021-07-28 00:00:00,2021-07-29 00:00:00,2021-08-12,18605327.97,21396127.17,INR,4,SHARMA ENGINEERING WORKS,ENT-SUP-9473B0CC3C,SHARMA ENGINEERING WORKS,"CENTRAL, India",AWARDED,4.0,2,0,OPEN_TENDER,NHAI HIGHWAYS,CENTRAL_CPPP,https://eprocure.gov.in/cppp/
CEN-CE-2021-01193,REF-CEN-CE-2021-01193,DEFENCE RESEARCH DEVELOPMENT ORG,Government of India,CENTRAL,Central District,"CENTRAL, India",Medical Equipment & Consumables,Procurement of medical equipment & consumables for DEFENCE RESEARCH DEVELOPMENT ORG,Official public tender for supply of medical equipment & consumables under standard CENTRAL state procurement guidelines.,2020-02-26 00:00:00,2020-03-27 00:00:00,2020-03-28 00:00:00,2020-04-11,4902671.98,6618607.18,INR,2,APEX MEDITECH SOLUTIONS,ENT-SUP-A750489DC1,APEX MEDITECH SOLUTIONS,"CENTRAL, India",AWARDED,30.0,0,0,OPEN_TENDER,DEFENCE RESEARCH DEVELOPMENT ORG,CENTRAL_CPPP,https://eprocure.gov.in/cppp/
CEN-CE-2021-01194,REF-CEN-CE-2021-01194,DEFENCE RESEARCH DEVELOPMENT ORG,Government of India,CENTRAL,Central District,"CENTRAL, India",Electrical & Mechanical,Procurement of electrical & mechanical for DEFENCE RESEARCH DEVELOPMENT ORG,Official public tender for supply of electrical & mechanical under standard CENTRAL state procurement guidelines.,2019-12-01 00:00:00,2019-12-15 00:00:00,2019-12-16 00:00:00,2019-12-30,17529217.94,16652757.04,INR,1,NCC LIMITED INFRASTRUCTURE,ENT-SUP-0DFD916C8B,NCC LIMITED INFRASTRUCTURE,"CENTRAL, India",AWARDED,14.0,0,0,OPEN_TENDER,DEFENCE RESEARCH DEVELOPMENT ORG,CENTRAL_CPPP,https://eprocure.gov.in/cppp/
CEN-CE-2021-01195,REF-CEN-CE-2021-01195,MINISTRY OF HEALTH FAMILY WELFARE,Government of India,CENTRAL,Central District,"CENTRAL, India",Consultancy & Facility Management,Procurement of consultancy & facility management for MINISTRY OF HEALTH FAMILY WELFARE,Official public tender for supply of consultancy & facility management under standard CENTRAL state procurement guidelines.,2020-04-01 00:00:00,2020-05-01 00:00:00,2020-05-02 00:00:00,2020-05-16,108955381.27,95880735.52,INR,4,NCC LIMITED INFRASTRUCTURE,ENT-SUP-0DFD916C8B,NCC LIMITED INFRASTRUCTURE,"CENTRAL, India",AWARDED,30.0,0,0,OPEN_TENDER,MINISTRY OF HEALTH FAMILY WELFARE,CENTRAL_CPPP,https://eprocure.gov.in/cppp/
CEN-CE-2021-01196,REF-CEN-CE-2021-01196,INDIAN RAILWAYS,Government of India,CENTRAL,Central District,"CENTRAL, India",Electrical & Mechanical,Procurement of electrical & mechanical for INDIAN RAILWAYS,Official public tender for supply of electrical & mechanical under standard CENTRAL state procurement guidelines.,2020-10-12 00:00:00,2020-10-16 00:00:00,2020-10-17 00:00:00,2020-10-31,4907171.79,4661813.2,INR,1,AHLUWALIA CONTRACTS INDIA LIMITED,ENT-SUP-28AFE50D95,AHLUWALIA CONTRACTS INDIA LIMITED,"CENTRAL, India",AWARDED,4.0,0,0,OPEN_TENDER,INDIAN RAILWAYS,CENTRAL_CPPP,https://eprocure.gov.in/cppp/
CEN-CE-2021-01197,REF-CEN-CE-2021-01197,DEFENCE RESEARCH DEVELOPMENT ORG,Government of India,CENTRAL,Central District,"CENTRAL, India",Electrical & Mechanical,Procurement of electrical & mechanical for DEFENCE RESEARCH DEVELOPMENT ORG,Official public tender for supply of electrical & mechanical under standard CENTRAL state procurement guidelines.,2021-04-29 00:00:00,2021-05-20 00:00:00,2021-05-21 00:00:00,2021-06-04,11714733.87,10308965.81,INR,5,KNR CONSTRUCTION,ENT-SUP-6A86A67807,KNR CONSTRUCTION,"CENTRAL, India",AWARDED,21.0,0,0,OPEN_TENDER,DEFENCE RESEARCH DEVELOPMENT ORG,CENTRAL_CPPP,https://eprocure.gov.in/cppp/
CEN-CE-2021-01198,REF-CEN-CE-2021-01198,DEFENCE RESEARCH DEVELOPMENT ORG,Government of India,CENTRAL,Central District,"CENTRAL, India",Information Technology & Software,Procurement of information technology & software for DEFENCE RESEARCH DEVELOPMENT ORG,Official public tender for supply of information technology & software under standard CENTRAL state procurement guidelines.,2020-04-06 00:00:00,2020-04-12 00:00:00,2020-04-13 00:00:00,2020-04-27,6666699.8,5866695.83,INR,5,TATA PROJECTS LIMITED,ENT-SUP-861D6E7011,TATA PROJECTS LIMITED,"CENTRAL, India",AWARDED,6.0,0,0,OPEN_TENDER,DEFENCE RESEARCH DEVELOPMENT ORG,CENTRAL_CPPP,https://eprocure.gov.in/cppp/
CEN-CE-2021-01199,REF-CEN-CE-2021-01199,NHAI HIGHWAYS,Government of India,CENTRAL,Central District,"CENTRAL, India",Information Technology & Software,Procurement of information technology & software for NHAI HIGHWAYS,Official public tender for supply of information technology & software under standard CENTRAL state procurement guidelines.,2019-08-25 00:00:00,2019-09-24 00:00:00,2019-09-25 00:00:00,2019-10-09,51779825.76,55922211.82,INR,2,DILIP BUILDCON LIMITED,ENT-SUP-55226FC7C8,DILIP BUILDCON LIMITED,"CENTRAL, India",AWARDED,30.0,2,0,OPEN_TENDER,NHAI HIGHWAYS,CENTRAL_CPPP,https://eprocure.gov.in/cppp/
CEN-CE-2021-01200,REF-CEN-CE-2021-01200,MINISTRY OF HEALTH FAMILY WELFARE,Government of India,CENTRAL,Central District,"CENTRAL, India",Medical Equipment & Consumables,Procurement of medical equipment & consumables for MINISTRY OF HEALTH FAMILY WELFARE,Official public tender for supply of medical equipment & consumables under standard CENTRAL state procurement guidelines.,2019-09-14 00:00:00,2019-09-28 00:00:00,2019-09-29 00:00:00,2019-10-13,93725060.71,101223065.57,INR,2,APEX MEDITECH SOLUTIONS,ENT-SUP-A750489DC1,APEX MEDITECH SOLUTIONS,"CENTRAL, India",AWARDED,14.0,2,0,OPEN_TENDER,MINISTRY OF HEALTH FAMILY WELFARE,CENTRAL_CPPP,https://eprocure.gov.in/cppp/
CEN-CE-2021-01201,REF-CEN-CE-2021-01201,DEFENCE RESEARCH DEVELOPMENT ORG,Government of India,CENTRAL,Central District,"CENTRAL, India",Medical Equipment & Consumables,Procurement of medical equipment & consumables for DEFENCE RESEARCH DEVELOPMENT ORG,Official public tender for supply of medical equipment & consumables under standard CENTRAL state procurement guidelines.,2021-03-04 00:00:00,2021-03-08 00:00:00,2021-03-09 00:00:00,2021-03-23,51866722.42,70020075.26,INR,1,VANGUARD POWER SERVICES,ENT-SUP-FBE5090586,VANGUARD POWER SERVICES,"CENTRAL, India",AWARDED,4.0,1,0,OPEN_TENDER,DEFENCE RESEARCH DEVELOPMENT ORG,CENTRAL_CPPP,https://eprocure.gov.in/cppp/
CEN-CE-2021-01202,REF-CEN-CE-2021-01202,CENTRAL PUBLIC WORKS DEPARTMENT,Government of India,CENTRAL,Central District,"CENTRAL, India",Consultancy & Facility Management,Procurement of consultancy & facility management for CENTRAL PUBLIC WORKS DEPARTMENT,Official public tender for supply of consultancy & facility management under standard CENTRAL state procurement guidelines.,2019-10-13 00:00:00,2019-10-17 00:00:00,2019-10-18 00:00:00,2019-11-01,6202165.11,5892056.86,INR,5,SHREE BALAJI ENTERPRISE,ENT-SUP-CA68E614E4,SHREE BALAJI ENTERPRISE,"CENTRAL, India",AWARDED,4.0,1,0,OPEN_TENDER,CENTRAL PUBLIC WORKS DEPARTMENT,CENTRAL_CPPP,https://eprocure.gov.in/cppp/
CEN-CE-2021-01203,REF-CEN-CE-2021-01203,INDIAN RAILWAYS,Government of India,CENTRAL,Central District,"CENTRAL, India",Electrical & Mechanical,Procurement of electrical & mechanical for INDIAN RAILWAYS,Official public tender for supply of electrical & mechanical under standard CENTRAL state procurement guidelines.,2021-07-20 00:00:00,2021-07-26 00:00:00,2021-07-27 00:00:00,2021-08-10,6331097.43,7280762.05,INR,4,SHARMA ENGINEERING WORKS,ENT-SUP-9473B0CC3C,SHARMA ENGINEERING WORKS,"CENTRAL, India",AWARDED,6.0,0,0,OPEN_TENDER,INDIAN RAILWAYS,CENTRAL_CPPP,https://eprocure.gov.in/cppp/
CEN-CE-2021-01204,REF-CEN-CE-2021-01204,INDIAN RAILWAYS,Government of India,CENTRAL,Central District,"CENTRAL, India",Electrical & Mechanical,Procurement of electrical & mechanical for INDIAN RAILWAYS,Official public tender for supply of electrical & mechanical under standard CENTRAL state procurement guidelines.,2021-02-22 00:00:00,2021-03-24 00:00:00,2021-03-25 00:00:00,2021-04-08,257464054.11,244590851.4,INR,3,PNC INFRATECH LIMITED,ENT-SUP-4B3E89D111,PNC INFRATECH LIMITED,"CENTRAL, India",AWARDED,30.0,0,0,OPEN_TENDER,INDIAN RAILWAYS,CENTRAL_CPPP,https://eprocure.gov.in/cppp/
CEN-CE-2021-01205,REF-CEN-CE-2021-01205,INDIAN RAILWAYS,Government of India,CENTRAL,Central District,"CENTRAL, India",Medical Equipment & Consumables,Procurement of medical equipment & consumables for INDIAN RAILWAYS,Official public tender for supply of medical equipment & consumables under standard CENTRAL state procurement guidelines.,2021-03-16 00:00:00,2021-03-20 00:00:00,2021-03-21 00:00:00,2021-04-04,2067046.56,2232410.28,INR,3,VANGUARD POWER SERVICES,ENT-SUP-FBE5090586,VANGUARD POWER SERVICES,"CENTRAL, India",AWARDED,4.0,0,0,OPEN_TENDER,INDIAN RAILWAYS,CENTRAL_CPPP,https://eprocure.gov.in/cppp/
CEN-CE-2021-01206,REF-CEN-CE-2021-01206,CENTRAL PUBLIC WORKS DEPARTMENT,Government of India,CENTRAL,Central District,"CENTRAL, India",Consultancy & Facility Management,Procurement of consultancy & facility management for CENTRAL PUBLIC WORKS DEPARTMENT,Official public tender for supply of consultancy & facility management under standard CENTRAL state procurement guidelines.,2021-03-24 00:00:00,2021-03-30 00:00:00,2021-03-31 00:00:00,2021-04-14,59528106.91,52384734.08,INR,3,KNR CONSTRUCTION,ENT-SUP-6A86A67807,KNR CONSTRUCTION,"CENTRAL, India",AWARDED,6.0,2,0,OPEN_TENDER,CENTRAL PUBLIC WORKS DEPARTMENT,CENTRAL_CPPP,https://eprocure.gov.in/cppp/
CEN-CE-2021-01207,REF-CEN-CE-2021-01207,NHAI HIGHWAYS,Government of India,CENTRAL,Central District,"CENTRAL, India",Information Technology & Software,Procurement of information technology & software for NHAI HIGHWAYS,Official public tender for supply of information technology & software under standard CENTRAL state procurement guidelines.,2019-06-30 00:00:00,2019-07-30 00:00:00,2019-07-31 00:00:00,2019-08-14,4996892.87,5746426.8,INR,2,AHLUWALIA CONTRACTS INDIA LIMITED,ENT-SUP-28AFE50D95,AHLUWALIA CONTRACTS INDIA LIMITED,"CENTRAL, India",AWARDED,30.0,0,0,OPEN_TENDER,NHAI HIGHWAYS,CENTRAL_CPPP,https://eprocure.gov.in/cppp/
CEN-CE-2021-01208,REF-CEN-CE-2021-01208,CENTRAL PUBLIC WORKS DEPARTMENT,Government of India,CENTRAL,Central District,"CENTRAL, India",Information Technology & Software,Procurement of information technology & software for CENTRAL PUBLIC WORKS DEPARTMENT,Official public tender for supply of information technology & software under standard CENTRAL state procurement guidelines.,2020-04-19 00:00:00,2020-05-03 00:00:00,2020-05-04 00:00:00,2020-05-18,5659980.75,6112779.22,INR,1,KNR CONSTRUCTION,ENT-SUP-6A86A67807,KNR CONSTRUCTION,"CENTRAL, India",AWARDED,14.0,0,0,OPEN_TENDER,CENTRAL PUBLIC WORKS DEPARTMENT,CENTRAL_CPPP,https://eprocure.gov.in/cppp/
CEN-CE-2021-01209,REF-CEN-CE-2021-01209,NHAI HIGHWAYS,Government of India,CENTRAL,Central District,"CENTRAL, India",Consultancy & Facility Management,Procurement of consultancy & facility management for NHAI HIGHWAYS,Official public tender for supply of consultancy & facility management under standard CENTRAL state procurement guidelines.,2020-05-22 00:00:00,2020-06-12 00:00:00,2020-06-13 00:00:00,2020-06-27,4993641.29,4743959.23,INR,2,TATA PROJECTS LIMITED,ENT-SUP-861D6E7011,TATA PROJECTS LIMITED,"CENTRAL, India",AWARDED,21.0,0,0,OPEN_TENDER,NHAI HIGHWAYS,CENTRAL_CPPP,https://eprocure.gov.in/cppp/
CEN-CE-2021-01210,REF-CEN-CE-2021-01210,MINISTRY OF HEALTH FAMILY WELFARE,Government of India,CENTRAL,Central District,"CENTRAL, India",Information Technology & Software,Procurement of information technology & software for MINISTRY OF HEALTH FAMILY WELFARE,Official public tender for supply of information technology & software under standard CENTRAL state procurement guidelines.,2020-04-28 00:00:00,2020-05-04 00:00:00,2020-05-05 00:00:00,2020-05-19,4905854.0,5298322.32,INR,4,SHARMA ENGINEERING WORKS,ENT-SUP-9473B0CC3C,SHARMA ENGINEERING WORKS,"CENTRAL, India",AWARDED,6.0,2,0,OPEN_TENDER,MINISTRY OF HEALTH FAMILY WELFARE,CENTRAL_CPPP,https://eprocure.gov.in/cppp/
CEN-CE-2021-01211,REF-CEN-CE-2021-01211,NHAI HIGHWAYS,Government of India,CENTRAL,Central District,"CENTRAL, India",Information Technology & Software,Procurement of information technology & software for NHAI HIGHWAYS,Official public tender for supply of information technology & software under standard CENTRAL state procurement guidelines.,2020-10-23 00:00:00,2020-11-06 00:00:00,2020-11-07 00:00:00,2020-11-21,3812222.9,5146500.92,INR,1,NCC LIMITED INFRASTRUCTURE,ENT-SUP-0DFD916C8B,NCC LIMITED INFRASTRUCTURE,"CENTRAL, India",AWARDED,14.0,0,0,OPEN_TENDER,NHAI HIGHWAYS,CENTRAL_CPPP,https://eprocure.gov.in/cppp/
CEN-CE-2021-01212,REF-CEN-CE-2021-01212,INDIAN RAILWAYS,Government of India,CENTRAL,Central District,"CENTRAL, India",Information Technology & Software,Procurement of information technology & software for INDIAN RAILWAYS,Official public tender for supply of information technology & software under standard CENTRAL state procurement guidelines.,2020-07-17 00:00:00,2020-07-23 00:00:00,2020-07-24 00:00:00,2020-08-07,201401837.56,271892480.71,INR,1,BHARAT DIAGNOSTIC SYSTEMS,ENT-SUP-C6B6FCD7BC,BHARAT DIAGNOSTIC SYSTEMS,"CENTRAL, India",AWARDED,6.0,0,0,OPEN_TENDER,INDIAN RAILWAYS,CENTRAL_CPPP,https://eprocure.gov.in/cppp/
CEN-CE-2021-01213,REF-CEN-CE-2021-01213,MINISTRY OF HEALTH FAMILY WELFARE,Government of India,CENTRAL,Central District,"CENTRAL, India",Electrical & Mechanical,Procurement of electrical & mechanical for MINISTRY OF HEALTH FAMILY WELFARE,Official public tender for supply of electrical & mechanical under standard CENTRAL state procurement guidelines.,2020-02-13 00:00:00,2020-02-17 00:00:00,2020-02-18 00:00:00,2020-03-03,4900681.42,5635783.63,INR,1,VANGUARD POWER SERVICES,ENT-SUP-FBE5090586,VANGUARD POWER SERVICES,"CENTRAL, India",AWARDED,4.0,2,0,OPEN_TENDER,MINISTRY OF HEALTH FAMILY WELFARE,CENTRAL_CPPP,https://eprocure.gov.in/cppp/
CEN-CE-2021-01214,REF-CEN-CE-2021-01214,INDIAN RAILWAYS,Government of India,CENTRAL,Central District,"CENTRAL, India",Consultancy & Facility Management,Procurement of consultancy & facility management for INDIAN RAILWAYS,Official public tender for supply of consultancy & facility management under standard CENTRAL state procurement guidelines.,2019-09-08 00:00:00,2019-09-12 00:00:00,2019-09-13 00:00:00,2019-09-27,4922929.2,5661368.58,INR,2,PNC INFRATECH LIMITED,ENT-SUP-4B3E89D111,PNC INFRATECH LIMITED,"CENTRAL, India",AWARDED,4.0,0,0,OPEN_TENDER,INDIAN RAILWAYS,CENTRAL_CPPP,https://eprocure.gov.in/cppp/
CEN-CE-2021-01215,REF-CEN-CE-2021-01215,NHAI HIGHWAYS,Government of India,CENTRAL,Central District,"CENTRAL, India",Medical Equipment & Consumables,Procurement of medical equipment & consumables for NHAI HIGHWAYS,Official public tender for supply of medical equipment & consumables under standard CENTRAL state procurement guidelines.,2019-07-07 00:00:00,2019-08-06 00:00:00,2019-08-07 00:00:00,2019-08-21,18426798.9,19900942.81,INR,2,APEX MEDITECH SOLUTIONS,ENT-SUP-A750489DC1,APEX MEDITECH SOLUTIONS,"CENTRAL, India",AWARDED,30.0,0,0,OPEN_TENDER,NHAI HIGHWAYS,CENTRAL_CPPP,https://eprocure.gov.in/cppp/
CEN-CE-2021-01216,REF-CEN-CE-2021-01216,CENTRAL PUBLIC WORKS DEPARTMENT,Government of India,CENTRAL,Central District,"CENTRAL, India",Civil Works & Infrastructure,Procurement of civil works & infrastructure for CENTRAL PUBLIC WORKS DEPARTMENT,Official public tender for supply of civil works & infrastructure under standard CENTRAL state procurement guidelines.,2020-04-07 00:00:00,2020-04-28 00:00:00,2020-04-29 00:00:00,2020-05-13,14402947.83,12674594.09,INR,2,GUPTA AND SONS CONTRACTOR,ENT-SUP-7A3AE215B9,GUPTA AND SONS CONTRACTOR,"CENTRAL, India",AWARDED,21.0,1,0,OPEN_TENDER,CENTRAL PUBLIC WORKS DEPARTMENT,CENTRAL_CPPP,https://eprocure.gov.in/cppp/
CEN-CE-2021-01217,REF-CEN-CE-2021-01217,CENTRAL PUBLIC WORKS DEPARTMENT,Government of India,CENTRAL,Central District,"CENTRAL, India",Information Technology & Software,Procurement of information technology & software for CENTRAL PUBLIC WORKS DEPARTMENT,Official public tender for supply of information technology & software under standard CENTRAL state procurement guidelines.,2020-03-07 00:00:00,2020-03-11 00:00:00,2020-03-12 00:00:00,2020-03-26,24860708.42,26849565.1,INR,1,KNR CONSTRUCTION,ENT-SUP-6A86A67807,KNR CONSTRUCTION,"CENTRAL, India",AWARDED,4.0,0,0,OPEN_TENDER,CENTRAL PUBLIC WORKS DEPARTMENT,CENTRAL_CPPP,https://eprocure.gov.in/cppp/
CEN-CE-2021-01218,REF-CEN-CE-2021-01218,INDIAN RAILWAYS,Government of India,CENTRAL,Central District,"CENTRAL, India",Medical Equipment & Consumables,Procurement of medical equipment & consumables for INDIAN RAILWAYS,Official public tender for supply of medical equipment & consumables under standard CENTRAL state procurement guidelines.,2021-04-04 00:00:00,2021-04-25 00:00:00,2021-04-26 00:00:00,2021-05-10,4390097.22,3863285.55,INR,2,APEX MEDITECH SOLUTIONS,ENT-SUP-A750489DC1,APEX MEDITECH SOLUTIONS,"CENTRAL, India",AWARDED,21.0,0,0,OPEN_TENDER,INDIAN RAILWAYS,CENTRAL_CPPP,https://eprocure.gov.in/cppp/
CEN-CE-2021-01219,REF-CEN-CE-2021-01219,CENTRAL PUBLIC WORKS DEPARTMENT,Government of India,CENTRAL,Central District,"CENTRAL, India",Consultancy & Facility Management,Procurement of consultancy & facility management for CENTRAL PUBLIC WORKS DEPARTMENT,Official public tender for supply of consultancy & facility management under standard CENTRAL state procurement guidelines.,2019-08-06 00:00:00,2019-08-20 00:00:00,2019-08-21 00:00:00,2019-09-04,4957208.01,4709347.6,INR,4,SHREE BALAJI ENTERPRISE,ENT-SUP-CA68E614E4,SHREE BALAJI ENTERPRISE,"CENTRAL, India",AWARDED,14.0,0,0,OPEN_TENDER,CENTRAL PUBLIC WORKS DEPARTMENT,CENTRAL_CPPP,https://eprocure.gov.in/cppp/
CEN-CE-2021-01220,REF-CEN-CE-2021-01220,MINISTRY OF HEALTH FAMILY WELFARE,Government of India,CENTRAL,Central District,"CENTRAL, India",Electrical & Mechanical,Procurement of electrical & mechanical for MINISTRY OF HEALTH FAMILY WELFARE,Official public tender for supply of electrical & mechanical under standard CENTRAL state procurement guidelines.,2021-05-12 00:00:00,2021-05-26 00:00:00,2021-05-27 00:00:00,2021-06-10,15068161.22,17328385.4,INR,1,APEX MEDITECH SOLUTIONS,ENT-SUP-A750489DC1,APEX MEDITECH SOLUTIONS,"CENTRAL, India",AWARDED,14.0,0,0,OPEN_TENDER,MINISTRY OF HEALTH FAMILY WELFARE,CENTRAL_CPPP,https://eprocure.gov.in/cppp/
CEN-CE-2021-01221,REF-CEN-CE-2021-01221,CENTRAL PUBLIC WORKS DEPARTMENT,Government of India,CENTRAL,Central District,"CENTRAL, India",Civil Works & Infrastructure,Procurement of civil works & infrastructure for CENTRAL PUBLIC WORKS DEPARTMENT,Official public tender for supply of civil works & infrastructure under standard CENTRAL state procurement guidelines.,2019-12-28 00:00:00,2020-01-18 00:00:00,2020-01-19 00:00:00,2020-02-02,3875789.72,3410694.95,INR,3,SHREE BALAJI ENTERPRISE,ENT-SUP-CA68E614E4,SHREE BALAJI ENTERPRISE,"CENTRAL, India",AWARDED,21.0,0,0,OPEN_TENDER,CENTRAL PUBLIC WORKS DEPARTMENT,CENTRAL_CPPP,https://eprocure.gov.in/cppp/
CEN-CE-2021-01222,REF-CEN-CE-2021-01222,INDIAN RAILWAYS,Government of India,CENTRAL,Central District,"CENTRAL, India",Civil Works & Infrastructure,Procurement of civil works & infrastructure for INDIAN RAILWAYS,Official public tender for supply of civil works & infrastructure under standard CENTRAL state procurement guidelines.,2021-09-06 00:00:00,2021-10-06 00:00:00,2021-10-07 00:00:00,2021-10-21,2449394.89,2816804.13,INR,3,KNR CONSTRUCTION,ENT-SUP-6A86A67807,KNR CONSTRUCTION,"CENTRAL, India",AWARDED,30.0,0,0,OPEN_TENDER,INDIAN RAILWAYS,CENTRAL_CPPP,https://eprocure.gov.in/cppp/
CEN-CE-2021-01223,REF-CEN-CE-2021-01223,DEFENCE RESEARCH DEVELOPMENT ORG,Government of India,CENTRAL,Central District,"CENTRAL, India",Consultancy & Facility Management,Procurement of consultancy & facility management for DEFENCE RESEARCH DEVELOPMENT ORG,Official public tender for supply of consultancy & facility management under standard CENTRAL state procurement guidelines.,2021-03-13 00:00:00,2021-03-27 00:00:00,2021-03-28 00:00:00,2021-04-11,18304599.18,17389369.22,INR,3,LARSEN AND TOUBRO CONSTRUCTION,ENT-SUP-6C6BEB7D6E,LARSEN AND TOUBRO CONSTRUCTION,"CENTRAL, India",AWARDED,14.0,0,0,OPEN_TENDER,DEFENCE RESEARCH DEVELOPMENT ORG,CENTRAL_CPPP,https://eprocure.gov.in/cppp/
CEN-CE-2021-01224,REF-CEN-CE-2021-01224,MINISTRY OF HEALTH FAMILY WELFARE,Government of India,CENTRAL,Central District,"CENTRAL, India",Information Technology & Software,Procurement of information technology & software for MINISTRY OF HEALTH FAMILY WELFARE,Official public tender for supply of information technology & software under standard CENTRAL state procurement guidelines.,2019-12-28 00:00:00,2020-01-03 00:00:00,2020-01-04 00:00:00,2020-01-18,17053904.37,15007435.85,INR,5,BHARAT DIAGNOSTIC SYSTEMS,ENT-SUP-C6B6FCD7BC,BHARAT DIAGNOSTIC SYSTEMS,"CENTRAL, India",AWARDED,6.0,0,0,OPEN_TENDER,MINISTRY OF HEALTH FAMILY WELFARE,CENTRAL_CPPP,https://eprocure.gov.in/cppp/
CEN-CE-2021-01225,REF-CEN-CE-2021-01225,DEFENCE RESEARCH DEVELOPMENT ORG,Government of India,CENTRAL,Central District,"CENTRAL, India",Electrical & Mechanical,Procurement of electrical & mechanical for DEFENCE RESEARCH DEVELOPMENT ORG,Official public tender for supply of electrical & mechanical under standard CENTRAL state procurement guidelines.,2021-03-04 00:00:00,2021-03-08 00:00:00,2021-03-09 00:00:00,2021-03-23,4361392.08,5015600.89,INR,1,APEX MEDITECH SOLUTIONS,ENT-SUP-A750489DC1,APEX MEDITECH SOLUTIONS,"CENTRAL, India",AWARDED,4.0,1,0,OPEN_TENDER,DEFENCE RESEARCH DEVELOPMENT ORG,CENTRAL_CPPP,https://eprocure.gov.in/cppp/
CEN-CE-2021-01226,REF-CEN-CE-2021-01226,INDIAN RAILWAYS,Government of India,CENTRAL,Central District,"CENTRAL, India",Medical Equipment & Consumables,Procurement of medical equipment & consumables for INDIAN RAILWAYS,Official public tender for supply of medical equipment & consumables under standard CENTRAL state procurement guidelines.,2020-03-12 00:00:00,2020-03-18 00:00:00,2020-03-19 00:00:00,2020-04-02,4940029.06,6669039.23,INR,3,APEX MEDITECH SOLUTIONS,ENT-SUP-A750489DC1,APEX MEDITECH SOLUTIONS,"CENTRAL, India",AWARDED,6.0,0,0,OPEN_TENDER,INDIAN RAILWAYS,CENTRAL_CPPP,https://eprocure.gov.in/cppp/
CEN-CE-2021-01227,REF-CEN-CE-2021-01227,DEFENCE RESEARCH DEVELOPMENT ORG,Government of India,CENTRAL,Central District,"CENTRAL, India",Consultancy & Facility Management,Procurement of consultancy & facility management for DEFENCE RESEARCH DEVELOPMENT ORG,Official public tender for supply of consultancy & facility management under standard CENTRAL state procurement guidelines.,2019-02-19 00:00:00,2019-03-05 00:00:00,2019-03-06 00:00:00,2019-03-20,4998080.54,5098042.15,INR,1,KNR CONSTRUCTION,ENT-SUP-6A86A67807,KNR CONSTRUCTION,"CENTRAL, India",AWARDED,14.0,0,0,OPEN_TENDER,DEFENCE RESEARCH DEVELOPMENT ORG,CENTRAL_CPPP,https://eprocure.gov.in/cppp/
CEN-CE-2021-01228,REF-CEN-CE-2021-01228,DEFENCE RESEARCH DEVELOPMENT ORG,Government of India,CENTRAL,Central District,"CENTRAL, India",Medical Equipment & Consumables,Procurement of medical equipment & consumables for DEFENCE RESEARCH DEVELOPMENT ORG,Official public tender for supply of medical equipment & consumables under standard CENTRAL state procurement guidelines.,2020-12-26 00:00:00,2021-01-09 00:00:00,2021-01-10 00:00:00,2021-01-24,76251364.06,72438795.86,INR,1,GUPTA AND SONS CONTRACTOR,ENT-SUP-7A3AE215B9,GUPTA AND SONS CONTRACTOR,"CENTRAL, India",AWARDED,14.0,0,0,OPEN_TENDER,DEFENCE RESEARCH DEVELOPMENT ORG,CENTRAL_CPPP,https://eprocure.gov.in/cppp/
CEN-CE-2021-01229,REF-CEN-CE-2021-01229,INDIAN RAILWAYS,Government of India,CENTRAL,Central District,"CENTRAL, India",Information Technology & Software,Procurement of information technology & software for INDIAN RAILWAYS,Official public tender for supply of information technology & software under standard CENTRAL state procurement guidelines.,2019-03-30 00:00:00,2019-04-05 00:00:00,2019-04-06 00:00:00,2019-04-20,4959958.79,4364763.73,INR,1,SHREE BALAJI ENTERPRISE,ENT-SUP-CA68E614E4,SHREE BALAJI ENTERPRISE,"CENTRAL, India",AWARDED,6.0,0,0,OPEN_TENDER,INDIAN RAILWAYS,CENTRAL_CPPP,https://eprocure.gov.in/cppp/
CEN-CE-2021-01230,REF-CEN-CE-2021-01230,CENTRAL PUBLIC WORKS DEPARTMENT,Government of India,CENTRAL,Central District,"CENTRAL, India",Consultancy & Facility Management,Procurement of consultancy & facility management for CENTRAL PUBLIC WORKS DEPARTMENT,Official public tender for supply of consultancy & facility management under standard CENTRAL state procurement guidelines.,2021-05-08 00:00:00,2021-05-29 00:00:00,2021-05-30 00:00:00,2021-06-13,8460579.36,9729666.27,INR,5,PNC INFRATECH LIMITED,ENT-SUP-4B3E89D111,PNC INFRATECH LIMITED,"CENTRAL, India",AWARDED,21.0,0,0,OPEN_TENDER,CENTRAL PUBLIC WORKS DEPARTMENT,CENTRAL_CPPP,https://eprocure.gov.in/cppp/
CEN-CE-2021-01231,REF-CEN-CE-2021-01231,NHAI HIGHWAYS,Government of India,CENTRAL,Central District,"CENTRAL, India",Information Technology & Software,Procurement of information technology & software for NHAI HIGHWAYS,Official public tender for supply of information technology & software under standard CENTRAL state procurement guidelines.,2020-11-04 00:00:00,2020-12-04 00:00:00,2020-12-05 00:00:00,2020-12-19,4714277.22,6364274.25,INR,1,NCC LIMITED INFRASTRUCTURE,ENT-SUP-0DFD916C8B,NCC LIMITED INFRASTRUCTURE,"CENTRAL, India",AWARDED,30.0,0,0,OPEN_TENDER,NHAI HIGHWAYS,CENTRAL_CPPP,https://eprocure.gov.in/cppp/
CEN-CE-2021-01232,REF-CEN-CE-2021-01232,MINISTRY OF HEALTH FAMILY WELFARE,Government of India,CENTRAL,Central District,"CENTRAL, India",Medical Equipment & Consumables,Procurement of medical equipment & consumables for MINISTRY OF HEALTH FAMILY WELFARE,Official public tender for supply of medical equipment & consumables under standard CENTRAL state procurement guidelines.,2019-06-15 00:00:00,2019-07-06 00:00:00,2019-07-07 00:00:00,2019-07-21,16700374.36,17034381.85,INR,4,VANGUARD POWER SERVICES,ENT-SUP-FBE5090586,VANGUARD POWER SERVICES,"CENTRAL, India",AWARDED,21.0,0,0,OPEN_TENDER,MINISTRY OF HEALTH FAMILY WELFARE,CENTRAL_CPPP,https://eprocure.gov.in/cppp/
CEN-CE-2021-01233,REF-CEN-CE-2021-01233,DEFENCE RESEARCH DEVELOPMENT ORG,Government of India,CENTRAL,Central District,"CENTRAL, India",Electrical & Mechanical,Procurement of electrical & mechanical for DEFENCE RESEARCH DEVELOPMENT ORG,Official public tender for supply of electrical & mechanical under standard CENTRAL state procurement guidelines.,2020-07-13 00:00:00,2020-08-03 00:00:00,2020-08-04 00:00:00,2020-08-18,11132370.69,15028700.43,INR,5,PNC INFRATECH LIMITED,ENT-SUP-4B3E89D111,PNC INFRATECH LIMITED,"CENTRAL, India",AWARDED,21.0,0,0,OPEN_TENDER,DEFENCE RESEARCH DEVELOPMENT ORG,CENTRAL_CPPP,https://eprocure.gov.in/cppp/
CEN-CE-2021-01234,REF-CEN-CE-2021-01234,DEFENCE RESEARCH DEVELOPMENT ORG,Government of India,CENTRAL,Central District,"CENTRAL, India",Civil Works & Infrastructure,Procurement of civil works & infrastructure for DEFENCE RESEARCH DEVELOPMENT ORG,Official public tender for supply of civil works & infrastructure under standard CENTRAL state procurement guidelines.,2020-11-20 00:00:00,2020-12-04 00:00:00,2020-12-05 00:00:00,2020-12-19,4940733.11,5335991.76,INR,4,AHLUWALIA CONTRACTS INDIA LIMITED,ENT-SUP-28AFE50D95,AHLUWALIA CONTRACTS INDIA LIMITED,"CENTRAL, India",AWARDED,14.0,1,0,OPEN_TENDER,DEFENCE RESEARCH DEVELOPMENT ORG,CENTRAL_CPPP,https://eprocure.gov.in/cppp/
CEN-CE-2021-01235,REF-CEN-CE-2021-01235,MINISTRY OF HEALTH FAMILY WELFARE,Government of India,CENTRAL,Central District,"CENTRAL, India",Electrical & Mechanical,Procurement of electrical & mechanical for MINISTRY OF HEALTH FAMILY WELFARE,Official public tender for supply of electrical & mechanical under standard CENTRAL state procurement guidelines.,2020-07-16 00:00:00,2020-07-30 00:00:00,2020-07-31 00:00:00,2020-08-14,2903257.46,2758094.58,INR,1,SHARMA ENGINEERING WORKS,ENT-SUP-9473B0CC3C,SHARMA ENGINEERING WORKS,"CENTRAL, India",AWARDED,14.0,0,0,OPEN_TENDER,MINISTRY OF HEALTH FAMILY WELFARE,CENTRAL_CPPP,https://eprocure.gov.in/cppp/
CEN-CE-2021-01236,REF-CEN-CE-2021-01236,CENTRAL PUBLIC WORKS DEPARTMENT,Government of India,CENTRAL,Central District,"CENTRAL, India",Medical Equipment & Consumables,Procurement of medical equipment & consumables for CENTRAL PUBLIC WORKS DEPARTMENT,Official public tender for supply of medical equipment & consumables under standard CENTRAL state procurement guidelines.,2019-08-16 00:00:00,2019-08-20 00:00:00,2019-08-21 00:00:00,2019-09-04,4901918.26,5637205.99,INR,2,KNR CONSTRUCTION,ENT-SUP-6A86A67807,KNR CONSTRUCTION,"CENTRAL, India",AWARDED,4.0,2,0,OPEN_TENDER,CENTRAL PUBLIC WORKS DEPARTMENT,CENTRAL_CPPP,https://eprocure.gov.in/cppp/
CEN-CE-2021-01237,REF-CEN-CE-2021-01237,CENTRAL PUBLIC WORKS DEPARTMENT,Government of India,CENTRAL,Central District,"CENTRAL, India",Medical Equipment & Consumables,Procurement of medical equipment & consumables for CENTRAL PUBLIC WORKS DEPARTMENT,Official public tender for supply of medical equipment & consumables under standard CENTRAL state procurement guidelines.,2021-02-24 00:00:00,2021-03-10 00:00:00,2021-03-11 00:00:00,2021-03-25,15915190.92,16233494.74,INR,1,VANGUARD POWER SERVICES,ENT-SUP-FBE5090586,VANGUARD POWER SERVICES,"CENTRAL, India",AWARDED,14.0,2,0,OPEN_TENDER,CENTRAL PUBLIC WORKS DEPARTMENT,CENTRAL_CPPP,https://eprocure.gov.in/cppp/
CEN-CE-2021-01238,REF-CEN-CE-2021-01238,INDIAN RAILWAYS,Government of India,CENTRAL,Central District,"CENTRAL, India",Medical Equipment & Consumables,Procurement of medical equipment & consumables for INDIAN RAILWAYS,Official public tender for supply of medical equipment & consumables under standard CENTRAL state procurement guidelines.,2020-01-08 00:00:00,2020-01-12 00:00:00,2020-01-13 00:00:00,2020-01-27,17070023.99,18435625.91,INR,2,GUPTA AND SONS CONTRACTOR,ENT-SUP-7A3AE215B9,GUPTA AND SONS CONTRACTOR,"CENTRAL, India",AWARDED,4.0,1,0,OPEN_TENDER,INDIAN RAILWAYS,CENTRAL_CPPP,https://eprocure.gov.in/cppp/
CEN-CE-2021-01239,REF-CEN-CE-2021-01239,MINISTRY OF HEALTH FAMILY WELFARE,Government of India,CENTRAL,Central District,"CENTRAL, India",Electrical & Mechanical,Procurement of electrical & mechanical for MINISTRY OF HEALTH FAMILY WELFARE,Official public tender for supply of electrical & mechanical under standard CENTRAL state procurement guidelines.,2021-08-02 00:00:00,2021-08-23 00:00:00,2021-08-24 00:00:00,2021-09-07,56992569.27,58132420.66,INR,1,GUPTA AND SONS CONTRACTOR,ENT-SUP-7A3AE215B9,GUPTA AND SONS CONTRACTOR,"CENTRAL, India",AWARDED,21.0,2,0,OPEN_TENDER,MINISTRY OF HEALTH FAMILY WELFARE,CENTRAL_CPPP,https://eprocure.gov.in/cppp/
CEN-CE-2021-01240,REF-CEN-CE-2021-01240,MINISTRY OF HEALTH FAMILY WELFARE,Government of India,CENTRAL,Central District,"CENTRAL, India",Consultancy & Facility Management,Procurement of consultancy & facility management for MINISTRY OF HEALTH FAMILY WELFARE,Official public tender for supply of consultancy & facility management under standard CENTRAL state procurement guidelines.,2020-05-30 00:00:00,2020-06-13 00:00:00,2020-06-14 00:00:00,2020-06-28,9119873.12,12311828.71,INR,3,DILIP BUILDCON LIMITED,ENT-SUP-55226FC7C8,DILIP BUILDCON LIMITED,"CENTRAL, India",AWARDED,14.0,1,0,OPEN_TENDER,MINISTRY OF HEALTH FAMILY WELFARE,CENTRAL_CPPP,https://eprocure.gov.in/cppp/
CEN-CE-2021-01241,REF-CEN-CE-2021-01241,MINISTRY OF HEALTH FAMILY WELFARE,Government of India,CENTRAL,Central District,"CENTRAL, India",Medical Equipment & Consumables,Procurement of medical equipment & consumables for MINISTRY OF HEALTH FAMILY WELFARE,Official public tender for supply of medical equipment & consumables under standard CENTRAL state procurement guidelines.,2020-11-15 00:00:00,2020-11-29 00:00:00,2020-11-30 00:00:00,2020-12-14,23320552.69,31482746.14,INR,4,SHARMA ENGINEERING WORKS,ENT-SUP-9473B0CC3C,SHARMA ENGINEERING WORKS,"CENTRAL, India",AWARDED,14.0,0,0,OPEN_TENDER,MINISTRY OF HEALTH FAMILY WELFARE,CENTRAL_CPPP,https://eprocure.gov.in/cppp/
CEN-CE-2021-01242,REF-CEN-CE-2021-01242,CENTRAL PUBLIC WORKS DEPARTMENT,Government of India,CENTRAL,Central District,"CENTRAL, India",Civil Works & Infrastructure,Procurement of civil works & infrastructure for CENTRAL PUBLIC WORKS DEPARTMENT,Official public tender for supply of civil works & infrastructure under standard CENTRAL state procurement guidelines.,2021-07-12 00:00:00,2021-07-26 00:00:00,2021-07-27 00:00:00,2021-08-10,18084830.44,24414521.09,INR,4,DILIP BUILDCON LIMITED,ENT-SUP-55226FC7C8,DILIP BUILDCON LIMITED,"CENTRAL, India",AWARDED,14.0,2,0,OPEN_TENDER,CENTRAL PUBLIC WORKS DEPARTMENT,CENTRAL_CPPP,https://eprocure.gov.in/cppp/
CEN-CE-2021-01243,REF-CEN-CE-2021-01243,INDIAN RAILWAYS,Government of India,CENTRAL,Central District,"CENTRAL, India",Information Technology & Software,Procurement of information technology & software for INDIAN RAILWAYS,Official public tender for supply of information technology & software under standard CENTRAL state procurement guidelines.,2021-02-24 00:00:00,2021-03-10 00:00:00,2021-03-11 00:00:00,2021-03-25,156284704.24,159410398.33,INR,8,DILIP BUILDCON LIMITED,ENT-SUP-55226FC7C8,DILIP BUILDCON LIMITED,"CENTRAL, India",AWARDED,14.0,0,0,OPEN_TENDER,INDIAN RAILWAYS,CENTRAL_CPPP,https://eprocure.gov.in/cppp/
CEN-CE-2021-01244,REF-CEN-CE-2021-01244,DEFENCE RESEARCH DEVELOPMENT ORG,Government of India,CENTRAL,Central District,"CENTRAL, India",Civil Works & Infrastructure,Procurement of civil works & infrastructure for DEFENCE RESEARCH DEVELOPMENT ORG,Official public tender for supply of civil works & infrastructure under standard CENTRAL state procurement guidelines.,2020-10-02 00:00:00,2020-10-08 00:00:00,2020-10-09 00:00:00,2020-10-23,16089428.58,14158697.15,INR,3,LARSEN AND TOUBRO CONSTRUCTION,ENT-SUP-6C6BEB7D6E,LARSEN AND TOUBRO CONSTRUCTION,"CENTRAL, India",AWARDED,6.0,0,0,OPEN_TENDER,DEFENCE RESEARCH DEVELOPMENT ORG,CENTRAL_CPPP,https://eprocure.gov.in/cppp/
CEN-CE-2021-01245,REF-CEN-CE-2021-01245,DEFENCE RESEARCH DEVELOPMENT ORG,Government of India,CENTRAL,Central District,"CENTRAL, India",Information Technology & Software,Procurement of information technology & software for DEFENCE RESEARCH DEVELOPMENT ORG,Official public tender for supply of information technology & software under standard CENTRAL state procurement guidelines.,2021-06-01 00:00:00,2021-07-01 00:00:00,2021-07-02 00:00:00,2021-07-16,4986978.33,4388540.93,INR,3,ZENITH INFRASTRUCTURE PROJECTS,ENT-SUP-4F350A4CA1,ZENITH INFRASTRUCTURE PROJECTS,"CENTRAL, India",AWARDED,30.0,2,0,OPEN_TENDER,DEFENCE RESEARCH DEVELOPMENT ORG,CENTRAL_CPPP,https://eprocure.gov.in/cppp/
CEN-CE-2021-01246,REF-CEN-CE-2021-01246,DEFENCE RESEARCH DEVELOPMENT ORG,Government of India,CENTRAL,Central District,"CENTRAL, India",Civil Works & Infrastructure,Procurement of civil works & infrastructure for DEFENCE RESEARCH DEVELOPMENT ORG,Official public tender for supply of civil works & infrastructure under standard CENTRAL state procurement guidelines.,2019-12-07 00:00:00,2019-12-13 00:00:00,2019-12-14 00:00:00,2019-12-28,200510957.74,176449642.81,INR,4,AHLUWALIA CONTRACTS INDIA LIMITED,ENT-SUP-28AFE50D95,AHLUWALIA CONTRACTS INDIA LIMITED,"CENTRAL, India",AWARDED,6.0,0,0,OPEN_TENDER,DEFENCE RESEARCH DEVELOPMENT ORG,CENTRAL_CPPP,https://eprocure.gov.in/cppp/
CEN-CE-2021-01247,REF-CEN-CE-2021-01247,MINISTRY OF HEALTH FAMILY WELFARE,Government of India,CENTRAL,Central District,"CENTRAL, India",Medical Equipment & Consumables,Procurement of medical equipment & consumables for MINISTRY OF HEALTH FAMILY WELFARE,Official public tender for supply of medical equipment & consumables under standard CENTRAL state procurement guidelines.,2019-05-11 00:00:00,2019-05-15 00:00:00,2019-05-16 00:00:00,2019-05-30,3623211.11,3188425.77,INR,1,SHREE BALAJI ENTERPRISE,ENT-SUP-CA68E614E4,SHREE BALAJI ENTERPRISE,"CENTRAL, India",AWARDED,4.0,0,0,OPEN_TENDER,MINISTRY OF HEALTH FAMILY WELFARE,CENTRAL_CPPP,https://eprocure.gov.in/cppp/
CEN-CE-2021-01248,REF-CEN-CE-2021-01248,DEFENCE RESEARCH DEVELOPMENT ORG,Government of India,CENTRAL,Central District,"CENTRAL, India",Information Technology & Software,Procurement of information technology & software for DEFENCE RESEARCH DEVELOPMENT ORG,Official public tender for supply of information technology & software under standard CENTRAL state procurement guidelines.,2020-06-02 00:00:00,2020-06-23 00:00:00,2020-06-24 00:00:00,2020-07-08,1373999.35,1305299.38,INR,2,TATA PROJECTS LIMITED,ENT-SUP-861D6E7011,TATA PROJECTS LIMITED,"CENTRAL, India",AWARDED,21.0,1,0,OPEN_TENDER,DEFENCE RESEARCH DEVELOPMENT ORG,CENTRAL_CPPP,https://eprocure.gov.in/cppp/
CEN-CE-2021-01249,REF-CEN-CE-2021-01249,INDIAN RAILWAYS,Government of India,CENTRAL,Central District,"CENTRAL, India",Information Technology & Software,Procurement of information technology & software for INDIAN RAILWAYS,Official public tender for supply of information technology & software under standard CENTRAL state procurement guidelines.,2019-03-23 00:00:00,2019-03-29 00:00:00,2019-03-30 00:00:00,2019-04-13,21926550.48,19295364.42,INR,2,BHARAT DIAGNOSTIC SYSTEMS,ENT-SUP-C6B6FCD7BC,BHARAT DIAGNOSTIC SYSTEMS,"CENTRAL, India",AWARDED,6.0,0,0,OPEN_TENDER,INDIAN RAILWAYS,CENTRAL_CPPP,https://eprocure.gov.in/cppp/
CEN-CE-2021-01250,REF-CEN-CE-2021-01250,NHAI HIGHWAYS,Government of India,CENTRAL,Central District,"CENTRAL, India",Medical Equipment & Consumables,Procurement of medical equipment & consumables for NHAI HIGHWAYS,Official public tender for supply of medical equipment & consumables under standard CENTRAL state procurement guidelines.,2019-05-28 00:00:00,2019-06-11 00:00:00,2019-06-12 00:00:00,2019-06-26,295035168.61,300935871.98,INR,1,AFCONS INFRASTRUCTURE LIMITED,ENT-SUP-AC3B9A87E5,AFCONS INFRASTRUCTURE LIMITED,"CENTRAL, India",AWARDED,14.0,0,0,OPEN_TENDER,NHAI HIGHWAYS,CENTRAL_CPPP,https://eprocure.gov.in/cppp/
CEN-CE-2021-01251,REF-CEN-CE-2021-01251,NHAI HIGHWAYS,Government of India,CENTRAL,Central District,"CENTRAL, India",Civil Works & Infrastructure,Procurement of civil works & infrastructure for NHAI HIGHWAYS,Official public tender for supply of civil works & infrastructure under standard CENTRAL state procurement guidelines.,2019-02-02 00:00:00,2019-03-04 00:00:00,2019-03-05 00:00:00,2019-03-19,22592154.26,23043997.34,INR,5,SHARMA ENGINEERING WORKS,ENT-SUP-9473B0CC3C,SHARMA ENGINEERING WORKS,"CENTRAL, India",AWARDED,30.0,0,0,OPEN_TENDER,NHAI HIGHWAYS,CENTRAL_CPPP,https://eprocure.gov.in/cppp/
CEN-CE-2021-01252,REF-CEN-CE-2021-01252,INDIAN RAILWAYS,Government of India,CENTRAL,Central District,"CENTRAL, India",Medical Equipment & Consumables,Procurement of medical equipment & consumables for INDIAN RAILWAYS,Official public tender for supply of medical equipment & consumables under standard CENTRAL state procurement guidelines.,2019-03-25 00:00:00,2019-04-24 00:00:00,2019-04-25 00:00:00,2019-05-09,50641345.98,48109278.69,INR,4,DILIP BUILDCON LIMITED,ENT-SUP-55226FC7C8,DILIP BUILDCON LIMITED,"CENTRAL, India",AWARDED,30.0,0,0,OPEN_TENDER,INDIAN RAILWAYS,CENTRAL_CPPP,https://eprocure.gov.in/cppp/
CEN-CE-2021-01253,REF-CEN-CE-2021-01253,DEFENCE RESEARCH DEVELOPMENT ORG,Government of India,CENTRAL,Central District,"CENTRAL, India",Electrical & Mechanical,Procurement of electrical & mechanical for DEFENCE RESEARCH DEVELOPMENT ORG,Official public tender for supply of electrical & mechanical under standard CENTRAL state procurement guidelines.,2021-08-15 00:00:00,2021-08-19 00:00:00,2021-08-20 00:00:00,2021-09-03,111392082.43,120303449.02,INR,4,SHREE BALAJI ENTERPRISE,ENT-SUP-CA68E614E4,SHREE BALAJI ENTERPRISE,"CENTRAL, India",AWARDED,4.0,0,0,OPEN_TENDER,DEFENCE RESEARCH DEVELOPMENT ORG,CENTRAL_CPPP,https://eprocure.gov.in/cppp/
CEN-CE-2021-01254,REF-CEN-CE-2021-01254,NHAI HIGHWAYS,Government of India,CENTRAL,Central District,"CENTRAL, India",Medical Equipment & Consumables,Procurement of medical equipment & consumables for NHAI HIGHWAYS,Official public tender for supply of medical equipment & consumables under standard CENTRAL state procurement guidelines.,2019-10-30 00:00:00,2019-11-29 00:00:00,2019-11-30 00:00:00,2019-12-14,16295051.99,18739309.79,INR,1,AHLUWALIA CONTRACTS INDIA LIMITED,ENT-SUP-28AFE50D95,AHLUWALIA CONTRACTS INDIA LIMITED,"CENTRAL, India",AWARDED,30.0,1,0,OPEN_TENDER,NHAI HIGHWAYS,CENTRAL_CPPP,https://eprocure.gov.in/cppp/
CEN-CE-2021-01255,REF-CEN-CE-2021-01255,INDIAN RAILWAYS,Government of India,CENTRAL,Central District,"CENTRAL, India",Electrical & Mechanical,Procurement of electrical & mechanical for INDIAN RAILWAYS,Official public tender for supply of electrical & mechanical under standard CENTRAL state procurement guidelines.,2020-01-30 00:00:00,2020-02-13 00:00:00,2020-02-14 00:00:00,2020-02-28,309154745.61,315337840.52,INR,2,SHREE BALAJI ENTERPRISE,ENT-SUP-CA68E614E4,SHREE BALAJI ENTERPRISE,"CENTRAL, India",AWARDED,14.0,0,0,OPEN_TENDER,INDIAN RAILWAYS,CENTRAL_CPPP,https://eprocure.gov.in/cppp/
CEN-CE-2021-01256,REF-CEN-CE-2021-01256,INDIAN RAILWAYS,Government of India,CENTRAL,Central District,"CENTRAL, India",Medical Equipment & Consumables,Procurement of medical equipment & consumables for INDIAN RAILWAYS,Official public tender for supply of medical equipment & consumables under standard CENTRAL state procurement guidelines.,2020-11-23 00:00:00,2020-11-27 00:00:00,2020-11-28 00:00:00,2020-12-12,114188374.61,123323444.57,INR,1,GUPTA AND SONS CONTRACTOR,ENT-SUP-7A3AE215B9,GUPTA AND SONS CONTRACTOR,"CENTRAL, India",AWARDED,4.0,0,0,OPEN_TENDER,INDIAN RAILWAYS,CENTRAL_CPPP,https://eprocure.gov.in/cppp/
CEN-CE-2021-01257,REF-CEN-CE-2021-01257,MINISTRY OF HEALTH FAMILY WELFARE,Government of India,CENTRAL,Central District,"CENTRAL, India",Consultancy & Facility Management,Procurement of consultancy & facility management for MINISTRY OF HEALTH FAMILY WELFARE,Official public tender for supply of consultancy & facility management under standard CENTRAL state procurement guidelines.,2020-06-03 00:00:00,2020-07-03 00:00:00,2020-07-04 00:00:00,2020-07-18,16269032.62,16594413.27,INR,4,APEX MEDITECH SOLUTIONS,ENT-SUP-A750489DC1,APEX MEDITECH SOLUTIONS,"CENTRAL, India",AWARDED,30.0,2,0,OPEN_TENDER,MINISTRY OF HEALTH FAMILY WELFARE,CENTRAL_CPPP,https://eprocure.gov.in/cppp/
CEN-CE-2021-01258,REF-CEN-CE-2021-01258,INDIAN RAILWAYS,Government of India,CENTRAL,Central District,"CENTRAL, India",Information Technology & Software,Procurement of information technology & software for INDIAN RAILWAYS,Official public tender for supply of information technology & software under standard CENTRAL state procurement guidelines.,2020-11-28 00:00:00,2020-12-04 00:00:00,2020-12-05 00:00:00,2020-12-19,4989284.97,5089070.67,INR,2,BHARAT DIAGNOSTIC SYSTEMS,ENT-SUP-C6B6FCD7BC,BHARAT DIAGNOSTIC SYSTEMS,"CENTRAL, India",AWARDED,6.0,0,0,OPEN_TENDER,INDIAN RAILWAYS,CENTRAL_CPPP,https://eprocure.gov.in/cppp/
CEN-CE-2021-01259,REF-CEN-CE-2021-01259,NHAI HIGHWAYS,Government of India,CENTRAL,Central District,"CENTRAL, India",Electrical & Mechanical,Procurement of electrical & mechanical for NHAI HIGHWAYS,Official public tender for supply of electrical & mechanical under standard CENTRAL state procurement guidelines.,2021-09-24 00:00:00,2021-09-28 00:00:00,2021-09-29 00:00:00,2021-10-13,4931152.62,5670825.51,INR,3,APEX MEDITECH SOLUTIONS,ENT-SUP-A750489DC1,APEX MEDITECH SOLUTIONS,"CENTRAL, India",AWARDED,4.0,0,0,OPEN_TENDER,NHAI HIGHWAYS,CENTRAL_CPPP,https://eprocure.gov.in/cppp/
CEN-CE-2021-01260,REF-CEN-CE-2021-01260,INDIAN RAILWAYS,Government of India,CENTRAL,Central District,"CENTRAL, India",Civil Works & Infrastructure,Procurement of civil works & infrastructure for INDIAN RAILWAYS,Official public tender for supply of civil works & infrastructure under standard CENTRAL state procurement guidelines.,2019-07-18 00:00:00,2019-08-08 00:00:00,2019-08-09 00:00:00,2019-08-23,4987369.16,4738000.7,INR,2,DILIP BUILDCON LIMITED,ENT-SUP-55226FC7C8,DILIP BUILDCON LIMITED,"CENTRAL, India",AWARDED,21.0,2,0,OPEN_TENDER,INDIAN RAILWAYS,CENTRAL_CPPP,https://eprocure.gov.in/cppp/
CEN-CE-2021-01261,REF-CEN-CE-2021-01261,MINISTRY OF HEALTH FAMILY WELFARE,Government of India,CENTRAL,Central District,"CENTRAL, India",Civil Works & Infrastructure,Procurement of civil works & infrastructure for MINISTRY OF HEALTH FAMILY WELFARE,Official public tender for supply of civil works & infrastructure under standard CENTRAL state procurement guidelines.,2019-07-31 00:00:00,2019-08-06 00:00:00,2019-08-07 00:00:00,2019-08-21,636988.06,687947.11,INR,4,LARSEN AND TOUBRO CONSTRUCTION,ENT-SUP-6C6BEB7D6E,LARSEN AND TOUBRO CONSTRUCTION,"CENTRAL, India",AWARDED,6.0,0,0,OPEN_TENDER,MINISTRY OF HEALTH FAMILY WELFARE,CENTRAL_CPPP,https://eprocure.gov.in/cppp/
CEN-CE-2021-01262,REF-CEN-CE-2021-01262,NHAI HIGHWAYS,Government of India,CENTRAL,Central District,"CENTRAL, India",Civil Works & Infrastructure,Procurement of civil works & infrastructure for NHAI HIGHWAYS,Official public tender for supply of civil works & infrastructure under standard CENTRAL state procurement guidelines.,2020-04-27 00:00:00,2020-05-11 00:00:00,2020-05-12 00:00:00,2020-05-26,75599343.15,102059113.26,INR,3,NCC LIMITED INFRASTRUCTURE,ENT-SUP-0DFD916C8B,NCC LIMITED INFRASTRUCTURE,"CENTRAL, India",AWARDED,14.0,0,0,OPEN_TENDER,NHAI HIGHWAYS,CENTRAL_CPPP,https://eprocure.gov.in/cppp/
CEN-CE-2021-01263,REF-CEN-CE-2021-01263,CENTRAL PUBLIC WORKS DEPARTMENT,Government of India,CENTRAL,Central District,"CENTRAL, India",Electrical & Mechanical,Procurement of electrical & mechanical for CENTRAL PUBLIC WORKS DEPARTMENT,Official public tender for supply of electrical & mechanical under standard CENTRAL state procurement guidelines.,2021-03-25 00:00:00,2021-04-24 00:00:00,2021-04-25 00:00:00,2021-05-09,204671598.71,221045326.61,INR,3,LARSEN AND TOUBRO CONSTRUCTION,ENT-SUP-6C6BEB7D6E,LARSEN AND TOUBRO CONSTRUCTION,"CENTRAL, India",AWARDED,30.0,0,0,OPEN_TENDER,CENTRAL PUBLIC WORKS DEPARTMENT,CENTRAL_CPPP,https://eprocure.gov.in/cppp/
CEN-CE-2021-01264,REF-CEN-CE-2021-01264,NHAI HIGHWAYS,Government of India,CENTRAL,Central District,"CENTRAL, India",Civil Works & Infrastructure,Procurement of civil works & infrastructure for NHAI HIGHWAYS,Official public tender for supply of civil works & infrastructure under standard CENTRAL state procurement guidelines.,2020-12-19 00:00:00,2020-12-25 00:00:00,2020-12-26 00:00:00,2021-01-09,98330240.31,86530611.47,INR,1,KNR CONSTRUCTION,ENT-SUP-6A86A67807,KNR CONSTRUCTION,"CENTRAL, India",AWARDED,6.0,0,0,OPEN_TENDER,NHAI HIGHWAYS,CENTRAL_CPPP,https://eprocure.gov.in/cppp/
CEN-CE-2021-01265,REF-CEN-CE-2021-01265,NHAI HIGHWAYS,Government of India,CENTRAL,Central District,"CENTRAL, India",Medical Equipment & Consumables,Procurement of medical equipment & consumables for NHAI HIGHWAYS,Official public tender for supply of medical equipment & consumables under standard CENTRAL state procurement guidelines.,2019-12-26 00:00:00,2019-12-30 00:00:00,2019-12-31 00:00:00,2020-01-14,84177990.31,79969090.79,INR,1,SHARMA ENGINEERING WORKS,ENT-SUP-9473B0CC3C,SHARMA ENGINEERING WORKS,"CENTRAL, India",AWARDED,4.0,0,0,OPEN_TENDER,NHAI HIGHWAYS,CENTRAL_CPPP,https://eprocure.gov.in/cppp/
CEN-CE-2021-01266,REF-CEN-CE-2021-01266,NHAI HIGHWAYS,Government of India,CENTRAL,Central District,"CENTRAL, India",Medical Equipment & Consumables,Procurement of medical equipment & consumables for NHAI HIGHWAYS,Official public tender for supply of medical equipment & consumables under standard CENTRAL state procurement guidelines.,2020-11-04 00:00:00,2020-12-04 00:00:00,2020-12-05 00:00:00,2020-12-19,4978760.51,5725574.59,INR,2,NCC LIMITED INFRASTRUCTURE,ENT-SUP-0DFD916C8B,NCC LIMITED INFRASTRUCTURE,"CENTRAL, India",AWARDED,30.0,0,0,OPEN_TENDER,NHAI HIGHWAYS,CENTRAL_CPPP,https://eprocure.gov.in/cppp/
CEN-CE-2021-01267,REF-CEN-CE-2021-01267,MINISTRY OF HEALTH FAMILY WELFARE,Government of India,CENTRAL,Central District,"CENTRAL, India",Electrical & Mechanical,Procurement of electrical & mechanical for MINISTRY OF HEALTH FAMILY WELFARE,Official public tender for supply of electrical & mechanical under standard CENTRAL state procurement guidelines.,2020-09-08 00:00:00,2020-09-12 00:00:00,2020-09-13 00:00:00,2020-09-27,2457170.61,2162310.13,INR,1,DILIP BUILDCON LIMITED,ENT-SUP-55226FC7C8,DILIP BUILDCON LIMITED,"CENTRAL, India",AWARDED,4.0,0,0,OPEN_TENDER,MINISTRY OF HEALTH FAMILY WELFARE,CENTRAL_CPPP,https://eprocure.gov.in/cppp/
CEN-CE-2021-01268,REF-CEN-CE-2021-01268,CENTRAL PUBLIC WORKS DEPARTMENT,Government of India,CENTRAL,Central District,"CENTRAL, India",Consultancy & Facility Management,Procurement of consultancy & facility management for CENTRAL PUBLIC WORKS DEPARTMENT,Official public tender for supply of consultancy & facility management under standard CENTRAL state procurement guidelines.,2020-05-02 00:00:00,2020-06-01 00:00:00,2020-06-02 00:00:00,2020-06-16,24224782.93,27858500.37,INR,1,NCC LIMITED INFRASTRUCTURE,ENT-SUP-0DFD916C8B,NCC LIMITED INFRASTRUCTURE,"CENTRAL, India",AWARDED,30.0,1,0,OPEN_TENDER,CENTRAL PUBLIC WORKS DEPARTMENT,CENTRAL_CPPP,https://eprocure.gov.in/cppp/
CEN-CE-2021-01269,REF-CEN-CE-2021-01269,CENTRAL PUBLIC WORKS DEPARTMENT,Government of India,CENTRAL,Central District,"CENTRAL, India",Electrical & Mechanical,Procurement of electrical & mechanical for CENTRAL PUBLIC WORKS DEPARTMENT,Official public tender for supply of electrical & mechanical under standard CENTRAL state procurement guidelines.,2020-08-22 00:00:00,2020-09-05 00:00:00,2020-09-06 00:00:00,2020-09-20,8813371.83,8372703.24,INR,1,SHARMA ENGINEERING WORKS,ENT-SUP-9473B0CC3C,SHARMA ENGINEERING WORKS,"CENTRAL, India",AWARDED,14.0,0,0,OPEN_TENDER,CENTRAL PUBLIC WORKS DEPARTMENT,CENTRAL_CPPP,https://eprocure.gov.in/cppp/
CEN-CE-2021-01270,REF-CEN-CE-2021-01270,INDIAN RAILWAYS,Government of India,CENTRAL,Central District,"CENTRAL, India",Civil Works & Infrastructure,Procurement of civil works & infrastructure for INDIAN RAILWAYS,Official public tender for supply of civil works & infrastructure under standard CENTRAL state procurement guidelines.,2020-03-02 00:00:00,2020-03-23 00:00:00,2020-03-24 00:00:00,2020-04-07,4922205.61,5660536.45,INR,5,SHARMA ENGINEERING WORKS,ENT-SUP-9473B0CC3C,SHARMA ENGINEERING WORKS,"CENTRAL, India",AWARDED,21.0,1,0,OPEN_TENDER,INDIAN RAILWAYS,CENTRAL_CPPP,https://eprocure.gov.in/cppp/
CEN-CE-2021-01271,REF-CEN-CE-2021-01271,NHAI HIGHWAYS,Government of India,CENTRAL,Central District,"CENTRAL, India",Consultancy & Facility Management,Procurement of consultancy & facility management for NHAI HIGHWAYS,Official public tender for supply of consultancy & facility management under standard CENTRAL state procurement guidelines.,2019-12-25 00:00:00,2019-12-31 00:00:00,2020-01-01 00:00:00,2020-01-15,4989831.9,5738306.69,INR,3,AHLUWALIA CONTRACTS INDIA LIMITED,ENT-SUP-28AFE50D95,AHLUWALIA CONTRACTS INDIA LIMITED,"CENTRAL, India",AWARDED,6.0,2,0,OPEN_TENDER,NHAI HIGHWAYS,CENTRAL_CPPP,https://eprocure.gov.in/cppp/
CEN-CE-2021-01272,REF-CEN-CE-2021-01272,MINISTRY OF HEALTH FAMILY WELFARE,Government of India,CENTRAL,Central District,"CENTRAL, India",Information Technology & Software,Procurement of information technology & software for MINISTRY OF HEALTH FAMILY WELFARE,Official public tender for supply of information technology & software under standard CENTRAL state procurement guidelines.,2019-05-08 00:00:00,2019-06-07 00:00:00,2019-06-08 00:00:00,2019-06-22,18569384.41,21354792.08,INR,2,AFCONS INFRASTRUCTURE LIMITED,ENT-SUP-AC3B9A87E5,AFCONS INFRASTRUCTURE LIMITED,"CENTRAL, India",AWARDED,30.0,0,0,OPEN_TENDER,MINISTRY OF HEALTH FAMILY WELFARE,CENTRAL_CPPP,https://eprocure.gov.in/cppp/
CEN-CE-2021-01273,REF-CEN-CE-2021-01273,NHAI HIGHWAYS,Government of India,CENTRAL,Central District,"CENTRAL, India",Civil Works & Infrastructure,Procurement of civil works & infrastructure for NHAI HIGHWAYS,Official public tender for supply of civil works & infrastructure under standard CENTRAL state procurement guidelines.,2021-09-01 00:00:00,2021-09-22 00:00:00,2021-09-23 00:00:00,2021-10-07,4902014.84,5637317.06,INR,3,BHARAT DIAGNOSTIC SYSTEMS,ENT-SUP-C6B6FCD7BC,BHARAT DIAGNOSTIC SYSTEMS,"CENTRAL, India",AWARDED,21.0,1,0,OPEN_TENDER,NHAI HIGHWAYS,CENTRAL_CPPP,https://eprocure.gov.in/cppp/
CEN-CE-2021-01274,REF-CEN-CE-2021-01274,INDIAN RAILWAYS,Government of India,CENTRAL,Central District,"CENTRAL, India",Information Technology & Software,Procurement of information technology & software for INDIAN RAILWAYS,Official public tender for supply of information technology & software under standard CENTRAL state procurement guidelines.,2019-11-27 00:00:00,2019-12-18 00:00:00,2019-12-19 00:00:00,2020-01-02,305927218.42,269215952.21,INR,3,ZENITH INFRASTRUCTURE PROJECTS,ENT-SUP-4F350A4CA1,ZENITH INFRASTRUCTURE PROJECTS,"CENTRAL, India",AWARDED,21.0,0,0,OPEN_TENDER,INDIAN RAILWAYS,CENTRAL_CPPP,https://eprocure.gov.in/cppp/
CEN-CE-2021-01275,REF-CEN-CE-2021-01275,DEFENCE RESEARCH DEVELOPMENT ORG,Government of India,CENTRAL,Central District,"CENTRAL, India",Consultancy & Facility Management,Procurement of consultancy & facility management for DEFENCE RESEARCH DEVELOPMENT ORG,Official public tender for supply of consultancy & facility management under standard CENTRAL state procurement guidelines.,2020-07-28 00:00:00,2020-08-03 00:00:00,2020-08-04 00:00:00,2020-08-18,15937737.49,15140850.62,INR,8,ZENITH INFRASTRUCTURE PROJECTS,ENT-SUP-4F350A4CA1,ZENITH INFRASTRUCTURE PROJECTS,"CENTRAL, India",AWARDED,6.0,2,0,OPEN_TENDER,DEFENCE RESEARCH DEVELOPMENT ORG,CENTRAL_CPPP,https://eprocure.gov.in/cppp/
CEN-CE-2021-01276,REF-CEN-CE-2021-01276,DEFENCE RESEARCH DEVELOPMENT ORG,Government of India,CENTRAL,Central District,"CENTRAL, India",Information Technology & Software,Procurement of information technology & software for DEFENCE RESEARCH DEVELOPMENT ORG,Official public tender for supply of information technology & software under standard CENTRAL state procurement guidelines.,2019-05-05 00:00:00,2019-05-19 00:00:00,2019-05-20 00:00:00,2019-06-03,2552457.65,2603506.81,INR,5,AFCONS INFRASTRUCTURE LIMITED,ENT-SUP-AC3B9A87E5,AFCONS INFRASTRUCTURE LIMITED,"CENTRAL, India",AWARDED,14.0,0,0,OPEN_TENDER,DEFENCE RESEARCH DEVELOPMENT ORG,CENTRAL_CPPP,https://eprocure.gov.in/cppp/
CEN-CE-2021-01277,REF-CEN-CE-2021-01277,NHAI HIGHWAYS,Government of India,CENTRAL,Central District,"CENTRAL, India",Medical Equipment & Consumables,Procurement of medical equipment & consumables for NHAI HIGHWAYS,Official public tender for supply of medical equipment & consumables under standard CENTRAL state procurement guidelines.,2020-10-03 00:00:00,2020-11-02 00:00:00,2020-11-03 00:00:00,2020-11-17,270471638.18,292109369.24,INR,4,APEX MEDITECH SOLUTIONS,ENT-SUP-A750489DC1,APEX MEDITECH SOLUTIONS,"CENTRAL, India",AWARDED,30.0,2,0,OPEN_TENDER,NHAI HIGHWAYS,CENTRAL_CPPP,https://eprocure.gov.in/cppp/
CEN-CE-2021-01278,REF-CEN-CE-2021-01278,DEFENCE RESEARCH DEVELOPMENT ORG,Government of India,CENTRAL,Central District,"CENTRAL, India",Information Technology & Software,Procurement of information technology & software for DEFENCE RESEARCH DEVELOPMENT ORG,Official public tender for supply of information technology & software under standard CENTRAL state procurement guidelines.,2019-12-14 00:00:00,2019-12-20 00:00:00,2019-12-21 00:00:00,2020-01-04,97386548.86,92517221.42,INR,3,APEX MEDITECH SOLUTIONS,ENT-SUP-A750489DC1,APEX MEDITECH SOLUTIONS,"CENTRAL, India",AWARDED,6.0,0,0,OPEN_TENDER,DEFENCE RESEARCH DEVELOPMENT ORG,CENTRAL_CPPP,https://eprocure.gov.in/cppp/
CEN-CE-2021-01279,REF-CEN-CE-2021-01279,MINISTRY OF HEALTH FAMILY WELFARE,Government of India,CENTRAL,Central District,"CENTRAL, India",Medical Equipment & Consumables,Procurement of medical equipment & consumables for MINISTRY OF HEALTH FAMILY WELFARE,Official public tender for supply of medical equipment & consumables under standard CENTRAL state procurement guidelines.,2020-01-04 00:00:00,2020-01-18 00:00:00,2020-01-19 00:00:00,2020-02-02,4902830.49,5295056.93,INR,1,ZENITH INFRASTRUCTURE PROJECTS,ENT-SUP-4F350A4CA1,ZENITH INFRASTRUCTURE PROJECTS,"CENTRAL, India",AWARDED,14.0,0,0,OPEN_TENDER,MINISTRY OF HEALTH FAMILY WELFARE,CENTRAL_CPPP,https://eprocure.gov.in/cppp/
CEN-CE-2021-01280,REF-CEN-CE-2021-01280,INDIAN RAILWAYS,Government of India,CENTRAL,Central District,"CENTRAL, India",Information Technology & Software,Procurement of information technology & software for INDIAN RAILWAYS,Official public tender for supply of information technology & software under standard CENTRAL state procurement guidelines.,2020-07-23 00:00:00,2020-08-06 00:00:00,2020-08-07 00:00:00,2020-08-21,4570000.53,4021600.47,INR,3,AHLUWALIA CONTRACTS INDIA LIMITED,ENT-SUP-28AFE50D95,AHLUWALIA CONTRACTS INDIA LIMITED,"CENTRAL, India",AWARDED,14.0,1,0,OPEN_TENDER,INDIAN RAILWAYS,CENTRAL_CPPP,https://eprocure.gov.in/cppp/
CEN-CE-2021-01281,REF-CEN-CE-2021-01281,INDIAN RAILWAYS,Government of India,CENTRAL,Central District,"CENTRAL, India",Information Technology & Software,Procurement of information technology & software for INDIAN RAILWAYS,Official public tender for supply of information technology & software under standard CENTRAL state procurement guidelines.,2021-02-26 00:00:00,2021-03-02 00:00:00,2021-03-03 00:00:00,2021-03-17,4933332.14,5673331.97,INR,3,APEX MEDITECH SOLUTIONS,ENT-SUP-A750489DC1,APEX MEDITECH SOLUTIONS,"CENTRAL, India",AWARDED,4.0,0,0,OPEN_TENDER,INDIAN RAILWAYS,CENTRAL_CPPP,https://eprocure.gov.in/cppp/
CEN-CE-2021-01282,REF-CEN-CE-2021-01282,DEFENCE RESEARCH DEVELOPMENT ORG,Government of India,CENTRAL,Central District,"CENTRAL, India",Electrical & Mechanical,Procurement of electrical & mechanical for DEFENCE RESEARCH DEVELOPMENT ORG,Official public tender for supply of electrical & mechanical under standard CENTRAL state procurement guidelines.,2021-07-04 00:00:00,2021-08-03 00:00:00,2021-08-04 00:00:00,2021-08-18,3360262.67,3192249.53,INR,2,DILIP BUILDCON LIMITED,ENT-SUP-55226FC7C8,DILIP BUILDCON LIMITED,"CENTRAL, India",AWARDED,30.0,0,0,OPEN_TENDER,DEFENCE RESEARCH DEVELOPMENT ORG,CENTRAL_CPPP,https://eprocure.gov.in/cppp/
CEN-CE-2021-01283,REF-CEN-CE-2021-01283,DEFENCE RESEARCH DEVELOPMENT ORG,Government of India,CENTRAL,Central District,"CENTRAL, India",Consultancy & Facility Management,Procurement of consultancy & facility management for DEFENCE RESEARCH DEVELOPMENT ORG,Official public tender for supply of consultancy & facility management under standard CENTRAL state procurement guidelines.,2020-04-08 00:00:00,2020-04-29 00:00:00,2020-04-30 00:00:00,2020-05-14,231389851.73,249901039.86,INR,1,SHARMA ENGINEERING WORKS,ENT-SUP-9473B0CC3C,SHARMA ENGINEERING WORKS,"CENTRAL, India",AWARDED,21.0,2,0,OPEN_TENDER,DEFENCE RESEARCH DEVELOPMENT ORG,CENTRAL_CPPP,https://eprocure.gov.in/cppp/
CEN-CE-2021-01284,REF-CEN-CE-2021-01284,MINISTRY OF HEALTH FAMILY WELFARE,Government of India,CENTRAL,Central District,"CENTRAL, India",Consultancy & Facility Management,Procurement of consultancy & facility management for MINISTRY OF HEALTH FAMILY WELFARE,Official public tender for supply of consultancy & facility management under standard CENTRAL state procurement guidelines.,2020-06-18 00:00:00,2020-07-18 00:00:00,2020-07-19 00:00:00,2020-08-02,20756050.42,19718247.9,INR,3,KNR CONSTRUCTION,ENT-SUP-6A86A67807,KNR CONSTRUCTION,"CENTRAL, India",AWARDED,30.0,0,0,OPEN_TENDER,MINISTRY OF HEALTH FAMILY WELFARE,CENTRAL_CPPP,https://eprocure.gov.in/cppp/
CEN-CE-2021-01285,REF-CEN-CE-2021-01285,INDIAN RAILWAYS,Government of India,CENTRAL,Central District,"CENTRAL, India",Information Technology & Software,Procurement of information technology & software for INDIAN RAILWAYS,Official public tender for supply of information technology & software under standard CENTRAL state procurement guidelines.,2020-11-29 00:00:00,2020-12-03 00:00:00,2020-12-04 00:00:00,2020-12-18,18937294.84,16664819.46,INR,1,KNR CONSTRUCTION,ENT-SUP-6A86A67807,KNR CONSTRUCTION,"CENTRAL, India",AWARDED,4.0,0,0,OPEN_TENDER,INDIAN RAILWAYS,CENTRAL_CPPP,https://eprocure.gov.in/cppp/
CEN-CE-2021-01286,REF-CEN-CE-2021-01286,CENTRAL PUBLIC WORKS DEPARTMENT,Government of India,CENTRAL,Central District,"CENTRAL, India",Medical Equipment & Consumables,Procurement of medical equipment & consumables for CENTRAL PUBLIC WORKS DEPARTMENT,Official public tender for supply of medical equipment & consumables under standard CENTRAL state procurement guidelines.,2019-03-13 00:00:00,2019-04-03 00:00:00,2019-04-04 00:00:00,2019-04-18,3052360.46,3113407.67,INR,3,NCC LIMITED INFRASTRUCTURE,ENT-SUP-0DFD916C8B,NCC LIMITED INFRASTRUCTURE,"CENTRAL, India",AWARDED,21.0,0,0,OPEN_TENDER,CENTRAL PUBLIC WORKS DEPARTMENT,CENTRAL_CPPP,https://eprocure.gov.in/cppp/
CEN-CE-2021-01287,REF-CEN-CE-2021-01287,INDIAN RAILWAYS,Government of India,CENTRAL,Central District,"CENTRAL, India",Civil Works & Infrastructure,Procurement of civil works & infrastructure for INDIAN RAILWAYS,Official public tender for supply of civil works & infrastructure under standard CENTRAL state procurement guidelines.,2020-07-28 00:00:00,2020-08-03 00:00:00,2020-08-04 00:00:00,2020-08-18,96174980.07,84633982.46,INR,1,ZENITH INFRASTRUCTURE PROJECTS,ENT-SUP-4F350A4CA1,ZENITH INFRASTRUCTURE PROJECTS,"CENTRAL, India",AWARDED,6.0,2,0,OPEN_TENDER,INDIAN RAILWAYS,CENTRAL_CPPP,https://eprocure.gov.in/cppp/
CEN-CE-2021-01288,REF-CEN-CE-2021-01288,CENTRAL PUBLIC WORKS DEPARTMENT,Government of India,CENTRAL,Central District,"CENTRAL, India",Medical Equipment & Consumables,Procurement of medical equipment & consumables for CENTRAL PUBLIC WORKS DEPARTMENT,Official public tender for supply of medical equipment & consumables under standard CENTRAL state procurement guidelines.,2021-08-04 00:00:00,2021-08-08 00:00:00,2021-08-09 00:00:00,2021-08-23,4943984.31,5042864.0,INR,2,APEX MEDITECH SOLUTIONS,ENT-SUP-A750489DC1,APEX MEDITECH SOLUTIONS,"CENTRAL, India",AWARDED,4.0,0,0,OPEN_TENDER,CENTRAL PUBLIC WORKS DEPARTMENT,CENTRAL_CPPP,https://eprocure.gov.in/cppp/
CEN-CE-2021-01289,REF-CEN-CE-2021-01289,CENTRAL PUBLIC WORKS DEPARTMENT,Government of India,CENTRAL,Central District,"CENTRAL, India",Consultancy & Facility Management,Procurement of consultancy & facility management for CENTRAL PUBLIC WORKS DEPARTMENT,Official public tender for supply of consultancy & facility management under standard CENTRAL state procurement guidelines.,2020-11-19 00:00:00,2020-12-03 00:00:00,2020-12-04 00:00:00,2020-12-18,4602484.46,4694534.15,INR,1,SHREE BALAJI ENTERPRISE,ENT-SUP-CA68E614E4,SHREE BALAJI ENTERPRISE,"CENTRAL, India",AWARDED,14.0,0,0,OPEN_TENDER,CENTRAL PUBLIC WORKS DEPARTMENT,CENTRAL_CPPP,https://eprocure.gov.in/cppp/
CEN-CE-2021-01290,REF-CEN-CE-2021-01290,NHAI HIGHWAYS,Government of India,CENTRAL,Central District,"CENTRAL, India",Consultancy & Facility Management,Procurement of consultancy & facility management for NHAI HIGHWAYS,Official public tender for supply of consultancy & facility management under standard CENTRAL state procurement guidelines.,2021-01-08 00:00:00,2021-01-14 00:00:00,2021-01-15 00:00:00,2021-01-29,4990290.79,4391455.9,INR,2,ZENITH INFRASTRUCTURE PROJECTS,ENT-SUP-4F350A4CA1,ZENITH INFRASTRUCTURE PROJECTS,"CENTRAL, India",AWARDED,6.0,0,0,OPEN_TENDER,NHAI HIGHWAYS,CENTRAL_CPPP,https://eprocure.gov.in/cppp/
CEN-CE-2021-01291,REF-CEN-CE-2021-01291,NHAI HIGHWAYS,Government of India,CENTRAL,Central District,"CENTRAL, India",Information Technology & Software,Procurement of information technology & software for NHAI HIGHWAYS,Official public tender for supply of information technology & software under standard CENTRAL state procurement guidelines.,2020-05-07 00:00:00,2020-05-11 00:00:00,2020-05-12 00:00:00,2020-05-26,4952713.45,5051767.72,INR,3,PNC INFRATECH LIMITED,ENT-SUP-4B3E89D111,PNC INFRATECH LIMITED,"CENTRAL, India",AWARDED,4.0,0,0,OPEN_TENDER,NHAI HIGHWAYS,CENTRAL_CPPP,https://eprocure.gov.in/cppp/
CEN-CE-2021-01292,REF-CEN-CE-2021-01292,INDIAN RAILWAYS,Government of India,CENTRAL,Central District,"CENTRAL, India",Medical Equipment & Consumables,Procurement of medical equipment & consumables for INDIAN RAILWAYS,Official public tender for supply of medical equipment & consumables under standard CENTRAL state procurement guidelines.,2020-04-11 00:00:00,2020-05-11 00:00:00,2020-05-12 00:00:00,2020-05-26,2648120.38,2701082.79,INR,3,VANGUARD POWER SERVICES,ENT-SUP-FBE5090586,VANGUARD POWER SERVICES,"CENTRAL, India",AWARDED,30.0,2,0,OPEN_TENDER,INDIAN RAILWAYS,CENTRAL_CPPP,https://eprocure.gov.in/cppp/
CEN-CE-2021-01293,REF-CEN-CE-2021-01293,INDIAN RAILWAYS,Government of India,CENTRAL,Central District,"CENTRAL, India",Medical Equipment & Consumables,Procurement of medical equipment & consumables for INDIAN RAILWAYS,Official public tender for supply of medical equipment & consumables under standard CENTRAL state procurement guidelines.,2019-11-01 00:00:00,2019-11-07 00:00:00,2019-11-08 00:00:00,2019-11-22,4953381.88,5696389.16,INR,3,PNC INFRATECH LIMITED,ENT-SUP-4B3E89D111,PNC INFRATECH LIMITED,"CENTRAL, India",AWARDED,6.0,0,0,OPEN_TENDER,INDIAN RAILWAYS,CENTRAL_CPPP,https://eprocure.gov.in/cppp/
CEN-CE-2021-01294,REF-CEN-CE-2021-01294,NHAI HIGHWAYS,Government of India,CENTRAL,Central District,"CENTRAL, India",Medical Equipment & Consumables,Procurement of medical equipment & consumables for NHAI HIGHWAYS,Official public tender for supply of medical equipment & consumables under standard CENTRAL state procurement guidelines.,2021-02-13 00:00:00,2021-02-27 00:00:00,2021-02-28 00:00:00,2021-03-14,4960553.46,5357397.74,INR,2,BHARAT DIAGNOSTIC SYSTEMS,ENT-SUP-C6B6FCD7BC,BHARAT DIAGNOSTIC SYSTEMS,"CENTRAL, India",AWARDED,14.0,2,0,OPEN_TENDER,NHAI HIGHWAYS,CENTRAL_CPPP,https://eprocure.gov.in/cppp/
CEN-CE-2021-01295,REF-CEN-CE-2021-01295,CENTRAL PUBLIC WORKS DEPARTMENT,Government of India,CENTRAL,Central District,"CENTRAL, India",Consultancy & Facility Management,Procurement of consultancy & facility management for CENTRAL PUBLIC WORKS DEPARTMENT,Official public tender for supply of consultancy & facility management under standard CENTRAL state procurement guidelines.,2021-08-28 00:00:00,2021-09-03 00:00:00,2021-09-04 00:00:00,2021-09-18,4758793.91,4520854.22,INR,3,TATA PROJECTS LIMITED,ENT-SUP-861D6E7011,TATA PROJECTS LIMITED,"CENTRAL, India",AWARDED,6.0,0,0,OPEN_TENDER,CENTRAL PUBLIC WORKS DEPARTMENT,CENTRAL_CPPP,https://eprocure.gov.in/cppp/
CEN-CE-2021-01296,REF-CEN-CE-2021-01296,DEFENCE RESEARCH DEVELOPMENT ORG,Government of India,CENTRAL,Central District,"CENTRAL, India",Medical Equipment & Consumables,Procurement of medical equipment & consumables for DEFENCE RESEARCH DEVELOPMENT ORG,Official public tender for supply of medical equipment & consumables under standard CENTRAL state procurement guidelines.,2019-05-05 00:00:00,2019-05-11 00:00:00,2019-05-12 00:00:00,2019-05-26,1200050.53,1620068.22,INR,1,NCC LIMITED INFRASTRUCTURE,ENT-SUP-0DFD916C8B,NCC LIMITED INFRASTRUCTURE,"CENTRAL, India",AWARDED,6.0,0,0,OPEN_TENDER,DEFENCE RESEARCH DEVELOPMENT ORG,CENTRAL_CPPP,https://eprocure.gov.in/cppp/
CEN-CE-2021-01297,REF-CEN-CE-2021-01297,NHAI HIGHWAYS,Government of India,CENTRAL,Central District,"CENTRAL, India",Information Technology & Software,Procurement of information technology & software for NHAI HIGHWAYS,Official public tender for supply of information technology & software under standard CENTRAL state procurement guidelines.,2020-05-26 00:00:00,2020-06-01 00:00:00,2020-06-02 00:00:00,2020-06-16,3461906.3,3288810.99,INR,3,DILIP BUILDCON LIMITED,ENT-SUP-55226FC7C8,DILIP BUILDCON LIMITED,"CENTRAL, India",AWARDED,6.0,0,0,OPEN_TENDER,NHAI HIGHWAYS,CENTRAL_CPPP,https://eprocure.gov.in/cppp/
CEN-CE-2021-01298,REF-CEN-CE-2021-01298,DEFENCE RESEARCH DEVELOPMENT ORG,Government of India,CENTRAL,Central District,"CENTRAL, India",Civil Works & Infrastructure,Procurement of civil works & infrastructure for DEFENCE RESEARCH DEVELOPMENT ORG,Official public tender for supply of civil works & infrastructure under standard CENTRAL state procurement guidelines.,2019-07-21 00:00:00,2019-08-20 00:00:00,2019-08-21 00:00:00,2019-09-04,304078501.21,349690276.39,INR,5,APEX MEDITECH SOLUTIONS,ENT-SUP-A750489DC1,APEX MEDITECH SOLUTIONS,"CENTRAL, India",AWARDED,30.0,2,0,OPEN_TENDER,DEFENCE RESEARCH DEVELOPMENT ORG,CENTRAL_CPPP,https://eprocure.gov.in/cppp/
CEN-CE-2021-01299,REF-CEN-CE-2021-01299,CENTRAL PUBLIC WORKS DEPARTMENT,Government of India,CENTRAL,Central District,"CENTRAL, India",Medical Equipment & Consumables,Procurement of medical equipment & consumables for CENTRAL PUBLIC WORKS DEPARTMENT,Official public tender for supply of medical equipment & consumables under standard CENTRAL state procurement guidelines.,2019-09-16 00:00:00,2019-09-20 00:00:00,2019-09-21 00:00:00,2019-10-05,4102338.82,4717689.64,INR,2,KNR CONSTRUCTION,ENT-SUP-6A86A67807,KNR CONSTRUCTION,"CENTRAL, India",AWARDED,4.0,0,0,OPEN_TENDER,CENTRAL PUBLIC WORKS DEPARTMENT,CENTRAL_CPPP,https://eprocure.gov.in/cppp/
CEN-CE-2021-01300,REF-CEN-CE-2021-01300,INDIAN RAILWAYS,Government of India,CENTRAL,Central District,"CENTRAL, India",Electrical & Mechanical,Procurement of electrical & mechanical for INDIAN RAILWAYS,Official public tender for supply of electrical & mechanical under standard CENTRAL state procurement guidelines.,2021-09-01 00:00:00,2021-10-01 00:00:00,2021-10-02 00:00:00,2021-10-16,1345069.62,1546830.06,INR,3,ZENITH INFRASTRUCTURE PROJECTS,ENT-SUP-4F350A4CA1,ZENITH INFRASTRUCTURE PROJECTS,"CENTRAL, India",AWARDED,30.0,2,0,OPEN_TENDER,INDIAN RAILWAYS,CENTRAL_CPPP,https://eprocure.gov.in/cppp/
CEN-CE-2021-01301,REF-CEN-CE-2021-01301,INDIAN RAILWAYS,Government of India,CENTRAL,Central District,"CENTRAL, India",Medical Equipment & Consumables,Procurement of medical equipment & consumables for INDIAN RAILWAYS,Official public tender for supply of medical equipment & consumables under standard CENTRAL state procurement guidelines.,2021-07-08 00:00:00,2021-07-29 00:00:00,2021-07-30 00:00:00,2021-08-13,14406248.2,19448435.07,INR,1,APEX MEDITECH SOLUTIONS,ENT-SUP-A750489DC1,APEX MEDITECH SOLUTIONS,"CENTRAL, India",AWARDED,21.0,1,0,OPEN_TENDER,INDIAN RAILWAYS,CENTRAL_CPPP,https://eprocure.gov.in/cppp/
CEN-CE-2021-01302,REF-CEN-CE-2021-01302,INDIAN RAILWAYS,Government of India,CENTRAL,Central District,"CENTRAL, India",Consultancy & Facility Management,Procurement of consultancy & facility management for INDIAN RAILWAYS,Official public tender for supply of consultancy & facility management under standard CENTRAL state procurement guidelines.,2021-08-16 00:00:00,2021-08-22 00:00:00,2021-08-23 00:00:00,2021-09-06,1067047.63,1227104.78,INR,2,AHLUWALIA CONTRACTS INDIA LIMITED,ENT-SUP-28AFE50D95,AHLUWALIA CONTRACTS INDIA LIMITED,"CENTRAL, India",AWARDED,6.0,2,0,OPEN_TENDER,INDIAN RAILWAYS,CENTRAL_CPPP,https://eprocure.gov.in/cppp/
CEN-CE-2021-01303,REF-CEN-CE-2021-01303,DEFENCE RESEARCH DEVELOPMENT ORG,Government of India,CENTRAL,Central District,"CENTRAL, India",Medical Equipment & Consumables,Procurement of medical equipment & consumables for DEFENCE RESEARCH DEVELOPMENT ORG,Official public tender for supply of medical equipment & consumables under standard CENTRAL state procurement guidelines.,2019-10-16 00:00:00,2019-11-06 00:00:00,2019-11-07 00:00:00,2019-11-21,16493641.28,16823514.11,INR,2,ZENITH INFRASTRUCTURE PROJECTS,ENT-SUP-4F350A4CA1,ZENITH INFRASTRUCTURE PROJECTS,"CENTRAL, India",AWARDED,21.0,2,0,OPEN_TENDER,DEFENCE RESEARCH DEVELOPMENT ORG,CENTRAL_CPPP,https://eprocure.gov.in/cppp/
CEN-CE-2021-01304,REF-CEN-CE-2021-01304,NHAI HIGHWAYS,Government of India,CENTRAL,Central District,"CENTRAL, India",Electrical & Mechanical,Procurement of electrical & mechanical for NHAI HIGHWAYS,Official public tender for supply of electrical & mechanical under standard CENTRAL state procurement guidelines.,2020-07-08 00:00:00,2020-07-29 00:00:00,2020-07-30 00:00:00,2020-08-13,23660812.11,24134028.35,INR,4,SHREE BALAJI ENTERPRISE,ENT-SUP-CA68E614E4,SHREE BALAJI ENTERPRISE,"CENTRAL, India",AWARDED,21.0,2,0,OPEN_TENDER,NHAI HIGHWAYS,CENTRAL_CPPP,https://eprocure.gov.in/cppp/
CEN-CE-2021-01305,REF-CEN-CE-2021-01305,NHAI HIGHWAYS,Government of India,CENTRAL,Central District,"CENTRAL, India",Civil Works & Infrastructure,Procurement of civil works & infrastructure for NHAI HIGHWAYS,Official public tender for supply of civil works & infrastructure under standard CENTRAL state procurement guidelines.,2020-01-26 00:00:00,2020-02-25 00:00:00,2020-02-26 00:00:00,2020-03-11,4908734.09,5006908.77,INR,1,APEX MEDITECH SOLUTIONS,ENT-SUP-A750489DC1,APEX MEDITECH SOLUTIONS,"CENTRAL, India",AWARDED,30.0,1,0,OPEN_TENDER,NHAI HIGHWAYS,CENTRAL_CPPP,https://eprocure.gov.in/cppp/
CEN-CE-2021-01306,REF-CEN-CE-2021-01306,MINISTRY OF HEALTH FAMILY WELFARE,Government of India,CENTRAL,Central District,"CENTRAL, India",Medical Equipment & Consumables,Procurement of medical equipment & consumables for MINISTRY OF HEALTH FAMILY WELFARE,Official public tender for supply of medical equipment & consumables under standard CENTRAL state procurement guidelines.,2020-11-24 00:00:00,2020-12-24 00:00:00,2020-12-25 00:00:00,2021-01-08,10505544.84,12081376.56,INR,3,APEX MEDITECH SOLUTIONS,ENT-SUP-A750489DC1,APEX MEDITECH SOLUTIONS,"CENTRAL, India",AWARDED,30.0,0,0,OPEN_TENDER,MINISTRY OF HEALTH FAMILY WELFARE,CENTRAL_CPPP,https://eprocure.gov.in/cppp/
CEN-CE-2021-01307,REF-CEN-CE-2021-01307,CENTRAL PUBLIC WORKS DEPARTMENT,Government of India,CENTRAL,Central District,"CENTRAL, India",Information Technology & Software,Procurement of information technology & software for CENTRAL PUBLIC WORKS DEPARTMENT,Official public tender for supply of information technology & software under standard CENTRAL state procurement guidelines.,2020-08-06 00:00:00,2020-09-05 00:00:00,2020-09-06 00:00:00,2020-09-20,4991276.64,5390578.77,INR,3,LARSEN AND TOUBRO CONSTRUCTION,ENT-SUP-6C6BEB7D6E,LARSEN AND TOUBRO CONSTRUCTION,"CENTRAL, India",AWARDED,30.0,0,0,OPEN_TENDER,CENTRAL PUBLIC WORKS DEPARTMENT,CENTRAL_CPPP,https://eprocure.gov.in/cppp/
CEN-CE-2021-01308,REF-CEN-CE-2021-01308,MINISTRY OF HEALTH FAMILY WELFARE,Government of India,CENTRAL,Central District,"CENTRAL, India",Consultancy & Facility Management,Procurement of consultancy & facility management for MINISTRY OF HEALTH FAMILY WELFARE,Official public tender for supply of consultancy & facility management under standard CENTRAL state procurement guidelines.,2021-05-27 00:00:00,2021-06-02 00:00:00,2021-06-03 00:00:00,2021-06-17,4903049.78,5295293.76,INR,1,SHARMA ENGINEERING WORKS,ENT-SUP-9473B0CC3C,SHARMA ENGINEERING WORKS,"CENTRAL, India",AWARDED,6.0,0,0,OPEN_TENDER,MINISTRY OF HEALTH FAMILY WELFARE,CENTRAL_CPPP,https://eprocure.gov.in/cppp/
CEN-CE-2021-01309,REF-CEN-CE-2021-01309,DEFENCE RESEARCH DEVELOPMENT ORG,Government of India,CENTRAL,Central District,"CENTRAL, India",Medical Equipment & Consumables,Procurement of medical equipment & consumables for DEFENCE RESEARCH DEVELOPMENT ORG,Official public tender for supply of medical equipment & consumables under standard CENTRAL state procurement guidelines.,2019-03-04 00:00:00,2019-03-25 00:00:00,2019-03-26 00:00:00,2019-04-09,4995166.29,5095069.61,INR,2,LARSEN AND TOUBRO CONSTRUCTION,ENT-SUP-6C6BEB7D6E,LARSEN AND TOUBRO CONSTRUCTION,"CENTRAL, India",AWARDED,21.0,0,0,OPEN_TENDER,DEFENCE RESEARCH DEVELOPMENT ORG,CENTRAL_CPPP,https://eprocure.gov.in/cppp/
CEN-CE-2021-01310,REF-CEN-CE-2021-01310,INDIAN RAILWAYS,Government of India,CENTRAL,Central District,"CENTRAL, India",Electrical & Mechanical,Procurement of electrical & mechanical for INDIAN RAILWAYS,Official public tender for supply of electrical & mechanical under standard CENTRAL state procurement guidelines.,2020-06-16 00:00:00,2020-06-22 00:00:00,2020-06-23 00:00:00,2020-07-07,716580.31,680751.29,INR,3,KNR CONSTRUCTION,ENT-SUP-6A86A67807,KNR CONSTRUCTION,"CENTRAL, India",AWARDED,6.0,0,0,OPEN_TENDER,INDIAN RAILWAYS,CENTRAL_CPPP,https://eprocure.gov.in/cppp/
CEN-CE-2021-01311,REF-CEN-CE-2021-01311,CENTRAL PUBLIC WORKS DEPARTMENT,Government of India,CENTRAL,Central District,"CENTRAL, India",Consultancy & Facility Management,Procurement of consultancy & facility management for CENTRAL PUBLIC WORKS DEPARTMENT,Official public tender for supply of consultancy & facility management under standard CENTRAL state procurement guidelines.,2019-10-15 00:00:00,2019-10-19 00:00:00,2019-10-20 00:00:00,2019-11-03,4998658.67,5398551.37,INR,3,LARSEN AND TOUBRO CONSTRUCTION,ENT-SUP-6C6BEB7D6E,LARSEN AND TOUBRO CONSTRUCTION,"CENTRAL, India",AWARDED,4.0,0,0,OPEN_TENDER,CENTRAL PUBLIC WORKS DEPARTMENT,CENTRAL_CPPP,https://eprocure.gov.in/cppp/
CEN-CE-2021-01312,REF-CEN-CE-2021-01312,INDIAN RAILWAYS,Government of India,CENTRAL,Central District,"CENTRAL, India",Consultancy & Facility Management,Procurement of consultancy & facility management for INDIAN RAILWAYS,Official public tender for supply of consultancy & facility management under standard CENTRAL state procurement guidelines.,2021-10-07 00:00:00,2021-10-13 00:00:00,2021-10-14 00:00:00,2021-10-28,97309915.36,99256113.66,INR,3,AHLUWALIA CONTRACTS INDIA LIMITED,ENT-SUP-28AFE50D95,AHLUWALIA CONTRACTS INDIA LIMITED,"CENTRAL, India",AWARDED,6.0,1,0,OPEN_TENDER,INDIAN RAILWAYS,CENTRAL_CPPP,https://eprocure.gov.in/cppp/
CEN-CE-2021-01313,REF-CEN-CE-2021-01313,CENTRAL PUBLIC WORKS DEPARTMENT,Government of India,CENTRAL,Central District,"CENTRAL, India",Electrical & Mechanical,Procurement of electrical & mechanical for CENTRAL PUBLIC WORKS DEPARTMENT,Official public tender for supply of electrical & mechanical under standard CENTRAL state procurement guidelines.,2019-08-07 00:00:00,2019-08-28 00:00:00,2019-08-29 00:00:00,2019-09-12,4946832.54,5342579.14,INR,5,SHREE BALAJI ENTERPRISE,ENT-SUP-CA68E614E4,SHREE BALAJI ENTERPRISE,"CENTRAL, India",AWARDED,21.0,0,0,OPEN_TENDER,CENTRAL PUBLIC WORKS DEPARTMENT,CENTRAL_CPPP,https://eprocure.gov.in/cppp/
CEN-CE-2021-01314,REF-CEN-CE-2021-01314,MINISTRY OF HEALTH FAMILY WELFARE,Government of India,CENTRAL,Central District,"CENTRAL, India",Information Technology & Software,Procurement of information technology & software for MINISTRY OF HEALTH FAMILY WELFARE,Official public tender for supply of information technology & software under standard CENTRAL state procurement guidelines.,2021-06-10 00:00:00,2021-06-14 00:00:00,2021-06-15 00:00:00,2021-06-29,4934853.85,5675081.92,INR,3,ZENITH INFRASTRUCTURE PROJECTS,ENT-SUP-4F350A4CA1,ZENITH INFRASTRUCTURE PROJECTS,"CENTRAL, India",AWARDED,4.0,0,0,OPEN_TENDER,MINISTRY OF HEALTH FAMILY WELFARE,CENTRAL_CPPP,https://eprocure.gov.in/cppp/
CEN-CE-2021-01315,REF-CEN-CE-2021-01315,INDIAN RAILWAYS,Government of India,CENTRAL,Central District,"CENTRAL, India",Civil Works & Infrastructure,Procurement of civil works & infrastructure for INDIAN RAILWAYS,Official public tender for supply of civil works & infrastructure under standard CENTRAL state procurement guidelines.,2020-07-28 00:00:00,2020-08-18 00:00:00,2020-08-19 00:00:00,2020-09-02,14851505.81,13069325.12,INR,2,BHARAT DIAGNOSTIC SYSTEMS,ENT-SUP-C6B6FCD7BC,BHARAT DIAGNOSTIC SYSTEMS,"CENTRAL, India",AWARDED,21.0,0,0,OPEN_TENDER,INDIAN RAILWAYS,CENTRAL_CPPP,https://eprocure.gov.in/cppp/
CEN-CE-2021-01316,REF-CEN-CE-2021-01316,CENTRAL PUBLIC WORKS DEPARTMENT,Government of India,CENTRAL,Central District,"CENTRAL, India",Civil Works & Infrastructure,Procurement of civil works & infrastructure for CENTRAL PUBLIC WORKS DEPARTMENT,Official public tender for supply of civil works & infrastructure under standard CENTRAL state procurement guidelines.,2021-06-07 00:00:00,2021-06-28 00:00:00,2021-06-29 00:00:00,2021-07-13,14460897.57,15617769.38,INR,3,KNR CONSTRUCTION,ENT-SUP-6A86A67807,KNR CONSTRUCTION,"CENTRAL, India",AWARDED,21.0,0,0,OPEN_TENDER,CENTRAL PUBLIC WORKS DEPARTMENT,CENTRAL_CPPP,https://eprocure.gov.in/cppp/
CEN-CE-2021-01317,REF-CEN-CE-2021-01317,MINISTRY OF HEALTH FAMILY WELFARE,Government of India,CENTRAL,Central District,"CENTRAL, India",Medical Equipment & Consumables,Procurement of medical equipment & consumables for MINISTRY OF HEALTH FAMILY WELFARE,Official public tender for supply of medical equipment & consumables under standard CENTRAL state procurement guidelines.,2019-02-25 00:00:00,2019-03-18 00:00:00,2019-03-19 00:00:00,2019-04-02,1496904.33,1526842.42,INR,3,BHARAT DIAGNOSTIC SYSTEMS,ENT-SUP-C6B6FCD7BC,BHARAT DIAGNOSTIC SYSTEMS,"CENTRAL, India",AWARDED,21.0,0,0,OPEN_TENDER,MINISTRY OF HEALTH FAMILY WELFARE,CENTRAL_CPPP,https://eprocure.gov.in/cppp/
CEN-CE-2021-01318,REF-CEN-CE-2021-01318,NHAI HIGHWAYS,Government of India,CENTRAL,Central District,"CENTRAL, India",Electrical & Mechanical,Procurement of electrical & mechanical for NHAI HIGHWAYS,Official public tender for supply of electrical & mechanical under standard CENTRAL state procurement guidelines.,2019-03-24 00:00:00,2019-03-30 00:00:00,2019-03-31 00:00:00,2019-04-14,9661467.97,11110688.17,INR,1,VANGUARD POWER SERVICES,ENT-SUP-FBE5090586,VANGUARD POWER SERVICES,"CENTRAL, India",AWARDED,6.0,0,0,OPEN_TENDER,NHAI HIGHWAYS,CENTRAL_CPPP,https://eprocure.gov.in/cppp/
CEN-CE-2021-01319,REF-CEN-CE-2021-01319,CENTRAL PUBLIC WORKS DEPARTMENT,Government of India,CENTRAL,Central District,"CENTRAL, India",Civil Works & Infrastructure,Procurement of civil works & infrastructure for CENTRAL PUBLIC WORKS DEPARTMENT,Official public tender for supply of civil works & infrastructure under standard CENTRAL state procurement guidelines.,2021-05-25 00:00:00,2021-06-08 00:00:00,2021-06-09 00:00:00,2021-06-23,1882219.68,2164552.63,INR,3,NCC LIMITED INFRASTRUCTURE,ENT-SUP-0DFD916C8B,NCC LIMITED INFRASTRUCTURE,"CENTRAL, India",AWARDED,14.0,2,0,OPEN_TENDER,CENTRAL PUBLIC WORKS DEPARTMENT,CENTRAL_CPPP,https://eprocure.gov.in/cppp/
CEN-CE-2021-01320,REF-CEN-CE-2021-01320,INDIAN RAILWAYS,Government of India,CENTRAL,Central District,"CENTRAL, India",Medical Equipment & Consumables,Procurement of medical equipment & consumables for INDIAN RAILWAYS,Official public tender for supply of medical equipment & consumables under standard CENTRAL state procurement guidelines.,2021-08-12 00:00:00,2021-09-11 00:00:00,2021-09-12 00:00:00,2021-09-26,4457550.8,6017693.58,INR,2,APEX MEDITECH SOLUTIONS,ENT-SUP-A750489DC1,APEX MEDITECH SOLUTIONS,"CENTRAL, India",AWARDED,30.0,0,0,OPEN_TENDER,INDIAN RAILWAYS,CENTRAL_CPPP,https://eprocure.gov.in/cppp/
CEN-CE-2021-01321,REF-CEN-CE-2021-01321,INDIAN RAILWAYS,Government of India,CENTRAL,Central District,"CENTRAL, India",Consultancy & Facility Management,Procurement of consultancy & facility management for INDIAN RAILWAYS,Official public tender for supply of consultancy & facility management under standard CENTRAL state procurement guidelines.,2020-07-18 00:00:00,2020-08-01 00:00:00,2020-08-02 00:00:00,2020-08-16,4902050.29,4313804.26,INR,1,DILIP BUILDCON LIMITED,ENT-SUP-55226FC7C8,DILIP BUILDCON LIMITED,"CENTRAL, India",AWARDED,14.0,0,0,OPEN_TENDER,INDIAN RAILWAYS,CENTRAL_CPPP,https://eprocure.gov.in/cppp/
CEN-CE-2021-01322,REF-CEN-CE-2021-01322,DEFENCE RESEARCH DEVELOPMENT ORG,Government of India,CENTRAL,Central District,"CENTRAL, India",Electrical & Mechanical,Procurement of electrical & mechanical for DEFENCE RESEARCH DEVELOPMENT ORG,Official public tender for supply of electrical & mechanical under standard CENTRAL state procurement guidelines.,2020-01-23 00:00:00,2020-02-06 00:00:00,2020-02-07 00:00:00,2020-02-21,177964533.77,181523824.45,INR,3,KNR CONSTRUCTION,ENT-SUP-6A86A67807,KNR CONSTRUCTION,"CENTRAL, India",AWARDED,14.0,1,0,OPEN_TENDER,DEFENCE RESEARCH DEVELOPMENT ORG,CENTRAL_CPPP,https://eprocure.gov.in/cppp/
CEN-CE-2021-01323,REF-CEN-CE-2021-01323,INDIAN RAILWAYS,Government of India,CENTRAL,Central District,"CENTRAL, India",Civil Works & Infrastructure,Procurement of civil works & infrastructure for INDIAN RAILWAYS,Official public tender for supply of civil works & infrastructure under standard CENTRAL state procurement guidelines.,2021-08-11 00:00:00,2021-08-17 00:00:00,2021-08-18 00:00:00,2021-09-01,14802629.38,15098681.97,INR,4,TATA PROJECTS LIMITED,ENT-SUP-861D6E7011,TATA PROJECTS LIMITED,"CENTRAL, India",AWARDED,6.0,2,0,OPEN_TENDER,INDIAN RAILWAYS,CENTRAL_CPPP,https://eprocure.gov.in/cppp/
CEN-CE-2021-01324,REF-CEN-CE-2021-01324,INDIAN RAILWAYS,Government of India,CENTRAL,Central District,"CENTRAL, India",Information Technology & Software,Procurement of information technology & software for INDIAN RAILWAYS,Official public tender for supply of information technology & software under standard CENTRAL state procurement guidelines.,2019-11-03 00:00:00,2019-11-24 00:00:00,2019-11-25 00:00:00,2019-12-09,4972531.02,5071981.64,INR,3,TATA PROJECTS LIMITED,ENT-SUP-861D6E7011,TATA PROJECTS LIMITED,"CENTRAL, India",AWARDED,21.0,0,0,OPEN_TENDER,INDIAN RAILWAYS,CENTRAL_CPPP,https://eprocure.gov.in/cppp/
CEN-CE-2021-01325,REF-CEN-CE-2021-01325,CENTRAL PUBLIC WORKS DEPARTMENT,Government of India,CENTRAL,Central District,"CENTRAL, India",Civil Works & Infrastructure,Procurement of civil works & infrastructure for CENTRAL PUBLIC WORKS DEPARTMENT,Official public tender for supply of civil works & infrastructure under standard CENTRAL state procurement guidelines.,2020-10-16 00:00:00,2020-10-20 00:00:00,2020-10-21 00:00:00,2020-11-04,23347173.87,20545513.0,INR,3,KNR CONSTRUCTION,ENT-SUP-6A86A67807,KNR CONSTRUCTION,"CENTRAL, India",AWARDED,4.0,1,0,OPEN_TENDER,CENTRAL PUBLIC WORKS DEPARTMENT,CENTRAL_CPPP,https://eprocure.gov.in/cppp/
CEN-CE-2021-01326,REF-CEN-CE-2021-01326,DEFENCE RESEARCH DEVELOPMENT ORG,Government of India,CENTRAL,Central District,"CENTRAL, India",Civil Works & Infrastructure,Procurement of civil works & infrastructure for DEFENCE RESEARCH DEVELOPMENT ORG,Official public tender for supply of civil works & infrastructure under standard CENTRAL state procurement guidelines.,2019-08-13 00:00:00,2019-08-17 00:00:00,2019-08-18 00:00:00,2019-09-01,95593821.7,84122563.1,INR,2,KNR CONSTRUCTION,ENT-SUP-6A86A67807,KNR CONSTRUCTION,"CENTRAL, India",AWARDED,4.0,0,0,OPEN_TENDER,DEFENCE RESEARCH DEVELOPMENT ORG,CENTRAL_CPPP,https://eprocure.gov.in/cppp/
CEN-CE-2021-01327,REF-CEN-CE-2021-01327,CENTRAL PUBLIC WORKS DEPARTMENT,Government of India,CENTRAL,Central District,"CENTRAL, India",Information Technology & Software,Procurement of information technology & software for CENTRAL PUBLIC WORKS DEPARTMENT,Official public tender for supply of information technology & software under standard CENTRAL state procurement guidelines.,2019-03-08 00:00:00,2019-04-07 00:00:00,2019-04-08 00:00:00,2019-04-22,8838512.96,10164289.91,INR,3,GUPTA AND SONS CONTRACTOR,ENT-SUP-7A3AE215B9,GUPTA AND SONS CONTRACTOR,"CENTRAL, India",AWARDED,30.0,0,0,OPEN_TENDER,CENTRAL PUBLIC WORKS DEPARTMENT,CENTRAL_CPPP,https://eprocure.gov.in/cppp/
CEN-CE-2021-01328,REF-CEN-CE-2021-01328,MINISTRY OF HEALTH FAMILY WELFARE,Government of India,CENTRAL,Central District,"CENTRAL, India",Civil Works & Infrastructure,Procurement of civil works & infrastructure for MINISTRY OF HEALTH FAMILY WELFARE,Official public tender for supply of civil works & infrastructure under standard CENTRAL state procurement guidelines.,2020-07-18 00:00:00,2020-08-08 00:00:00,2020-08-09 00:00:00,2020-08-23,58038840.47,78352434.64,INR,3,AHLUWALIA CONTRACTS INDIA LIMITED,ENT-SUP-28AFE50D95,AHLUWALIA CONTRACTS INDIA LIMITED,"CENTRAL, India",AWARDED,21.0,1,0,OPEN_TENDER,MINISTRY OF HEALTH FAMILY WELFARE,CENTRAL_CPPP,https://eprocure.gov.in/cppp/
CEN-CE-2021-01329,REF-CEN-CE-2021-01329,INDIAN RAILWAYS,Government of India,CENTRAL,Central District,"CENTRAL, India",Information Technology & Software,Procurement of information technology & software for INDIAN RAILWAYS,Official public tender for supply of information technology & software under standard CENTRAL state procurement guidelines.,2019-05-18 00:00:00,2019-05-22 00:00:00,2019-05-23 00:00:00,2019-06-06,105864901.76,121744637.02,INR,2,PNC INFRATECH LIMITED,ENT-SUP-4B3E89D111,PNC INFRATECH LIMITED,"CENTRAL, India",AWARDED,4.0,2,0,OPEN_TENDER,INDIAN RAILWAYS,CENTRAL_CPPP,https://eprocure.gov.in/cppp/
CEN-CE-2021-01330,REF-CEN-CE-2021-01330,CENTRAL PUBLIC WORKS DEPARTMENT,Government of India,CENTRAL,Central District,"CENTRAL, India",Consultancy & Facility Management,Procurement of consultancy & facility management for CENTRAL PUBLIC WORKS DEPARTMENT,Official public tender for supply of consultancy & facility management under standard CENTRAL state procurement guidelines.,2021-08-17 00:00:00,2021-08-21 00:00:00,2021-08-22 00:00:00,2021-09-05,4904190.57,6620657.27,INR,4,DILIP BUILDCON LIMITED,ENT-SUP-55226FC7C8,DILIP BUILDCON LIMITED,"CENTRAL, India",AWARDED,4.0,2,0,OPEN_TENDER,CENTRAL PUBLIC WORKS DEPARTMENT,CENTRAL_CPPP,https://eprocure.gov.in/cppp/
CEN-CE-2021-01331,REF-CEN-CE-2021-01331,NHAI HIGHWAYS,Government of India,CENTRAL,Central District,"CENTRAL, India",Medical Equipment & Consumables,Procurement of medical equipment & consumables for NHAI HIGHWAYS,Official public tender for supply of medical equipment & consumables under standard CENTRAL state procurement guidelines.,2020-04-03 00:00:00,2020-04-09 00:00:00,2020-04-10 00:00:00,2020-04-24,14512635.3,15673646.12,INR,3,VANGUARD POWER SERVICES,ENT-SUP-FBE5090586,VANGUARD POWER SERVICES,"CENTRAL, India",AWARDED,6.0,1,0,OPEN_TENDER,NHAI HIGHWAYS,CENTRAL_CPPP,https://eprocure.gov.in/cppp/
CEN-CE-2021-01332,REF-CEN-CE-2021-01332,CENTRAL PUBLIC WORKS DEPARTMENT,Government of India,CENTRAL,Central District,"CENTRAL, India",Medical Equipment & Consumables,Procurement of medical equipment & consumables for CENTRAL PUBLIC WORKS DEPARTMENT,Official public tender for supply of medical equipment & consumables under standard CENTRAL state procurement guidelines.,2021-09-25 00:00:00,2021-09-29 00:00:00,2021-09-30 00:00:00,2021-10-14,4990409.9,6737053.36,INR,3,ZENITH INFRASTRUCTURE PROJECTS,ENT-SUP-4F350A4CA1,ZENITH INFRASTRUCTURE PROJECTS,"CENTRAL, India",AWARDED,4.0,0,0,OPEN_TENDER,CENTRAL PUBLIC WORKS DEPARTMENT,CENTRAL_CPPP,https://eprocure.gov.in/cppp/
CEN-CE-2021-01333,REF-CEN-CE-2021-01333,DEFENCE RESEARCH DEVELOPMENT ORG,Government of India,CENTRAL,Central District,"CENTRAL, India",Medical Equipment & Consumables,Procurement of medical equipment & consumables for DEFENCE RESEARCH DEVELOPMENT ORG,Official public tender for supply of medical equipment & consumables under standard CENTRAL state procurement guidelines.,2020-09-17 00:00:00,2020-10-17 00:00:00,2020-10-18 00:00:00,2020-11-01,4903176.44,5295430.56,INR,3,BHARAT DIAGNOSTIC SYSTEMS,ENT-SUP-C6B6FCD7BC,BHARAT DIAGNOSTIC SYSTEMS,"CENTRAL, India",AWARDED,30.0,0,0,OPEN_TENDER,DEFENCE RESEARCH DEVELOPMENT ORG,CENTRAL_CPPP,https://eprocure.gov.in/cppp/
CEN-CE-2021-01334,REF-CEN-CE-2021-01334,NHAI HIGHWAYS,Government of India,CENTRAL,Central District,"CENTRAL, India",Consultancy & Facility Management,Procurement of consultancy & facility management for NHAI HIGHWAYS,Official public tender for supply of consultancy & facility management under standard CENTRAL state procurement guidelines.,2021-04-21 00:00:00,2021-05-21 00:00:00,2021-05-22 00:00:00,2021-06-05,3471593.15,3298013.5,INR,1,AHLUWALIA CONTRACTS INDIA LIMITED,ENT-SUP-28AFE50D95,AHLUWALIA CONTRACTS INDIA LIMITED,"CENTRAL, India",AWARDED,30.0,2,0,OPEN_TENDER,NHAI HIGHWAYS,CENTRAL_CPPP,https://eprocure.gov.in/cppp/
CEN-CE-2021-01335,REF-CEN-CE-2021-01335,DEFENCE RESEARCH DEVELOPMENT ORG,Government of India,CENTRAL,Central District,"CENTRAL, India",Medical Equipment & Consumables,Procurement of medical equipment & consumables for DEFENCE RESEARCH DEVELOPMENT ORG,Official public tender for supply of medical equipment & consumables under standard CENTRAL state procurement guidelines.,2020-03-15 00:00:00,2020-04-14 00:00:00,2020-04-15 00:00:00,2020-04-29,4920131.7,6642177.8,INR,5,KNR CONSTRUCTION,ENT-SUP-6A86A67807,KNR CONSTRUCTION,"CENTRAL, India",AWARDED,30.0,0,0,OPEN_TENDER,DEFENCE RESEARCH DEVELOPMENT ORG,CENTRAL_CPPP,https://eprocure.gov.in/cppp/
CEN-CE-2021-01336,REF-CEN-CE-2021-01336,MINISTRY OF HEALTH FAMILY WELFARE,Government of India,CENTRAL,Central District,"CENTRAL, India",Information Technology & Software,Procurement of information technology & software for MINISTRY OF HEALTH FAMILY WELFARE,Official public tender for supply of information technology & software under standard CENTRAL state procurement guidelines.,2021-08-10 00:00:00,2021-08-14 00:00:00,2021-08-15 00:00:00,2021-08-29,293220516.37,278559490.55,INR,2,SHARMA ENGINEERING WORKS,ENT-SUP-9473B0CC3C,SHARMA ENGINEERING WORKS,"CENTRAL, India",AWARDED,4.0,0,0,OPEN_TENDER,MINISTRY OF HEALTH FAMILY WELFARE,CENTRAL_CPPP,https://eprocure.gov.in/cppp/
CEN-CE-2021-01337,REF-CEN-CE-2021-01337,NHAI HIGHWAYS,Government of India,CENTRAL,Central District,"CENTRAL, India",Civil Works & Infrastructure,Procurement of civil works & infrastructure for NHAI HIGHWAYS,Official public tender for supply of civil works & infrastructure under standard CENTRAL state procurement guidelines.,2020-08-13 00:00:00,2020-09-12 00:00:00,2020-09-13 00:00:00,2020-09-27,8819876.32,11906833.03,INR,8,LARSEN AND TOUBRO CONSTRUCTION,ENT-SUP-6C6BEB7D6E,LARSEN AND TOUBRO CONSTRUCTION,"CENTRAL, India",AWARDED,30.0,0,0,OPEN_TENDER,NHAI HIGHWAYS,CENTRAL_CPPP,https://eprocure.gov.in/cppp/
CEN-CE-2021-01338,REF-CEN-CE-2021-01338,CENTRAL PUBLIC WORKS DEPARTMENT,Government of India,CENTRAL,Central District,"CENTRAL, India",Electrical & Mechanical,Procurement of electrical & mechanical for CENTRAL PUBLIC WORKS DEPARTMENT,Official public tender for supply of electrical & mechanical under standard CENTRAL state procurement guidelines.,2020-12-02 00:00:00,2020-12-06 00:00:00,2020-12-07 00:00:00,2020-12-21,20413223.7,27557851.99,INR,1,BHARAT DIAGNOSTIC SYSTEMS,ENT-SUP-C6B6FCD7BC,BHARAT DIAGNOSTIC SYSTEMS,"CENTRAL, India",AWARDED,4.0,0,0,OPEN_TENDER,CENTRAL PUBLIC WORKS DEPARTMENT,CENTRAL_CPPP,https://eprocure.gov.in/cppp/
CEN-CE-2021-01339,REF-CEN-CE-2021-01339,MINISTRY OF HEALTH FAMILY WELFARE,Government of India,CENTRAL,Central District,"CENTRAL, India",Consultancy & Facility Management,Procurement of consultancy & facility management for MINISTRY OF HEALTH FAMILY WELFARE,Official public tender for supply of consultancy & facility management under standard CENTRAL state procurement guidelines.,2019-10-11 00:00:00,2019-10-15 00:00:00,2019-10-16 00:00:00,2019-10-30,695138.1,938436.44,INR,2,PNC INFRATECH LIMITED,ENT-SUP-4B3E89D111,PNC INFRATECH LIMITED,"CENTRAL, India",AWARDED,4.0,1,0,OPEN_TENDER,MINISTRY OF HEALTH FAMILY WELFARE,CENTRAL_CPPP,https://eprocure.gov.in/cppp/
CEN-CE-2021-01340,REF-CEN-CE-2021-01340,INDIAN RAILWAYS,Government of India,CENTRAL,Central District,"CENTRAL, India",Consultancy & Facility Management,Procurement of consultancy & facility management for INDIAN RAILWAYS,Official public tender for supply of consultancy & facility management under standard CENTRAL state procurement guidelines.,2021-02-15 00:00:00,2021-03-17 00:00:00,2021-03-18 00:00:00,2021-04-01,4927915.22,5667102.5,INR,3,ZENITH INFRASTRUCTURE PROJECTS,ENT-SUP-4F350A4CA1,ZENITH INFRASTRUCTURE PROJECTS,"CENTRAL, India",AWARDED,30.0,0,0,OPEN_TENDER,INDIAN RAILWAYS,CENTRAL_CPPP,https://eprocure.gov.in/cppp/
CEN-CE-2021-01341,REF-CEN-CE-2021-01341,INDIAN RAILWAYS,Government of India,CENTRAL,Central District,"CENTRAL, India",Electrical & Mechanical,Procurement of electrical & mechanical for INDIAN RAILWAYS,Official public tender for supply of electrical & mechanical under standard CENTRAL state procurement guidelines.,2019-08-01 00:00:00,2019-08-31 00:00:00,2019-09-01 00:00:00,2019-09-15,4948403.8,5690664.37,INR,1,PNC INFRATECH LIMITED,ENT-SUP-4B3E89D111,PNC INFRATECH LIMITED,"CENTRAL, India",AWARDED,30.0,2,0,OPEN_TENDER,INDIAN RAILWAYS,CENTRAL_CPPP,https://eprocure.gov.in/cppp/
CEN-CE-2021-01342,REF-CEN-CE-2021-01342,NHAI HIGHWAYS,Government of India,CENTRAL,Central District,"CENTRAL, India",Information Technology & Software,Procurement of information technology & software for NHAI HIGHWAYS,Official public tender for supply of information technology & software under standard CENTRAL state procurement guidelines.,2021-09-12 00:00:00,2021-09-16 00:00:00,2021-09-17 00:00:00,2021-10-01,3249148.99,2859251.11,INR,2,APEX MEDITECH SOLUTIONS,ENT-SUP-A750489DC1,APEX MEDITECH SOLUTIONS,"CENTRAL, India",AWARDED,4.0,0,0,OPEN_TENDER,NHAI HIGHWAYS,CENTRAL_CPPP,https://eprocure.gov.in/cppp/
CEN-CE-2021-01343,REF-CEN-CE-2021-01343,DEFENCE RESEARCH DEVELOPMENT ORG,Government of India,CENTRAL,Central District,"CENTRAL, India",Consultancy & Facility Management,Procurement of consultancy & facility management for DEFENCE RESEARCH DEVELOPMENT ORG,Official public tender for supply of consultancy & facility management under standard CENTRAL state procurement guidelines.,2020-02-17 00:00:00,2020-03-09 00:00:00,2020-03-10 00:00:00,2020-03-24,141216111.15,124270177.82,INR,1,VANGUARD POWER SERVICES,ENT-SUP-FBE5090586,VANGUARD POWER SERVICES,"CENTRAL, India",AWARDED,21.0,2,0,OPEN_TENDER,DEFENCE RESEARCH DEVELOPMENT ORG,CENTRAL_CPPP,https://eprocure.gov.in/cppp/
CEN-CE-2021-01344,REF-CEN-CE-2021-01344,CENTRAL PUBLIC WORKS DEPARTMENT,Government of India,CENTRAL,Central District,"CENTRAL, India",Civil Works & Infrastructure,Procurement of civil works & infrastructure for CENTRAL PUBLIC WORKS DEPARTMENT,Official public tender for supply of civil works & infrastructure under standard CENTRAL state procurement guidelines.,2021-09-07 00:00:00,2021-09-13 00:00:00,2021-09-14 00:00:00,2021-09-28,6427768.89,6941990.4,INR,4,VANGUARD POWER SERVICES,ENT-SUP-FBE5090586,VANGUARD POWER SERVICES,"CENTRAL, India",AWARDED,6.0,0,0,OPEN_TENDER,CENTRAL PUBLIC WORKS DEPARTMENT,CENTRAL_CPPP,https://eprocure.gov.in/cppp/
CEN-CE-2021-01345,REF-CEN-CE-2021-01345,DEFENCE RESEARCH DEVELOPMENT ORG,Government of India,CENTRAL,Central District,"CENTRAL, India",Information Technology & Software,Procurement of information technology & software for DEFENCE RESEARCH DEVELOPMENT ORG,Official public tender for supply of information technology & software under standard CENTRAL state procurement guidelines.,2021-06-24 00:00:00,2021-06-30 00:00:00,2021-07-01 00:00:00,2021-07-15,4908397.0,4319389.36,INR,4,KNR CONSTRUCTION,ENT-SUP-6A86A67807,KNR CONSTRUCTION,"CENTRAL, India",AWARDED,6.0,0,0,OPEN_TENDER,DEFENCE RESEARCH DEVELOPMENT ORG,CENTRAL_CPPP,https://eprocure.gov.in/cppp/
CEN-CE-2021-01346,REF-CEN-CE-2021-01346,CENTRAL PUBLIC WORKS DEPARTMENT,Government of India,CENTRAL,Central District,"CENTRAL, India",Electrical & Mechanical,Procurement of electrical & mechanical for CENTRAL PUBLIC WORKS DEPARTMENT,Official public tender for supply of electrical & mechanical under standard CENTRAL state procurement guidelines.,2019-07-10 00:00:00,2019-07-24 00:00:00,2019-07-25 00:00:00,2019-08-08,82286609.88,78172279.39,INR,3,APEX MEDITECH SOLUTIONS,ENT-SUP-A750489DC1,APEX MEDITECH SOLUTIONS,"CENTRAL, India",AWARDED,14.0,1,0,OPEN_TENDER,CENTRAL PUBLIC WORKS DEPARTMENT,CENTRAL_CPPP,https://eprocure.gov.in/cppp/
CEN-CE-2021-01347,REF-CEN-CE-2021-01347,MINISTRY OF HEALTH FAMILY WELFARE,Government of India,CENTRAL,Central District,"CENTRAL, India",Civil Works & Infrastructure,Procurement of civil works & infrastructure for MINISTRY OF HEALTH FAMILY WELFARE,Official public tender for supply of civil works & infrastructure under standard CENTRAL state procurement guidelines.,2020-12-09 00:00:00,2020-12-13 00:00:00,2020-12-14 00:00:00,2020-12-28,4938488.9,4345870.23,INR,3,SHARMA ENGINEERING WORKS,ENT-SUP-9473B0CC3C,SHARMA ENGINEERING WORKS,"CENTRAL, India",AWARDED,4.0,2,0,OPEN_TENDER,MINISTRY OF HEALTH FAMILY WELFARE,CENTRAL_CPPP,https://eprocure.gov.in/cppp/
CEN-CE-2021-01348,REF-CEN-CE-2021-01348,NHAI HIGHWAYS,Government of India,CENTRAL,Central District,"CENTRAL, India",Civil Works & Infrastructure,Procurement of civil works & infrastructure for NHAI HIGHWAYS,Official public tender for supply of civil works & infrastructure under standard CENTRAL state procurement guidelines.,2020-03-06 00:00:00,2020-03-12 00:00:00,2020-03-13 00:00:00,2020-03-27,12275138.45,11661381.53,INR,3,AHLUWALIA CONTRACTS INDIA LIMITED,ENT-SUP-28AFE50D95,AHLUWALIA CONTRACTS INDIA LIMITED,"CENTRAL, India",AWARDED,6.0,0,0,OPEN_TENDER,NHAI HIGHWAYS,CENTRAL_CPPP,https://eprocure.gov.in/cppp/
CEN-CE-2021-01349,REF-CEN-CE-2021-01349,INDIAN RAILWAYS,Government of India,CENTRAL,Central District,"CENTRAL, India",Medical Equipment & Consumables,Procurement of medical equipment & consumables for INDIAN RAILWAYS,Official public tender for supply of medical equipment & consumables under standard CENTRAL state procurement guidelines.,2021-07-16 00:00:00,2021-08-06 00:00:00,2021-08-07 00:00:00,2021-08-21,83624202.98,112892674.02,INR,1,PNC INFRATECH LIMITED,ENT-SUP-4B3E89D111,PNC INFRATECH LIMITED,"CENTRAL, India",AWARDED,21.0,0,0,OPEN_TENDER,INDIAN RAILWAYS,CENTRAL_CPPP,https://eprocure.gov.in/cppp/
CEN-CE-2021-01350,REF-CEN-CE-2021-01350,DEFENCE RESEARCH DEVELOPMENT ORG,Government of India,CENTRAL,Central District,"CENTRAL, India",Electrical & Mechanical,Procurement of electrical & mechanical for DEFENCE RESEARCH DEVELOPMENT ORG,Official public tender for supply of electrical & mechanical under standard CENTRAL state procurement guidelines.,2019-04-10 00:00:00,2019-04-14 00:00:00,2019-04-15 00:00:00,2019-04-29,4951117.46,5347206.86,INR,1,BHARAT DIAGNOSTIC SYSTEMS,ENT-SUP-C6B6FCD7BC,BHARAT DIAGNOSTIC SYSTEMS,"CENTRAL, India",AWARDED,4.0,0,0,OPEN_TENDER,DEFENCE RESEARCH DEVELOPMENT ORG,CENTRAL_CPPP,https://eprocure.gov.in/cppp/
