tender_id,tender_reference,department,organization,state,district,location,procurement_category,tender_title,description,published_date,submission_deadline,opening_date,contract_date,estimated_value,award_value,currency,number_of_bidders,winning_supplier,supplier_id,supplier_name,supplier_address,tender_status,contract_duration,extension_count,extension_days,procurement_method,buyer,source_dataset,source_url
MAH-MA-2021-01001,REF-MAH-MA-2021-01001,MMRDA URBAN TRANSPORT,MAHARASHTRA State Government,MAHARASHTRA,Central District,"MAHARASHTRA, India",Consultancy & Facility Management,Procurement of consultancy & facility management for MMRDA URBAN TRANSPORT,Official public tender for supply of consultancy & facility management under standard MAHARASHTRA state procurement guidelines.,2019-05-18 00:00:00,2019-06-08 00:00:00,2019-06-09 00:00:00,2019-06-23,139851504.35,132858929.13,INR,4,PNC INFRATECH LIMITED,ENT-SUP-4B3E89D111,PNC INFRATECH LIMITED,"MAHARASHTRA, India",AWARDED,21.0,2,0,OPEN_TENDER,MMRDA URBAN TRANSPORT,MAHARASHTRA,https://mahatenders.gov.in/
MAH-MA-2021-01002,REF-MAH-MA-2021-01002,MSEDCL POWER DISTRIBUTION,MAHARASHTRA State Government,MAHARASHTRA,Central District,"MAHARASHTRA, India",Consultancy & Facility Management,Procurement of consultancy & facility management for MSEDCL POWER DISTRIBUTION,Official public tender for supply of consultancy & facility management under standard MAHARASHTRA state procurement guidelines.,2021-01-27 00:00:00,2021-02-26 00:00:00,2021-02-27 00:00:00,2021-03-13,4908612.33,4663181.71,INR,3,PNC INFRATECH LIMITED,ENT-SUP-4B3E89D111,PNC INFRATECH LIMITED,"MAHARASHTRA, India",AWARDED,30.0,0,0,OPEN_TENDER,MSEDCL POWER DISTRIBUTION,MAHARASHTRA,https://mahatenders.gov.in/
MAH-MA-2021-01003,REF-MAH-MA-2021-01003,PUBLIC HEALTH DEPT MUMBAI,MAHARASHTRA State Government,MAHARASHTRA,Central District,"MAHARASHTRA, India",Civil Works & Infrastructure,Procurement of civil works & infrastructure for PUBLIC HEALTH DEPT MUMBAI,Official public tender for supply of civil works & infrastructure under standard MAHARASHTRA state procurement guidelines.,2019-08-26 00:00:00,2019-09-01 00:00:00,2019-09-02 00:00:00,2019-09-16,22061569.97,19414181.58,INR,5,BHARAT DIAGNOSTIC SYSTEMS,ENT-SUP-C6B6FCD7BC,BHARAT DIAGNOSTIC SYSTEMS,"MAHARASHTRA, India",AWARDED,6.0,0,0,OPEN_TENDER,PUBLIC HEALTH DEPT MUMBAI,MAHARASHTRA,https://mahatenders.gov.in/
MAH-MA-2021-01004,REF-MAH-MA-2021-01004,MMRDA URBAN TRANSPORT,MAHARASHTRA State Government,MAHARASHTRA,Central District,"MAHARASHTRA, India",Information Technology & Software,Procurement of information technology & software for MMRDA URBAN TRANSPORT,Official public tender for supply of information technology & software under standard MAHARASHTRA state procurement guidelines.,2019-03-30 00:00:00,2019-04-13 00:00:00,2019-04-14 00:00:00,2019-04-28,208875674.8,183810593.82,INR,2,AFCONS INFRASTRUCTURE LIMITED,ENT-SUP-AC3B9A87E5,AFCONS INFRASTRUCTURE LIMITED,"MAHARASHTRA, India",AWARDED,14.0,0,0,OPEN_TENDER,MMRDA URBAN TRANSPORT,MAHARASHTRA,https://mahatenders.gov.in/
MAH-MA-2021-01005,REF-MAH-MA-2021-01005,PUBLIC HEALTH DEPT MUMBAI,MAHARASHTRA State Government,MAHARASHTRA,Central District,"MAHARASHTRA, India",Information Technology & Software,Procurement of information technology & software for PUBLIC HEALTH DEPT MUMBAI,Official public tender for supply of information technology & software under standard MAHARASHTRA state procurement guidelines.,2019-07-14 00:00:00,2019-07-28 00:00:00,2019-07-29 00:00:00,2019-08-12,332700449.75,449145607.16,INR,2,ZENITH INFRASTRUCTURE PROJECTS,ENT-SUP-4F350A4CA1,ZENITH INFRASTRUCTURE PROJECTS,"MAHARASHTRA, India",AWARDED,14.0,0,0,OPEN_TENDER,PUBLIC HEALTH DEPT MUMBAI,MAHARASHTRA,https://mahatenders.gov.in/
MAH-MA-2021-01006,REF-MAH-MA-2021-01006,PUBLIC HEALTH DEPT MUMBAI,MAHARASHTRA State Government,MAHARASHTRA,Central District,"MAHARASHTRA, India",Civil Works & Infrastructure,Procurement of civil works & infrastructure for PUBLIC HEALTH DEPT MUMBAI,Official public tender for supply of civil works & infrastructure under standard MAHARASHTRA state procurement guidelines.,2020-04-27 00:00:00,2020-05-11 00:00:00,2020-05-12 00:00:00,2020-05-26,115859839.2,125128626.34,INR,2,TATA PROJECTS LIMITED,ENT-SUP-861D6E7011,TATA PROJECTS LIMITED,"MAHARASHTRA, India",AWARDED,14.0,0,0,OPEN_TENDER,PUBLIC HEALTH DEPT MUMBAI,MAHARASHTRA,https://mahatenders.gov.in/
MAH-MA-2021-01007,REF-MAH-MA-2021-01007,MSEDCL POWER DISTRIBUTION,MAHARASHTRA State Government,MAHARASHTRA,Central District,"MAHARASHTRA, India",Medical Equipment & Consumables,Procurement of medical equipment & consumables for MSEDCL POWER DISTRIBUTION,Official public tender for supply of medical equipment & consumables under standard MAHARASHTRA state procurement guidelines.,2021-01-21 00:00:00,2021-02-20 00:00:00,2021-02-21 00:00:00,2021-03-07,9555901.38,10989286.58,INR,2,SHARMA ENGINEERING WORKS,ENT-SUP-9473B0CC3C,SHARMA ENGINEERING WORKS,"MAHARASHTRA, India",AWARDED,30.0,0,0,OPEN_TENDER,MSEDCL POWER DISTRIBUTION,MAHARASHTRA,https://mahatenders.gov.in/
MAH-MA-2021-01008,REF-MAH-MA-2021-01008,PUBLIC HEALTH DEPT MUMBAI,MAHARASHTRA State Government,MAHARASHTRA,Central District,"MAHARASHTRA, India",Civil Works & Infrastructure,Procurement of civil works & infrastructure for PUBLIC HEALTH DEPT MUMBAI,Official public tender for supply of civil works & infrastructure under standard MAHARASHTRA state procurement guidelines.,2021-04-27 00:00:00,2021-05-18 00:00:00,2021-05-19 00:00:00,2021-06-02,7864857.56,8494046.17,INR,2,TATA PROJECTS LIMITED,ENT-SUP-861D6E7011,TATA PROJECTS LIMITED,"MAHARASHTRA, India",AWARDED,21.0,0,0,OPEN_TENDER,PUBLIC HEALTH DEPT MUMBAI,MAHARASHTRA,https://mahatenders.gov.in/
MAH-MA-2021-01009,REF-MAH-MA-2021-01009,WATER RESOURCES DEPARTMENT MAHARASHTRA,MAHARASHTRA State Government,MAHARASHTRA,Central District,"MAHARASHTRA, India",Civil Works & Infrastructure,Procurement of civil works & infrastructure for WATER RESOURCES DEPARTMENT MAHARASHTRA,Official public tender for supply of civil works & infrastructure under standard MAHARASHTRA state procurement guidelines.,2020-04-20 00:00:00,2020-05-04 00:00:00,2020-05-05 00:00:00,2020-05-19,237085388.5,272648196.77,INR,5,SHARMA ENGINEERING WORKS,ENT-SUP-9473B0CC3C,SHARMA ENGINEERING WORKS,"MAHARASHTRA, India",AWARDED,14.0,0,0,OPEN_TENDER,WATER RESOURCES DEPARTMENT MAHARASHTRA,MAHARASHTRA,https://mahatenders.gov.in/
MAH-MA-2021-01010,REF-MAH-MA-2021-01010,MMRDA URBAN TRANSPORT,MAHARASHTRA State Government,MAHARASHTRA,Central District,"MAHARASHTRA, India",Consultancy & Facility Management,Procurement of consultancy & facility management for MMRDA URBAN TRANSPORT,Official public tender for supply of consultancy & facility management under standard MAHARASHTRA state procurement guidelines.,2021-05-17 00:00:00,2021-05-23 00:00:00,2021-05-24 00:00:00,2021-06-07,4959918.9,5703906.73,INR,4,TATA PROJECTS LIMITED,ENT-SUP-861D6E7011,TATA PROJECTS LIMITED,"MAHARASHTRA, India",AWARDED,6.0,0,0,OPEN_TENDER,MMRDA URBAN TRANSPORT,MAHARASHTRA,https://mahatenders.gov.in/
MAH-MA-2021-01011,REF-MAH-MA-2021-01011,MAHARASHTRA PUBLIC WORKS DEPARTMENT,MAHARASHTRA State Government,MAHARASHTRA,Central District,"MAHARASHTRA, India",Medical Equipment & Consumables,Procurement of medical equipment & consumables for MAHARASHTRA PUBLIC WORKS DEPARTMENT,Official public tender for supply of medical equipment & consumables under standard MAHARASHTRA state procurement guidelines.,2021-05-29 00:00:00,2021-06-19 00:00:00,2021-06-20 00:00:00,2021-07-04,1214333.86,1639350.72,INR,3,AFCONS INFRASTRUCTURE LIMITED,ENT-SUP-AC3B9A87E5,AFCONS INFRASTRUCTURE LIMITED,"MAHARASHTRA, India",AWARDED,21.0,0,0,OPEN_TENDER,MAHARASHTRA PUBLIC WORKS DEPARTMENT,MAHARASHTRA,https://mahatenders.gov.in/
MAH-MA-2021-01012,REF-MAH-MA-2021-01012,WATER RESOURCES DEPARTMENT MAHARASHTRA,MAHARASHTRA State Government,MAHARASHTRA,Central District,"MAHARASHTRA, India",Medical Equipment & Consumables,Procurement of medical equipment & consumables for WATER RESOURCES DEPARTMENT MAHARASHTRA,Official public tender for supply of medical equipment & consumables under standard MAHARASHTRA state procurement guidelines.,2020-11-13 00:00:00,2020-12-13 00:00:00,2020-12-14 00:00:00,2020-12-28,4925384.68,5319415.45,INR,2,VANGUARD POWER SERVICES,ENT-SUP-FBE5090586,VANGUARD POWER SERVICES,"MAHARASHTRA, India",AWARDED,30.0,2,0,OPEN_TENDER,WATER RESOURCES DEPARTMENT MAHARASHTRA,MAHARASHTRA,https://mahatenders.gov.in/
MAH-MA-2021-01013,REF-MAH-MA-2021-01013,MAHARASHTRA PUBLIC WORKS DEPARTMENT,MAHARASHTRA State Government,MAHARASHTRA,Central District,"MAHARASHTRA, India",Information Technology & Software,Procurement of information technology & software for MAHARASHTRA PUBLIC WORKS DEPARTMENT,Official public tender for supply of information technology & software under standard MAHARASHTRA state procurement guidelines.,2020-06-07 00:00:00,2020-06-21 00:00:00,2020-06-22 00:00:00,2020-07-06,13857839.01,13164947.06,INR,3,NCC LIMITED INFRASTRUCTURE,ENT-SUP-0DFD916C8B,NCC LIMITED INFRASTRUCTURE,"MAHARASHTRA, India",AWARDED,14.0,1,0,OPEN_TENDER,MAHARASHTRA PUBLIC WORKS DEPARTMENT,MAHARASHTRA,https://mahatenders.gov.in/
MAH-MA-2021-01014,REF-MAH-MA-2021-01014,MSEDCL POWER DISTRIBUTION,MAHARASHTRA State Government,MAHARASHTRA,Central District,"MAHARASHTRA, India",Electrical & Mechanical,Procurement of electrical & mechanical for MSEDCL POWER DISTRIBUTION,Official public tender for supply of electrical & mechanical under standard MAHARASHTRA state procurement guidelines.,2020-08-09 00:00:00,2020-08-30 00:00:00,2020-08-31 00:00:00,2020-09-14,17385046.2,15298840.66,INR,2,DILIP BUILDCON LIMITED,ENT-SUP-55226FC7C8,DILIP BUILDCON LIMITED,"MAHARASHTRA, India",AWARDED,21.0,2,0,OPEN_TENDER,MSEDCL POWER DISTRIBUTION,MAHARASHTRA,https://mahatenders.gov.in/
MAH-MA-2021-01015,REF-MAH-MA-2021-01015,MAHARASHTRA PUBLIC WORKS DEPARTMENT,MAHARASHTRA State Government,MAHARASHTRA,Central District,"MAHARASHTRA, India",Medical Equipment & Consumables,Procurement of medical equipment & consumables for MAHARASHTRA PUBLIC WORKS DEPARTMENT,Official public tender for supply of medical equipment & consumables under standard MAHARASHTRA state procurement guidelines.,2021-03-21 00:00:00,2021-04-20 00:00:00,2021-04-21 00:00:00,2021-05-05,6900724.48,7935833.15,INR,2,BHARAT DIAGNOSTIC SYSTEMS,ENT-SUP-C6B6FCD7BC,BHARAT DIAGNOSTIC SYSTEMS,"MAHARASHTRA, India",AWARDED,30.0,2,0,OPEN_TENDER,MAHARASHTRA PUBLIC WORKS DEPARTMENT,MAHARASHTRA,https://mahatenders.gov.in/
MAH-MA-2021-01016,REF-MAH-MA-2021-01016,WATER RESOURCES DEPARTMENT MAHARASHTRA,MAHARASHTRA State Government,MAHARASHTRA,Central District,"MAHARASHTRA, India",Civil Works & Infrastructure,Procurement of civil works & infrastructure for WATER RESOURCES DEPARTMENT MAHARASHTRA,Official public tender for supply of civil works & infrastructure under standard MAHARASHTRA state procurement guidelines.,2021-08-30 00:00:00,2021-09-03 00:00:00,2021-09-04 00:00:00,2021-09-18,281760388.18,287395595.94,INR,5,SHARMA ENGINEERING WORKS,ENT-SUP-9473B0CC3C,SHARMA ENGINEERING WORKS,"MAHARASHTRA, India",AWARDED,4.0,0,0,OPEN_TENDER,WATER RESOURCES DEPARTMENT MAHARASHTRA,MAHARASHTRA,https://mahatenders.gov.in/
MAH-MA-2021-01017,REF-MAH-MA-2021-01017,MAHARASHTRA PUBLIC WORKS DEPARTMENT,MAHARASHTRA State Government,MAHARASHTRA,Central District,"MAHARASHTRA, India",Consultancy & Facility Management,Procurement of consultancy & facility management for MAHARASHTRA PUBLIC WORKS DEPARTMENT,Official public tender for supply of consultancy & facility management under standard MAHARASHTRA state procurement guidelines.,2019-07-18 00:00:00,2019-07-24 00:00:00,2019-07-25 00:00:00,2019-08-08,3095273.59,4178619.35,INR,3,VANGUARD POWER SERVICES,ENT-SUP-FBE5090586,VANGUARD POWER SERVICES,"MAHARASHTRA, India",AWARDED,6.0,0,0,OPEN_TENDER,MAHARASHTRA PUBLIC WORKS DEPARTMENT,MAHARASHTRA,https://mahatenders.gov.in/
MAH-MA-2021-01018,REF-MAH-MA-2021-01018,WATER RESOURCES DEPARTMENT MAHARASHTRA,MAHARASHTRA State Government,MAHARASHTRA,Central District,"MAHARASHTRA, India",Consultancy & Facility Management,Procurement of consultancy & facility management for WATER RESOURCES DEPARTMENT MAHARASHTRA,Official public tender for supply of consultancy & facility management under standard MAHARASHTRA state procurement guidelines.,2020-10-13 00:00:00,2020-11-03 00:00:00,2020-11-04 00:00:00,2020-11-18,105753832.11,114214138.68,INR,4,SHARMA ENGINEERING WORKS,ENT-SUP-9473B0CC3C,SHARMA ENGINEERING WORKS,"MAHARASHTRA, India",AWARDED,21.0,1,0,OPEN_TENDER,WATER RESOURCES DEPARTMENT MAHARASHTRA,MAHARASHTRA,https://mahatenders.gov.in/
MAH-MA-2021-01019,REF-MAH-MA-2021-01019,MAHARASHTRA PUBLIC WORKS DEPARTMENT,MAHARASHTRA State Government,MAHARASHTRA,Central District,"MAHARASHTRA, India",Civil Works & Infrastructure,Procurement of civil works & infrastructure for MAHARASHTRA PUBLIC WORKS DEPARTMENT,Official public tender for supply of civil works & infrastructure under standard MAHARASHTRA state procurement guidelines.,2019-10-02 00:00:00,2019-10-23 00:00:00,2019-10-24 00:00:00,2019-11-07,10851296.93,9549141.3,INR,2,APEX MEDITECH SOLUTIONS,ENT-SUP-A750489DC1,APEX MEDITECH SOLUTIONS,"MAHARASHTRA, India",AWARDED,21.0,0,0,OPEN_TENDER,MAHARASHTRA PUBLIC WORKS DEPARTMENT,MAHARASHTRA,https://mahatenders.gov.in/
MAH-MA-2021-01020,REF-MAH-MA-2021-01020,PUBLIC HEALTH DEPT MUMBAI,MAHARASHTRA State Government,MAHARASHTRA,Central District,"MAHARASHTRA, India",Electrical & Mechanical,Procurement of electrical & mechanical for PUBLIC HEALTH DEPT MUMBAI,Official public tender for supply of electrical & mechanical under standard MAHARASHTRA state procurement guidelines.,2020-10-10 00:00:00,2020-10-24 00:00:00,2020-10-25 00:00:00,2020-11-08,125124374.76,135134324.74,INR,4,SHARMA ENGINEERING WORKS,ENT-SUP-9473B0CC3C,SHARMA ENGINEERING WORKS,"MAHARASHTRA, India",AWARDED,14.0,0,0,OPEN_TENDER,PUBLIC HEALTH DEPT MUMBAI,MAHARASHTRA,https://mahatenders.gov.in/
MAH-MA-2021-01021,REF-MAH-MA-2021-01021,PUBLIC HEALTH DEPT MUMBAI,MAHARASHTRA State Government,MAHARASHTRA,Central District,"MAHARASHTRA, India",Information Technology & Software,Procurement of information technology & software for PUBLIC HEALTH DEPT MUMBAI,Official public tender for supply of information technology & software under standard MAHARASHTRA state procurement guidelines.,2021-03-18 00:00:00,2021-03-24 00:00:00,2021-03-25 00:00:00,2021-04-08,21163514.23,20105338.51,INR,2,AFCONS INFRASTRUCTURE LIMITED,ENT-SUP-AC3B9A87E5,AFCONS INFRASTRUCTURE LIMITED,"MAHARASHTRA, India",AWARDED,6.0,1,0,OPEN_TENDER,PUBLIC HEALTH DEPT MUMBAI,MAHARASHTRA,https://mahatenders.gov.in/
MAH-MA-2021-01022,REF-MAH-MA-2021-01022,MAHARASHTRA PUBLIC WORKS DEPARTMENT,MAHARASHTRA State Government,MAHARASHTRA,Central District,"MAHARASHTRA, India",Consultancy & Facility Management,Procurement of consultancy & facility management for MAHARASHTRA PUBLIC WORKS DEPARTMENT,Official public tender for supply of consultancy & facility management under standard MAHARASHTRA state procurement guidelines.,2021-01-30 00:00:00,2021-02-05 00:00:00,2021-02-06 00:00:00,2021-02-20,3942016.13,4257377.42,INR,8,VANGUARD POWER SERVICES,ENT-SUP-FBE5090586,VANGUARD POWER SERVICES,"MAHARASHTRA, India",AWARDED,6.0,0,0,OPEN_TENDER,MAHARASHTRA PUBLIC WORKS DEPARTMENT,MAHARASHTRA,https://mahatenders.gov.in/
MAH-MA-2021-01023,REF-MAH-MA-2021-01023,MMRDA URBAN TRANSPORT,MAHARASHTRA State Government,MAHARASHTRA,Central District,"MAHARASHTRA, India",Electrical & Mechanical,Procurement of electrical & mechanical for MMRDA URBAN TRANSPORT,Official public tender for supply of electrical & mechanical under standard MAHARASHTRA state procurement guidelines.,2019-11-15 00:00:00,2019-11-29 00:00:00,2019-11-30 00:00:00,2019-12-14,4976391.52,5374502.85,INR,2,ZENITH INFRASTRUCTURE PROJECTS,ENT-SUP-4F350A4CA1,ZENITH INFRASTRUCTURE PROJECTS,"MAHARASHTRA, India",AWARDED,14.0,2,0,OPEN_TENDER,MMRDA URBAN TRANSPORT,MAHARASHTRA,https://mahatenders.gov.in/
MAH-MA-2021-01024,REF-MAH-MA-2021-01024,MAHARASHTRA PUBLIC WORKS DEPARTMENT,MAHARASHTRA State Government,MAHARASHTRA,Central District,"MAHARASHTRA, India",Electrical & Mechanical,Procurement of electrical & mechanical for MAHARASHTRA PUBLIC WORKS DEPARTMENT,Official public tender for supply of electrical & mechanical under standard MAHARASHTRA state procurement guidelines.,2019-09-25 00:00:00,2019-10-16 00:00:00,2019-10-17 00:00:00,2019-10-31,4377638.41,4465191.18,INR,2,DILIP BUILDCON LIMITED,ENT-SUP-55226FC7C8,DILIP BUILDCON LIMITED,"MAHARASHTRA, India",AWARDED,21.0,0,0,OPEN_TENDER,MAHARASHTRA PUBLIC WORKS DEPARTMENT,MAHARASHTRA,https://mahatenders.gov.in/
MAH-MA-2021-01025,REF-MAH-MA-2021-01025,MMRDA URBAN TRANSPORT,MAHARASHTRA State Government,MAHARASHTRA,Central District,"MAHARASHTRA, India",Consultancy & Facility Management,Procurement of consultancy & facility management for MMRDA URBAN TRANSPORT,Official public tender for supply of consultancy & facility management under standard MAHARASHTRA state procurement guidelines.,2019-03-01 00:00:00,2019-03-22 00:00:00,2019-03-23 00:00:00,2019-04-06,4926581.03,5320707.51,INR,5,VANGUARD POWER SERVICES,ENT-SUP-FBE5090586,VANGUARD POWER SERVICES,"MAHARASHTRA, India",AWARDED,21.0,0,0,OPEN_TENDER,MMRDA URBAN TRANSPORT,MAHARASHTRA,https://mahatenders.gov.in/
MAH-MA-2021-01026,REF-MAH-MA-2021-01026,MMRDA URBAN TRANSPORT,MAHARASHTRA State Government,MAHARASHTRA,Central District,"MAHARASHTRA, India",Consultancy & Facility Management,Procurement of consultancy & facility management for MMRDA URBAN TRANSPORT,Official public tender for supply of consultancy & facility management under standard MAHARASHTRA state procurement guidelines.,2021-01-06 00:00:00,2021-01-27 00:00:00,2021-01-28 00:00:00,2021-02-11,347652850.15,399800777.68,INR,2,SHREE BALAJI ENTERPRISE,ENT-SUP-CA68E614E4,SHREE BALAJI ENTERPRISE,"MAHARASHTRA, India",AWARDED,21.0,0,0,OPEN_TENDER,MMRDA URBAN TRANSPORT,MAHARASHTRA,https://mahatenders.gov.in/
MAH-MA-2021-01027,REF-MAH-MA-2021-01027,MAHARASHTRA PUBLIC WORKS DEPARTMENT,MAHARASHTRA State Government,MAHARASHTRA,Central District,"MAHARASHTRA, India",Electrical & Mechanical,Procurement of electrical & mechanical for MAHARASHTRA PUBLIC WORKS DEPARTMENT,Official public tender for supply of electrical & mechanical under standard MAHARASHTRA state procurement guidelines.,2020-01-03 00:00:00,2020-01-07 00:00:00,2020-01-08 00:00:00,2020-01-22,208968791.91,183892536.88,INR,4,PNC INFRATECH LIMITED,ENT-SUP-4B3E89D111,PNC INFRATECH LIMITED,"MAHARASHTRA, India",AWARDED,4.0,0,0,OPEN_TENDER,MAHARASHTRA PUBLIC WORKS DEPARTMENT,MAHARASHTRA,https://mahatenders.gov.in/
MAH-MA-2021-01028,REF-MAH-MA-2021-01028,PUBLIC HEALTH DEPT MUMBAI,MAHARASHTRA State Government,MAHARASHTRA,Central District,"MAHARASHTRA, India",Electrical & Mechanical,Procurement of electrical & mechanical for PUBLIC HEALTH DEPT MUMBAI,Official public tender for supply of electrical & mechanical under standard MAHARASHTRA state procurement guidelines.,2019-11-18 00:00:00,2019-12-09 00:00:00,2019-12-10 00:00:00,2019-12-24,4940361.29,5039168.52,INR,4,VANGUARD POWER SERVICES,ENT-SUP-FBE5090586,VANGUARD POWER SERVICES,"MAHARASHTRA, India",AWARDED,21.0,1,0,OPEN_TENDER,PUBLIC HEALTH DEPT MUMBAI,MAHARASHTRA,https://mahatenders.gov.in/
MAH-MA-2021-01029,REF-MAH-MA-2021-01029,MAHARASHTRA PUBLIC WORKS DEPARTMENT,MAHARASHTRA State Government,MAHARASHTRA,Central District,"MAHARASHTRA, India",Civil Works & Infrastructure,Procurement of civil works & infrastructure for MAHARASHTRA PUBLIC WORKS DEPARTMENT,Official public tender for supply of civil works & infrastructure under standard MAHARASHTRA state procurement guidelines.,2019-06-02 00:00:00,2019-06-06 00:00:00,2019-06-07 00:00:00,2019-06-21,4984236.27,4386127.91,INR,3,BHARAT DIAGNOSTIC SYSTEMS,ENT-SUP-C6B6FCD7BC,BHARAT DIAGNOSTIC SYSTEMS,"MAHARASHTRA, India",AWARDED,4.0,0,0,OPEN_TENDER,MAHARASHTRA PUBLIC WORKS DEPARTMENT,MAHARASHTRA,https://mahatenders.gov.in/
MAH-MA-2021-01030,REF-MAH-MA-2021-01030,WATER RESOURCES DEPARTMENT MAHARASHTRA,MAHARASHTRA State Government,MAHARASHTRA,Central District,"MAHARASHTRA, India",Medical Equipment & Consumables,Procurement of medical equipment & consumables for WATER RESOURCES DEPARTMENT MAHARASHTRA,Official public tender for supply of medical equipment & consumables under standard MAHARASHTRA state procurement guidelines.,2021-03-06 00:00:00,2021-03-27 00:00:00,2021-03-28 00:00:00,2021-04-11,14065195.71,12377372.23,INR,3,AFCONS INFRASTRUCTURE LIMITED,ENT-SUP-AC3B9A87E5,AFCONS INFRASTRUCTURE LIMITED,"MAHARASHTRA, India",AWARDED,21.0,1,0,OPEN_TENDER,WATER RESOURCES DEPARTMENT MAHARASHTRA,MAHARASHTRA,https://mahatenders.gov.in/
MAH-MA-2021-01031,REF-MAH-MA-2021-01031,WATER RESOURCES DEPARTMENT MAHARASHTRA,MAHARASHTRA State Government,MAHARASHTRA,Central District,"MAHARASHTRA, India",Electrical & Mechanical,Procurement of electrical & mechanical for WATER RESOURCES DEPARTMENT MAHARASHTRA,Official public tender for supply of electrical & mechanical under standard MAHARASHTRA state procurement guidelines.,2021-07-15 00:00:00,2021-07-19 00:00:00,2021-07-20 00:00:00,2021-08-03,4179501.19,5642326.6,INR,3,ZENITH INFRASTRUCTURE PROJECTS,ENT-SUP-4F350A4CA1,ZENITH INFRASTRUCTURE PROJECTS,"MAHARASHTRA, India",AWARDED,4.0,0,0,OPEN_TENDER,WATER RESOURCES DEPARTMENT MAHARASHTRA,MAHARASHTRA,https://mahatenders.gov.in/
MAH-MA-2021-01032,REF-MAH-MA-2021-01032,MSEDCL POWER DISTRIBUTION,MAHARASHTRA State Government,MAHARASHTRA,Central District,"MAHARASHTRA, India",Civil Works & Infrastructure,Procurement of civil works & infrastructure for MSEDCL POWER DISTRIBUTION,Official public tender for supply of civil works & infrastructure under standard MAHARASHTRA state procurement guidelines.,2019-05-23 00:00:00,2019-06-13 00:00:00,2019-06-14 00:00:00,2019-06-28,14629663.06,16824112.52,INR,2,AHLUWALIA CONTRACTS INDIA LIMITED,ENT-SUP-28AFE50D95,AHLUWALIA CONTRACTS INDIA LIMITED,"MAHARASHTRA, India",AWARDED,21.0,0,0,OPEN_TENDER,MSEDCL POWER DISTRIBUTION,MAHARASHTRA,https://mahatenders.gov.in/
MAH-MA-2021-01033,REF-MAH-MA-2021-01033,PUBLIC HEALTH DEPT MUMBAI,MAHARASHTRA State Government,MAHARASHTRA,Central District,"MAHARASHTRA, India",Civil Works & Infrastructure,Procurement of civil works & infrastructure for PUBLIC HEALTH DEPT MUMBAI,Official public tender for supply of civil works & infrastructure under standard MAHARASHTRA state procurement guidelines.,2021-07-07 00:00:00,2021-07-13 00:00:00,2021-07-14 00:00:00,2021-07-28,4968105.29,5067467.4,INR,3,NCC LIMITED INFRASTRUCTURE,ENT-SUP-0DFD916C8B,NCC LIMITED INFRASTRUCTURE,"MAHARASHTRA, India",AWARDED,6.0,2,0,OPEN_TENDER,PUBLIC HEALTH DEPT MUMBAI,MAHARASHTRA,https://mahatenders.gov.in/
MAH-MA-2021-01034,REF-MAH-MA-2021-01034,PUBLIC HEALTH DEPT MUMBAI,MAHARASHTRA State Government,MAHARASHTRA,Central District,"MAHARASHTRA, India",Medical Equipment & Consumables,Procurement of medical equipment & consumables for PUBLIC HEALTH DEPT MUMBAI,Official public tender for supply of medical equipment & consumables under standard MAHARASHTRA state procurement guidelines.,2020-10-31 00:00:00,2020-11-04 00:00:00,2020-11-05 00:00:00,2020-11-19,4996568.34,5396293.81,INR,4,DILIP BUILDCON LIMITED,ENT-SUP-55226FC7C8,DILIP BUILDCON LIMITED,"MAHARASHTRA, India",AWARDED,4.0,0,0,OPEN_TENDER,PUBLIC HEALTH DEPT MUMBAI,MAHARASHTRA,https://mahatenders.gov.in/
MAH-MA-2021-01035,REF-MAH-MA-2021-01035,PUBLIC HEALTH DEPT MUMBAI,MAHARASHTRA State Government,MAHARASHTRA,Central District,"MAHARASHTRA, India",Electrical & Mechanical,Procurement of electrical & mechanical for PUBLIC HEALTH DEPT MUMBAI,Official public tender for supply of electrical & mechanical under standard MAHARASHTRA state procurement guidelines.,2020-12-14 00:00:00,2020-12-18 00:00:00,2020-12-19 00:00:00,2021-01-02,9240623.09,10626716.55,INR,3,ZENITH INFRASTRUCTURE PROJECTS,ENT-SUP-4F350A4CA1,ZENITH INFRASTRUCTURE PROJECTS,"MAHARASHTRA, India",AWARDED,4.0,2,0,OPEN_TENDER,PUBLIC HEALTH DEPT MUMBAI,MAHARASHTRA,https://mahatenders.gov.in/
MAH-MA-2021-01036,REF-MAH-MA-2021-01036,MMRDA URBAN TRANSPORT,MAHARASHTRA State Government,MAHARASHTRA,Central District,"MAHARASHTRA, India",Civil Works & Infrastructure,Procurement of civil works & infrastructure for MMRDA URBAN TRANSPORT,Official public tender for supply of civil works & infrastructure under standard MAHARASHTRA state procurement guidelines.,2021-08-20 00:00:00,2021-08-24 00:00:00,2021-08-25 00:00:00,2021-09-08,4935923.43,4689127.26,INR,3,VANGUARD POWER SERVICES,ENT-SUP-FBE5090586,VANGUARD POWER SERVICES,"MAHARASHTRA, India",AWARDED,4.0,1,0,OPEN_TENDER,MMRDA URBAN TRANSPORT,MAHARASHTRA,https://mahatenders.gov.in/
MAH-MA-2021-01037,REF-MAH-MA-2021-01037,MSEDCL POWER DISTRIBUTION,MAHARASHTRA State Government,MAHARASHTRA,Central District,"MAHARASHTRA, India",Electrical & Mechanical,Procurement of electrical & mechanical for MSEDCL POWER DISTRIBUTION,Official public tender for supply of electrical & mechanical under standard MAHARASHTRA state procurement guidelines.,2019-01-29 00:00:00,2019-02-28 00:00:00,2019-03-01 00:00:00,2019-03-15,255763010.56,225071449.3,INR,5,BHARAT DIAGNOSTIC SYSTEMS,ENT-SUP-C6B6FCD7BC,BHARAT DIAGNOSTIC SYSTEMS,"MAHARASHTRA, India",AWARDED,30.0,0,0,OPEN_TENDER,MSEDCL POWER DISTRIBUTION,MAHARASHTRA,https://mahatenders.gov.in/
MAH-MA-2021-01038,REF-MAH-MA-2021-01038,MAHARASHTRA PUBLIC WORKS DEPARTMENT,MAHARASHTRA State Government,MAHARASHTRA,Central District,"MAHARASHTRA, India",Civil Works & Infrastructure,Procurement of civil works & infrastructure for MAHARASHTRA PUBLIC WORKS DEPARTMENT,Official public tender for supply of civil works & infrastructure under standard MAHARASHTRA state procurement guidelines.,2020-03-16 00:00:00,2020-04-15 00:00:00,2020-04-16 00:00:00,2020-04-30,118205272.04,112295008.44,INR,5,VANGUARD POWER SERVICES,ENT-SUP-FBE5090586,VANGUARD POWER SERVICES,"MAHARASHTRA, India",AWARDED,30.0,0,0,OPEN_TENDER,MAHARASHTRA PUBLIC WORKS DEPARTMENT,MAHARASHTRA,https://mahatenders.gov.in/
MAH-MA-2021-01039,REF-MAH-MA-2021-01039,PUBLIC HEALTH DEPT MUMBAI,MAHARASHTRA State Government,MAHARASHTRA,Central District,"MAHARASHTRA, India",Civil Works & Infrastructure,Procurement of civil works & infrastructure for PUBLIC HEALTH DEPT MUMBAI,Official public tender for supply of civil works & infrastructure under standard MAHARASHTRA state procurement guidelines.,2020-07-09 00:00:00,2020-07-30 00:00:00,2020-07-31 00:00:00,2020-08-14,1603512.5,1411091.0,INR,4,VANGUARD POWER SERVICES,ENT-SUP-FBE5090586,VANGUARD POWER SERVICES,"MAHARASHTRA, India",AWARDED,21.0,0,0,OPEN_TENDER,PUBLIC HEALTH DEPT MUMBAI,MAHARASHTRA,https://mahatenders.gov.in/
MAH-MA-2021-01040,REF-MAH-MA-2021-01040,PUBLIC HEALTH DEPT MUMBAI,MAHARASHTRA State Government,MAHARASHTRA,Central District,"MAHARASHTRA, India",Consultancy & Facility Management,Procurement of consultancy & facility management for PUBLIC HEALTH DEPT MUMBAI,Official public tender for supply of consultancy & facility management under standard MAHARASHTRA state procurement guidelines.,2020-08-23 00:00:00,2020-08-27 00:00:00,2020-08-28 00:00:00,2020-09-11,129645632.8,149092477.72,INR,3,LARSEN AND TOUBRO CONSTRUCTION,ENT-SUP-6C6BEB7D6E,LARSEN AND TOUBRO CONSTRUCTION,"MAHARASHTRA, India",AWARDED,4.0,0,0,OPEN_TENDER,PUBLIC HEALTH DEPT MUMBAI,MAHARASHTRA,https://mahatenders.gov.in/
MAH-MA-2021-01041,REF-MAH-MA-2021-01041,MMRDA URBAN TRANSPORT,MAHARASHTRA State Government,MAHARASHTRA,Central District,"MAHARASHTRA, India",Information Technology & Software,Procurement of information technology & software for MMRDA URBAN TRANSPORT,Official public tender for supply of information technology & software under standard MAHARASHTRA state procurement guidelines.,2021-01-27 00:00:00,2021-02-10 00:00:00,2021-02-11 00:00:00,2021-02-25,1294533.1,1398095.74,INR,2,BHARAT DIAGNOSTIC SYSTEMS,ENT-SUP-C6B6FCD7BC,BHARAT DIAGNOSTIC SYSTEMS,"MAHARASHTRA, India",AWARDED,14.0,0,0,OPEN_TENDER,MMRDA URBAN TRANSPORT,MAHARASHTRA,https://mahatenders.gov.in/
MAH-MA-2021-01042,REF-MAH-MA-2021-01042,MMRDA URBAN TRANSPORT,MAHARASHTRA State Government,MAHARASHTRA,Central District,"MAHARASHTRA, India",Electrical & Mechanical,Procurement of electrical & mechanical for MMRDA URBAN TRANSPORT,Official public tender for supply of electrical & mechanical under standard MAHARASHTRA state procurement guidelines.,2020-12-31 00:00:00,2021-01-06 00:00:00,2021-01-07 00:00:00,2021-01-21,4948829.64,4354970.08,INR,5,TATA PROJECTS LIMITED,ENT-SUP-861D6E7011,TATA PROJECTS LIMITED,"MAHARASHTRA, India",AWARDED,6.0,0,0,OPEN_TENDER,MMRDA URBAN TRANSPORT,MAHARASHTRA,https://mahatenders.gov.in/
MAH-MA-2021-01043,REF-MAH-MA-2021-01043,PUBLIC HEALTH DEPT MUMBAI,MAHARASHTRA State Government,MAHARASHTRA,Central District,"MAHARASHTRA, India",Electrical & Mechanical,Procurement of electrical & mechanical for PUBLIC HEALTH DEPT MUMBAI,Official public tender for supply of electrical & mechanical under standard MAHARASHTRA state procurement guidelines.,2020-10-01 00:00:00,2020-10-15 00:00:00,2020-10-16 00:00:00,2020-10-30,1208176.5,1063195.32,INR,4,ZENITH INFRASTRUCTURE PROJECTS,ENT-SUP-4F350A4CA1,ZENITH INFRASTRUCTURE PROJECTS,"MAHARASHTRA, India",AWARDED,14.0,2,0,OPEN_TENDER,PUBLIC HEALTH DEPT MUMBAI,MAHARASHTRA,https://mahatenders.gov.in/
MAH-MA-2021-01044,REF-MAH-MA-2021-01044,MSEDCL POWER DISTRIBUTION,MAHARASHTRA State Government,MAHARASHTRA,Central District,"MAHARASHTRA, India",Electrical & Mechanical,Procurement of electrical & mechanical for MSEDCL POWER DISTRIBUTION,Official public tender for supply of electrical & mechanical under standard MAHARASHTRA state procurement guidelines.,2019-04-06 00:00:00,2019-04-27 00:00:00,2019-04-28 00:00:00,2019-05-12,63552371.97,55926087.34,INR,2,VANGUARD POWER SERVICES,ENT-SUP-FBE5090586,VANGUARD POWER SERVICES,"MAHARASHTRA, India",AWARDED,21.0,2,0,OPEN_TENDER,MSEDCL POWER DISTRIBUTION,MAHARASHTRA,https://mahatenders.gov.in/
MAH-MA-2021-01045,REF-MAH-MA-2021-01045,PUBLIC HEALTH DEPT MUMBAI,MAHARASHTRA State Government,MAHARASHTRA,Central District,"MAHARASHTRA, India",Electrical & Mechanical,Procurement of electrical & mechanical for PUBLIC HEALTH DEPT MUMBAI,Official public tender for supply of electrical & mechanical under standard MAHARASHTRA state procurement guidelines.,2020-08-23 00:00:00,2020-08-29 00:00:00,2020-08-30 00:00:00,2020-09-13,139725572.43,160684408.29,INR,1,AHLUWALIA CONTRACTS INDIA LIMITED,ENT-SUP-28AFE50D95,AHLUWALIA CONTRACTS INDIA LIMITED,"MAHARASHTRA, India",AWARDED,6.0,1,0,OPEN_TENDER,PUBLIC HEALTH DEPT MUMBAI,MAHARASHTRA,https://mahatenders.gov.in/
MAH-MA-2021-01046,REF-MAH-MA-2021-01046,MSEDCL POWER DISTRIBUTION,MAHARASHTRA State Government,MAHARASHTRA,Central District,"MAHARASHTRA, India",Civil Works & Infrastructure,Procurement of civil works & infrastructure for MSEDCL POWER DISTRIBUTION,Official public tender for supply of civil works & infrastructure under standard MAHARASHTRA state procurement guidelines.,2020-11-13 00:00:00,2020-12-13 00:00:00,2020-12-14 00:00:00,2020-12-28,223218425.88,196432214.78,INR,4,BHARAT DIAGNOSTIC SYSTEMS,ENT-SUP-C6B6FCD7BC,BHARAT DIAGNOSTIC SYSTEMS,"MAHARASHTRA, India",AWARDED,30.0,1,0,OPEN_TENDER,MSEDCL POWER DISTRIBUTION,MAHARASHTRA,https://mahatenders.gov.in/
MAH-MA-2021-01047,REF-MAH-MA-2021-01047,MSEDCL POWER DISTRIBUTION,MAHARASHTRA State Government,MAHARASHTRA,Central District,"MAHARASHTRA, India",Electrical & Mechanical,Procurement of electrical & mechanical for MSEDCL POWER DISTRIBUTION,Official public tender for supply of electrical & mechanical under standard MAHARASHTRA state procurement guidelines.,2019-09-17 00:00:00,2019-10-08 00:00:00,2019-10-09 00:00:00,2019-10-23,4938706.02,6667253.12,INR,1,GUPTA AND SONS CONTRACTOR,ENT-SUP-7A3AE215B9,GUPTA AND SONS CONTRACTOR,"MAHARASHTRA, India",AWARDED,21.0,0,0,OPEN_TENDER,MSEDCL POWER DISTRIBUTION,MAHARASHTRA,https://mahatenders.gov.in/
MAH-MA-2021-01048,REF-MAH-MA-2021-01048,MSEDCL POWER DISTRIBUTION,MAHARASHTRA State Government,MAHARASHTRA,Central District,"MAHARASHTRA, India",Information Technology & Software,Procurement of information technology & software for MSEDCL POWER DISTRIBUTION,Official public tender for supply of information technology & software under standard MAHARASHTRA state procurement guidelines.,2019-02-08 00:00:00,2019-02-14 00:00:00,2019-02-15 00:00:00,2019-03-01,5875576.7,6756913.21,INR,4,AHLUWALIA CONTRACTS INDIA LIMITED,ENT-SUP-28AFE50D95,AHLUWALIA CONTRACTS INDIA LIMITED,"MAHARASHTRA, India",AWARDED,6.0,0,0,OPEN_TENDER,MSEDCL POWER DISTRIBUTION,MAHARASHTRA,https://mahatenders.gov.in/
MAH-MA-2021-01049,REF-MAH-MA-2021-01049,MSEDCL POWER DISTRIBUTION,MAHARASHTRA State Government,MAHARASHTRA,Central District,"MAHARASHTRA, India",Civil Works & Infrastructure,Procurement of civil works & infrastructure for MSEDCL POWER DISTRIBUTION,Official public tender for supply of civil works & infrastructure under standard MAHARASHTRA state procurement guidelines.,2020-05-07 00:00:00,2020-05-13 00:00:00,2020-05-14 00:00:00,2020-05-28,12499474.32,14374395.47,INR,3,SHREE BALAJI ENTERPRISE,ENT-SUP-CA68E614E4,SHREE BALAJI ENTERPRISE,"MAHARASHTRA, India",AWARDED,6.0,0,0,OPEN_TENDER,MSEDCL POWER DISTRIBUTION,MAHARASHTRA,https://mahatenders.gov.in/
MAH-MA-2021-01050,REF-MAH-MA-2021-01050,MMRDA URBAN TRANSPORT,MAHARASHTRA State Government,MAHARASHTRA,Central District,"MAHARASHTRA, India",Electrical & Mechanical,Procurement of electrical & mechanical for MMRDA URBAN TRANSPORT,Official public tender for supply of electrical & mechanical under standard MAHARASHTRA state procurement guidelines.,2020-12-16 00:00:00,2020-12-30 00:00:00,2020-12-31 00:00:00,2021-01-14,12778591.01,11245160.09,INR,4,APEX MEDITECH SOLUTIONS,ENT-SUP-A750489DC1,APEX MEDITECH SOLUTIONS,"MAHARASHTRA, India",AWARDED,14.0,2,0,OPEN_TENDER,MMRDA URBAN TRANSPORT,MAHARASHTRA,https://mahatenders.gov.in/
MAH-MA-2021-01051,REF-MAH-MA-2021-01051,MAHARASHTRA PUBLIC WORKS DEPARTMENT,MAHARASHTRA State Government,MAHARASHTRA,Central District,"MAHARASHTRA, India",Medical Equipment & Consumables,Procurement of medical equipment & consumables for MAHARASHTRA PUBLIC WORKS DEPARTMENT,Official public tender for supply of medical equipment & consumables under standard MAHARASHTRA state procurement guidelines.,2019-05-10 00:00:00,2019-06-09 00:00:00,2019-06-10 00:00:00,2019-06-24,4973839.52,4376978.77,INR,3,NCC LIMITED INFRASTRUCTURE,ENT-SUP-0DFD916C8B,NCC LIMITED INFRASTRUCTURE,"MAHARASHTRA, India",AWARDED,30.0,0,0,OPEN_TENDER,MAHARASHTRA PUBLIC WORKS DEPARTMENT,MAHARASHTRA,https://mahatenders.gov.in/
MAH-MA-2021-01052,REF-MAH-MA-2021-01052,PUBLIC HEALTH DEPT MUMBAI,MAHARASHTRA State Government,MAHARASHTRA,Central District,"MAHARASHTRA, India",Medical Equipment & Consumables,Procurement of medical equipment & consumables for PUBLIC HEALTH DEPT MUMBAI,Official public tender for supply of medical equipment & consumables under standard MAHARASHTRA state procurement guidelines.,2020-12-26 00:00:00,2020-12-30 00:00:00,2020-12-31 00:00:00,2021-01-14,309537478.35,355968100.11,INR,3,BHARAT DIAGNOSTIC SYSTEMS,ENT-SUP-C6B6FCD7BC,BHARAT DIAGNOSTIC SYSTEMS,"MAHARASHTRA, India",AWARDED,4.0,0,0,OPEN_TENDER,PUBLIC HEALTH DEPT MUMBAI,MAHARASHTRA,https://mahatenders.gov.in/
MAH-MA-2021-01053,REF-MAH-MA-2021-01053,MAHARASHTRA PUBLIC WORKS DEPARTMENT,MAHARASHTRA State Government,MAHARASHTRA,Central District,"MAHARASHTRA, India",Medical Equipment & Consumables,Procurement of medical equipment & consumables for MAHARASHTRA PUBLIC WORKS DEPARTMENT,Official public tender for supply of medical equipment & consumables under standard MAHARASHTRA state procurement guidelines.,2019-09-25 00:00:00,2019-10-25 00:00:00,2019-10-26 00:00:00,2019-11-09,125203004.85,110178644.27,INR,1,SHARMA ENGINEERING WORKS,ENT-SUP-9473B0CC3C,SHARMA ENGINEERING WORKS,"MAHARASHTRA, India",AWARDED,30.0,1,0,OPEN_TENDER,MAHARASHTRA PUBLIC WORKS DEPARTMENT,MAHARASHTRA,https://mahatenders.gov.in/
MAH-MA-2021-01054,REF-MAH-MA-2021-01054,MAHARASHTRA PUBLIC WORKS DEPARTMENT,MAHARASHTRA State Government,MAHARASHTRA,Central District,"MAHARASHTRA, India",Civil Works & Infrastructure,Procurement of civil works & infrastructure for MAHARASHTRA PUBLIC WORKS DEPARTMENT,Official public tender for supply of civil works & infrastructure under standard MAHARASHTRA state procurement guidelines.,2019-05-24 00:00:00,2019-06-23 00:00:00,2019-06-24 00:00:00,2019-07-08,58151848.3,66874625.54,INR,2,KNR CONSTRUCTION,ENT-SUP-6A86A67807,KNR CONSTRUCTION,"MAHARASHTRA, India",AWARDED,30.0,0,0,OPEN_TENDER,MAHARASHTRA PUBLIC WORKS DEPARTMENT,MAHARASHTRA,https://mahatenders.gov.in/
MAH-MA-2021-01055,REF-MAH-MA-2021-01055,WATER RESOURCES DEPARTMENT MAHARASHTRA,MAHARASHTRA State Government,MAHARASHTRA,Central District,"MAHARASHTRA, India",Information Technology & Software,Procurement of information technology & software for WATER RESOURCES DEPARTMENT MAHARASHTRA,Official public tender for supply of information technology & software under standard MAHARASHTRA state procurement guidelines.,2020-12-26 00:00:00,2020-12-30 00:00:00,2020-12-31 00:00:00,2021-01-14,4941243.43,6670678.63,INR,2,AHLUWALIA CONTRACTS INDIA LIMITED,ENT-SUP-28AFE50D95,AHLUWALIA CONTRACTS INDIA LIMITED,"MAHARASHTRA, India",AWARDED,4.0,1,0,OPEN_TENDER,WATER RESOURCES DEPARTMENT MAHARASHTRA,MAHARASHTRA,https://mahatenders.gov.in/
MAH-MA-2021-01056,REF-MAH-MA-2021-01056,MSEDCL POWER DISTRIBUTION,MAHARASHTRA State Government,MAHARASHTRA,Central District,"MAHARASHTRA, India",Civil Works & Infrastructure,Procurement of civil works & infrastructure for MSEDCL POWER DISTRIBUTION,Official public tender for supply of civil works & infrastructure under standard MAHARASHTRA state procurement guidelines.,2019-01-16 00:00:00,2019-02-15 00:00:00,2019-02-16 00:00:00,2019-03-02,2771897.04,2439269.4,INR,1,BHARAT DIAGNOSTIC SYSTEMS,ENT-SUP-C6B6FCD7BC,BHARAT DIAGNOSTIC SYSTEMS,"MAHARASHTRA, India",AWARDED,30.0,0,0,OPEN_TENDER,MSEDCL POWER DISTRIBUTION,MAHARASHTRA,https://mahatenders.gov.in/
MAH-MA-2021-01057,REF-MAH-MA-2021-01057,MSEDCL POWER DISTRIBUTION,MAHARASHTRA State Government,MAHARASHTRA,Central District,"MAHARASHTRA, India",Consultancy & Facility Management,Procurement of consultancy & facility management for MSEDCL POWER DISTRIBUTION,Official public tender for supply of consultancy & facility management under standard MAHARASHTRA state procurement guidelines.,2021-09-07 00:00:00,2021-10-07 00:00:00,2021-10-08 00:00:00,2021-10-22,213681676.68,202997592.85,INR,4,DILIP BUILDCON LIMITED,ENT-SUP-55226FC7C8,DILIP BUILDCON LIMITED,"MAHARASHTRA, India",AWARDED,30.0,0,0,OPEN_TENDER,MSEDCL POWER DISTRIBUTION,MAHARASHTRA,https://mahatenders.gov.in/
MAH-MA-2021-01058,REF-MAH-MA-2021-01058,MMRDA URBAN TRANSPORT,MAHARASHTRA State Government,MAHARASHTRA,Central District,"MAHARASHTRA, India",Medical Equipment & Consumables,Procurement of medical equipment & consumables for MMRDA URBAN TRANSPORT,Official public tender for supply of medical equipment & consumables under standard MAHARASHTRA state procurement guidelines.,2020-06-04 00:00:00,2020-06-25 00:00:00,2020-06-26 00:00:00,2020-07-10,122922226.18,141360560.11,INR,2,ZENITH INFRASTRUCTURE PROJECTS,ENT-SUP-4F350A4CA1,ZENITH INFRASTRUCTURE PROJECTS,"MAHARASHTRA, India",AWARDED,21.0,0,0,OPEN_TENDER,MMRDA URBAN TRANSPORT,MAHARASHTRA,https://mahatenders.gov.in/
MAH-MA-2021-01059,REF-MAH-MA-2021-01059,PUBLIC HEALTH DEPT MUMBAI,MAHARASHTRA State Government,MAHARASHTRA,Central District,"MAHARASHTRA, India",Consultancy & Facility Management,Procurement of consultancy & facility management for PUBLIC HEALTH DEPT MUMBAI,Official public tender for supply of consultancy & facility management under standard MAHARASHTRA state procurement guidelines.,2019-02-17 00:00:00,2019-02-23 00:00:00,2019-02-24 00:00:00,2019-03-10,264667376.3,304367482.75,INR,3,AHLUWALIA CONTRACTS INDIA LIMITED,ENT-SUP-28AFE50D95,AHLUWALIA CONTRACTS INDIA LIMITED,"MAHARASHTRA, India",AWARDED,6.0,2,0,OPEN_TENDER,PUBLIC HEALTH DEPT MUMBAI,MAHARASHTRA,https://mahatenders.gov.in/
MAH-MA-2021-01060,REF-MAH-MA-2021-01060,MAHARASHTRA PUBLIC WORKS DEPARTMENT,MAHARASHTRA State Government,MAHARASHTRA,Central District,"MAHARASHTRA, India",Information Technology & Software,Procurement of information technology & software for MAHARASHTRA PUBLIC WORKS DEPARTMENT,Official public tender for supply of information technology & software under standard MAHARASHTRA state procurement guidelines.,2020-08-29 00:00:00,2020-09-12 00:00:00,2020-09-13 00:00:00,2020-09-27,4959117.27,4364023.2,INR,2,DILIP BUILDCON LIMITED,ENT-SUP-55226FC7C8,DILIP BUILDCON LIMITED,"MAHARASHTRA, India",AWARDED,14.0,2,0,OPEN_TENDER,MAHARASHTRA PUBLIC WORKS DEPARTMENT,MAHARASHTRA,https://mahatenders.gov.in/
MAH-MA-2021-01061,REF-MAH-MA-2021-01061,PUBLIC HEALTH DEPT MUMBAI,MAHARASHTRA State Government,MAHARASHTRA,Central District,"MAHARASHTRA, India",Consultancy & Facility Management,Procurement of consultancy & facility management for PUBLIC HEALTH DEPT MUMBAI,Official public tender for supply of consultancy & facility management under standard MAHARASHTRA state procurement guidelines.,2021-04-16 00:00:00,2021-04-22 00:00:00,2021-04-23 00:00:00,2021-05-07,2485328.76,3355193.83,INR,3,AFCONS INFRASTRUCTURE LIMITED,ENT-SUP-AC3B9A87E5,AFCONS INFRASTRUCTURE LIMITED,"MAHARASHTRA, India",AWARDED,6.0,0,0,OPEN_TENDER,PUBLIC HEALTH DEPT MUMBAI,MAHARASHTRA,https://mahatenders.gov.in/
MAH-MA-2021-01062,REF-MAH-MA-2021-01062,WATER RESOURCES DEPARTMENT MAHARASHTRA,MAHARASHTRA State Government,MAHARASHTRA,Central District,"MAHARASHTRA, India",Civil Works & Infrastructure,Procurement of civil works & infrastructure for WATER RESOURCES DEPARTMENT MAHARASHTRA,Official public tender for supply of civil works & infrastructure under standard MAHARASHTRA state procurement guidelines.,2021-07-15 00:00:00,2021-08-05 00:00:00,2021-08-06 00:00:00,2021-08-20,139395081.47,188183359.98,INR,5,LARSEN AND TOUBRO CONSTRUCTION,ENT-SUP-6C6BEB7D6E,LARSEN AND TOUBRO CONSTRUCTION,"MAHARASHTRA, India",AWARDED,21.0,0,0,OPEN_TENDER,WATER RESOURCES DEPARTMENT MAHARASHTRA,MAHARASHTRA,https://mahatenders.gov.in/
MAH-MA-2021-01063,REF-MAH-MA-2021-01063,MAHARASHTRA PUBLIC WORKS DEPARTMENT,MAHARASHTRA State Government,MAHARASHTRA,Central District,"MAHARASHTRA, India",Civil Works & Infrastructure,Procurement of civil works & infrastructure for MAHARASHTRA PUBLIC WORKS DEPARTMENT,Official public tender for supply of civil works & infrastructure under standard MAHARASHTRA state procurement guidelines.,2019-03-09 00:00:00,2019-03-30 00:00:00,2019-03-31 00:00:00,2019-04-14,4953471.35,5052540.78,INR,2,VANGUARD POWER SERVICES,ENT-SUP-FBE5090586,VANGUARD POWER SERVICES,"MAHARASHTRA, India",AWARDED,21.0,0,0,OPEN_TENDER,MAHARASHTRA PUBLIC WORKS DEPARTMENT,MAHARASHTRA,https://mahatenders.gov.in/
MAH-MA-2021-01064,REF-MAH-MA-2021-01064,PUBLIC HEALTH DEPT MUMBAI,MAHARASHTRA State Government,MAHARASHTRA,Central District,"MAHARASHTRA, India",Information Technology & Software,Procurement of information technology & software for PUBLIC HEALTH DEPT MUMBAI,Official public tender for supply of information technology & software under standard MAHARASHTRA state procurement guidelines.,2019-05-06 00:00:00,2019-05-20 00:00:00,2019-05-21 00:00:00,2019-06-04,232917907.78,251551340.41,INR,2,ZENITH INFRASTRUCTURE PROJECTS,ENT-SUP-4F350A4CA1,ZENITH INFRASTRUCTURE PROJECTS,"MAHARASHTRA, India",AWARDED,14.0,1,0,OPEN_TENDER,PUBLIC HEALTH DEPT MUMBAI,MAHARASHTRA,https://mahatenders.gov.in/
MAH-MA-2021-01065,REF-MAH-MA-2021-01065,MMRDA URBAN TRANSPORT,MAHARASHTRA State Government,MAHARASHTRA,Central District,"MAHARASHTRA, India",Civil Works & Infrastructure,Procurement of civil works & infrastructure for MMRDA URBAN TRANSPORT,Official public tender for supply of civil works & infrastructure under standard MAHARASHTRA state procurement guidelines.,2020-03-06 00:00:00,2020-03-20 00:00:00,2020-03-21 00:00:00,2020-04-04,14284011.05,16426612.71,INR,3,ZENITH INFRASTRUCTURE PROJECTS,ENT-SUP-4F350A4CA1,ZENITH INFRASTRUCTURE PROJECTS,"MAHARASHTRA, India",AWARDED,14.0,2,0,OPEN_TENDER,MMRDA URBAN TRANSPORT,MAHARASHTRA,https://mahatenders.gov.in/
MAH-MA-2021-01066,REF-MAH-MA-2021-01066,MSEDCL POWER DISTRIBUTION,MAHARASHTRA State Government,MAHARASHTRA,Central District,"MAHARASHTRA, India",Medical Equipment & Consumables,Procurement of medical equipment & consumables for MSEDCL POWER DISTRIBUTION,Official public tender for supply of medical equipment & consumables under standard MAHARASHTRA state procurement guidelines.,2020-11-15 00:00:00,2020-11-21 00:00:00,2020-11-22 00:00:00,2020-12-06,308526660.59,271503461.32,INR,1,NCC LIMITED INFRASTRUCTURE,ENT-SUP-0DFD916C8B,NCC LIMITED INFRASTRUCTURE,"MAHARASHTRA, India",AWARDED,6.0,1,0,OPEN_TENDER,MSEDCL POWER DISTRIBUTION,MAHARASHTRA,https://mahatenders.gov.in/
MAH-MA-2021-01067,REF-MAH-MA-2021-01067,WATER RESOURCES DEPARTMENT MAHARASHTRA,MAHARASHTRA State Government,MAHARASHTRA,Central District,"MAHARASHTRA, India",Civil Works & Infrastructure,Procurement of civil works & infrastructure for WATER RESOURCES DEPARTMENT MAHARASHTRA,Official public tender for supply of civil works & infrastructure under standard MAHARASHTRA state procurement guidelines.,2020-03-10 00:00:00,2020-03-24 00:00:00,2020-03-25 00:00:00,2020-04-08,1167900.97,1343086.12,INR,1,PNC INFRATECH LIMITED,ENT-SUP-4B3E89D111,PNC INFRATECH LIMITED,"MAHARASHTRA, India",AWARDED,14.0,0,0,OPEN_TENDER,WATER RESOURCES DEPARTMENT MAHARASHTRA,MAHARASHTRA,https://mahatenders.gov.in/
MAH-MA-2021-01068,REF-MAH-MA-2021-01068,WATER RESOURCES DEPARTMENT MAHARASHTRA,MAHARASHTRA State Government,MAHARASHTRA,Central District,"MAHARASHTRA, India",Information Technology & Software,Procurement of information technology & software for WATER RESOURCES DEPARTMENT MAHARASHTRA,Official public tender for supply of information technology & software under standard MAHARASHTRA state procurement guidelines.,2021-01-19 00:00:00,2021-02-02 00:00:00,2021-02-03 00:00:00,2021-02-17,20844868.18,22512457.63,INR,2,AFCONS INFRASTRUCTURE LIMITED,ENT-SUP-AC3B9A87E5,AFCONS INFRASTRUCTURE LIMITED,"MAHARASHTRA, India",AWARDED,14.0,1,0,OPEN_TENDER,WATER RESOURCES DEPARTMENT MAHARASHTRA,MAHARASHTRA,https://mahatenders.gov.in/
MAH-MA-2021-01069,REF-MAH-MA-2021-01069,WATER RESOURCES DEPARTMENT MAHARASHTRA,MAHARASHTRA State Government,MAHARASHTRA,Central District,"MAHARASHTRA, India",Civil Works & Infrastructure,Procurement of civil works & infrastructure for WATER RESOURCES DEPARTMENT MAHARASHTRA,Official public tender for supply of civil works & infrastructure under standard MAHARASHTRA state procurement guidelines.,2020-04-28 00:00:00,2020-05-12 00:00:00,2020-05-13 00:00:00,2020-05-27,16720517.49,17054927.84,INR,1,TATA PROJECTS LIMITED,ENT-SUP-861D6E7011,TATA PROJECTS LIMITED,"MAHARASHTRA, India",AWARDED,14.0,1,0,OPEN_TENDER,WATER RESOURCES DEPARTMENT MAHARASHTRA,MAHARASHTRA,https://mahatenders.gov.in/
MAH-MA-2021-01070,REF-MAH-MA-2021-01070,MAHARASHTRA PUBLIC WORKS DEPARTMENT,MAHARASHTRA State Government,MAHARASHTRA,Central District,"MAHARASHTRA, India",Electrical & Mechanical,Procurement of electrical & mechanical for MAHARASHTRA PUBLIC WORKS DEPARTMENT,Official public tender for supply of electrical & mechanical under standard MAHARASHTRA state procurement guidelines.,2021-04-08 00:00:00,2021-05-08 00:00:00,2021-05-09 00:00:00,2021-05-23,268572049.85,255143447.35,INR,5,SHARMA ENGINEERING WORKS,ENT-SUP-9473B0CC3C,SHARMA ENGINEERING WORKS,"MAHARASHTRA, India",AWARDED,30.0,1,0,OPEN_TENDER,MAHARASHTRA PUBLIC WORKS DEPARTMENT,MAHARASHTRA,https://mahatenders.gov.in/
MAH-MA-2021-01071,REF-MAH-MA-2021-01071,MMRDA URBAN TRANSPORT,MAHARASHTRA State Government,MAHARASHTRA,Central District,"MAHARASHTRA, India",Electrical & Mechanical,Procurement of electrical & mechanical for MMRDA URBAN TRANSPORT,Official public tender for supply of electrical & mechanical under standard MAHARASHTRA state procurement guidelines.,2019-08-21 00:00:00,2019-09-20 00:00:00,2019-09-21 00:00:00,2019-10-05,2020053.52,1919050.85,INR,2,VANGUARD POWER SERVICES,ENT-SUP-FBE5090586,VANGUARD POWER SERVICES,"MAHARASHTRA, India",AWARDED,30.0,0,0,OPEN_TENDER,MMRDA URBAN TRANSPORT,MAHARASHTRA,https://mahatenders.gov.in/
MAH-MA-2021-01072,REF-MAH-MA-2021-01072,MSEDCL POWER DISTRIBUTION,MAHARASHTRA State Government,MAHARASHTRA,Central District,"MAHARASHTRA, India",Civil Works & Infrastructure,Procurement of civil works & infrastructure for MSEDCL POWER DISTRIBUTION,Official public tender for supply of civil works & infrastructure under standard MAHARASHTRA state procurement guidelines.,2020-12-25 00:00:00,2021-01-15 00:00:00,2021-01-16 00:00:00,2021-01-30,16663128.71,14663553.26,INR,3,PNC INFRATECH LIMITED,ENT-SUP-4B3E89D111,PNC INFRATECH LIMITED,"MAHARASHTRA, India",AWARDED,21.0,2,0,OPEN_TENDER,MSEDCL POWER DISTRIBUTION,MAHARASHTRA,https://mahatenders.gov.in/
MAH-MA-2021-01073,REF-MAH-MA-2021-01073,MAHARASHTRA PUBLIC WORKS DEPARTMENT,MAHARASHTRA State Government,MAHARASHTRA,Central District,"MAHARASHTRA, India",Consultancy & Facility Management,Procurement of consultancy & facility management for MAHARASHTRA PUBLIC WORKS DEPARTMENT,Official public tender for supply of consultancy & facility management under standard MAHARASHTRA state procurement guidelines.,2020-04-29 00:00:00,2020-05-20 00:00:00,2020-05-21 00:00:00,2020-06-04,7978854.88,7579912.13,INR,2,ZENITH INFRASTRUCTURE PROJECTS,ENT-SUP-4F350A4CA1,ZENITH INFRASTRUCTURE PROJECTS,"MAHARASHTRA, India",AWARDED,21.0,1,0,OPEN_TENDER,MAHARASHTRA PUBLIC WORKS DEPARTMENT,MAHARASHTRA,https://mahatenders.gov.in/
MAH-MA-2021-01074,REF-MAH-MA-2021-01074,PUBLIC HEALTH DEPT MUMBAI,MAHARASHTRA State Government,MAHARASHTRA,Central District,"MAHARASHTRA, India",Electrical & Mechanical,Procurement of electrical & mechanical for PUBLIC HEALTH DEPT MUMBAI,Official public tender for supply of electrical & mechanical under standard MAHARASHTRA state procurement guidelines.,2019-09-28 00:00:00,2019-10-02 00:00:00,2019-10-03 00:00:00,2019-10-17,22486334.38,25859284.54,INR,3,SHREE BALAJI ENTERPRISE,ENT-SUP-CA68E614E4,SHREE BALAJI ENTERPRISE,"MAHARASHTRA, India",AWARDED,4.0,0,0,OPEN_TENDER,PUBLIC HEALTH DEPT MUMBAI,MAHARASHTRA,https://mahatenders.gov.in/
MAH-MA-2021-01075,REF-MAH-MA-2021-01075,WATER RESOURCES DEPARTMENT MAHARASHTRA,MAHARASHTRA State Government,MAHARASHTRA,Central District,"MAHARASHTRA, India",Civil Works & Infrastructure,Procurement of civil works & infrastructure for WATER RESOURCES DEPARTMENT MAHARASHTRA,Official public tender for supply of civil works & infrastructure under standard MAHARASHTRA state procurement guidelines.,2021-06-04 00:00:00,2021-06-10 00:00:00,2021-06-11 00:00:00,2021-06-25,17061116.92,19620284.46,INR,4,DILIP BUILDCON LIMITED,ENT-SUP-55226FC7C8,DILIP BUILDCON LIMITED,"MAHARASHTRA, India",AWARDED,6.0,0,0,OPEN_TENDER,WATER RESOURCES DEPARTMENT MAHARASHTRA,MAHARASHTRA,https://mahatenders.gov.in/
MAH-MA-2021-01076,REF-MAH-MA-2021-01076,MMRDA URBAN TRANSPORT,MAHARASHTRA State Government,MAHARASHTRA,Central District,"MAHARASHTRA, India",Consultancy & Facility Management,Procurement of consultancy & facility management for MMRDA URBAN TRANSPORT,Official public tender for supply of consultancy & facility management under standard MAHARASHTRA state procurement guidelines.,2019-05-27 00:00:00,2019-06-17 00:00:00,2019-06-18 00:00:00,2019-07-02,2059807.05,2368778.11,INR,2,ZENITH INFRASTRUCTURE PROJECTS,ENT-SUP-4F350A4CA1,ZENITH INFRASTRUCTURE PROJECTS,"MAHARASHTRA, India",AWARDED,21.0,0,0,OPEN_TENDER,MMRDA URBAN TRANSPORT,MAHARASHTRA,https://mahatenders.gov.in/
MAH-MA-2021-01077,REF-MAH-MA-2021-01077,MAHARASHTRA PUBLIC WORKS DEPARTMENT,MAHARASHTRA State Government,MAHARASHTRA,Central District,"MAHARASHTRA, India",Electrical & Mechanical,Procurement of electrical & mechanical for MAHARASHTRA PUBLIC WORKS DEPARTMENT,Official public tender for supply of electrical & mechanical under standard MAHARASHTRA state procurement guidelines.,2020-10-04 00:00:00,2020-11-03 00:00:00,2020-11-04 00:00:00,2020-11-18,8239405.41,11123197.3,INR,4,APEX MEDITECH SOLUTIONS,ENT-SUP-A750489DC1,APEX MEDITECH SOLUTIONS,"MAHARASHTRA, India",AWARDED,30.0,1,0,OPEN_TENDER,MAHARASHTRA PUBLIC WORKS DEPARTMENT,MAHARASHTRA,https://mahatenders.gov.in/
MAH-MA-2021-01078,REF-MAH-MA-2021-01078,WATER RESOURCES DEPARTMENT MAHARASHTRA,MAHARASHTRA State Government,MAHARASHTRA,Central District,"MAHARASHTRA, India",Medical Equipment & Consumables,Procurement of medical equipment & consumables for WATER RESOURCES DEPARTMENT MAHARASHTRA,Official public tender for supply of medical equipment & consumables under standard MAHARASHTRA state procurement guidelines.,2020-06-15 00:00:00,2020-07-06 00:00:00,2020-07-07 00:00:00,2020-07-21,4960010.04,5704011.55,INR,2,SHARMA ENGINEERING WORKS,ENT-SUP-9473B0CC3C,SHARMA ENGINEERING WORKS,"MAHARASHTRA, India",AWARDED,21.0,0,0,OPEN_TENDER,WATER RESOURCES DEPARTMENT MAHARASHTRA,MAHARASHTRA,https://mahatenders.gov.in/
MAH-MA-2021-01079,REF-MAH-MA-2021-01079,MMRDA URBAN TRANSPORT,MAHARASHTRA State Government,MAHARASHTRA,Central District,"MAHARASHTRA, India",Civil Works & Infrastructure,Procurement of civil works & infrastructure for MMRDA URBAN TRANSPORT,Official public tender for supply of civil works & infrastructure under standard MAHARASHTRA state procurement guidelines.,2020-10-26 00:00:00,2020-11-25 00:00:00,2020-11-26 00:00:00,2020-12-10,8607092.44,8176737.82,INR,1,ZENITH INFRASTRUCTURE PROJECTS,ENT-SUP-4F350A4CA1,ZENITH INFRASTRUCTURE PROJECTS,"MAHARASHTRA, India",AWARDED,30.0,1,0,OPEN_TENDER,MMRDA URBAN TRANSPORT,MAHARASHTRA,https://mahatenders.gov.in/
MAH-MA-2021-01080,REF-MAH-MA-2021-01080,MMRDA URBAN TRANSPORT,MAHARASHTRA State Government,MAHARASHTRA,Central District,"MAHARASHTRA, India",Information Technology & Software,Procurement of information technology & software for MMRDA URBAN TRANSPORT,Official public tender for supply of information technology & software under standard MAHARASHTRA state procurement guidelines.,2019-02-06 00:00:00,2019-02-10 00:00:00,2019-02-11 00:00:00,2019-02-25,4962215.03,5359192.24,INR,2,GUPTA AND SONS CONTRACTOR,ENT-SUP-7A3AE215B9,GUPTA AND SONS CONTRACTOR,"MAHARASHTRA, India",AWARDED,4.0,2,0,OPEN_TENDER,MMRDA URBAN TRANSPORT,MAHARASHTRA,https://mahatenders.gov.in/
MAH-MA-2021-01081,REF-MAH-MA-2021-01081,PUBLIC HEALTH DEPT MUMBAI,MAHARASHTRA State Government,MAHARASHTRA,Central District,"MAHARASHTRA, India",Civil Works & Infrastructure,Procurement of civil works & infrastructure for PUBLIC HEALTH DEPT MUMBAI,Official public tender for supply of civil works & infrastructure under standard MAHARASHTRA state procurement guidelines.,2020-12-30 00:00:00,2021-01-13 00:00:00,2021-01-14 00:00:00,2021-01-28,13208030.14,13472190.74,INR,1,PNC INFRATECH LIMITED,ENT-SUP-4B3E89D111,PNC INFRATECH LIMITED,"MAHARASHTRA, India",AWARDED,14.0,0,0,OPEN_TENDER,PUBLIC HEALTH DEPT MUMBAI,MAHARASHTRA,https://mahatenders.gov.in/
MAH-MA-2021-01082,REF-MAH-MA-2021-01082,WATER RESOURCES DEPARTMENT MAHARASHTRA,MAHARASHTRA State Government,MAHARASHTRA,Central District,"MAHARASHTRA, India",Medical Equipment & Consumables,Procurement of medical equipment & consumables for WATER RESOURCES DEPARTMENT MAHARASHTRA,Official public tender for supply of medical equipment & consumables under standard MAHARASHTRA state procurement guidelines.,2020-06-19 00:00:00,2020-06-25 00:00:00,2020-06-26 00:00:00,2020-07-10,24031173.59,22829614.91,INR,2,AFCONS INFRASTRUCTURE LIMITED,ENT-SUP-AC3B9A87E5,AFCONS INFRASTRUCTURE LIMITED,"MAHARASHTRA, India",AWARDED,6.0,1,0,OPEN_TENDER,WATER RESOURCES DEPARTMENT MAHARASHTRA,MAHARASHTRA,https://mahatenders.gov.in/
MAH-MA-2021-01083,REF-MAH-MA-2021-01083,MSEDCL POWER DISTRIBUTION,MAHARASHTRA State Government,MAHARASHTRA,Central District,"MAHARASHTRA, India",Consultancy & Facility Management,Procurement of consultancy & facility management for MSEDCL POWER DISTRIBUTION,Official public tender for supply of consultancy & facility management under standard MAHARASHTRA state procurement guidelines.,2021-08-06 00:00:00,2021-08-12 00:00:00,2021-08-13 00:00:00,2021-08-27,7996609.23,8636337.96,INR,1,LARSEN AND TOUBRO CONSTRUCTION,ENT-SUP-6C6BEB7D6E,LARSEN AND TOUBRO CONSTRUCTION,"MAHARASHTRA, India",AWARDED,6.0,1,0,OPEN_TENDER,MSEDCL POWER DISTRIBUTION,MAHARASHTRA,https://mahatenders.gov.in/
MAH-MA-2021-01084,REF-MAH-MA-2021-01084,MSEDCL POWER DISTRIBUTION,MAHARASHTRA State Government,MAHARASHTRA,Central District,"MAHARASHTRA, India",Information Technology & Software,Procurement of information technology & software for MSEDCL POWER DISTRIBUTION,Official public tender for supply of information technology & software under standard MAHARASHTRA state procurement guidelines.,2020-10-19 00:00:00,2020-11-02 00:00:00,2020-11-03 00:00:00,2020-11-17,4144397.53,3647069.82,INR,3,SHARMA ENGINEERING WORKS,ENT-SUP-9473B0CC3C,SHARMA ENGINEERING WORKS,"MAHARASHTRA, India",AWARDED,14.0,2,0,OPEN_TENDER,MSEDCL POWER DISTRIBUTION,MAHARASHTRA,https://mahatenders.gov.in/
MAH-MA-2021-01085,REF-MAH-MA-2021-01085,WATER RESOURCES DEPARTMENT MAHARASHTRA,MAHARASHTRA State Government,MAHARASHTRA,Central District,"MAHARASHTRA, India",Electrical & Mechanical,Procurement of electrical & mechanical for WATER RESOURCES DEPARTMENT MAHARASHTRA,Official public tender for supply of electrical & mechanical under standard MAHARASHTRA state procurement guidelines.,2019-03-25 00:00:00,2019-04-08 00:00:00,2019-04-09 00:00:00,2019-04-23,9655289.26,11103582.65,INR,4,PNC INFRATECH LIMITED,ENT-SUP-4B3E89D111,PNC INFRATECH LIMITED,"MAHARASHTRA, India",AWARDED,14.0,0,0,OPEN_TENDER,WATER RESOURCES DEPARTMENT MAHARASHTRA,MAHARASHTRA,https://mahatenders.gov.in/
MAH-MA-2021-01086,REF-MAH-MA-2021-01086,PUBLIC HEALTH DEPT MUMBAI,MAHARASHTRA State Government,MAHARASHTRA,Central District,"MAHARASHTRA, India",Information Technology & Software,Procurement of information technology & software for PUBLIC HEALTH DEPT MUMBAI,Official public tender for supply of information technology & software under standard MAHARASHTRA state procurement guidelines.,2020-02-28 00:00:00,2020-03-03 00:00:00,2020-03-04 00:00:00,2020-03-18,12494491.7,12744381.53,INR,3,AFCONS INFRASTRUCTURE LIMITED,ENT-SUP-AC3B9A87E5,AFCONS INFRASTRUCTURE LIMITED,"MAHARASHTRA, India",AWARDED,4.0,2,0,OPEN_TENDER,PUBLIC HEALTH DEPT MUMBAI,MAHARASHTRA,https://mahatenders.gov.in/
MAH-MA-2021-01087,REF-MAH-MA-2021-01087,MMRDA URBAN TRANSPORT,MAHARASHTRA State Government,MAHARASHTRA,Central District,"MAHARASHTRA, India",Information Technology & Software,Procurement of information technology & software for MMRDA URBAN TRANSPORT,Official public tender for supply of information technology & software under standard MAHARASHTRA state procurement guidelines.,2021-06-25 00:00:00,2021-06-29 00:00:00,2021-06-30 00:00:00,2021-07-14,1625593.47,1658105.34,INR,1,VANGUARD POWER SERVICES,ENT-SUP-FBE5090586,VANGUARD POWER SERVICES,"MAHARASHTRA, India",AWARDED,4.0,1,0,OPEN_TENDER,MMRDA URBAN TRANSPORT,MAHARASHTRA,https://mahatenders.gov.in/
MAH-MA-2021-01088,REF-MAH-MA-2021-01088,MAHARASHTRA PUBLIC WORKS DEPARTMENT,MAHARASHTRA State Government,MAHARASHTRA,Central District,"MAHARASHTRA, India",Medical Equipment & Consumables,Procurement of medical equipment & consumables for MAHARASHTRA PUBLIC WORKS DEPARTMENT,Official public tender for supply of medical equipment & consumables under standard MAHARASHTRA state procurement guidelines.,2021-04-15 00:00:00,2021-05-06 00:00:00,2021-05-07 00:00:00,2021-05-21,3167601.49,3642741.72,INR,2,PNC INFRATECH LIMITED,ENT-SUP-4B3E89D111,PNC INFRATECH LIMITED,"MAHARASHTRA, India",AWARDED,21.0,2,0,OPEN_TENDER,MAHARASHTRA PUBLIC WORKS DEPARTMENT,MAHARASHTRA,https://mahatenders.gov.in/
MAH-MA-2021-01089,REF-MAH-MA-2021-01089,MAHARASHTRA PUBLIC WORKS DEPARTMENT,MAHARASHTRA State Government,MAHARASHTRA,Central District,"MAHARASHTRA, India",Civil Works & Infrastructure,Procurement of civil works & infrastructure for MAHARASHTRA PUBLIC WORKS DEPARTMENT,Official public tender for supply of civil works & infrastructure under standard MAHARASHTRA state procurement guidelines.,2020-02-03 00:00:00,2020-02-24 00:00:00,2020-02-25 00:00:00,2020-03-10,171402343.19,197112694.67,INR,4,SHREE BALAJI ENTERPRISE,ENT-SUP-CA68E614E4,SHREE BALAJI ENTERPRISE,"MAHARASHTRA, India",AWARDED,21.0,0,0,OPEN_TENDER,MAHARASHTRA PUBLIC WORKS DEPARTMENT,MAHARASHTRA,https://mahatenders.gov.in/
MAH-MA-2021-01090,REF-MAH-MA-2021-01090,MMRDA URBAN TRANSPORT,MAHARASHTRA State Government,MAHARASHTRA,Central District,"MAHARASHTRA, India",Civil Works & Infrastructure,Procurement of civil works & infrastructure for MMRDA URBAN TRANSPORT,Official public tender for supply of civil works & infrastructure under standard MAHARASHTRA state procurement guidelines.,2021-05-23 00:00:00,2021-06-22 00:00:00,2021-06-23 00:00:00,2021-07-07,4928421.28,5667684.48,INR,2,VANGUARD POWER SERVICES,ENT-SUP-FBE5090586,VANGUARD POWER SERVICES,"MAHARASHTRA, India",AWARDED,30.0,0,0,OPEN_TENDER,MMRDA URBAN TRANSPORT,MAHARASHTRA,https://mahatenders.gov.in/
MAH-MA-2021-01091,REF-MAH-MA-2021-01091,MAHARASHTRA PUBLIC WORKS DEPARTMENT,MAHARASHTRA State Government,MAHARASHTRA,Central District,"MAHARASHTRA, India",Electrical & Mechanical,Procurement of electrical & mechanical for MAHARASHTRA PUBLIC WORKS DEPARTMENT,Official public tender for supply of electrical & mechanical under standard MAHARASHTRA state procurement guidelines.,2019-07-20 00:00:00,2019-07-26 00:00:00,2019-07-27 00:00:00,2019-08-10,4974490.1,4725765.6,INR,2,ZENITH INFRASTRUCTURE PROJECTS,ENT-SUP-4F350A4CA1,ZENITH INFRASTRUCTURE PROJECTS,"MAHARASHTRA, India",AWARDED,6.0,0,0,OPEN_TENDER,MAHARASHTRA PUBLIC WORKS DEPARTMENT,MAHARASHTRA,https://mahatenders.gov.in/
MAH-MA-2021-01092,REF-MAH-MA-2021-01092,PUBLIC HEALTH DEPT MUMBAI,MAHARASHTRA State Government,MAHARASHTRA,Central District,"MAHARASHTRA, India",Consultancy & Facility Management,Procurement of consultancy & facility management for PUBLIC HEALTH DEPT MUMBAI,Official public tender for supply of consultancy & facility management under standard MAHARASHTRA state procurement guidelines.,2019-11-05 00:00:00,2019-12-05 00:00:00,2019-12-06 00:00:00,2019-12-20,2800709.84,3780958.29,INR,1,ZENITH INFRASTRUCTURE PROJECTS,ENT-SUP-4F350A4CA1,ZENITH INFRASTRUCTURE PROJECTS,"MAHARASHTRA, India",AWARDED,30.0,1,0,OPEN_TENDER,PUBLIC HEALTH DEPT MUMBAI,MAHARASHTRA,https://mahatenders.gov.in/
MAH-MA-2021-01093,REF-MAH-MA-2021-01093,MMRDA URBAN TRANSPORT,MAHARASHTRA State Government,MAHARASHTRA,Central District,"MAHARASHTRA, India",Consultancy & Facility Management,Procurement of consultancy & facility management for MMRDA URBAN TRANSPORT,Official public tender for supply of consultancy & facility management under standard MAHARASHTRA state procurement guidelines.,2020-11-24 00:00:00,2020-12-24 00:00:00,2020-12-25 00:00:00,2021-01-08,20984051.79,28328469.92,INR,2,PNC INFRATECH LIMITED,ENT-SUP-4B3E89D111,PNC INFRATECH LIMITED,"MAHARASHTRA, India",AWARDED,30.0,0,0,OPEN_TENDER,MMRDA URBAN TRANSPORT,MAHARASHTRA,https://mahatenders.gov.in/
MAH-MA-2021-01094,REF-MAH-MA-2021-01094,MMRDA URBAN TRANSPORT,MAHARASHTRA State Government,MAHARASHTRA,Central District,"MAHARASHTRA, India",Civil Works & Infrastructure,Procurement of civil works & infrastructure for MMRDA URBAN TRANSPORT,Official public tender for supply of civil works & infrastructure under standard MAHARASHTRA state procurement guidelines.,2021-01-14 00:00:00,2021-01-18 00:00:00,2021-01-19 00:00:00,2021-02-02,3938627.32,3465992.04,INR,3,BHARAT DIAGNOSTIC SYSTEMS,ENT-SUP-C6B6FCD7BC,BHARAT DIAGNOSTIC SYSTEMS,"MAHARASHTRA, India",AWARDED,4.0,0,0,OPEN_TENDER,MMRDA URBAN TRANSPORT,MAHARASHTRA,https://mahatenders.gov.in/
MAH-MA-2021-01095,REF-MAH-MA-2021-01095,MMRDA URBAN TRANSPORT,MAHARASHTRA State Government,MAHARASHTRA,Central District,"MAHARASHTRA, India",Medical Equipment & Consumables,Procurement of medical equipment & consumables for MMRDA URBAN TRANSPORT,Official public tender for supply of medical equipment & consumables under standard MAHARASHTRA state procurement guidelines.,2019-08-05 00:00:00,2019-08-11 00:00:00,2019-08-12 00:00:00,2019-08-26,321889292.63,370172686.52,INR,3,DILIP BUILDCON LIMITED,ENT-SUP-55226FC7C8,DILIP BUILDCON LIMITED,"MAHARASHTRA, India",AWARDED,6.0,0,0,OPEN_TENDER,MMRDA URBAN TRANSPORT,MAHARASHTRA,https://mahatenders.gov.in/
MAH-MA-2021-01096,REF-MAH-MA-2021-01096,MAHARASHTRA PUBLIC WORKS DEPARTMENT,MAHARASHTRA State Government,MAHARASHTRA,Central District,"MAHARASHTRA, India",Consultancy & Facility Management,Procurement of consultancy & facility management for MAHARASHTRA PUBLIC WORKS DEPARTMENT,Official public tender for supply of consultancy & facility management under standard MAHARASHTRA state procurement guidelines.,2019-06-23 00:00:00,2019-07-07 00:00:00,2019-07-08 00:00:00,2019-07-22,4989673.46,5089466.93,INR,1,BHARAT DIAGNOSTIC SYSTEMS,ENT-SUP-C6B6FCD7BC,BHARAT DIAGNOSTIC SYSTEMS,"MAHARASHTRA, India",AWARDED,14.0,0,0,OPEN_TENDER,MAHARASHTRA PUBLIC WORKS DEPARTMENT,MAHARASHTRA,https://mahatenders.gov.in/
MAH-MA-2021-01097,REF-MAH-MA-2021-01097,MAHARASHTRA PUBLIC WORKS DEPARTMENT,MAHARASHTRA State Government,MAHARASHTRA,Central District,"MAHARASHTRA, India",Civil Works & Infrastructure,Procurement of civil works & infrastructure for MAHARASHTRA PUBLIC WORKS DEPARTMENT,Official public tender for supply of civil works & infrastructure under standard MAHARASHTRA state procurement guidelines.,2019-07-08 00:00:00,2019-08-07 00:00:00,2019-08-08 00:00:00,2019-08-22,77614710.44,83823887.27,INR,3,DILIP BUILDCON LIMITED,ENT-SUP-55226FC7C8,DILIP BUILDCON LIMITED,"MAHARASHTRA, India",AWARDED,30.0,0,0,OPEN_TENDER,MAHARASHTRA PUBLIC WORKS DEPARTMENT,MAHARASHTRA,https://mahatenders.gov.in/
MAH-MA-2021-01098,REF-MAH-MA-2021-01098,MMRDA URBAN TRANSPORT,MAHARASHTRA State Government,MAHARASHTRA,Central District,"MAHARASHTRA, India",Electrical & Mechanical,Procurement of electrical & mechanical for MMRDA URBAN TRANSPORT,Official public tender for supply of electrical & mechanical under standard MAHARASHTRA state procurement guidelines.,2021-04-23 00:00:00,2021-05-23 00:00:00,2021-05-24 00:00:00,2021-06-07,4963489.38,4715314.92,INR,1,ZENITH INFRASTRUCTURE PROJECTS,ENT-SUP-4F350A4CA1,ZENITH INFRASTRUCTURE PROJECTS,"MAHARASHTRA, India",AWARDED,30.0,2,0,OPEN_TENDER,MMRDA URBAN TRANSPORT,MAHARASHTRA,https://mahatenders.gov.in/
MAH-MA-2021-01099,REF-MAH-MA-2021-01099,MSEDCL POWER DISTRIBUTION,MAHARASHTRA State Government,MAHARASHTRA,Central District,"MAHARASHTRA, India",Electrical & Mechanical,Procurement of electrical & mechanical for MSEDCL POWER DISTRIBUTION,Official public tender for supply of electrical & mechanical under standard MAHARASHTRA state procurement guidelines.,2019-03-02 00:00:00,2019-04-01 00:00:00,2019-04-02 00:00:00,2019-04-16,67229719.76,63868233.77,INR,1,GUPTA AND SONS CONTRACTOR,ENT-SUP-7A3AE215B9,GUPTA AND SONS CONTRACTOR,"MAHARASHTRA, India",AWARDED,30.0,0,0,OPEN_TENDER,MSEDCL POWER DISTRIBUTION,MAHARASHTRA,https://mahatenders.gov.in/
MAH-MA-2021-01100,REF-MAH-MA-2021-01100,PUBLIC HEALTH DEPT MUMBAI,MAHARASHTRA State Government,MAHARASHTRA,Central District,"MAHARASHTRA, India",Information Technology & Software,Procurement of information technology & software for PUBLIC HEALTH DEPT MUMBAI,Official public tender for supply of information technology & software under standard MAHARASHTRA state procurement guidelines.,2021-07-18 00:00:00,2021-08-01 00:00:00,2021-08-02 00:00:00,2021-08-16,318483359.38,366255863.28,INR,3,SHARMA ENGINEERING WORKS,ENT-SUP-9473B0CC3C,SHARMA ENGINEERING WORKS,"MAHARASHTRA, India",AWARDED,14.0,2,0,OPEN_TENDER,PUBLIC HEALTH DEPT MUMBAI,MAHARASHTRA,https://mahatenders.gov.in/
MAH-MA-2021-01101,REF-MAH-MA-2021-01101,MSEDCL POWER DISTRIBUTION,MAHARASHTRA State Government,MAHARASHTRA,Central District,"MAHARASHTRA, India",Medical Equipment & Consumables,Procurement of medical equipment & consumables for MSEDCL POWER DISTRIBUTION,Official public tender for supply of medical equipment & consumables under standard MAHARASHTRA state procurement guidelines.,2020-01-11 00:00:00,2020-02-01 00:00:00,2020-02-02 00:00:00,2020-02-16,341542780.6,300557646.92,INR,1,AFCONS INFRASTRUCTURE LIMITED,ENT-SUP-AC3B9A87E5,AFCONS INFRASTRUCTURE LIMITED,"MAHARASHTRA, India",AWARDED,21.0,1,0,OPEN_TENDER,MSEDCL POWER DISTRIBUTION,MAHARASHTRA,https://mahatenders.gov.in/
MAH-MA-2021-01102,REF-MAH-MA-2021-01102,MAHARASHTRA PUBLIC WORKS DEPARTMENT,MAHARASHTRA State Government,MAHARASHTRA,Central District,"MAHARASHTRA, India",Electrical & Mechanical,Procurement of electrical & mechanical for MAHARASHTRA PUBLIC WORKS DEPARTMENT,Official public tender for supply of electrical & mechanical under standard MAHARASHTRA state procurement guidelines.,2020-11-12 00:00:00,2020-12-03 00:00:00,2020-12-04 00:00:00,2020-12-18,240480379.34,259718809.69,INR,4,NCC LIMITED INFRASTRUCTURE,ENT-SUP-0DFD916C8B,NCC LIMITED INFRASTRUCTURE,"MAHARASHTRA, India",AWARDED,21.0,0,0,OPEN_TENDER,MAHARASHTRA PUBLIC WORKS DEPARTMENT,MAHARASHTRA,https://mahatenders.gov.in/
MAH-MA-2021-01103,REF-MAH-MA-2021-01103,WATER RESOURCES DEPARTMENT MAHARASHTRA,MAHARASHTRA State Government,MAHARASHTRA,Central District,"MAHARASHTRA, India",Electrical & Mechanical,Procurement of electrical & mechanical for WATER RESOURCES DEPARTMENT MAHARASHTRA,Official public tender for supply of electrical & mechanical under standard MAHARASHTRA state procurement guidelines.,2020-05-04 00:00:00,2020-05-08 00:00:00,2020-05-09 00:00:00,2020-05-23,3588882.36,3875992.95,INR,3,KNR CONSTRUCTION,ENT-SUP-6A86A67807,KNR CONSTRUCTION,"MAHARASHTRA, India",AWARDED,4.0,0,0,OPEN_TENDER,WATER RESOURCES DEPARTMENT MAHARASHTRA,MAHARASHTRA,https://mahatenders.gov.in/
MAH-MA-2021-01104,REF-MAH-MA-2021-01104,MSEDCL POWER DISTRIBUTION,MAHARASHTRA State Government,MAHARASHTRA,Central District,"MAHARASHTRA, India",Civil Works & Infrastructure,Procurement of civil works & infrastructure for MSEDCL POWER DISTRIBUTION,Official public tender for supply of civil works & infrastructure under standard MAHARASHTRA state procurement guidelines.,2020-08-21 00:00:00,2020-09-11 00:00:00,2020-09-12 00:00:00,2020-09-26,10637375.53,10105506.76,INR,1,DILIP BUILDCON LIMITED,ENT-SUP-55226FC7C8,DILIP BUILDCON LIMITED,"MAHARASHTRA, India",AWARDED,21.0,2,0,OPEN_TENDER,MSEDCL POWER DISTRIBUTION,MAHARASHTRA,https://mahatenders.gov.in/
MAH-MA-2021-01105,REF-MAH-MA-2021-01105,MSEDCL POWER DISTRIBUTION,MAHARASHTRA State Government,MAHARASHTRA,Central District,"MAHARASHTRA, India",Information Technology & Software,Procurement of information technology & software for MSEDCL POWER DISTRIBUTION,Official public tender for supply of information technology & software under standard MAHARASHTRA state procurement guidelines.,2019-12-05 00:00:00,2019-12-11 00:00:00,2019-12-12 00:00:00,2019-12-26,54415415.06,73460810.33,INR,2,NCC LIMITED INFRASTRUCTURE,ENT-SUP-0DFD916C8B,NCC LIMITED INFRASTRUCTURE,"MAHARASHTRA, India",AWARDED,6.0,0,0,OPEN_TENDER,MSEDCL POWER DISTRIBUTION,MAHARASHTRA,https://mahatenders.gov.in/
MAH-MA-2021-01106,REF-MAH-MA-2021-01106,PUBLIC HEALTH DEPT MUMBAI,MAHARASHTRA State Government,MAHARASHTRA,Central District,"MAHARASHTRA, India",Medical Equipment & Consumables,Procurement of medical equipment & consumables for PUBLIC HEALTH DEPT MUMBAI,Official public tender for supply of medical equipment & consumables under standard MAHARASHTRA state procurement guidelines.,2021-08-17 00:00:00,2021-08-31 00:00:00,2021-09-01 00:00:00,2021-09-15,4903876.14,5296186.24,INR,2,VANGUARD POWER SERVICES,ENT-SUP-FBE5090586,VANGUARD POWER SERVICES,"MAHARASHTRA, India",AWARDED,14.0,0,0,OPEN_TENDER,PUBLIC HEALTH DEPT MUMBAI,MAHARASHTRA,https://mahatenders.gov.in/
MAH-MA-2021-01107,REF-MAH-MA-2021-01107,MMRDA URBAN TRANSPORT,MAHARASHTRA State Government,MAHARASHTRA,Central District,"MAHARASHTRA, India",Information Technology & Software,Procurement of information technology & software for MMRDA URBAN TRANSPORT,Official public tender for supply of information technology & software under standard MAHARASHTRA state procurement guidelines.,2020-02-13 00:00:00,2020-02-17 00:00:00,2020-02-18 00:00:00,2020-03-03,15561529.55,16806451.91,INR,2,AHLUWALIA CONTRACTS INDIA LIMITED,ENT-SUP-28AFE50D95,AHLUWALIA CONTRACTS INDIA LIMITED,"MAHARASHTRA, India",AWARDED,4.0,2,0,OPEN_TENDER,MMRDA URBAN TRANSPORT,MAHARASHTRA,https://mahatenders.gov.in/
MAH-MA-2021-01108,REF-MAH-MA-2021-01108,MAHARASHTRA PUBLIC WORKS DEPARTMENT,MAHARASHTRA State Government,MAHARASHTRA,Central District,"MAHARASHTRA, India",Information Technology & Software,Procurement of information technology & software for MAHARASHTRA PUBLIC WORKS DEPARTMENT,Official public tender for supply of information technology & software under standard MAHARASHTRA state procurement guidelines.,2020-03-10 00:00:00,2020-03-31 00:00:00,2020-04-01 00:00:00,2020-04-15,4916343.86,6637064.21,INR,2,VANGUARD POWER SERVICES,ENT-SUP-FBE5090586,VANGUARD POWER SERVICES,"MAHARASHTRA, India",AWARDED,21.0,0,0,OPEN_TENDER,MAHARASHTRA PUBLIC WORKS DEPARTMENT,MAHARASHTRA,https://mahatenders.gov.in/
MAH-MA-2021-01109,REF-MAH-MA-2021-01109,MAHARASHTRA PUBLIC WORKS DEPARTMENT,MAHARASHTRA State Government,MAHARASHTRA,Central District,"MAHARASHTRA, India",Medical Equipment & Consumables,Procurement of medical equipment & consumables for MAHARASHTRA PUBLIC WORKS DEPARTMENT,Official public tender for supply of medical equipment & consumables under standard MAHARASHTRA state procurement guidelines.,2019-10-20 00:00:00,2019-11-19 00:00:00,2019-11-20 00:00:00,2019-12-04,4927179.19,4335917.68,INR,3,TATA PROJECTS LIMITED,ENT-SUP-861D6E7011,TATA PROJECTS LIMITED,"MAHARASHTRA, India",AWARDED,30.0,0,0,OPEN_TENDER,MAHARASHTRA PUBLIC WORKS DEPARTMENT,MAHARASHTRA,https://mahatenders.gov.in/
MAH-MA-2021-01110,REF-MAH-MA-2021-01110,MSEDCL POWER DISTRIBUTION,MAHARASHTRA State Government,MAHARASHTRA,Central District,"MAHARASHTRA, India",Civil Works & Infrastructure,Procurement of civil works & infrastructure for MSEDCL POWER DISTRIBUTION,Official public tender for supply of civil works & infrastructure under standard MAHARASHTRA state procurement guidelines.,2019-10-29 00:00:00,2019-11-19 00:00:00,2019-11-20 00:00:00,2019-12-04,15503207.7,17828688.86,INR,2,BHARAT DIAGNOSTIC SYSTEMS,ENT-SUP-C6B6FCD7BC,BHARAT DIAGNOSTIC SYSTEMS,"MAHARASHTRA, India",AWARDED,21.0,0,0,OPEN_TENDER,MSEDCL POWER DISTRIBUTION,MAHARASHTRA,https://mahatenders.gov.in/
MAH-MA-2021-01111,REF-MAH-MA-2021-01111,MSEDCL POWER DISTRIBUTION,MAHARASHTRA State Government,MAHARASHTRA,Central District,"MAHARASHTRA, India",Consultancy & Facility Management,Procurement of consultancy & facility management for MSEDCL POWER DISTRIBUTION,Official public tender for supply of consultancy & facility management under standard MAHARASHTRA state procurement guidelines.,2020-02-03 00:00:00,2020-02-17 00:00:00,2020-02-18 00:00:00,2020-03-03,15769704.71,13877340.15,INR,2,NCC LIMITED INFRASTRUCTURE,ENT-SUP-0DFD916C8B,NCC LIMITED INFRASTRUCTURE,"MAHARASHTRA, India",AWARDED,14.0,1,0,OPEN_TENDER,MSEDCL POWER DISTRIBUTION,MAHARASHTRA,https://mahatenders.gov.in/
MAH-MA-2021-01112,REF-MAH-MA-2021-01112,MSEDCL POWER DISTRIBUTION,MAHARASHTRA State Government,MAHARASHTRA,Central District,"MAHARASHTRA, India",Consultancy & Facility Management,Procurement of consultancy & facility management for MSEDCL POWER DISTRIBUTION,Official public tender for supply of consultancy & facility management under standard MAHARASHTRA state procurement guidelines.,2020-07-24 00:00:00,2020-08-23 00:00:00,2020-08-24 00:00:00,2020-09-07,5859514.43,5976704.72,INR,2,BHARAT DIAGNOSTIC SYSTEMS,ENT-SUP-C6B6FCD7BC,BHARAT DIAGNOSTIC SYSTEMS,"MAHARASHTRA, India",AWARDED,30.0,0,0,OPEN_TENDER,MSEDCL POWER DISTRIBUTION,MAHARASHTRA,https://mahatenders.gov.in/
MAH-MA-2021-01113,REF-MAH-MA-2021-01113,PUBLIC HEALTH DEPT MUMBAI,MAHARASHTRA State Government,MAHARASHTRA,Central District,"MAHARASHTRA, India",Medical Equipment & Consumables,Procurement of medical equipment & consumables for PUBLIC HEALTH DEPT MUMBAI,Official public tender for supply of medical equipment & consumables under standard MAHARASHTRA state procurement guidelines.,2020-01-15 00:00:00,2020-02-05 00:00:00,2020-02-06 00:00:00,2020-02-20,55560641.81,75006866.44,INR,1,TATA PROJECTS LIMITED,ENT-SUP-861D6E7011,TATA PROJECTS LIMITED,"MAHARASHTRA, India",AWARDED,21.0,1,0,OPEN_TENDER,PUBLIC HEALTH DEPT MUMBAI,MAHARASHTRA,https://mahatenders.gov.in/
MAH-MA-2021-01114,REF-MAH-MA-2021-01114,MAHARASHTRA PUBLIC WORKS DEPARTMENT,MAHARASHTRA State Government,MAHARASHTRA,Central District,"MAHARASHTRA, India",Electrical & Mechanical,Procurement of electrical & mechanical for MAHARASHTRA PUBLIC WORKS DEPARTMENT,Official public tender for supply of electrical & mechanical under standard MAHARASHTRA state procurement guidelines.,2020-02-13 00:00:00,2020-03-05 00:00:00,2020-03-06 00:00:00,2020-03-20,4919347.55,5312895.35,INR,2,VANGUARD POWER SERVICES,ENT-SUP-FBE5090586,VANGUARD POWER SERVICES,"MAHARASHTRA, India",AWARDED,21.0,2,0,OPEN_TENDER,MAHARASHTRA PUBLIC WORKS DEPARTMENT,MAHARASHTRA,https://mahatenders.gov.in/
MAH-MA-2021-01115,REF-MAH-MA-2021-01115,MMRDA URBAN TRANSPORT,MAHARASHTRA State Government,MAHARASHTRA,Central District,"MAHARASHTRA, India",Civil Works & Infrastructure,Procurement of civil works & infrastructure for MMRDA URBAN TRANSPORT,Official public tender for supply of civil works & infrastructure under standard MAHARASHTRA state procurement guidelines.,2021-03-04 00:00:00,2021-03-08 00:00:00,2021-03-09 00:00:00,2021-03-23,4929948.23,4338354.44,INR,3,SHREE BALAJI ENTERPRISE,ENT-SUP-CA68E614E4,SHREE BALAJI ENTERPRISE,"MAHARASHTRA, India",AWARDED,4.0,0,0,OPEN_TENDER,MMRDA URBAN TRANSPORT,MAHARASHTRA,https://mahatenders.gov.in/
MAH-MA-2021-01116,REF-MAH-MA-2021-01116,WATER RESOURCES DEPARTMENT MAHARASHTRA,MAHARASHTRA State Government,MAHARASHTRA,Central District,"MAHARASHTRA, India",Electrical & Mechanical,Procurement of electrical & mechanical for WATER RESOURCES DEPARTMENT MAHARASHTRA,Official public tender for supply of electrical & mechanical under standard MAHARASHTRA state procurement guidelines.,2020-05-20 00:00:00,2020-06-10 00:00:00,2020-06-11 00:00:00,2020-06-25,206934700.87,237974906.0,INR,4,KNR CONSTRUCTION,ENT-SUP-6A86A67807,KNR CONSTRUCTION,"MAHARASHTRA, India",AWARDED,21.0,0,0,OPEN_TENDER,WATER RESOURCES DEPARTMENT MAHARASHTRA,MAHARASHTRA,https://mahatenders.gov.in/
MAH-MA-2021-01117,REF-MAH-MA-2021-01117,MAHARASHTRA PUBLIC WORKS DEPARTMENT,MAHARASHTRA State Government,MAHARASHTRA,Central District,"MAHARASHTRA, India",Civil Works & Infrastructure,Procurement of civil works & infrastructure for MAHARASHTRA PUBLIC WORKS DEPARTMENT,Official public tender for supply of civil works & infrastructure under standard MAHARASHTRA state procurement guidelines.,2020-03-25 00:00:00,2020-03-31 00:00:00,2020-04-01 00:00:00,2020-04-15,55407637.49,48758720.99,INR,4,GUPTA AND SONS CONTRACTOR,ENT-SUP-7A3AE215B9,GUPTA AND SONS CONTRACTOR,"MAHARASHTRA, India",AWARDED,6.0,0,0,OPEN_TENDER,MAHARASHTRA PUBLIC WORKS DEPARTMENT,MAHARASHTRA,https://mahatenders.gov.in/
MAH-MA-2021-01118,REF-MAH-MA-2021-01118,WATER RESOURCES DEPARTMENT MAHARASHTRA,MAHARASHTRA State Government,MAHARASHTRA,Central District,"MAHARASHTRA, India",Information Technology & Software,Procurement of information technology & software for WATER RESOURCES DEPARTMENT MAHARASHTRA,Official public tender for supply of information technology & software under standard MAHARASHTRA state procurement guidelines.,2020-04-28 00:00:00,2020-05-02 00:00:00,2020-05-03 00:00:00,2020-05-17,163937693.91,144265170.64,INR,2,TATA PROJECTS LIMITED,ENT-SUP-861D6E7011,TATA PROJECTS LIMITED,"MAHARASHTRA, India",AWARDED,4.0,0,0,OPEN_TENDER,WATER RESOURCES DEPARTMENT MAHARASHTRA,MAHARASHTRA,https://mahatenders.gov.in/
MAH-MA-2021-01119,REF-MAH-MA-2021-01119,MSEDCL POWER DISTRIBUTION,MAHARASHTRA State Government,MAHARASHTRA,Central District,"MAHARASHTRA, India",Information Technology & Software,Procurement of information technology & software for MSEDCL POWER DISTRIBUTION,Official public tender for supply of information technology & software under standard MAHARASHTRA state procurement guidelines.,2020-10-08 00:00:00,2020-10-22 00:00:00,2020-10-23 00:00:00,2020-11-06,171620518.58,175052928.95,INR,3,PNC INFRATECH LIMITED,ENT-SUP-4B3E89D111,PNC INFRATECH LIMITED,"MAHARASHTRA, India",AWARDED,14.0,0,0,OPEN_TENDER,MSEDCL POWER DISTRIBUTION,MAHARASHTRA,https://mahatenders.gov.in/
MAH-MA-2021-01120,REF-MAH-MA-2021-01120,PUBLIC HEALTH DEPT MUMBAI,MAHARASHTRA State Government,MAHARASHTRA,Central District,"MAHARASHTRA, India",Civil Works & Infrastructure,Procurement of civil works & infrastructure for PUBLIC HEALTH DEPT MUMBAI,Official public tender for supply of civil works & infrastructure under standard MAHARASHTRA state procurement guidelines.,2020-01-10 00:00:00,2020-01-24 00:00:00,2020-01-25 00:00:00,2020-02-08,251562681.76,221375159.95,INR,1,AFCONS INFRASTRUCTURE LIMITED,ENT-SUP-AC3B9A87E5,AFCONS INFRASTRUCTURE LIMITED,"MAHARASHTRA, India",AWARDED,14.0,0,0,OPEN_TENDER,PUBLIC HEALTH DEPT MUMBAI,MAHARASHTRA,https://mahatenders.gov.in/
MAH-MA-2021-01121,REF-MAH-MA-2021-01121,MSEDCL POWER DISTRIBUTION,MAHARASHTRA State Government,MAHARASHTRA,Central District,"MAHARASHTRA, India",Medical Equipment & Consumables,Procurement of medical equipment & consumables for MSEDCL POWER DISTRIBUTION,Official public tender for supply of medical equipment & consumables under standard MAHARASHTRA state procurement guidelines.,2019-04-21 00:00:00,2019-05-21 00:00:00,2019-05-22 00:00:00,2019-06-05,4912329.2,4666712.74,INR,5,APEX MEDITECH SOLUTIONS,ENT-SUP-A750489DC1,APEX MEDITECH SOLUTIONS,"MAHARASHTRA, India",AWARDED,30.0,2,0,OPEN_TENDER,MSEDCL POWER DISTRIBUTION,MAHARASHTRA,https://mahatenders.gov.in/
MAH-MA-2021-01122,REF-MAH-MA-2021-01122,PUBLIC HEALTH DEPT MUMBAI,MAHARASHTRA State Government,MAHARASHTRA,Central District,"MAHARASHTRA, India",Civil Works & Infrastructure,Procurement of civil works & infrastructure for PUBLIC HEALTH DEPT MUMBAI,Official public tender for supply of civil works & infrastructure under standard MAHARASHTRA state procurement guidelines.,2019-03-30 00:00:00,2019-04-13 00:00:00,2019-04-14 00:00:00,2019-04-28,4914343.9,5651495.49,INR,4,DILIP BUILDCON LIMITED,ENT-SUP-55226FC7C8,DILIP BUILDCON LIMITED,"MAHARASHTRA, India",AWARDED,14.0,0,0,OPEN_TENDER,PUBLIC HEALTH DEPT MUMBAI,MAHARASHTRA,https://mahatenders.gov.in/
MAH-MA-2021-01123,REF-MAH-MA-2021-01123,WATER RESOURCES DEPARTMENT MAHARASHTRA,MAHARASHTRA State Government,MAHARASHTRA,Central District,"MAHARASHTRA, India",Electrical & Mechanical,Procurement of electrical & mechanical for WATER RESOURCES DEPARTMENT MAHARASHTRA,Official public tender for supply of electrical & mechanical under standard MAHARASHTRA state procurement guidelines.,2019-04-16 00:00:00,2019-05-07 00:00:00,2019-05-08 00:00:00,2019-05-22,4963044.02,4367478.74,INR,3,SHARMA ENGINEERING WORKS,ENT-SUP-9473B0CC3C,SHARMA ENGINEERING WORKS,"MAHARASHTRA, India",AWARDED,21.0,0,0,OPEN_TENDER,WATER RESOURCES DEPARTMENT MAHARASHTRA,MAHARASHTRA,https://mahatenders.gov.in/
MAH-MA-2021-01124,REF-MAH-MA-2021-01124,PUBLIC HEALTH DEPT MUMBAI,MAHARASHTRA State Government,MAHARASHTRA,Central District,"MAHARASHTRA, India",Consultancy & Facility Management,Procurement of consultancy & facility management for PUBLIC HEALTH DEPT MUMBAI,Official public tender for supply of consultancy & facility management under standard MAHARASHTRA state procurement guidelines.,2020-08-03 00:00:00,2020-08-17 00:00:00,2020-08-18 00:00:00,2020-09-01,9146389.27,10518347.66,INR,2,PNC INFRATECH LIMITED,ENT-SUP-4B3E89D111,PNC INFRATECH LIMITED,"MAHARASHTRA, India",AWARDED,14.0,2,0,OPEN_TENDER,PUBLIC HEALTH DEPT MUMBAI,MAHARASHTRA,https://mahatenders.gov.in/
MAH-MA-2021-01125,REF-MAH-MA-2021-01125,MMRDA URBAN TRANSPORT,MAHARASHTRA State Government,MAHARASHTRA,Central District,"MAHARASHTRA, India",Civil Works & Infrastructure,Procurement of civil works & infrastructure for MMRDA URBAN TRANSPORT,Official public tender for supply of civil works & infrastructure under standard MAHARASHTRA state procurement guidelines.,2019-10-20 00:00:00,2019-11-03 00:00:00,2019-11-04 00:00:00,2019-11-18,65015922.19,57214011.52,INR,1,SHREE BALAJI ENTERPRISE,ENT-SUP-CA68E614E4,SHREE BALAJI ENTERPRISE,"MAHARASHTRA, India",AWARDED,14.0,0,0,OPEN_TENDER,MMRDA URBAN TRANSPORT,MAHARASHTRA,https://mahatenders.gov.in/
MAH-MA-2021-01126,REF-MAH-MA-2021-01126,WATER RESOURCES DEPARTMENT MAHARASHTRA,MAHARASHTRA State Government,MAHARASHTRA,Central District,"MAHARASHTRA, India",Medical Equipment & Consumables,Procurement of medical equipment & consumables for WATER RESOURCES DEPARTMENT MAHARASHTRA,Official public tender for supply of medical equipment & consumables under standard MAHARASHTRA state procurement guidelines.,2021-07-06 00:00:00,2021-07-12 00:00:00,2021-07-13 00:00:00,2021-07-27,145307276.08,138041912.27,INR,3,ZENITH INFRASTRUCTURE PROJECTS,ENT-SUP-4F350A4CA1,ZENITH INFRASTRUCTURE PROJECTS,"MAHARASHTRA, India",AWARDED,6.0,2,0,OPEN_TENDER,WATER RESOURCES DEPARTMENT MAHARASHTRA,MAHARASHTRA,https://mahatenders.gov.in/
MAH-MA-2021-01127,REF-MAH-MA-2021-01127,WATER RESOURCES DEPARTMENT MAHARASHTRA,MAHARASHTRA State Government,MAHARASHTRA,Central District,"MAHARASHTRA, India",Consultancy & Facility Management,Procurement of consultancy & facility management for WATER RESOURCES DEPARTMENT MAHARASHTRA,Official public tender for supply of consultancy & facility management under standard MAHARASHTRA state procurement guidelines.,2019-09-14 00:00:00,2019-10-05 00:00:00,2019-10-06 00:00:00,2019-10-20,23900741.23,25812800.53,INR,1,DILIP BUILDCON LIMITED,ENT-SUP-55226FC7C8,DILIP BUILDCON LIMITED,"MAHARASHTRA, India",AWARDED,21.0,0,0,OPEN_TENDER,WATER RESOURCES DEPARTMENT MAHARASHTRA,MAHARASHTRA,https://mahatenders.gov.in/
MAH-MA-2021-01128,REF-MAH-MA-2021-01128,WATER RESOURCES DEPARTMENT MAHARASHTRA,MAHARASHTRA State Government,MAHARASHTRA,Central District,"MAHARASHTRA, India",Medical Equipment & Consumables,Procurement of medical equipment & consumables for WATER RESOURCES DEPARTMENT MAHARASHTRA,Official public tender for supply of medical equipment & consumables under standard MAHARASHTRA state procurement guidelines.,2019-11-11 00:00:00,2019-11-15 00:00:00,2019-11-16 00:00:00,2019-11-30,2117240.97,2011378.92,INR,3,AFCONS INFRASTRUCTURE LIMITED,ENT-SUP-AC3B9A87E5,AFCONS INFRASTRUCTURE LIMITED,"MAHARASHTRA, India",AWARDED,4.0,0,0,OPEN_TENDER,WATER RESOURCES DEPARTMENT MAHARASHTRA,MAHARASHTRA,https://mahatenders.gov.in/
MAH-MA-2021-01129,REF-MAH-MA-2021-01129,MAHARASHTRA PUBLIC WORKS DEPARTMENT,MAHARASHTRA State Government,MAHARASHTRA,Central District,"MAHARASHTRA, India",Electrical & Mechanical,Procurement of electrical & mechanical for MAHARASHTRA PUBLIC WORKS DEPARTMENT,Official public tender for supply of electrical & mechanical under standard MAHARASHTRA state procurement guidelines.,2019-09-18 00:00:00,2019-10-02 00:00:00,2019-10-03 00:00:00,2019-10-17,4927891.86,4681497.27,INR,1,LARSEN AND TOUBRO CONSTRUCTION,ENT-SUP-6C6BEB7D6E,LARSEN AND TOUBRO CONSTRUCTION,"MAHARASHTRA, India",AWARDED,14.0,0,0,OPEN_TENDER,MAHARASHTRA PUBLIC WORKS DEPARTMENT,MAHARASHTRA,https://mahatenders.gov.in/
MAH-MA-2021-01130,REF-MAH-MA-2021-01130,PUBLIC HEALTH DEPT MUMBAI,MAHARASHTRA State Government,MAHARASHTRA,Central District,"MAHARASHTRA, India",Medical Equipment & Consumables,Procurement of medical equipment & consumables for PUBLIC HEALTH DEPT MUMBAI,Official public tender for supply of medical equipment & consumables under standard MAHARASHTRA state procurement guidelines.,2019-09-25 00:00:00,2019-10-25 00:00:00,2019-10-26 00:00:00,2019-11-09,641075.75,564146.66,INR,3,LARSEN AND TOUBRO CONSTRUCTION,ENT-SUP-6C6BEB7D6E,LARSEN AND TOUBRO CONSTRUCTION,"MAHARASHTRA, India",AWARDED,30.0,0,0,OPEN_TENDER,PUBLIC HEALTH DEPT MUMBAI,MAHARASHTRA,https://mahatenders.gov.in/
MAH-MA-2021-01131,REF-MAH-MA-2021-01131,WATER RESOURCES DEPARTMENT MAHARASHTRA,MAHARASHTRA State Government,MAHARASHTRA,Central District,"MAHARASHTRA, India",Consultancy & Facility Management,Procurement of consultancy & facility management for WATER RESOURCES DEPARTMENT MAHARASHTRA,Official public tender for supply of consultancy & facility management under standard MAHARASHTRA state procurement guidelines.,2019-11-06 00:00:00,2019-12-06 00:00:00,2019-12-07 00:00:00,2019-12-21,24256851.22,27895378.91,INR,3,DILIP BUILDCON LIMITED,ENT-SUP-55226FC7C8,DILIP BUILDCON LIMITED,"MAHARASHTRA, India",AWARDED,30.0,1,0,OPEN_TENDER,WATER RESOURCES DEPARTMENT MAHARASHTRA,MAHARASHTRA,https://mahatenders.gov.in/
MAH-MA-2021-01132,REF-MAH-MA-2021-01132,PUBLIC HEALTH DEPT MUMBAI,MAHARASHTRA State Government,MAHARASHTRA,Central District,"MAHARASHTRA, India",Information Technology & Software,Procurement of information technology & software for PUBLIC HEALTH DEPT MUMBAI,Official public tender for supply of information technology & software under standard MAHARASHTRA state procurement guidelines.,2020-08-03 00:00:00,2020-08-24 00:00:00,2020-08-25 00:00:00,2020-09-08,106683433.44,101349261.77,INR,5,AHLUWALIA CONTRACTS INDIA LIMITED,ENT-SUP-28AFE50D95,AHLUWALIA CONTRACTS INDIA LIMITED,"MAHARASHTRA, India",AWARDED,21.0,0,0,OPEN_TENDER,PUBLIC HEALTH DEPT MUMBAI,MAHARASHTRA,https://mahatenders.gov.in/
MAH-MA-2021-01133,REF-MAH-MA-2021-01133,MMRDA URBAN TRANSPORT,MAHARASHTRA State Government,MAHARASHTRA,Central District,"MAHARASHTRA, India",Civil Works & Infrastructure,Procurement of civil works & infrastructure for MMRDA URBAN TRANSPORT,Official public tender for supply of civil works & infrastructure under standard MAHARASHTRA state procurement guidelines.,2020-09-25 00:00:00,2020-09-29 00:00:00,2020-09-30 00:00:00,2020-10-14,4964024.86,6701433.56,INR,1,LARSEN AND TOUBRO CONSTRUCTION,ENT-SUP-6C6BEB7D6E,LARSEN AND TOUBRO CONSTRUCTION,"MAHARASHTRA, India",AWARDED,4.0,0,0,OPEN_TENDER,MMRDA URBAN TRANSPORT,MAHARASHTRA,https://mahatenders.gov.in/
MAH-MA-2021-01134,REF-MAH-MA-2021-01134,MAHARASHTRA PUBLIC WORKS DEPARTMENT,MAHARASHTRA State Government,MAHARASHTRA,Central District,"MAHARASHTRA, India",Civil Works & Infrastructure,Procurement of civil works & infrastructure for MAHARASHTRA PUBLIC WORKS DEPARTMENT,Official public tender for supply of civil works & infrastructure under standard MAHARASHTRA state procurement guidelines.,2020-05-26 00:00:00,2020-06-16 00:00:00,2020-06-17 00:00:00,2020-07-01,60859264.39,82160006.93,INR,2,GUPTA AND SONS CONTRACTOR,ENT-SUP-7A3AE215B9,GUPTA AND SONS CONTRACTOR,"MAHARASHTRA, India",AWARDED,21.0,0,0,OPEN_TENDER,MAHARASHTRA PUBLIC WORKS DEPARTMENT,MAHARASHTRA,https://mahatenders.gov.in/
MAH-MA-2021-01135,REF-MAH-MA-2021-01135,WATER RESOURCES DEPARTMENT MAHARASHTRA,MAHARASHTRA State Government,MAHARASHTRA,Central District,"MAHARASHTRA, India",Information Technology & Software,Procurement of information technology & software for WATER RESOURCES DEPARTMENT MAHARASHTRA,Official public tender for supply of information technology & software under standard MAHARASHTRA state procurement guidelines.,2019-08-03 00:00:00,2019-08-24 00:00:00,2019-08-25 00:00:00,2019-09-08,306170545.16,330664188.77,INR,2,LARSEN AND TOUBRO CONSTRUCTION,ENT-SUP-6C6BEB7D6E,LARSEN AND TOUBRO CONSTRUCTION,"MAHARASHTRA, India",AWARDED,21.0,2,0,OPEN_TENDER,WATER RESOURCES DEPARTMENT MAHARASHTRA,MAHARASHTRA,https://mahatenders.gov.in/
MAH-MA-2021-01136,REF-MAH-MA-2021-01136,MMRDA URBAN TRANSPORT,MAHARASHTRA State Government,MAHARASHTRA,Central District,"MAHARASHTRA, India",Consultancy & Facility Management,Procurement of consultancy & facility management for MMRDA URBAN TRANSPORT,Official public tender for supply of consultancy & facility management under standard MAHARASHTRA state procurement guidelines.,2021-05-15 00:00:00,2021-05-19 00:00:00,2021-05-20 00:00:00,2021-06-03,943375.48,962242.99,INR,3,SHARMA ENGINEERING WORKS,ENT-SUP-9473B0CC3C,SHARMA ENGINEERING WORKS,"MAHARASHTRA, India",AWARDED,4.0,0,0,OPEN_TENDER,MMRDA URBAN TRANSPORT,MAHARASHTRA,https://mahatenders.gov.in/
MAH-MA-2021-01137,REF-MAH-MA-2021-01137,MSEDCL POWER DISTRIBUTION,MAHARASHTRA State Government,MAHARASHTRA,Central District,"MAHARASHTRA, India",Civil Works & Infrastructure,Procurement of civil works & infrastructure for MSEDCL POWER DISTRIBUTION,Official public tender for supply of civil works & infrastructure under standard MAHARASHTRA state procurement guidelines.,2021-09-21 00:00:00,2021-10-21 00:00:00,2021-10-22 00:00:00,2021-11-05,4942835.54,5041692.25,INR,4,GUPTA AND SONS CONTRACTOR,ENT-SUP-7A3AE215B9,GUPTA AND SONS CONTRACTOR,"MAHARASHTRA, India",AWARDED,30.0,0,0,OPEN_TENDER,MSEDCL POWER DISTRIBUTION,MAHARASHTRA,https://mahatenders.gov.in/
MAH-MA-2021-01138,REF-MAH-MA-2021-01138,MMRDA URBAN TRANSPORT,MAHARASHTRA State Government,MAHARASHTRA,Central District,"MAHARASHTRA, India",Information Technology & Software,Procurement of information technology & software for MMRDA URBAN TRANSPORT,Official public tender for supply of information technology & software under standard MAHARASHTRA state procurement guidelines.,2019-02-26 00:00:00,2019-03-19 00:00:00,2019-03-20 00:00:00,2019-04-03,10865370.52,10322101.99,INR,1,KNR CONSTRUCTION,ENT-SUP-6A86A67807,KNR CONSTRUCTION,"MAHARASHTRA, India",AWARDED,21.0,0,0,OPEN_TENDER,MMRDA URBAN TRANSPORT,MAHARASHTRA,https://mahatenders.gov.in/
MAH-MA-2021-01139,REF-MAH-MA-2021-01139,MAHARASHTRA PUBLIC WORKS DEPARTMENT,MAHARASHTRA State Government,MAHARASHTRA,Central District,"MAHARASHTRA, India",Civil Works & Infrastructure,Procurement of civil works & infrastructure for MAHARASHTRA PUBLIC WORKS DEPARTMENT,Official public tender for supply of civil works & infrastructure under standard MAHARASHTRA state procurement guidelines.,2020-12-23 00:00:00,2020-12-29 00:00:00,2020-12-30 00:00:00,2021-01-13,304602537.2,411213425.22,INR,1,SHREE BALAJI ENTERPRISE,ENT-SUP-CA68E614E4,SHREE BALAJI ENTERPRISE,"MAHARASHTRA, India",AWARDED,6.0,0,0,OPEN_TENDER,MAHARASHTRA PUBLIC WORKS DEPARTMENT,MAHARASHTRA,https://mahatenders.gov.in/
MAH-MA-2021-01140,REF-MAH-MA-2021-01140,MMRDA URBAN TRANSPORT,MAHARASHTRA State Government,MAHARASHTRA,Central District,"MAHARASHTRA, India",Electrical & Mechanical,Procurement of electrical & mechanical for MMRDA URBAN TRANSPORT,Official public tender for supply of electrical & mechanical under standard MAHARASHTRA state procurement guidelines.,2021-05-06 00:00:00,2021-05-20 00:00:00,2021-05-21 00:00:00,2021-06-04,280300460.53,378405621.72,INR,1,PNC INFRATECH LIMITED,ENT-SUP-4B3E89D111,PNC INFRATECH LIMITED,"MAHARASHTRA, India",AWARDED,14.0,0,0,OPEN_TENDER,MMRDA URBAN TRANSPORT,MAHARASHTRA,https://mahatenders.gov.in/
MAH-MA-2021-01141,REF-MAH-MA-2021-01141,MSEDCL POWER DISTRIBUTION,MAHARASHTRA State Government,MAHARASHTRA,Central District,"MAHARASHTRA, India",Consultancy & Facility Management,Procurement of consultancy & facility management for MSEDCL POWER DISTRIBUTION,Official public tender for supply of consultancy & facility management under standard MAHARASHTRA state procurement guidelines.,2021-03-05 00:00:00,2021-03-11 00:00:00,2021-03-12 00:00:00,2021-03-26,55096455.6,74380215.06,INR,4,SHARMA ENGINEERING WORKS,ENT-SUP-9473B0CC3C,SHARMA ENGINEERING WORKS,"MAHARASHTRA, India",AWARDED,6.0,2,0,OPEN_TENDER,MSEDCL POWER DISTRIBUTION,MAHARASHTRA,https://mahatenders.gov.in/
MAH-MA-2021-01142,REF-MAH-MA-2021-01142,WATER RESOURCES DEPARTMENT MAHARASHTRA,MAHARASHTRA State Government,MAHARASHTRA,Central District,"MAHARASHTRA, India",Civil Works & Infrastructure,Procurement of civil works & infrastructure for WATER RESOURCES DEPARTMENT MAHARASHTRA,Official public tender for supply of civil works & infrastructure under standard MAHARASHTRA state procurement guidelines.,2019-12-21 00:00:00,2020-01-04 00:00:00,2020-01-05 00:00:00,2020-01-19,4977327.01,6719391.46,INR,3,SHARMA ENGINEERING WORKS,ENT-SUP-9473B0CC3C,SHARMA ENGINEERING WORKS,"MAHARASHTRA, India",AWARDED,14.0,1,0,OPEN_TENDER,WATER RESOURCES DEPARTMENT MAHARASHTRA,MAHARASHTRA,https://mahatenders.gov.in/
MAH-MA-2021-01143,REF-MAH-MA-2021-01143,MSEDCL POWER DISTRIBUTION,MAHARASHTRA State Government,MAHARASHTRA,Central District,"MAHARASHTRA, India",Medical Equipment & Consumables,Procurement of medical equipment & consumables for MSEDCL POWER DISTRIBUTION,Official public tender for supply of medical equipment & consumables under standard MAHARASHTRA state procurement guidelines.,2020-07-29 00:00:00,2020-08-12 00:00:00,2020-08-13 00:00:00,2020-08-27,4312512.58,4959389.47,INR,4,SHARMA ENGINEERING WORKS,ENT-SUP-9473B0CC3C,SHARMA ENGINEERING WORKS,"MAHARASHTRA, India",AWARDED,14.0,0,0,OPEN_TENDER,MSEDCL POWER DISTRIBUTION,MAHARASHTRA,https://mahatenders.gov.in/
MAH-MA-2021-01144,REF-MAH-MA-2021-01144,WATER RESOURCES DEPARTMENT MAHARASHTRA,MAHARASHTRA State Government,MAHARASHTRA,Central District,"MAHARASHTRA, India",Information Technology & Software,Procurement of information technology & software for WATER RESOURCES DEPARTMENT MAHARASHTRA,Official public tender for supply of information technology & software under standard MAHARASHTRA state procurement guidelines.,2020-09-25 00:00:00,2020-10-25 00:00:00,2020-10-26 00:00:00,2020-11-09,297160934.8,282302888.06,INR,3,GUPTA AND SONS CONTRACTOR,ENT-SUP-7A3AE215B9,GUPTA AND SONS CONTRACTOR,"MAHARASHTRA, India",AWARDED,30.0,1,0,OPEN_TENDER,WATER RESOURCES DEPARTMENT MAHARASHTRA,MAHARASHTRA,https://mahatenders.gov.in/
MAH-MA-2021-01145,REF-MAH-MA-2021-01145,MSEDCL POWER DISTRIBUTION,MAHARASHTRA State Government,MAHARASHTRA,Central District,"MAHARASHTRA, India",Medical Equipment & Consumables,Procurement of medical equipment & consumables for MSEDCL POWER DISTRIBUTION,Official public tender for supply of medical equipment & consumables under standard MAHARASHTRA state procurement guidelines.,2021-09-28 00:00:00,2021-10-28 00:00:00,2021-10-29 00:00:00,2021-11-12,314309610.4,276592457.15,INR,2,NCC LIMITED INFRASTRUCTURE,ENT-SUP-0DFD916C8B,NCC LIMITED INFRASTRUCTURE,"MAHARASHTRA, India",AWARDED,30.0,1,0,OPEN_TENDER,MSEDCL POWER DISTRIBUTION,MAHARASHTRA,https://mahatenders.gov.in/
MAH-MA-2021-01146,REF-MAH-MA-2021-01146,PUBLIC HEALTH DEPT MUMBAI,MAHARASHTRA State Government,MAHARASHTRA,Central District,"MAHARASHTRA, India",Information Technology & Software,Procurement of information technology & software for PUBLIC HEALTH DEPT MUMBAI,Official public tender for supply of information technology & software under standard MAHARASHTRA state procurement guidelines.,2019-05-13 00:00:00,2019-05-27 00:00:00,2019-05-28 00:00:00,2019-06-11,4985375.61,4736106.83,INR,2,VANGUARD POWER SERVICES,ENT-SUP-FBE5090586,VANGUARD POWER SERVICES,"MAHARASHTRA, India",AWARDED,14.0,2,0,OPEN_TENDER,PUBLIC HEALTH DEPT MUMBAI,MAHARASHTRA,https://mahatenders.gov.in/
MAH-MA-2021-01147,REF-MAH-MA-2021-01147,MAHARASHTRA PUBLIC WORKS DEPARTMENT,MAHARASHTRA State Government,MAHARASHTRA,Central District,"MAHARASHTRA, India",Consultancy & Facility Management,Procurement of consultancy & facility management for MAHARASHTRA PUBLIC WORKS DEPARTMENT,Official public tender for supply of consultancy & facility management under standard MAHARASHTRA state procurement guidelines.,2020-02-22 00:00:00,2020-03-14 00:00:00,2020-03-15 00:00:00,2020-03-29,4997967.31,4748068.94,INR,3,LARSEN AND TOUBRO CONSTRUCTION,ENT-SUP-6C6BEB7D6E,LARSEN AND TOUBRO CONSTRUCTION,"MAHARASHTRA, India",AWARDED,21.0,0,0,OPEN_TENDER,MAHARASHTRA PUBLIC WORKS DEPARTMENT,MAHARASHTRA,https://mahatenders.gov.in/
MAH-MA-2021-01148,REF-MAH-MA-2021-01148,MAHARASHTRA PUBLIC WORKS DEPARTMENT,MAHARASHTRA State Government,MAHARASHTRA,Central District,"MAHARASHTRA, India",Civil Works & Infrastructure,Procurement of civil works & infrastructure for MAHARASHTRA PUBLIC WORKS DEPARTMENT,Official public tender for supply of civil works & infrastructure under standard MAHARASHTRA state procurement guidelines.,2020-06-10 00:00:00,2020-06-24 00:00:00,2020-06-25 00:00:00,2020-07-09,4902322.58,5637670.97,INR,2,PNC INFRATECH LIMITED,ENT-SUP-4B3E89D111,PNC INFRATECH LIMITED,"MAHARASHTRA, India",AWARDED,14.0,0,0,OPEN_TENDER,MAHARASHTRA PUBLIC WORKS DEPARTMENT,MAHARASHTRA,https://mahatenders.gov.in/
MAH-MA-2021-01149,REF-MAH-MA-2021-01149,MSEDCL POWER DISTRIBUTION,MAHARASHTRA State Government,MAHARASHTRA,Central District,"MAHARASHTRA, India",Consultancy & Facility Management,Procurement of consultancy & facility management for MSEDCL POWER DISTRIBUTION,Official public tender for supply of consultancy & facility management under standard MAHARASHTRA state procurement guidelines.,2019-04-28 00:00:00,2019-05-28 00:00:00,2019-05-29 00:00:00,2019-06-12,204957253.58,180362383.15,INR,3,KNR CONSTRUCTION,ENT-SUP-6A86A67807,KNR CONSTRUCTION,"MAHARASHTRA, India",AWARDED,30.0,0,0,OPEN_TENDER,MSEDCL POWER DISTRIBUTION,MAHARASHTRA,https://mahatenders.gov.in/
MAH-MA-2021-01150,REF-MAH-MA-2021-01150,MSEDCL POWER DISTRIBUTION,MAHARASHTRA State Government,MAHARASHTRA,Central District,"MAHARASHTRA, India",Civil Works & Infrastructure,Procurement of civil works & infrastructure for MSEDCL POWER DISTRIBUTION,Official public tender for supply of civil works & infrastructure under standard MAHARASHTRA state procurement guidelines.,2021-08-28 00:00:00,2021-09-27 00:00:00,2021-09-28 00:00:00,2021-10-12,62693205.03,63947069.14,INR,2,KNR CONSTRUCTION,ENT-SUP-6A86A67807,KNR CONSTRUCTION,"MAHARASHTRA, India",AWARDED,30.0,2,0,OPEN_TENDER,MSEDCL POWER DISTRIBUTION,MAHARASHTRA,https://mahatenders.gov.in/
MAH-MA-2021-01151,REF-MAH-MA-2021-01151,WATER RESOURCES DEPARTMENT MAHARASHTRA,MAHARASHTRA State Government,MAHARASHTRA,Central District,"MAHARASHTRA, India",Medical Equipment & Consumables,Procurement of medical equipment & consumables for WATER RESOURCES DEPARTMENT MAHARASHTRA,Official public tender for supply of medical equipment & consumables under standard MAHARASHTRA state procurement guidelines.,2019-10-26 00:00:00,2019-10-30 00:00:00,2019-10-31 00:00:00,2019-11-14,735858.02,846236.72,INR,2,SHREE BALAJI ENTERPRISE,ENT-SUP-CA68E614E4,SHREE BALAJI ENTERPRISE,"MAHARASHTRA, India",AWARDED,4.0,1,0,OPEN_TENDER,WATER RESOURCES DEPARTMENT MAHARASHTRA,MAHARASHTRA,https://mahatenders.gov.in/
MAH-MA-2021-01152,REF-MAH-MA-2021-01152,PUBLIC HEALTH DEPT MUMBAI,MAHARASHTRA State Government,MAHARASHTRA,Central District,"MAHARASHTRA, India",Electrical & Mechanical,Procurement of electrical & mechanical for PUBLIC HEALTH DEPT MUMBAI,Official public tender for supply of electrical & mechanical under standard MAHARASHTRA state procurement guidelines.,2020-01-21 00:00:00,2020-02-11 00:00:00,2020-02-12 00:00:00,2020-02-26,4997815.67,5397640.93,INR,1,SHREE BALAJI ENTERPRISE,ENT-SUP-CA68E614E4,SHREE BALAJI ENTERPRISE,"MAHARASHTRA, India",AWARDED,21.0,0,0,OPEN_TENDER,PUBLIC HEALTH DEPT MUMBAI,MAHARASHTRA,https://mahatenders.gov.in/
MAH-MA-2021-01153,REF-MAH-MA-2021-01153,MAHARASHTRA PUBLIC WORKS DEPARTMENT,MAHARASHTRA State Government,MAHARASHTRA,Central District,"MAHARASHTRA, India",Information Technology & Software,Procurement of information technology & software for MAHARASHTRA PUBLIC WORKS DEPARTMENT,Official public tender for supply of information technology & software under standard MAHARASHTRA state procurement guidelines.,2020-12-03 00:00:00,2020-12-07 00:00:00,2020-12-08 00:00:00,2020-12-22,8102703.64,10938649.92,INR,3,GUPTA AND SONS CONTRACTOR,ENT-SUP-7A3AE215B9,GUPTA AND SONS CONTRACTOR,"MAHARASHTRA, India",AWARDED,4.0,0,0,OPEN_TENDER,MAHARASHTRA PUBLIC WORKS DEPARTMENT,MAHARASHTRA,https://mahatenders.gov.in/
MAH-MA-2021-01154,REF-MAH-MA-2021-01154,MSEDCL POWER DISTRIBUTION,MAHARASHTRA State Government,MAHARASHTRA,Central District,"MAHARASHTRA, India",Civil Works & Infrastructure,Procurement of civil works & infrastructure for MSEDCL POWER DISTRIBUTION,Official public tender for supply of civil works & infrastructure under standard MAHARASHTRA state procurement guidelines.,2020-10-31 00:00:00,2020-11-06 00:00:00,2020-11-07 00:00:00,2020-11-21,17587144.67,20225216.37,INR,1,APEX MEDITECH SOLUTIONS,ENT-SUP-A750489DC1,APEX MEDITECH SOLUTIONS,"MAHARASHTRA, India",AWARDED,6.0,1,0,OPEN_TENDER,MSEDCL POWER DISTRIBUTION,MAHARASHTRA,https://mahatenders.gov.in/
MAH-MA-2021-01155,REF-MAH-MA-2021-01155,MSEDCL POWER DISTRIBUTION,MAHARASHTRA State Government,MAHARASHTRA,Central District,"MAHARASHTRA, India",Medical Equipment & Consumables,Procurement of medical equipment & consumables for MSEDCL POWER DISTRIBUTION,Official public tender for supply of medical equipment & consumables under standard MAHARASHTRA state procurement guidelines.,2019-08-14 00:00:00,2019-09-04 00:00:00,2019-09-05 00:00:00,2019-09-19,6240640.34,6365453.15,INR,2,BHARAT DIAGNOSTIC SYSTEMS,ENT-SUP-C6B6FCD7BC,BHARAT DIAGNOSTIC SYSTEMS,"MAHARASHTRA, India",AWARDED,21.0,2,0,OPEN_TENDER,MSEDCL POWER DISTRIBUTION,MAHARASHTRA,https://mahatenders.gov.in/
MAH-MA-2021-01156,REF-MAH-MA-2021-01156,WATER RESOURCES DEPARTMENT MAHARASHTRA,MAHARASHTRA State Government,MAHARASHTRA,Central District,"MAHARASHTRA, India",Medical Equipment & Consumables,Procurement of medical equipment & consumables for WATER RESOURCES DEPARTMENT MAHARASHTRA,Official public tender for supply of medical equipment & consumables under standard MAHARASHTRA state procurement guidelines.,2019-01-20 00:00:00,2019-02-10 00:00:00,2019-02-11 00:00:00,2019-02-25,61886998.03,83547447.35,INR,3,SHARMA ENGINEERING WORKS,ENT-SUP-9473B0CC3C,SHARMA ENGINEERING WORKS,"MAHARASHTRA, India",AWARDED,21.0,2,0,OPEN_TENDER,WATER RESOURCES DEPARTMENT MAHARASHTRA,MAHARASHTRA,https://mahatenders.gov.in/
MAH-MA-2021-01157,REF-MAH-MA-2021-01157,MSEDCL POWER DISTRIBUTION,MAHARASHTRA State Government,MAHARASHTRA,Central District,"MAHARASHTRA, India",Information Technology & Software,Procurement of information technology & software for MSEDCL POWER DISTRIBUTION,Official public tender for supply of information technology & software under standard MAHARASHTRA state procurement guidelines.,2020-12-20 00:00:00,2020-12-26 00:00:00,2020-12-27 00:00:00,2021-01-10,4930316.5,5028922.83,INR,1,ZENITH INFRASTRUCTURE PROJECTS,ENT-SUP-4F350A4CA1,ZENITH INFRASTRUCTURE PROJECTS,"MAHARASHTRA, India",AWARDED,6.0,2,0,OPEN_TENDER,MSEDCL POWER DISTRIBUTION,MAHARASHTRA,https://mahatenders.gov.in/
MAH-MA-2021-01158,REF-MAH-MA-2021-01158,MMRDA URBAN TRANSPORT,MAHARASHTRA State Government,MAHARASHTRA,Central District,"MAHARASHTRA, India",Electrical & Mechanical,Procurement of electrical & mechanical for MMRDA URBAN TRANSPORT,Official public tender for supply of electrical & mechanical under standard MAHARASHTRA state procurement guidelines.,2020-09-21 00:00:00,2020-09-27 00:00:00,2020-09-28 00:00:00,2020-10-12,4951809.35,6684942.63,INR,5,SHARMA ENGINEERING WORKS,ENT-SUP-9473B0CC3C,SHARMA ENGINEERING WORKS,"MAHARASHTRA, India",AWARDED,6.0,0,0,OPEN_TENDER,MMRDA URBAN TRANSPORT,MAHARASHTRA,https://mahatenders.gov.in/
MAH-MA-2021-01159,REF-MAH-MA-2021-01159,PUBLIC HEALTH DEPT MUMBAI,MAHARASHTRA State Government,MAHARASHTRA,Central District,"MAHARASHTRA, India",Medical Equipment & Consumables,Procurement of medical equipment & consumables for PUBLIC HEALTH DEPT MUMBAI,Official public tender for supply of medical equipment & consumables under standard MAHARASHTRA state procurement guidelines.,2021-09-29 00:00:00,2021-10-05 00:00:00,2021-10-06 00:00:00,2021-10-20,13962945.02,18849975.78,INR,1,ZENITH INFRASTRUCTURE PROJECTS,ENT-SUP-4F350A4CA1,ZENITH INFRASTRUCTURE PROJECTS,"MAHARASHTRA, India",AWARDED,6.0,2,0,OPEN_TENDER,PUBLIC HEALTH DEPT MUMBAI,MAHARASHTRA,https://mahatenders.gov.in/
MAH-MA-2021-01160,REF-MAH-MA-2021-01160,MSEDCL POWER DISTRIBUTION,MAHARASHTRA State Government,MAHARASHTRA,Central District,"MAHARASHTRA, India",Information Technology & Software,Procurement of information technology & software for MSEDCL POWER DISTRIBUTION,Official public tender for supply of information technology & software under standard MAHARASHTRA state procurement guidelines.,2021-01-04 00:00:00,2021-01-10 00:00:00,2021-01-11 00:00:00,2021-01-25,1494974.05,2018214.97,INR,5,TATA PROJECTS LIMITED,ENT-SUP-861D6E7011,TATA PROJECTS LIMITED,"MAHARASHTRA, India",AWARDED,6.0,2,0,OPEN_TENDER,MSEDCL POWER DISTRIBUTION,MAHARASHTRA,https://mahatenders.gov.in/
MAH-MA-2021-01161,REF-MAH-MA-2021-01161,MSEDCL POWER DISTRIBUTION,MAHARASHTRA State Government,MAHARASHTRA,Central District,"MAHARASHTRA, India",Electrical & Mechanical,Procurement of electrical & mechanical for MSEDCL POWER DISTRIBUTION,Official public tender for supply of electrical & mechanical under standard MAHARASHTRA state procurement guidelines.,2021-08-27 00:00:00,2021-08-31 00:00:00,2021-09-01 00:00:00,2021-09-15,4391189.86,5928106.31,INR,4,LARSEN AND TOUBRO CONSTRUCTION,ENT-SUP-6C6BEB7D6E,LARSEN AND TOUBRO CONSTRUCTION,"MAHARASHTRA, India",AWARDED,4.0,0,0,OPEN_TENDER,MSEDCL POWER DISTRIBUTION,MAHARASHTRA,https://mahatenders.gov.in/
MAH-MA-2021-01162,REF-MAH-MA-2021-01162,MAHARASHTRA PUBLIC WORKS DEPARTMENT,MAHARASHTRA State Government,MAHARASHTRA,Central District,"MAHARASHTRA, India",Civil Works & Infrastructure,Procurement of civil works & infrastructure for MAHARASHTRA PUBLIC WORKS DEPARTMENT,Official public tender for supply of civil works & infrastructure under standard MAHARASHTRA state procurement guidelines.,2020-06-30 00:00:00,2020-07-04 00:00:00,2020-07-05 00:00:00,2020-07-19,9080358.07,12258483.4,INR,4,AFCONS INFRASTRUCTURE LIMITED,ENT-SUP-AC3B9A87E5,AFCONS INFRASTRUCTURE LIMITED,"MAHARASHTRA, India",AWARDED,4.0,2,0,OPEN_TENDER,MAHARASHTRA PUBLIC WORKS DEPARTMENT,MAHARASHTRA,https://mahatenders.gov.in/
MAH-MA-2021-01163,REF-MAH-MA-2021-01163,MMRDA URBAN TRANSPORT,MAHARASHTRA State Government,MAHARASHTRA,Central District,"MAHARASHTRA, India",Civil Works & Infrastructure,Procurement of civil works & infrastructure for MMRDA URBAN TRANSPORT,Official public tender for supply of civil works & infrastructure under standard MAHARASHTRA state procurement guidelines.,2021-09-21 00:00:00,2021-10-21 00:00:00,2021-10-22 00:00:00,2021-11-05,1676565.03,2263362.79,INR,2,BHARAT DIAGNOSTIC SYSTEMS,ENT-SUP-C6B6FCD7BC,BHARAT DIAGNOSTIC SYSTEMS,"MAHARASHTRA, India",AWARDED,30.0,1,0,OPEN_TENDER,MMRDA URBAN TRANSPORT,MAHARASHTRA,https://mahatenders.gov.in/
MAH-MA-2021-01164,REF-MAH-MA-2021-01164,MAHARASHTRA PUBLIC WORKS DEPARTMENT,MAHARASHTRA State Government,MAHARASHTRA,Central District,"MAHARASHTRA, India",Medical Equipment & Consumables,Procurement of medical equipment & consumables for MAHARASHTRA PUBLIC WORKS DEPARTMENT,Official public tender for supply of medical equipment & consumables under standard MAHARASHTRA state procurement guidelines.,2019-07-30 00:00:00,2019-08-20 00:00:00,2019-08-21 00:00:00,2019-09-04,4993686.92,5742739.95,INR,3,KNR CONSTRUCTION,ENT-SUP-6A86A67807,KNR CONSTRUCTION,"MAHARASHTRA, India",AWARDED,21.0,0,0,OPEN_TENDER,MAHARASHTRA PUBLIC WORKS DEPARTMENT,MAHARASHTRA,https://mahatenders.gov.in/
MAH-MA-2021-01165,REF-MAH-MA-2021-01165,WATER RESOURCES DEPARTMENT MAHARASHTRA,MAHARASHTRA State Government,MAHARASHTRA,Central District,"MAHARASHTRA, India",Medical Equipment & Consumables,Procurement of medical equipment & consumables for WATER RESOURCES DEPARTMENT MAHARASHTRA,Official public tender for supply of medical equipment & consumables under standard MAHARASHTRA state procurement guidelines.,2020-04-28 00:00:00,2020-05-19 00:00:00,2020-05-20 00:00:00,2020-06-03,325413160.92,331921424.14,INR,2,GUPTA AND SONS CONTRACTOR,ENT-SUP-7A3AE215B9,GUPTA AND SONS CONTRACTOR,"MAHARASHTRA, India",AWARDED,21.0,0,0,OPEN_TENDER,WATER RESOURCES DEPARTMENT MAHARASHTRA,MAHARASHTRA,https://mahatenders.gov.in/
MAH-MA-2021-01166,REF-MAH-MA-2021-01166,MSEDCL POWER DISTRIBUTION,MAHARASHTRA State Government,MAHARASHTRA,Central District,"MAHARASHTRA, India",Civil Works & Infrastructure,Procurement of civil works & infrastructure for MSEDCL POWER DISTRIBUTION,Official public tender for supply of civil works & infrastructure under standard MAHARASHTRA state procurement guidelines.,2020-04-26 00:00:00,2020-05-17 00:00:00,2020-05-18 00:00:00,2020-06-01,87850506.03,89607516.15,INR,2,NCC LIMITED INFRASTRUCTURE,ENT-SUP-0DFD916C8B,NCC LIMITED INFRASTRUCTURE,"MAHARASHTRA, India",AWARDED,21.0,0,0,OPEN_TENDER,MSEDCL POWER DISTRIBUTION,MAHARASHTRA,https://mahatenders.gov.in/
MAH-MA-2021-01167,REF-MAH-MA-2021-01167,MSEDCL POWER DISTRIBUTION,MAHARASHTRA State Government,MAHARASHTRA,Central District,"MAHARASHTRA, India",Civil Works & Infrastructure,Procurement of civil works & infrastructure for MSEDCL POWER DISTRIBUTION,Official public tender for supply of civil works & infrastructure under standard MAHARASHTRA state procurement guidelines.,2020-03-10 00:00:00,2020-04-09 00:00:00,2020-04-10 00:00:00,2020-04-24,23906456.58,22711133.76,INR,4,APEX MEDITECH SOLUTIONS,ENT-SUP-A750489DC1,APEX MEDITECH SOLUTIONS,"MAHARASHTRA, India",AWARDED,30.0,1,0,OPEN_TENDER,MSEDCL POWER DISTRIBUTION,MAHARASHTRA,https://mahatenders.gov.in/
MAH-MA-2021-01168,REF-MAH-MA-2021-01168,MSEDCL POWER DISTRIBUTION,MAHARASHTRA State Government,MAHARASHTRA,Central District,"MAHARASHTRA, India",Civil Works & Infrastructure,Procurement of civil works & infrastructure for MSEDCL POWER DISTRIBUTION,Official public tender for supply of civil works & infrastructure under standard MAHARASHTRA state procurement guidelines.,2020-08-30 00:00:00,2020-09-20 00:00:00,2020-09-21 00:00:00,2020-10-05,24795255.22,33473594.55,INR,1,ZENITH INFRASTRUCTURE PROJECTS,ENT-SUP-4F350A4CA1,ZENITH INFRASTRUCTURE PROJECTS,"MAHARASHTRA, India",AWARDED,21.0,0,0,OPEN_TENDER,MSEDCL POWER DISTRIBUTION,MAHARASHTRA,https://mahatenders.gov.in/
MAH-MA-2021-01169,REF-MAH-MA-2021-01169,MAHARASHTRA PUBLIC WORKS DEPARTMENT,MAHARASHTRA State Government,MAHARASHTRA,Central District,"MAHARASHTRA, India",Electrical & Mechanical,Procurement of electrical & mechanical for MAHARASHTRA PUBLIC WORKS DEPARTMENT,Official public tender for supply of electrical & mechanical under standard MAHARASHTRA state procurement guidelines.,2020-07-11 00:00:00,2020-07-17 00:00:00,2020-07-18 00:00:00,2020-08-01,1509318.22,1630063.68,INR,3,BHARAT DIAGNOSTIC SYSTEMS,ENT-SUP-C6B6FCD7BC,BHARAT DIAGNOSTIC SYSTEMS,"MAHARASHTRA, India",AWARDED,6.0,0,0,OPEN_TENDER,MAHARASHTRA PUBLIC WORKS DEPARTMENT,MAHARASHTRA,https://mahatenders.gov.in/
MAH-MA-2021-01170,REF-MAH-MA-2021-01170,PUBLIC HEALTH DEPT MUMBAI,MAHARASHTRA State Government,MAHARASHTRA,Central District,"MAHARASHTRA, India",Consultancy & Facility Management,Procurement of consultancy & facility management for PUBLIC HEALTH DEPT MUMBAI,Official public tender for supply of consultancy & facility management under standard MAHARASHTRA state procurement guidelines.,2021-07-07 00:00:00,2021-07-11 00:00:00,2021-07-12 00:00:00,2021-07-26,4929619.75,6654986.66,INR,1,BHARAT DIAGNOSTIC SYSTEMS,ENT-SUP-C6B6FCD7BC,BHARAT DIAGNOSTIC SYSTEMS,"MAHARASHTRA, India",AWARDED,4.0,0,0,OPEN_TENDER,PUBLIC HEALTH DEPT MUMBAI,MAHARASHTRA,https://mahatenders.gov.in/
MAH-MA-2021-01171,REF-MAH-MA-2021-01171,MAHARASHTRA PUBLIC WORKS DEPARTMENT,MAHARASHTRA State Government,MAHARASHTRA,Central District,"MAHARASHTRA, India",Medical Equipment & Consumables,Procurement of medical equipment & consumables for MAHARASHTRA PUBLIC WORKS DEPARTMENT,Official public tender for supply of medical equipment & consumables under standard MAHARASHTRA state procurement guidelines.,2021-05-10 00:00:00,2021-05-24 00:00:00,2021-05-25 00:00:00,2021-06-08,12888655.15,13146428.25,INR,2,NCC LIMITED INFRASTRUCTURE,ENT-SUP-0DFD916C8B,NCC LIMITED INFRASTRUCTURE,"MAHARASHTRA, India",AWARDED,14.0,1,0,OPEN_TENDER,MAHARASHTRA PUBLIC WORKS DEPARTMENT,MAHARASHTRA,https://mahatenders.gov.in/
MAH-MA-2021-01172,REF-MAH-MA-2021-01172,PUBLIC HEALTH DEPT MUMBAI,MAHARASHTRA State Government,MAHARASHTRA,Central District,"MAHARASHTRA, India",Consultancy & Facility Management,Procurement of consultancy & facility management for PUBLIC HEALTH DEPT MUMBAI,Official public tender for supply of consultancy & facility management under standard MAHARASHTRA state procurement guidelines.,2019-10-25 00:00:00,2019-10-29 00:00:00,2019-10-30 00:00:00,2019-11-13,14613392.88,14905660.74,INR,4,DILIP BUILDCON LIMITED,ENT-SUP-55226FC7C8,DILIP BUILDCON LIMITED,"MAHARASHTRA, India",AWARDED,4.0,0,0,OPEN_TENDER,PUBLIC HEALTH DEPT MUMBAI,MAHARASHTRA,https://mahatenders.gov.in/
MAH-MA-2021-01173,REF-MAH-MA-2021-01173,MSEDCL POWER DISTRIBUTION,MAHARASHTRA State Government,MAHARASHTRA,Central District,"MAHARASHTRA, India",Consultancy & Facility Management,Procurement of consultancy & facility management for MSEDCL POWER DISTRIBUTION,Official public tender for supply of consultancy & facility management under standard MAHARASHTRA state procurement guidelines.,2020-10-19 00:00:00,2020-10-23 00:00:00,2020-10-24 00:00:00,2020-11-07,303185771.25,309249486.68,INR,2,PNC INFRATECH LIMITED,ENT-SUP-4B3E89D111,PNC INFRATECH LIMITED,"MAHARASHTRA, India",AWARDED,4.0,1,0,OPEN_TENDER,MSEDCL POWER DISTRIBUTION,MAHARASHTRA,https://mahatenders.gov.in/
MAH-MA-2021-01174,REF-MAH-MA-2021-01174,WATER RESOURCES DEPARTMENT MAHARASHTRA,MAHARASHTRA State Government,MAHARASHTRA,Central District,"MAHARASHTRA, India",Consultancy & Facility Management,Procurement of consultancy & facility management for WATER RESOURCES DEPARTMENT MAHARASHTRA,Official public tender for supply of consultancy & facility management under standard MAHARASHTRA state procurement guidelines.,2021-01-14 00:00:00,2021-02-04 00:00:00,2021-02-05 00:00:00,2021-02-19,21822194.87,19203531.49,INR,4,SHARMA ENGINEERING WORKS,ENT-SUP-9473B0CC3C,SHARMA ENGINEERING WORKS,"MAHARASHTRA, India",AWARDED,21.0,1,0,OPEN_TENDER,WATER RESOURCES DEPARTMENT MAHARASHTRA,MAHARASHTRA,https://mahatenders.gov.in/
MAH-MA-2021-01175,REF-MAH-MA-2021-01175,PUBLIC HEALTH DEPT MUMBAI,MAHARASHTRA State Government,MAHARASHTRA,Central District,"MAHARASHTRA, India",Medical Equipment & Consumables,Procurement of medical equipment & consumables for PUBLIC HEALTH DEPT MUMBAI,Official public tender for supply of medical equipment & consumables under standard MAHARASHTRA state procurement guidelines.,2019-05-18 00:00:00,2019-05-24 00:00:00,2019-05-25 00:00:00,2019-06-08,2726088.75,3135002.07,INR,2,TATA PROJECTS LIMITED,ENT-SUP-861D6E7011,TATA PROJECTS LIMITED,"MAHARASHTRA, India",AWARDED,6.0,0,0,OPEN_TENDER,PUBLIC HEALTH DEPT MUMBAI,MAHARASHTRA,https://mahatenders.gov.in/
MAH-MA-2021-01176,REF-MAH-MA-2021-01176,MMRDA URBAN TRANSPORT,MAHARASHTRA State Government,MAHARASHTRA,Central District,"MAHARASHTRA, India",Consultancy & Facility Management,Procurement of consultancy & facility management for MMRDA URBAN TRANSPORT,Official public tender for supply of consultancy & facility management under standard MAHARASHTRA state procurement guidelines.,2020-10-11 00:00:00,2020-11-10 00:00:00,2020-11-11 00:00:00,2020-11-25,4991554.47,4741976.75,INR,4,AHLUWALIA CONTRACTS INDIA LIMITED,ENT-SUP-28AFE50D95,AHLUWALIA CONTRACTS INDIA LIMITED,"MAHARASHTRA, India",AWARDED,30.0,0,0,OPEN_TENDER,MMRDA URBAN TRANSPORT,MAHARASHTRA,https://mahatenders.gov.in/
MAH-MA-2021-01177,REF-MAH-MA-2021-01177,MAHARASHTRA PUBLIC WORKS DEPARTMENT,MAHARASHTRA State Government,MAHARASHTRA,Central District,"MAHARASHTRA, India",Medical Equipment & Consumables,Procurement of medical equipment & consumables for MAHARASHTRA PUBLIC WORKS DEPARTMENT,Official public tender for supply of medical equipment & consumables under standard MAHARASHTRA state procurement guidelines.,2019-08-16 00:00:00,2019-08-22 00:00:00,2019-08-23 00:00:00,2019-09-06,3589828.06,3159048.69,INR,1,NCC LIMITED INFRASTRUCTURE,ENT-SUP-0DFD916C8B,NCC LIMITED INFRASTRUCTURE,"MAHARASHTRA, India",AWARDED,6.0,0,0,OPEN_TENDER,MAHARASHTRA PUBLIC WORKS DEPARTMENT,MAHARASHTRA,https://mahatenders.gov.in/
MAH-MA-2021-01178,REF-MAH-MA-2021-01178,MMRDA URBAN TRANSPORT,MAHARASHTRA State Government,MAHARASHTRA,Central District,"MAHARASHTRA, India",Medical Equipment & Consumables,Procurement of medical equipment & consumables for MMRDA URBAN TRANSPORT,Official public tender for supply of medical equipment & consumables under standard MAHARASHTRA state procurement guidelines.,2021-01-08 00:00:00,2021-01-12 00:00:00,2021-01-13 00:00:00,2021-01-27,9982148.58,13475900.59,INR,3,NCC LIMITED INFRASTRUCTURE,ENT-SUP-0DFD916C8B,NCC LIMITED INFRASTRUCTURE,"MAHARASHTRA, India",AWARDED,4.0,0,0,OPEN_TENDER,MMRDA URBAN TRANSPORT,MAHARASHTRA,https://mahatenders.gov.in/
MAH-MA-2021-01179,REF-MAH-MA-2021-01179,MAHARASHTRA PUBLIC WORKS DEPARTMENT,MAHARASHTRA State Government,MAHARASHTRA,Central District,"MAHARASHTRA, India",Consultancy & Facility Management,Procurement of consultancy & facility management for MAHARASHTRA PUBLIC WORKS DEPARTMENT,Official public tender for supply of consultancy & facility management under standard MAHARASHTRA state procurement guidelines.,2019-07-20 00:00:00,2019-07-26 00:00:00,2019-07-27 00:00:00,2019-08-10,3997058.07,5396028.4,INR,3,NCC LIMITED INFRASTRUCTURE,ENT-SUP-0DFD916C8B,NCC LIMITED INFRASTRUCTURE,"MAHARASHTRA, India",AWARDED,6.0,0,0,OPEN_TENDER,MAHARASHTRA PUBLIC WORKS DEPARTMENT,MAHARASHTRA,https://mahatenders.gov.in/
MAH-MA-2021-01180,REF-MAH-MA-2021-01180,WATER RESOURCES DEPARTMENT MAHARASHTRA,MAHARASHTRA State Government,MAHARASHTRA,Central District,"MAHARASHTRA, India",Civil Works & Infrastructure,Procurement of civil works & infrastructure for WATER RESOURCES DEPARTMENT MAHARASHTRA,Official public tender for supply of civil works & infrastructure under standard MAHARASHTRA state procurement guidelines.,2020-07-05 00:00:00,2020-07-11 00:00:00,2020-07-12 00:00:00,2020-07-26,2931488.27,2784913.86,INR,2,ZENITH INFRASTRUCTURE PROJECTS,ENT-SUP-4F350A4CA1,ZENITH INFRASTRUCTURE PROJECTS,"MAHARASHTRA, India",AWARDED,6.0,0,0,OPEN_TENDER,WATER RESOURCES DEPARTMENT MAHARASHTRA,MAHARASHTRA,https://mahatenders.gov.in/
MAH-MA-2021-01181,REF-MAH-MA-2021-01181,PUBLIC HEALTH DEPT MUMBAI,MAHARASHTRA State Government,MAHARASHTRA,Central District,"MAHARASHTRA, India",Electrical & Mechanical,Procurement of electrical & mechanical for PUBLIC HEALTH DEPT MUMBAI,Official public tender for supply of electrical & mechanical under standard MAHARASHTRA state procurement guidelines.,2019-04-19 00:00:00,2019-05-19 00:00:00,2019-05-20 00:00:00,2019-06-03,16626399.58,17956511.54,INR,1,ZENITH INFRASTRUCTURE PROJECTS,ENT-SUP-4F350A4CA1,ZENITH INFRASTRUCTURE PROJECTS,"MAHARASHTRA, India",AWARDED,30.0,0,0,OPEN_TENDER,PUBLIC HEALTH DEPT MUMBAI,MAHARASHTRA,https://mahatenders.gov.in/
MAH-MA-2021-01182,REF-MAH-MA-2021-01182,MAHARASHTRA PUBLIC WORKS DEPARTMENT,MAHARASHTRA State Government,MAHARASHTRA,Central District,"MAHARASHTRA, India",Civil Works & Infrastructure,Procurement of civil works & infrastructure for MAHARASHTRA PUBLIC WORKS DEPARTMENT,Official public tender for supply of civil works & infrastructure under standard MAHARASHTRA state procurement guidelines.,2020-01-25 00:00:00,2020-02-15 00:00:00,2020-02-16 00:00:00,2020-03-01,4907243.65,5005388.53,INR,1,APEX MEDITECH SOLUTIONS,ENT-SUP-A750489DC1,APEX MEDITECH SOLUTIONS,"MAHARASHTRA, India",AWARDED,21.0,1,0,OPEN_TENDER,MAHARASHTRA PUBLIC WORKS DEPARTMENT,MAHARASHTRA,https://mahatenders.gov.in/
MAH-MA-2021-01183,REF-MAH-MA-2021-01183,MAHARASHTRA PUBLIC WORKS DEPARTMENT,MAHARASHTRA State Government,MAHARASHTRA,Central District,"MAHARASHTRA, India",Electrical & Mechanical,Procurement of electrical & mechanical for MAHARASHTRA PUBLIC WORKS DEPARTMENT,Official public tender for supply of electrical & mechanical under standard MAHARASHTRA state procurement guidelines.,2019-04-20 00:00:00,2019-04-26 00:00:00,2019-04-27 00:00:00,2019-05-11,2248380.04,2293347.64,INR,2,ZENITH INFRASTRUCTURE PROJECTS,ENT-SUP-4F350A4CA1,ZENITH INFRASTRUCTURE PROJECTS,"MAHARASHTRA, India",AWARDED,6.0,0,0,OPEN_TENDER,MAHARASHTRA PUBLIC WORKS DEPARTMENT,MAHARASHTRA,https://mahatenders.gov.in/
MAH-MA-2021-01184,REF-MAH-MA-2021-01184,WATER RESOURCES DEPARTMENT MAHARASHTRA,MAHARASHTRA State Government,MAHARASHTRA,Central District,"MAHARASHTRA, India",Civil Works & Infrastructure,Procurement of civil works & infrastructure for WATER RESOURCES DEPARTMENT MAHARASHTRA,Official public tender for supply of civil works & infrastructure under standard MAHARASHTRA state procurement guidelines.,2020-04-14 00:00:00,2020-05-14 00:00:00,2020-05-15 00:00:00,2020-05-29,20021083.35,20421505.01,INR,5,BHARAT DIAGNOSTIC SYSTEMS,ENT-SUP-C6B6FCD7BC,BHARAT DIAGNOSTIC SYSTEMS,"MAHARASHTRA, India",AWARDED,30.0,0,0,OPEN_TENDER,WATER RESOURCES DEPARTMENT MAHARASHTRA,MAHARASHTRA,https://mahatenders.gov.in/
MAH-MA-2021-01185,REF-MAH-MA-2021-01185,PUBLIC HEALTH DEPT MUMBAI,MAHARASHTRA State Government,MAHARASHTRA,Central District,"MAHARASHTRA, India",Information Technology & Software,Procurement of information technology & software for PUBLIC HEALTH DEPT MUMBAI,Official public tender for supply of information technology & software under standard MAHARASHTRA state procurement guidelines.,2020-03-11 00:00:00,2020-03-25 00:00:00,2020-03-26 00:00:00,2020-04-09,4923773.98,5662340.08,INR,3,PNC INFRATECH LIMITED,ENT-SUP-4B3E89D111,PNC INFRATECH LIMITED,"MAHARASHTRA, India",AWARDED,14.0,0,0,OPEN_TENDER,PUBLIC HEALTH DEPT MUMBAI,MAHARASHTRA,https://mahatenders.gov.in/
MAH-MA-2021-01186,REF-MAH-MA-2021-01186,MSEDCL POWER DISTRIBUTION,MAHARASHTRA State Government,MAHARASHTRA,Central District,"MAHARASHTRA, India",Information Technology & Software,Procurement of information technology & software for MSEDCL POWER DISTRIBUTION,Official public tender for supply of information technology & software under standard MAHARASHTRA state procurement guidelines.,2019-10-09 00:00:00,2019-10-13 00:00:00,2019-10-14 00:00:00,2019-10-28,546927.95,628967.14,INR,3,LARSEN AND TOUBRO CONSTRUCTION,ENT-SUP-6C6BEB7D6E,LARSEN AND TOUBRO CONSTRUCTION,"MAHARASHTRA, India",AWARDED,4.0,2,0,OPEN_TENDER,MSEDCL POWER DISTRIBUTION,MAHARASHTRA,https://mahatenders.gov.in/
MAH-MA-2021-01187,REF-MAH-MA-2021-01187,PUBLIC HEALTH DEPT MUMBAI,MAHARASHTRA State Government,MAHARASHTRA,Central District,"MAHARASHTRA, India",Civil Works & Infrastructure,Procurement of civil works & infrastructure for PUBLIC HEALTH DEPT MUMBAI,Official public tender for supply of civil works & infrastructure under standard MAHARASHTRA state procurement guidelines.,2021-07-01 00:00:00,2021-07-05 00:00:00,2021-07-06 00:00:00,2021-07-20,313130335.53,319392942.24,INR,2,KNR CONSTRUCTION,ENT-SUP-6A86A67807,KNR CONSTRUCTION,"MAHARASHTRA, India",AWARDED,4.0,1,0,OPEN_TENDER,PUBLIC HEALTH DEPT MUMBAI,MAHARASHTRA,https://mahatenders.gov.in/
MAH-MA-2021-01188,REF-MAH-MA-2021-01188,MMRDA URBAN TRANSPORT,MAHARASHTRA State Government,MAHARASHTRA,Central District,"MAHARASHTRA, India",Consultancy & Facility Management,Procurement of consultancy & facility management for MMRDA URBAN TRANSPORT,Official public tender for supply of consultancy & facility management under standard MAHARASHTRA state procurement guidelines.,2021-02-02 00:00:00,2021-02-06 00:00:00,2021-02-07 00:00:00,2021-02-21,4900979.42,5293057.77,INR,4,DILIP BUILDCON LIMITED,ENT-SUP-55226FC7C8,DILIP BUILDCON LIMITED,"MAHARASHTRA, India",AWARDED,4.0,1,0,OPEN_TENDER,MMRDA URBAN TRANSPORT,MAHARASHTRA,https://mahatenders.gov.in/
MAH-MA-2021-01189,REF-MAH-MA-2021-01189,MAHARASHTRA PUBLIC WORKS DEPARTMENT,MAHARASHTRA State Government,MAHARASHTRA,Central District,"MAHARASHTRA, India",Electrical & Mechanical,Procurement of electrical & mechanical for MAHARASHTRA PUBLIC WORKS DEPARTMENT,Official public tender for supply of electrical & mechanical under standard MAHARASHTRA state procurement guidelines.,2019-02-15 00:00:00,2019-03-01 00:00:00,2019-03-02 00:00:00,2019-03-16,4957890.0,6693151.5,INR,3,GUPTA AND SONS CONTRACTOR,ENT-SUP-7A3AE215B9,GUPTA AND SONS CONTRACTOR,"MAHARASHTRA, India",AWARDED,14.0,0,0,OPEN_TENDER,MAHARASHTRA PUBLIC WORKS DEPARTMENT,MAHARASHTRA,https://mahatenders.gov.in/
MAH-MA-2021-01190,REF-MAH-MA-2021-01190,PUBLIC HEALTH DEPT MUMBAI,MAHARASHTRA State Government,MAHARASHTRA,Central District,"MAHARASHTRA, India",Civil Works & Infrastructure,Procurement of civil works & infrastructure for PUBLIC HEALTH DEPT MUMBAI,Official public tender for supply of civil works & infrastructure under standard MAHARASHTRA state procurement guidelines.,2019-09-22 00:00:00,2019-10-06 00:00:00,2019-10-07 00:00:00,2019-10-21,11013655.27,11894747.69,INR,1,AHLUWALIA CONTRACTS INDIA LIMITED,ENT-SUP-28AFE50D95,AHLUWALIA CONTRACTS INDIA LIMITED,"MAHARASHTRA, India",AWARDED,14.0,0,0,OPEN_TENDER,PUBLIC HEALTH DEPT MUMBAI,MAHARASHTRA,https://mahatenders.gov.in/
MAH-MA-2021-01191,REF-MAH-MA-2021-01191,WATER RESOURCES DEPARTMENT MAHARASHTRA,MAHARASHTRA State Government,MAHARASHTRA,Central District,"MAHARASHTRA, India",Civil Works & Infrastructure,Procurement of civil works & infrastructure for WATER RESOURCES DEPARTMENT MAHARASHTRA,Official public tender for supply of civil works & infrastructure under standard MAHARASHTRA state procurement guidelines.,2020-10-18 00:00:00,2020-11-17 00:00:00,2020-11-18 00:00:00,2020-12-02,1124071.65,1067868.06,INR,4,LARSEN AND TOUBRO CONSTRUCTION,ENT-SUP-6C6BEB7D6E,LARSEN AND TOUBRO CONSTRUCTION,"MAHARASHTRA, India",AWARDED,30.0,2,0,OPEN_TENDER,WATER RESOURCES DEPARTMENT MAHARASHTRA,MAHARASHTRA,https://mahatenders.gov.in/
MAH-MA-2021-01192,REF-MAH-MA-2021-01192,PUBLIC HEALTH DEPT MUMBAI,MAHARASHTRA State Government,MAHARASHTRA,Central District,"MAHARASHTRA, India",Electrical & Mechanical,Procurement of electrical & mechanical for PUBLIC HEALTH DEPT MUMBAI,Official public tender for supply of electrical & mechanical under standard MAHARASHTRA state procurement guidelines.,2019-12-30 00:00:00,2020-01-03 00:00:00,2020-01-04 00:00:00,2020-01-18,217462466.67,206589343.33,INR,2,SHARMA ENGINEERING WORKS,ENT-SUP-9473B0CC3C,SHARMA ENGINEERING WORKS,"MAHARASHTRA, India",AWARDED,4.0,0,0,OPEN_TENDER,PUBLIC HEALTH DEPT MUMBAI,MAHARASHTRA,https://mahatenders.gov.in/
MAH-MA-2021-01193,REF-MAH-MA-2021-01193,MAHARASHTRA PUBLIC WORKS DEPARTMENT,MAHARASHTRA State Government,MAHARASHTRA,Central District,"MAHARASHTRA, India",Civil Works & Infrastructure,Procurement of civil works & infrastructure for MAHARASHTRA PUBLIC WORKS DEPARTMENT,Official public tender for supply of civil works & infrastructure under standard MAHARASHTRA state procurement guidelines.,2019-03-03 00:00:00,2019-03-24 00:00:00,2019-03-25 00:00:00,2019-04-08,22635605.98,21503825.68,INR,1,SHREE BALAJI ENTERPRISE,ENT-SUP-CA68E614E4,SHREE BALAJI ENTERPRISE,"MAHARASHTRA, India",AWARDED,21.0,0,0,OPEN_TENDER,MAHARASHTRA PUBLIC WORKS DEPARTMENT,MAHARASHTRA,https://mahatenders.gov.in/
MAH-MA-2021-01194,REF-MAH-MA-2021-01194,MAHARASHTRA PUBLIC WORKS DEPARTMENT,MAHARASHTRA State Government,MAHARASHTRA,Central District,"MAHARASHTRA, India",Medical Equipment & Consumables,Procurement of medical equipment & consumables for MAHARASHTRA PUBLIC WORKS DEPARTMENT,Official public tender for supply of medical equipment & consumables under standard MAHARASHTRA state procurement guidelines.,2020-10-03 00:00:00,2020-10-09 00:00:00,2020-10-10 00:00:00,2020-10-24,159802681.22,140626359.47,INR,3,TATA PROJECTS LIMITED,ENT-SUP-861D6E7011,TATA PROJECTS LIMITED,"MAHARASHTRA, India",AWARDED,6.0,1,0,OPEN_TENDER,MAHARASHTRA PUBLIC WORKS DEPARTMENT,MAHARASHTRA,https://mahatenders.gov.in/
MAH-MA-2021-01195,REF-MAH-MA-2021-01195,WATER RESOURCES DEPARTMENT MAHARASHTRA,MAHARASHTRA State Government,MAHARASHTRA,Central District,"MAHARASHTRA, India",Medical Equipment & Consumables,Procurement of medical equipment & consumables for WATER RESOURCES DEPARTMENT MAHARASHTRA,Official public tender for supply of medical equipment & consumables under standard MAHARASHTRA state procurement guidelines.,2021-06-12 00:00:00,2021-06-26 00:00:00,2021-06-27 00:00:00,2021-07-11,5964797.46,6441981.26,INR,8,VANGUARD POWER SERVICES,ENT-SUP-FBE5090586,VANGUARD POWER SERVICES,"MAHARASHTRA, India",AWARDED,14.0,0,0,OPEN_TENDER,WATER RESOURCES DEPARTMENT MAHARASHTRA,MAHARASHTRA,https://mahatenders.gov.in/
MAH-MA-2021-01196,REF-MAH-MA-2021-01196,WATER RESOURCES DEPARTMENT MAHARASHTRA,MAHARASHTRA State Government,MAHARASHTRA,Central District,"MAHARASHTRA, India",Civil Works & Infrastructure,Procurement of civil works & infrastructure for WATER RESOURCES DEPARTMENT MAHARASHTRA,Official public tender for supply of civil works & infrastructure under standard MAHARASHTRA state procurement guidelines.,2019-11-17 00:00:00,2019-11-23 00:00:00,2019-11-24 00:00:00,2019-12-08,4926309.35,6650517.63,INR,4,AFCONS INFRASTRUCTURE LIMITED,ENT-SUP-AC3B9A87E5,AFCONS INFRASTRUCTURE LIMITED,"MAHARASHTRA, India",AWARDED,6.0,0,0,OPEN_TENDER,WATER RESOURCES DEPARTMENT MAHARASHTRA,MAHARASHTRA,https://mahatenders.gov.in/
MAH-MA-2021-01197,REF-MAH-MA-2021-01197,WATER RESOURCES DEPARTMENT MAHARASHTRA,MAHARASHTRA State Government,MAHARASHTRA,Central District,"MAHARASHTRA, India",Consultancy & Facility Management,Procurement of consultancy & facility management for WATER RESOURCES DEPARTMENT MAHARASHTRA,Official public tender for supply of consultancy & facility management under standard MAHARASHTRA state procurement guidelines.,2020-05-25 00:00:00,2020-06-15 00:00:00,2020-06-16 00:00:00,2020-06-30,4901189.53,4999213.32,INR,3,GUPTA AND SONS CONTRACTOR,ENT-SUP-7A3AE215B9,GUPTA AND SONS CONTRACTOR,"MAHARASHTRA, India",AWARDED,21.0,0,0,OPEN_TENDER,WATER RESOURCES DEPARTMENT MAHARASHTRA,MAHARASHTRA,https://mahatenders.gov.in/
MAH-MA-2021-01198,REF-MAH-MA-2021-01198,MSEDCL POWER DISTRIBUTION,MAHARASHTRA State Government,MAHARASHTRA,Central District,"MAHARASHTRA, India",Consultancy & Facility Management,Procurement of consultancy & facility management for MSEDCL POWER DISTRIBUTION,Official public tender for supply of consultancy & facility management under standard MAHARASHTRA state procurement guidelines.,2020-11-15 00:00:00,2020-11-19 00:00:00,2020-11-20 00:00:00,2020-12-04,4940148.92,5038951.9,INR,5,ZENITH INFRASTRUCTURE PROJECTS,ENT-SUP-4F350A4CA1,ZENITH INFRASTRUCTURE PROJECTS,"MAHARASHTRA, India",AWARDED,4.0,2,0,OPEN_TENDER,MSEDCL POWER DISTRIBUTION,MAHARASHTRA,https://mahatenders.gov.in/
MAH-MA-2021-01199,REF-MAH-MA-2021-01199,WATER RESOURCES DEPARTMENT MAHARASHTRA,MAHARASHTRA State Government,MAHARASHTRA,Central District,"MAHARASHTRA, India",Consultancy & Facility Management,Procurement of consultancy & facility management for WATER RESOURCES DEPARTMENT MAHARASHTRA,Official public tender for supply of consultancy & facility management under standard MAHARASHTRA state procurement guidelines.,2019-02-14 00:00:00,2019-03-07 00:00:00,2019-03-08 00:00:00,2019-03-22,6120074.79,6609680.78,INR,3,BHARAT DIAGNOSTIC SYSTEMS,ENT-SUP-C6B6FCD7BC,BHARAT DIAGNOSTIC SYSTEMS,"MAHARASHTRA, India",AWARDED,21.0,2,0,OPEN_TENDER,WATER RESOURCES DEPARTMENT MAHARASHTRA,MAHARASHTRA,https://mahatenders.gov.in/
MAH-MA-2021-01200,REF-MAH-MA-2021-01200,MAHARASHTRA PUBLIC WORKS DEPARTMENT,MAHARASHTRA State Government,MAHARASHTRA,Central District,"MAHARASHTRA, India",Civil Works & Infrastructure,Procurement of civil works & infrastructure for MAHARASHTRA PUBLIC WORKS DEPARTMENT,Official public tender for supply of civil works & infrastructure under standard MAHARASHTRA state procurement guidelines.,2021-09-08 00:00:00,2021-09-29 00:00:00,2021-09-30 00:00:00,2021-10-14,4903545.92,6619787.0,INR,2,VANGUARD POWER SERVICES,ENT-SUP-FBE5090586,VANGUARD POWER SERVICES,"MAHARASHTRA, India",AWARDED,21.0,0,0,OPEN_TENDER,MAHARASHTRA PUBLIC WORKS DEPARTMENT,MAHARASHTRA,https://mahatenders.gov.in/
MAH-MA-2021-01201,REF-MAH-MA-2021-01201,PUBLIC HEALTH DEPT MUMBAI,MAHARASHTRA State Government,MAHARASHTRA,Central District,"MAHARASHTRA, India",Electrical & Mechanical,Procurement of electrical & mechanical for PUBLIC HEALTH DEPT MUMBAI,Official public tender for supply of electrical & mechanical under standard MAHARASHTRA state procurement guidelines.,2021-07-11 00:00:00,2021-07-15 00:00:00,2021-07-16 00:00:00,2021-07-30,2180428.28,2071406.86,INR,4,GUPTA AND SONS CONTRACTOR,ENT-SUP-7A3AE215B9,GUPTA AND SONS CONTRACTOR,"MAHARASHTRA, India",AWARDED,4.0,1,0,OPEN_TENDER,PUBLIC HEALTH DEPT MUMBAI,MAHARASHTRA,https://mahatenders.gov.in/
MAH-MA-2021-01202,REF-MAH-MA-2021-01202,MAHARASHTRA PUBLIC WORKS DEPARTMENT,MAHARASHTRA State Government,MAHARASHTRA,Central District,"MAHARASHTRA, India",Information Technology & Software,Procurement of information technology & software for MAHARASHTRA PUBLIC WORKS DEPARTMENT,Official public tender for supply of information technology & software under standard MAHARASHTRA state procurement guidelines.,2020-11-06 00:00:00,2020-11-12 00:00:00,2020-11-13 00:00:00,2020-11-27,4944550.02,4351204.02,INR,1,APEX MEDITECH SOLUTIONS,ENT-SUP-A750489DC1,APEX MEDITECH SOLUTIONS,"MAHARASHTRA, India",AWARDED,6.0,0,0,OPEN_TENDER,MAHARASHTRA PUBLIC WORKS DEPARTMENT,MAHARASHTRA,https://mahatenders.gov.in/
MAH-MA-2021-01203,REF-MAH-MA-2021-01203,MAHARASHTRA PUBLIC WORKS DEPARTMENT,MAHARASHTRA State Government,MAHARASHTRA,Central District,"MAHARASHTRA, India",Electrical & Mechanical,Procurement of electrical & mechanical for MAHARASHTRA PUBLIC WORKS DEPARTMENT,Official public tender for supply of electrical & mechanical under standard MAHARASHTRA state procurement guidelines.,2021-08-10 00:00:00,2021-08-24 00:00:00,2021-08-25 00:00:00,2021-09-08,21334954.04,18774759.55,INR,1,SHARMA ENGINEERING WORKS,ENT-SUP-9473B0CC3C,SHARMA ENGINEERING WORKS,"MAHARASHTRA, India",AWARDED,14.0,0,0,OPEN_TENDER,MAHARASHTRA PUBLIC WORKS DEPARTMENT,MAHARASHTRA,https://mahatenders.gov.in/
MAH-MA-2021-01204,REF-MAH-MA-2021-01204,PUBLIC HEALTH DEPT MUMBAI,MAHARASHTRA State Government,MAHARASHTRA,Central District,"MAHARASHTRA, India",Consultancy & Facility Management,Procurement of consultancy & facility management for PUBLIC HEALTH DEPT MUMBAI,Official public tender for supply of consultancy & facility management under standard MAHARASHTRA state procurement guidelines.,2020-02-18 00:00:00,2020-03-03 00:00:00,2020-03-04 00:00:00,2020-03-18,92374307.31,124705314.87,INR,2,LARSEN AND TOUBRO CONSTRUCTION,ENT-SUP-6C6BEB7D6E,LARSEN AND TOUBRO CONSTRUCTION,"MAHARASHTRA, India",AWARDED,14.0,1,0,OPEN_TENDER,PUBLIC HEALTH DEPT MUMBAI,MAHARASHTRA,https://mahatenders.gov.in/
MAH-MA-2021-01205,REF-MAH-MA-2021-01205,MMRDA URBAN TRANSPORT,MAHARASHTRA State Government,MAHARASHTRA,Central District,"MAHARASHTRA, India",Electrical & Mechanical,Procurement of electrical & mechanical for MMRDA URBAN TRANSPORT,Official public tender for supply of electrical & mechanical under standard MAHARASHTRA state procurement guidelines.,2019-09-06 00:00:00,2019-09-10 00:00:00,2019-09-11 00:00:00,2019-09-25,10803448.96,12423966.31,INR,1,BHARAT DIAGNOSTIC SYSTEMS,ENT-SUP-C6B6FCD7BC,BHARAT DIAGNOSTIC SYSTEMS,"MAHARASHTRA, India",AWARDED,4.0,0,0,OPEN_TENDER,MMRDA URBAN TRANSPORT,MAHARASHTRA,https://mahatenders.gov.in/
MAH-MA-2021-01206,REF-MAH-MA-2021-01206,PUBLIC HEALTH DEPT MUMBAI,MAHARASHTRA State Government,MAHARASHTRA,Central District,"MAHARASHTRA, India",Electrical & Mechanical,Procurement of electrical & mechanical for PUBLIC HEALTH DEPT MUMBAI,Official public tender for supply of electrical & mechanical under standard MAHARASHTRA state procurement guidelines.,2020-12-29 00:00:00,2021-01-04 00:00:00,2021-01-05 00:00:00,2021-01-19,4912370.98,4322886.46,INR,2,AFCONS INFRASTRUCTURE LIMITED,ENT-SUP-AC3B9A87E5,AFCONS INFRASTRUCTURE LIMITED,"MAHARASHTRA, India",AWARDED,6.0,0,0,OPEN_TENDER,PUBLIC HEALTH DEPT MUMBAI,MAHARASHTRA,https://mahatenders.gov.in/
MAH-MA-2021-01207,REF-MAH-MA-2021-01207,PUBLIC HEALTH DEPT MUMBAI,MAHARASHTRA State Government,MAHARASHTRA,Central District,"MAHARASHTRA, India",Electrical & Mechanical,Procurement of electrical & mechanical for PUBLIC HEALTH DEPT MUMBAI,Official public tender for supply of electrical & mechanical under standard MAHARASHTRA state procurement guidelines.,2021-03-28 00:00:00,2021-04-01 00:00:00,2021-04-02 00:00:00,2021-04-16,4913840.76,5650916.87,INR,1,VANGUARD POWER SERVICES,ENT-SUP-FBE5090586,VANGUARD POWER SERVICES,"MAHARASHTRA, India",AWARDED,4.0,0,0,OPEN_TENDER,PUBLIC HEALTH DEPT MUMBAI,MAHARASHTRA,https://mahatenders.gov.in/
MAH-MA-2021-01208,REF-MAH-MA-2021-01208,WATER RESOURCES DEPARTMENT MAHARASHTRA,MAHARASHTRA State Government,MAHARASHTRA,Central District,"MAHARASHTRA, India",Information Technology & Software,Procurement of information technology & software for WATER RESOURCES DEPARTMENT MAHARASHTRA,Official public tender for supply of information technology & software under standard MAHARASHTRA state procurement guidelines.,2019-06-01 00:00:00,2019-07-01 00:00:00,2019-07-02 00:00:00,2019-07-16,4945480.05,4698206.05,INR,1,TATA PROJECTS LIMITED,ENT-SUP-861D6E7011,TATA PROJECTS LIMITED,"MAHARASHTRA, India",AWARDED,30.0,2,0,OPEN_TENDER,WATER RESOURCES DEPARTMENT MAHARASHTRA,MAHARASHTRA,https://mahatenders.gov.in/
MAH-MA-2021-01209,REF-MAH-MA-2021-01209,WATER RESOURCES DEPARTMENT MAHARASHTRA,MAHARASHTRA State Government,MAHARASHTRA,Central District,"MAHARASHTRA, India",Consultancy & Facility Management,Procurement of consultancy & facility management for WATER RESOURCES DEPARTMENT MAHARASHTRA,Official public tender for supply of consultancy & facility management under standard MAHARASHTRA state procurement guidelines.,2020-01-24 00:00:00,2020-02-07 00:00:00,2020-02-08 00:00:00,2020-02-22,4924657.16,4333698.3,INR,2,SHARMA ENGINEERING WORKS,ENT-SUP-9473B0CC3C,SHARMA ENGINEERING WORKS,"MAHARASHTRA, India",AWARDED,14.0,1,0,OPEN_TENDER,WATER RESOURCES DEPARTMENT MAHARASHTRA,MAHARASHTRA,https://mahatenders.gov.in/
MAH-MA-2021-01210,REF-MAH-MA-2021-01210,PUBLIC HEALTH DEPT MUMBAI,MAHARASHTRA State Government,MAHARASHTRA,Central District,"MAHARASHTRA, India",Electrical & Mechanical,Procurement of electrical & mechanical for PUBLIC HEALTH DEPT MUMBAI,Official public tender for supply of electrical & mechanical under standard MAHARASHTRA state procurement guidelines.,2019-07-02 00:00:00,2019-08-01 00:00:00,2019-08-02 00:00:00,2019-08-16,1753372.62,1665703.99,INR,2,NCC LIMITED INFRASTRUCTURE,ENT-SUP-0DFD916C8B,NCC LIMITED INFRASTRUCTURE,"MAHARASHTRA, India",AWARDED,30.0,1,0,OPEN_TENDER,PUBLIC HEALTH DEPT MUMBAI,MAHARASHTRA,https://mahatenders.gov.in/
MAH-MA-2021-01211,REF-MAH-MA-2021-01211,PUBLIC HEALTH DEPT MUMBAI,MAHARASHTRA State Government,MAHARASHTRA,Central District,"MAHARASHTRA, India",Medical Equipment & Consumables,Procurement of medical equipment & consumables for PUBLIC HEALTH DEPT MUMBAI,Official public tender for supply of medical equipment & consumables under standard MAHARASHTRA state procurement guidelines.,2021-09-24 00:00:00,2021-10-15 00:00:00,2021-10-16 00:00:00,2021-10-30,275178359.5,261419441.53,INR,5,AHLUWALIA CONTRACTS INDIA LIMITED,ENT-SUP-28AFE50D95,AHLUWALIA CONTRACTS INDIA LIMITED,"MAHARASHTRA, India",AWARDED,21.0,0,0,OPEN_TENDER,PUBLIC HEALTH DEPT MUMBAI,MAHARASHTRA,https://mahatenders.gov.in/
MAH-MA-2021-01212,REF-MAH-MA-2021-01212,WATER RESOURCES DEPARTMENT MAHARASHTRA,MAHARASHTRA State Government,MAHARASHTRA,Central District,"MAHARASHTRA, India",Consultancy & Facility Management,Procurement of consultancy & facility management for WATER RESOURCES DEPARTMENT MAHARASHTRA,Official public tender for supply of consultancy & facility management under standard MAHARASHTRA state procurement guidelines.,2019-01-22 00:00:00,2019-02-12 00:00:00,2019-02-13 00:00:00,2019-02-27,13907442.42,13212070.3,INR,2,GUPTA AND SONS CONTRACTOR,ENT-SUP-7A3AE215B9,GUPTA AND SONS CONTRACTOR,"MAHARASHTRA, India",AWARDED,21.0,0,0,OPEN_TENDER,WATER RESOURCES DEPARTMENT MAHARASHTRA,MAHARASHTRA,https://mahatenders.gov.in/
MAH-MA-2021-01213,REF-MAH-MA-2021-01213,MMRDA URBAN TRANSPORT,MAHARASHTRA State Government,MAHARASHTRA,Central District,"MAHARASHTRA, India",Civil Works & Infrastructure,Procurement of civil works & infrastructure for MMRDA URBAN TRANSPORT,Official public tender for supply of civil works & infrastructure under standard MAHARASHTRA state procurement guidelines.,2020-05-24 00:00:00,2020-05-30 00:00:00,2020-05-31 00:00:00,2020-06-14,4989629.02,5089421.6,INR,3,KNR CONSTRUCTION,ENT-SUP-6A86A67807,KNR CONSTRUCTION,"MAHARASHTRA, India",AWARDED,6.0,0,0,OPEN_TENDER,MMRDA URBAN TRANSPORT,MAHARASHTRA,https://mahatenders.gov.in/
MAH-MA-2021-01214,REF-MAH-MA-2021-01214,PUBLIC HEALTH DEPT MUMBAI,MAHARASHTRA State Government,MAHARASHTRA,Central District,"MAHARASHTRA, India",Electrical & Mechanical,Procurement of electrical & mechanical for PUBLIC HEALTH DEPT MUMBAI,Official public tender for supply of electrical & mechanical under standard MAHARASHTRA state procurement guidelines.,2021-07-28 00:00:00,2021-08-11 00:00:00,2021-08-12 00:00:00,2021-08-26,4986935.49,6732362.91,INR,1,APEX MEDITECH SOLUTIONS,ENT-SUP-A750489DC1,APEX MEDITECH SOLUTIONS,"MAHARASHTRA, India",AWARDED,14.0,2,0,OPEN_TENDER,PUBLIC HEALTH DEPT MUMBAI,MAHARASHTRA,https://mahatenders.gov.in/
MAH-MA-2021-01215,REF-MAH-MA-2021-01215,MMRDA URBAN TRANSPORT,MAHARASHTRA State Government,MAHARASHTRA,Central District,"MAHARASHTRA, India",Medical Equipment & Consumables,Procurement of medical equipment & consumables for MMRDA URBAN TRANSPORT,Official public tender for supply of medical equipment & consumables under standard MAHARASHTRA state procurement guidelines.,2021-03-21 00:00:00,2021-04-11 00:00:00,2021-04-12 00:00:00,2021-04-26,1057340.78,1078487.59,INR,3,KNR CONSTRUCTION,ENT-SUP-6A86A67807,KNR CONSTRUCTION,"MAHARASHTRA, India",AWARDED,21.0,0,0,OPEN_TENDER,MMRDA URBAN TRANSPORT,MAHARASHTRA,https://mahatenders.gov.in/
MAH-MA-2021-01216,REF-MAH-MA-2021-01216,WATER RESOURCES DEPARTMENT MAHARASHTRA,MAHARASHTRA State Government,MAHARASHTRA,Central District,"MAHARASHTRA, India",Medical Equipment & Consumables,Procurement of medical equipment & consumables for WATER RESOURCES DEPARTMENT MAHARASHTRA,Official public tender for supply of medical equipment & consumables under standard MAHARASHTRA state procurement guidelines.,2021-08-02 00:00:00,2021-08-16 00:00:00,2021-08-17 00:00:00,2021-08-31,4588451.23,5276718.91,INR,3,GUPTA AND SONS CONTRACTOR,ENT-SUP-7A3AE215B9,GUPTA AND SONS CONTRACTOR,"MAHARASHTRA, India",AWARDED,14.0,0,0,OPEN_TENDER,WATER RESOURCES DEPARTMENT MAHARASHTRA,MAHARASHTRA,https://mahatenders.gov.in/
MAH-MA-2021-01217,REF-MAH-MA-2021-01217,PUBLIC HEALTH DEPT MUMBAI,MAHARASHTRA State Government,MAHARASHTRA,Central District,"MAHARASHTRA, India",Medical Equipment & Consumables,Procurement of medical equipment & consumables for PUBLIC HEALTH DEPT MUMBAI,Official public tender for supply of medical equipment & consumables under standard MAHARASHTRA state procurement guidelines.,2020-10-09 00:00:00,2020-10-13 00:00:00,2020-10-14 00:00:00,2020-10-28,3000842.71,2850800.57,INR,2,APEX MEDITECH SOLUTIONS,ENT-SUP-A750489DC1,APEX MEDITECH SOLUTIONS,"MAHARASHTRA, India",AWARDED,4.0,1,0,OPEN_TENDER,PUBLIC HEALTH DEPT MUMBAI,MAHARASHTRA,https://mahatenders.gov.in/
MAH-MA-2021-01218,REF-MAH-MA-2021-01218,WATER RESOURCES DEPARTMENT MAHARASHTRA,MAHARASHTRA State Government,MAHARASHTRA,Central District,"MAHARASHTRA, India",Civil Works & Infrastructure,Procurement of civil works & infrastructure for WATER RESOURCES DEPARTMENT MAHARASHTRA,Official public tender for supply of civil works & infrastructure under standard MAHARASHTRA state procurement guidelines.,2021-06-04 00:00:00,2021-06-18 00:00:00,2021-06-19 00:00:00,2021-07-03,334272957.62,361014794.23,INR,1,APEX MEDITECH SOLUTIONS,ENT-SUP-A750489DC1,APEX MEDITECH SOLUTIONS,"MAHARASHTRA, India",AWARDED,14.0,0,0,OPEN_TENDER,WATER RESOURCES DEPARTMENT MAHARASHTRA,MAHARASHTRA,https://mahatenders.gov.in/
MAH-MA-2021-01219,REF-MAH-MA-2021-01219,MAHARASHTRA PUBLIC WORKS DEPARTMENT,MAHARASHTRA State Government,MAHARASHTRA,Central District,"MAHARASHTRA, India",Medical Equipment & Consumables,Procurement of medical equipment & consumables for MAHARASHTRA PUBLIC WORKS DEPARTMENT,Official public tender for supply of medical equipment & consumables under standard MAHARASHTRA state procurement guidelines.,2019-09-17 00:00:00,2019-10-08 00:00:00,2019-10-09 00:00:00,2019-10-23,231090165.86,219535657.57,INR,1,AHLUWALIA CONTRACTS INDIA LIMITED,ENT-SUP-28AFE50D95,AHLUWALIA CONTRACTS INDIA LIMITED,"MAHARASHTRA, India",AWARDED,21.0,0,0,OPEN_TENDER,MAHARASHTRA PUBLIC WORKS DEPARTMENT,MAHARASHTRA,https://mahatenders.gov.in/
MAH-MA-2021-01220,REF-MAH-MA-2021-01220,WATER RESOURCES DEPARTMENT MAHARASHTRA,MAHARASHTRA State Government,MAHARASHTRA,Central District,"MAHARASHTRA, India",Medical Equipment & Consumables,Procurement of medical equipment & consumables for WATER RESOURCES DEPARTMENT MAHARASHTRA,Official public tender for supply of medical equipment & consumables under standard MAHARASHTRA state procurement guidelines.,2019-06-12 00:00:00,2019-06-16 00:00:00,2019-06-17 00:00:00,2019-07-01,4989265.03,4390553.23,INR,1,AHLUWALIA CONTRACTS INDIA LIMITED,ENT-SUP-28AFE50D95,AHLUWALIA CONTRACTS INDIA LIMITED,"MAHARASHTRA, India",AWARDED,4.0,2,0,OPEN_TENDER,WATER RESOURCES DEPARTMENT MAHARASHTRA,MAHARASHTRA,https://mahatenders.gov.in/
MAH-MA-2021-01221,REF-MAH-MA-2021-01221,MMRDA URBAN TRANSPORT,MAHARASHTRA State Government,MAHARASHTRA,Central District,"MAHARASHTRA, India",Electrical & Mechanical,Procurement of electrical & mechanical for MMRDA URBAN TRANSPORT,Official public tender for supply of electrical & mechanical under standard MAHARASHTRA state procurement guidelines.,2021-08-03 00:00:00,2021-08-24 00:00:00,2021-08-25 00:00:00,2021-09-08,61946547.81,66902271.64,INR,1,ZENITH INFRASTRUCTURE PROJECTS,ENT-SUP-4F350A4CA1,ZENITH INFRASTRUCTURE PROJECTS,"MAHARASHTRA, India",AWARDED,21.0,0,0,OPEN_TENDER,MMRDA URBAN TRANSPORT,MAHARASHTRA,https://mahatenders.gov.in/
MAH-MA-2021-01222,REF-MAH-MA-2021-01222,MMRDA URBAN TRANSPORT,MAHARASHTRA State Government,MAHARASHTRA,Central District,"MAHARASHTRA, India",Medical Equipment & Consumables,Procurement of medical equipment & consumables for MMRDA URBAN TRANSPORT,Official public tender for supply of medical equipment & consumables under standard MAHARASHTRA state procurement guidelines.,2021-01-08 00:00:00,2021-01-22 00:00:00,2021-01-23 00:00:00,2021-02-06,4723036.72,5100879.66,INR,2,LARSEN AND TOUBRO CONSTRUCTION,ENT-SUP-6C6BEB7D6E,LARSEN AND TOUBRO CONSTRUCTION,"MAHARASHTRA, India",AWARDED,14.0,2,0,OPEN_TENDER,MMRDA URBAN TRANSPORT,MAHARASHTRA,https://mahatenders.gov.in/
MAH-MA-2021-01223,REF-MAH-MA-2021-01223,MMRDA URBAN TRANSPORT,MAHARASHTRA State Government,MAHARASHTRA,Central District,"MAHARASHTRA, India",Electrical & Mechanical,Procurement of electrical & mechanical for MMRDA URBAN TRANSPORT,Official public tender for supply of electrical & mechanical under standard MAHARASHTRA state procurement guidelines.,2021-03-26 00:00:00,2021-04-09 00:00:00,2021-04-10 00:00:00,2021-04-24,20150633.44,17732557.43,INR,2,GUPTA AND SONS CONTRACTOR,ENT-SUP-7A3AE215B9,GUPTA AND SONS CONTRACTOR,"MAHARASHTRA, India",AWARDED,14.0,0,0,OPEN_TENDER,MMRDA URBAN TRANSPORT,MAHARASHTRA,https://mahatenders.gov.in/
MAH-MA-2021-01224,REF-MAH-MA-2021-01224,MMRDA URBAN TRANSPORT,MAHARASHTRA State Government,MAHARASHTRA,Central District,"MAHARASHTRA, India",Information Technology & Software,Procurement of information technology & software for MMRDA URBAN TRANSPORT,Official public tender for supply of information technology & software under standard MAHARASHTRA state procurement guidelines.,2020-05-30 00:00:00,2020-06-03 00:00:00,2020-06-04 00:00:00,2020-06-18,218009455.56,250710873.89,INR,1,LARSEN AND TOUBRO CONSTRUCTION,ENT-SUP-6C6BEB7D6E,LARSEN AND TOUBRO CONSTRUCTION,"MAHARASHTRA, India",AWARDED,4.0,0,0,OPEN_TENDER,MMRDA URBAN TRANSPORT,MAHARASHTRA,https://mahatenders.gov.in/
MAH-MA-2021-01225,REF-MAH-MA-2021-01225,WATER RESOURCES DEPARTMENT MAHARASHTRA,MAHARASHTRA State Government,MAHARASHTRA,Central District,"MAHARASHTRA, India",Electrical & Mechanical,Procurement of electrical & mechanical for WATER RESOURCES DEPARTMENT MAHARASHTRA,Official public tender for supply of electrical & mechanical under standard MAHARASHTRA state procurement guidelines.,2020-09-12 00:00:00,2020-09-26 00:00:00,2020-09-27 00:00:00,2020-10-11,4905723.69,5298181.59,INR,4,PNC INFRATECH LIMITED,ENT-SUP-4B3E89D111,PNC INFRATECH LIMITED,"MAHARASHTRA, India",AWARDED,14.0,0,0,OPEN_TENDER,WATER RESOURCES DEPARTMENT MAHARASHTRA,MAHARASHTRA,https://mahatenders.gov.in/
MAH-MA-2021-01226,REF-MAH-MA-2021-01226,MAHARASHTRA PUBLIC WORKS DEPARTMENT,MAHARASHTRA State Government,MAHARASHTRA,Central District,"MAHARASHTRA, India",Civil Works & Infrastructure,Procurement of civil works & infrastructure for MAHARASHTRA PUBLIC WORKS DEPARTMENT,Official public tender for supply of civil works & infrastructure under standard MAHARASHTRA state procurement guidelines.,2020-03-05 00:00:00,2020-03-11 00:00:00,2020-03-12 00:00:00,2020-03-26,4426365.69,5975593.69,INR,3,GUPTA AND SONS CONTRACTOR,ENT-SUP-7A3AE215B9,GUPTA AND SONS CONTRACTOR,"MAHARASHTRA, India",AWARDED,6.0,0,0,OPEN_TENDER,MAHARASHTRA PUBLIC WORKS DEPARTMENT,MAHARASHTRA,https://mahatenders.gov.in/
MAH-MA-2021-01227,REF-MAH-MA-2021-01227,WATER RESOURCES DEPARTMENT MAHARASHTRA,MAHARASHTRA State Government,MAHARASHTRA,Central District,"MAHARASHTRA, India",Electrical & Mechanical,Procurement of electrical & mechanical for WATER RESOURCES DEPARTMENT MAHARASHTRA,Official public tender for supply of electrical & mechanical under standard MAHARASHTRA state procurement guidelines.,2019-03-23 00:00:00,2019-03-29 00:00:00,2019-03-30 00:00:00,2019-04-13,1314204.14,1156499.65,INR,1,GUPTA AND SONS CONTRACTOR,ENT-SUP-7A3AE215B9,GUPTA AND SONS CONTRACTOR,"MAHARASHTRA, India",AWARDED,6.0,2,0,OPEN_TENDER,WATER RESOURCES DEPARTMENT MAHARASHTRA,MAHARASHTRA,https://mahatenders.gov.in/
MAH-MA-2021-01228,REF-MAH-MA-2021-01228,MMRDA URBAN TRANSPORT,MAHARASHTRA State Government,MAHARASHTRA,Central District,"MAHARASHTRA, India",Information Technology & Software,Procurement of information technology & software for MMRDA URBAN TRANSPORT,Official public tender for supply of information technology & software under standard MAHARASHTRA state procurement guidelines.,2020-11-30 00:00:00,2020-12-30 00:00:00,2020-12-31 00:00:00,2021-01-14,106753433.11,122766448.08,INR,1,VANGUARD POWER SERVICES,ENT-SUP-FBE5090586,VANGUARD POWER SERVICES,"MAHARASHTRA, India",AWARDED,30.0,0,0,OPEN_TENDER,MMRDA URBAN TRANSPORT,MAHARASHTRA,https://mahatenders.gov.in/
MAH-MA-2021-01229,REF-MAH-MA-2021-01229,PUBLIC HEALTH DEPT MUMBAI,MAHARASHTRA State Government,MAHARASHTRA,Central District,"MAHARASHTRA, India",Information Technology & Software,Procurement of information technology & software for PUBLIC HEALTH DEPT MUMBAI,Official public tender for supply of information technology & software under standard MAHARASHTRA state procurement guidelines.,2019-04-06 00:00:00,2019-04-12 00:00:00,2019-04-13 00:00:00,2019-04-27,16453094.75,17769342.33,INR,4,LARSEN AND TOUBRO CONSTRUCTION,ENT-SUP-6C6BEB7D6E,LARSEN AND TOUBRO CONSTRUCTION,"MAHARASHTRA, India",AWARDED,6.0,0,0,OPEN_TENDER,PUBLIC HEALTH DEPT MUMBAI,MAHARASHTRA,https://mahatenders.gov.in/
MAH-MA-2021-01230,REF-MAH-MA-2021-01230,WATER RESOURCES DEPARTMENT MAHARASHTRA,MAHARASHTRA State Government,MAHARASHTRA,Central District,"MAHARASHTRA, India",Electrical & Mechanical,Procurement of electrical & mechanical for WATER RESOURCES DEPARTMENT MAHARASHTRA,Official public tender for supply of electrical & mechanical under standard MAHARASHTRA state procurement guidelines.,2021-09-08 00:00:00,2021-09-12 00:00:00,2021-09-13 00:00:00,2021-09-27,16820434.97,22707587.22,INR,3,TATA PROJECTS LIMITED,ENT-SUP-861D6E7011,TATA PROJECTS LIMITED,"MAHARASHTRA, India",AWARDED,4.0,1,0,OPEN_TENDER,WATER RESOURCES DEPARTMENT MAHARASHTRA,MAHARASHTRA,https://mahatenders.gov.in/
MAH-MA-2021-01231,REF-MAH-MA-2021-01231,MSEDCL POWER DISTRIBUTION,MAHARASHTRA State Government,MAHARASHTRA,Central District,"MAHARASHTRA, India",Consultancy & Facility Management,Procurement of consultancy & facility management for MSEDCL POWER DISTRIBUTION,Official public tender for supply of consultancy & facility management under standard MAHARASHTRA state procurement guidelines.,2019-08-02 00:00:00,2019-08-23 00:00:00,2019-08-24 00:00:00,2019-09-07,1324976.21,1351475.74,INR,8,SHREE BALAJI ENTERPRISE,ENT-SUP-CA68E614E4,SHREE BALAJI ENTERPRISE,"MAHARASHTRA, India",AWARDED,21.0,0,0,OPEN_TENDER,MSEDCL POWER DISTRIBUTION,MAHARASHTRA,https://mahatenders.gov.in/
MAH-MA-2021-01232,REF-MAH-MA-2021-01232,MAHARASHTRA PUBLIC WORKS DEPARTMENT,MAHARASHTRA State Government,MAHARASHTRA,Central District,"MAHARASHTRA, India",Information Technology & Software,Procurement of information technology & software for MAHARASHTRA PUBLIC WORKS DEPARTMENT,Official public tender for supply of information technology & software under standard MAHARASHTRA state procurement guidelines.,2019-05-05 00:00:00,2019-05-19 00:00:00,2019-05-20 00:00:00,2019-06-03,4909517.7,5007708.05,INR,1,APEX MEDITECH SOLUTIONS,ENT-SUP-A750489DC1,APEX MEDITECH SOLUTIONS,"MAHARASHTRA, India",AWARDED,14.0,0,0,OPEN_TENDER,MAHARASHTRA PUBLIC WORKS DEPARTMENT,MAHARASHTRA,https://mahatenders.gov.in/
MAH-MA-2021-01233,REF-MAH-MA-2021-01233,WATER RESOURCES DEPARTMENT MAHARASHTRA,MAHARASHTRA State Government,MAHARASHTRA,Central District,"MAHARASHTRA, India",Information Technology & Software,Procurement of information technology & software for WATER RESOURCES DEPARTMENT MAHARASHTRA,Official public tender for supply of information technology & software under standard MAHARASHTRA state procurement guidelines.,2020-04-25 00:00:00,2020-04-29 00:00:00,2020-04-30 00:00:00,2020-05-14,2293659.74,2637708.7,INR,5,TATA PROJECTS LIMITED,ENT-SUP-861D6E7011,TATA PROJECTS LIMITED,"MAHARASHTRA, India",AWARDED,4.0,0,0,OPEN_TENDER,WATER RESOURCES DEPARTMENT MAHARASHTRA,MAHARASHTRA,https://mahatenders.gov.in/
MAH-MA-2021-01234,REF-MAH-MA-2021-01234,MSEDCL POWER DISTRIBUTION,MAHARASHTRA State Government,MAHARASHTRA,Central District,"MAHARASHTRA, India",Consultancy & Facility Management,Procurement of consultancy & facility management for MSEDCL POWER DISTRIBUTION,Official public tender for supply of consultancy & facility management under standard MAHARASHTRA state procurement guidelines.,2019-03-18 00:00:00,2019-03-24 00:00:00,2019-03-25 00:00:00,2019-04-08,181357928.8,195866563.1,INR,1,BHARAT DIAGNOSTIC SYSTEMS,ENT-SUP-C6B6FCD7BC,BHARAT DIAGNOSTIC SYSTEMS,"MAHARASHTRA, India",AWARDED,6.0,1,0,OPEN_TENDER,MSEDCL POWER DISTRIBUTION,MAHARASHTRA,https://mahatenders.gov.in/
MAH-MA-2021-01235,REF-MAH-MA-2021-01235,PUBLIC HEALTH DEPT MUMBAI,MAHARASHTRA State Government,MAHARASHTRA,Central District,"MAHARASHTRA, India",Consultancy & Facility Management,Procurement of consultancy & facility management for PUBLIC HEALTH DEPT MUMBAI,Official public tender for supply of consultancy & facility management under standard MAHARASHTRA state procurement guidelines.,2019-09-27 00:00:00,2019-10-03 00:00:00,2019-10-04 00:00:00,2019-10-18,213482052.46,288200770.82,INR,1,DILIP BUILDCON LIMITED,ENT-SUP-55226FC7C8,DILIP BUILDCON LIMITED,"MAHARASHTRA, India",AWARDED,6.0,1,0,OPEN_TENDER,PUBLIC HEALTH DEPT MUMBAI,MAHARASHTRA,https://mahatenders.gov.in/
MAH-MA-2021-01236,REF-MAH-MA-2021-01236,MAHARASHTRA PUBLIC WORKS DEPARTMENT,MAHARASHTRA State Government,MAHARASHTRA,Central District,"MAHARASHTRA, India",Electrical & Mechanical,Procurement of electrical & mechanical for MAHARASHTRA PUBLIC WORKS DEPARTMENT,Official public tender for supply of electrical & mechanical under standard MAHARASHTRA state procurement guidelines.,2021-09-08 00:00:00,2021-10-08 00:00:00,2021-10-09 00:00:00,2021-10-23,23235155.93,26720429.32,INR,2,APEX MEDITECH SOLUTIONS,ENT-SUP-A750489DC1,APEX MEDITECH SOLUTIONS,"MAHARASHTRA, India",AWARDED,30.0,0,0,OPEN_TENDER,MAHARASHTRA PUBLIC WORKS DEPARTMENT,MAHARASHTRA,https://mahatenders.gov.in/
MAH-MA-2021-01237,REF-MAH-MA-2021-01237,MAHARASHTRA PUBLIC WORKS DEPARTMENT,MAHARASHTRA State Government,MAHARASHTRA,Central District,"MAHARASHTRA, India",Civil Works & Infrastructure,Procurement of civil works & infrastructure for MAHARASHTRA PUBLIC WORKS DEPARTMENT,Official public tender for supply of civil works & infrastructure under standard MAHARASHTRA state procurement guidelines.,2021-09-26 00:00:00,2021-09-30 00:00:00,2021-10-01 00:00:00,2021-10-15,10300547.81,10506558.77,INR,3,APEX MEDITECH SOLUTIONS,ENT-SUP-A750489DC1,APEX MEDITECH SOLUTIONS,"MAHARASHTRA, India",AWARDED,4.0,2,0,OPEN_TENDER,MAHARASHTRA PUBLIC WORKS DEPARTMENT,MAHARASHTRA,https://mahatenders.gov.in/
MAH-MA-2021-01238,REF-MAH-MA-2021-01238,MMRDA URBAN TRANSPORT,MAHARASHTRA State Government,MAHARASHTRA,Central District,"MAHARASHTRA, India",Civil Works & Infrastructure,Procurement of civil works & infrastructure for MMRDA URBAN TRANSPORT,Official public tender for supply of civil works & infrastructure under standard MAHARASHTRA state procurement guidelines.,2019-06-17 00:00:00,2019-07-01 00:00:00,2019-07-02 00:00:00,2019-07-16,10159488.53,11683411.81,INR,3,AHLUWALIA CONTRACTS INDIA LIMITED,ENT-SUP-28AFE50D95,AHLUWALIA CONTRACTS INDIA LIMITED,"MAHARASHTRA, India",AWARDED,14.0,0,0,OPEN_TENDER,MMRDA URBAN TRANSPORT,MAHARASHTRA,https://mahatenders.gov.in/
MAH-MA-2021-01239,REF-MAH-MA-2021-01239,WATER RESOURCES DEPARTMENT MAHARASHTRA,MAHARASHTRA State Government,MAHARASHTRA,Central District,"MAHARASHTRA, India",Medical Equipment & Consumables,Procurement of medical equipment & consumables for WATER RESOURCES DEPARTMENT MAHARASHTRA,Official public tender for supply of medical equipment & consumables under standard MAHARASHTRA state procurement guidelines.,2020-10-30 00:00:00,2020-11-20 00:00:00,2020-11-21 00:00:00,2020-12-05,158400138.94,161568141.72,INR,8,AHLUWALIA CONTRACTS INDIA LIMITED,ENT-SUP-28AFE50D95,AHLUWALIA CONTRACTS INDIA LIMITED,"MAHARASHTRA, India",AWARDED,21.0,0,0,OPEN_TENDER,WATER RESOURCES DEPARTMENT MAHARASHTRA,MAHARASHTRA,https://mahatenders.gov.in/
MAH-MA-2021-01240,REF-MAH-MA-2021-01240,MSEDCL POWER DISTRIBUTION,MAHARASHTRA State Government,MAHARASHTRA,Central District,"MAHARASHTRA, India",Consultancy & Facility Management,Procurement of consultancy & facility management for MSEDCL POWER DISTRIBUTION,Official public tender for supply of consultancy & facility management under standard MAHARASHTRA state procurement guidelines.,2020-09-23 00:00:00,2020-09-27 00:00:00,2020-09-28 00:00:00,2020-10-12,3359230.65,3627969.1,INR,2,AHLUWALIA CONTRACTS INDIA LIMITED,ENT-SUP-28AFE50D95,AHLUWALIA CONTRACTS INDIA LIMITED,"MAHARASHTRA, India",AWARDED,4.0,1,0,OPEN_TENDER,MSEDCL POWER DISTRIBUTION,MAHARASHTRA,https://mahatenders.gov.in/
MAH-MA-2021-01241,REF-MAH-MA-2021-01241,WATER RESOURCES DEPARTMENT MAHARASHTRA,MAHARASHTRA State Government,MAHARASHTRA,Central District,"MAHARASHTRA, India",Consultancy & Facility Management,Procurement of consultancy & facility management for WATER RESOURCES DEPARTMENT MAHARASHTRA,Official public tender for supply of consultancy & facility management under standard MAHARASHTRA state procurement guidelines.,2019-06-30 00:00:00,2019-07-06 00:00:00,2019-07-07 00:00:00,2019-07-21,15738923.79,16998037.7,INR,3,AHLUWALIA CONTRACTS INDIA LIMITED,ENT-SUP-28AFE50D95,AHLUWALIA CONTRACTS INDIA LIMITED,"MAHARASHTRA, India",AWARDED,6.0,0,0,OPEN_TENDER,WATER RESOURCES DEPARTMENT MAHARASHTRA,MAHARASHTRA,https://mahatenders.gov.in/
MAH-MA-2021-01242,REF-MAH-MA-2021-01242,MMRDA URBAN TRANSPORT,MAHARASHTRA State Government,MAHARASHTRA,Central District,"MAHARASHTRA, India",Consultancy & Facility Management,Procurement of consultancy & facility management for MMRDA URBAN TRANSPORT,Official public tender for supply of consultancy & facility management under standard MAHARASHTRA state procurement guidelines.,2020-02-07 00:00:00,2020-02-21 00:00:00,2020-02-22 00:00:00,2020-03-07,4241154.98,4029097.23,INR,4,BHARAT DIAGNOSTIC SYSTEMS,ENT-SUP-C6B6FCD7BC,BHARAT DIAGNOSTIC SYSTEMS,"MAHARASHTRA, India",AWARDED,14.0,1,0,OPEN_TENDER,MMRDA URBAN TRANSPORT,MAHARASHTRA,https://mahatenders.gov.in/
MAH-MA-2021-01243,REF-MAH-MA-2021-01243,MAHARASHTRA PUBLIC WORKS DEPARTMENT,MAHARASHTRA State Government,MAHARASHTRA,Central District,"MAHARASHTRA, India",Consultancy & Facility Management,Procurement of consultancy & facility management for MAHARASHTRA PUBLIC WORKS DEPARTMENT,Official public tender for supply of consultancy & facility management under standard MAHARASHTRA state procurement guidelines.,2020-06-24 00:00:00,2020-07-24 00:00:00,2020-07-25 00:00:00,2020-08-08,16188401.46,17483473.58,INR,1,AHLUWALIA CONTRACTS INDIA LIMITED,ENT-SUP-28AFE50D95,AHLUWALIA CONTRACTS INDIA LIMITED,"MAHARASHTRA, India",AWARDED,30.0,2,0,OPEN_TENDER,MAHARASHTRA PUBLIC WORKS DEPARTMENT,MAHARASHTRA,https://mahatenders.gov.in/
MAH-MA-2021-01244,REF-MAH-MA-2021-01244,MAHARASHTRA PUBLIC WORKS DEPARTMENT,MAHARASHTRA State Government,MAHARASHTRA,Central District,"MAHARASHTRA, India",Medical Equipment & Consumables,Procurement of medical equipment & consumables for MAHARASHTRA PUBLIC WORKS DEPARTMENT,Official public tender for supply of medical equipment & consumables under standard MAHARASHTRA state procurement guidelines.,2019-01-27 00:00:00,2019-02-26 00:00:00,2019-02-27 00:00:00,2019-03-13,3171687.89,3235121.65,INR,3,DILIP BUILDCON LIMITED,ENT-SUP-55226FC7C8,DILIP BUILDCON LIMITED,"MAHARASHTRA, India",AWARDED,30.0,0,0,OPEN_TENDER,MAHARASHTRA PUBLIC WORKS DEPARTMENT,MAHARASHTRA,https://mahatenders.gov.in/
MAH-MA-2021-01245,REF-MAH-MA-2021-01245,MMRDA URBAN TRANSPORT,MAHARASHTRA State Government,MAHARASHTRA,Central District,"MAHARASHTRA, India",Electrical & Mechanical,Procurement of electrical & mechanical for MMRDA URBAN TRANSPORT,Official public tender for supply of electrical & mechanical under standard MAHARASHTRA state procurement guidelines.,2019-10-05 00:00:00,2019-10-09 00:00:00,2019-10-10 00:00:00,2019-10-24,308104914.81,415941634.99,INR,2,KNR CONSTRUCTION,ENT-SUP-6A86A67807,KNR CONSTRUCTION,"MAHARASHTRA, India",AWARDED,4.0,1,0,OPEN_TENDER,MMRDA URBAN TRANSPORT,MAHARASHTRA,https://mahatenders.gov.in/
MAH-MA-2021-01246,REF-MAH-MA-2021-01246,MMRDA URBAN TRANSPORT,MAHARASHTRA State Government,MAHARASHTRA,Central District,"MAHARASHTRA, India",Information Technology & Software,Procurement of information technology & software for MMRDA URBAN TRANSPORT,Official public tender for supply of information technology & software under standard MAHARASHTRA state procurement guidelines.,2020-10-24 00:00:00,2020-11-14 00:00:00,2020-11-15 00:00:00,2020-11-29,8640706.48,8208671.16,INR,2,AHLUWALIA CONTRACTS INDIA LIMITED,ENT-SUP-28AFE50D95,AHLUWALIA CONTRACTS INDIA LIMITED,"MAHARASHTRA, India",AWARDED,21.0,2,0,OPEN_TENDER,MMRDA URBAN TRANSPORT,MAHARASHTRA,https://mahatenders.gov.in/
MAH-MA-2021-01247,REF-MAH-MA-2021-01247,PUBLIC HEALTH DEPT MUMBAI,MAHARASHTRA State Government,MAHARASHTRA,Central District,"MAHARASHTRA, India",Electrical & Mechanical,Procurement of electrical & mechanical for PUBLIC HEALTH DEPT MUMBAI,Official public tender for supply of electrical & mechanical under standard MAHARASHTRA state procurement guidelines.,2019-01-22 00:00:00,2019-02-05 00:00:00,2019-02-06 00:00:00,2019-02-20,3906914.32,4219467.46,INR,8,VANGUARD POWER SERVICES,ENT-SUP-FBE5090586,VANGUARD POWER SERVICES,"MAHARASHTRA, India",AWARDED,14.0,0,0,OPEN_TENDER,PUBLIC HEALTH DEPT MUMBAI,MAHARASHTRA,https://mahatenders.gov.in/
MAH-MA-2021-01248,REF-MAH-MA-2021-01248,MMRDA URBAN TRANSPORT,MAHARASHTRA State Government,MAHARASHTRA,Central District,"MAHARASHTRA, India",Information Technology & Software,Procurement of information technology & software for MMRDA URBAN TRANSPORT,Official public tender for supply of information technology & software under standard MAHARASHTRA state procurement guidelines.,2021-07-29 00:00:00,2021-08-12 00:00:00,2021-08-13 00:00:00,2021-08-27,7891799.12,10653928.82,INR,2,NCC LIMITED INFRASTRUCTURE,ENT-SUP-0DFD916C8B,NCC LIMITED INFRASTRUCTURE,"MAHARASHTRA, India",AWARDED,14.0,0,0,OPEN_TENDER,MMRDA URBAN TRANSPORT,MAHARASHTRA,https://mahatenders.gov.in/
MAH-MA-2021-01249,REF-MAH-MA-2021-01249,PUBLIC HEALTH DEPT MUMBAI,MAHARASHTRA State Government,MAHARASHTRA,Central District,"MAHARASHTRA, India",Civil Works & Infrastructure,Procurement of civil works & infrastructure for PUBLIC HEALTH DEPT MUMBAI,Official public tender for supply of civil works & infrastructure under standard MAHARASHTRA state procurement guidelines.,2019-08-21 00:00:00,2019-09-04 00:00:00,2019-09-05 00:00:00,2019-09-19,4989935.01,5089733.71,INR,3,SHARMA ENGINEERING WORKS,ENT-SUP-9473B0CC3C,SHARMA ENGINEERING WORKS,"MAHARASHTRA, India",AWARDED,14.0,2,0,OPEN_TENDER,PUBLIC HEALTH DEPT MUMBAI,MAHARASHTRA,https://mahatenders.gov.in/
MAH-MA-2021-01250,REF-MAH-MA-2021-01250,WATER RESOURCES DEPARTMENT MAHARASHTRA,MAHARASHTRA State Government,MAHARASHTRA,Central District,"MAHARASHTRA, India",Information Technology & Software,Procurement of information technology & software for WATER RESOURCES DEPARTMENT MAHARASHTRA,Official public tender for supply of information technology & software under standard MAHARASHTRA state procurement guidelines.,2021-10-01 00:00:00,2021-10-15 00:00:00,2021-10-16 00:00:00,2021-10-30,4943041.15,6673105.56,INR,3,VANGUARD POWER SERVICES,ENT-SUP-FBE5090586,VANGUARD POWER SERVICES,"MAHARASHTRA, India",AWARDED,14.0,2,0,OPEN_TENDER,WATER RESOURCES DEPARTMENT MAHARASHTRA,MAHARASHTRA,https://mahatenders.gov.in/
MAH-MA-2021-01251,REF-MAH-MA-2021-01251,PUBLIC HEALTH DEPT MUMBAI,MAHARASHTRA State Government,MAHARASHTRA,Central District,"MAHARASHTRA, India",Consultancy & Facility Management,Procurement of consultancy & facility management for PUBLIC HEALTH DEPT MUMBAI,Official public tender for supply of consultancy & facility management under standard MAHARASHTRA state procurement guidelines.,2021-10-08 00:00:00,2021-10-29 00:00:00,2021-10-30 00:00:00,2021-11-13,5862661.12,6742060.28,INR,4,TATA PROJECTS LIMITED,ENT-SUP-861D6E7011,TATA PROJECTS LIMITED,"MAHARASHTRA, India",AWARDED,21.0,1,0,OPEN_TENDER,PUBLIC HEALTH DEPT MUMBAI,MAHARASHTRA,https://mahatenders.gov.in/
MAH-MA-2021-01252,REF-MAH-MA-2021-01252,MMRDA URBAN TRANSPORT,MAHARASHTRA State Government,MAHARASHTRA,Central District,"MAHARASHTRA, India",Medical Equipment & Consumables,Procurement of medical equipment & consumables for MMRDA URBAN TRANSPORT,Official public tender for supply of medical equipment & consumables under standard MAHARASHTRA state procurement guidelines.,2019-03-08 00:00:00,2019-04-07 00:00:00,2019-04-08 00:00:00,2019-04-22,3363545.19,3430816.1,INR,2,VANGUARD POWER SERVICES,ENT-SUP-FBE5090586,VANGUARD POWER SERVICES,"MAHARASHTRA, India",AWARDED,30.0,0,0,OPEN_TENDER,MMRDA URBAN TRANSPORT,MAHARASHTRA,https://mahatenders.gov.in/
MAH-MA-2021-01253,REF-MAH-MA-2021-01253,WATER RESOURCES DEPARTMENT MAHARASHTRA,MAHARASHTRA State Government,MAHARASHTRA,Central District,"MAHARASHTRA, India",Civil Works & Infrastructure,Procurement of civil works & infrastructure for WATER RESOURCES DEPARTMENT MAHARASHTRA,Official public tender for supply of civil works & infrastructure under standard MAHARASHTRA state procurement guidelines.,2019-04-02 00:00:00,2019-04-08 00:00:00,2019-04-09 00:00:00,2019-04-23,129659671.44,149108622.15,INR,3,TATA PROJECTS LIMITED,ENT-SUP-861D6E7011,TATA PROJECTS LIMITED,"MAHARASHTRA, India",AWARDED,6.0,0,0,OPEN_TENDER,WATER RESOURCES DEPARTMENT MAHARASHTRA,MAHARASHTRA,https://mahatenders.gov.in/
MAH-MA-2021-01254,REF-MAH-MA-2021-01254,PUBLIC HEALTH DEPT MUMBAI,MAHARASHTRA State Government,MAHARASHTRA,Central District,"MAHARASHTRA, India",Medical Equipment & Consumables,Procurement of medical equipment & consumables for PUBLIC HEALTH DEPT MUMBAI,Official public tender for supply of medical equipment & consumables under standard MAHARASHTRA state procurement guidelines.,2020-12-20 00:00:00,2021-01-19 00:00:00,2021-01-20 00:00:00,2021-02-03,3166972.07,3008623.47,INR,1,SHARMA ENGINEERING WORKS,ENT-SUP-9473B0CC3C,SHARMA ENGINEERING WORKS,"MAHARASHTRA, India",AWARDED,30.0,0,0,OPEN_TENDER,PUBLIC HEALTH DEPT MUMBAI,MAHARASHTRA,https://mahatenders.gov.in/
MAH-MA-2021-01255,REF-MAH-MA-2021-01255,WATER RESOURCES DEPARTMENT MAHARASHTRA,MAHARASHTRA State Government,MAHARASHTRA,Central District,"MAHARASHTRA, India",Civil Works & Infrastructure,Procurement of civil works & infrastructure for WATER RESOURCES DEPARTMENT MAHARASHTRA,Official public tender for supply of civil works & infrastructure under standard MAHARASHTRA state procurement guidelines.,2020-08-16 00:00:00,2020-09-06 00:00:00,2020-09-07 00:00:00,2020-09-21,7576519.2,6667336.9,INR,2,LARSEN AND TOUBRO CONSTRUCTION,ENT-SUP-6C6BEB7D6E,LARSEN AND TOUBRO CONSTRUCTION,"MAHARASHTRA, India",AWARDED,21.0,0,0,OPEN_TENDER,WATER RESOURCES DEPARTMENT MAHARASHTRA,MAHARASHTRA,https://mahatenders.gov.in/
MAH-MA-2021-01256,REF-MAH-MA-2021-01256,MMRDA URBAN TRANSPORT,MAHARASHTRA State Government,MAHARASHTRA,Central District,"MAHARASHTRA, India",Medical Equipment & Consumables,Procurement of medical equipment & consumables for MMRDA URBAN TRANSPORT,Official public tender for supply of medical equipment & consumables under standard MAHARASHTRA state procurement guidelines.,2021-05-16 00:00:00,2021-05-22 00:00:00,2021-05-23 00:00:00,2021-06-06,4909867.86,6628321.61,INR,4,DILIP BUILDCON LIMITED,ENT-SUP-55226FC7C8,DILIP BUILDCON LIMITED,"MAHARASHTRA, India",AWARDED,6.0,2,0,OPEN_TENDER,MMRDA URBAN TRANSPORT,MAHARASHTRA,https://mahatenders.gov.in/
MAH-MA-2021-01257,REF-MAH-MA-2021-01257,MAHARASHTRA PUBLIC WORKS DEPARTMENT,MAHARASHTRA State Government,MAHARASHTRA,Central District,"MAHARASHTRA, India",Electrical & Mechanical,Procurement of electrical & mechanical for MAHARASHTRA PUBLIC WORKS DEPARTMENT,Official public tender for supply of electrical & mechanical under standard MAHARASHTRA state procurement guidelines.,2021-04-17 00:00:00,2021-05-08 00:00:00,2021-05-09 00:00:00,2021-05-23,24417332.7,28079932.6,INR,2,SHARMA ENGINEERING WORKS,ENT-SUP-9473B0CC3C,SHARMA ENGINEERING WORKS,"MAHARASHTRA, India",AWARDED,21.0,0,0,OPEN_TENDER,MAHARASHTRA PUBLIC WORKS DEPARTMENT,MAHARASHTRA,https://mahatenders.gov.in/
MAH-MA-2021-01258,REF-MAH-MA-2021-01258,MMRDA URBAN TRANSPORT,MAHARASHTRA State Government,MAHARASHTRA,Central District,"MAHARASHTRA, India",Electrical & Mechanical,Procurement of electrical & mechanical for MMRDA URBAN TRANSPORT,Official public tender for supply of electrical & mechanical under standard MAHARASHTRA state procurement guidelines.,2020-06-15 00:00:00,2020-07-15 00:00:00,2020-07-16 00:00:00,2020-07-30,7520124.77,7670527.27,INR,3,NCC LIMITED INFRASTRUCTURE,ENT-SUP-0DFD916C8B,NCC LIMITED INFRASTRUCTURE,"MAHARASHTRA, India",AWARDED,30.0,0,0,OPEN_TENDER,MMRDA URBAN TRANSPORT,MAHARASHTRA,https://mahatenders.gov.in/
MAH-MA-2021-01259,REF-MAH-MA-2021-01259,PUBLIC HEALTH DEPT MUMBAI,MAHARASHTRA State Government,MAHARASHTRA,Central District,"MAHARASHTRA, India",Medical Equipment & Consumables,Procurement of medical equipment & consumables for PUBLIC HEALTH DEPT MUMBAI,Official public tender for supply of medical equipment & consumables under standard MAHARASHTRA state procurement guidelines.,2019-06-19 00:00:00,2019-07-10 00:00:00,2019-07-11 00:00:00,2019-07-25,18004132.76,24305579.22,INR,2,KNR CONSTRUCTION,ENT-SUP-6A86A67807,KNR CONSTRUCTION,"MAHARASHTRA, India",AWARDED,21.0,2,0,OPEN_TENDER,PUBLIC HEALTH DEPT MUMBAI,MAHARASHTRA,https://mahatenders.gov.in/
MAH-MA-2021-01260,REF-MAH-MA-2021-01260,MMRDA URBAN TRANSPORT,MAHARASHTRA State Government,MAHARASHTRA,Central District,"MAHARASHTRA, India",Electrical & Mechanical,Procurement of electrical & mechanical for MMRDA URBAN TRANSPORT,Official public tender for supply of electrical & mechanical under standard MAHARASHTRA state procurement guidelines.,2019-08-29 00:00:00,2019-09-12 00:00:00,2019-09-13 00:00:00,2019-09-27,100169638.57,108183209.66,INR,3,BHARAT DIAGNOSTIC SYSTEMS,ENT-SUP-C6B6FCD7BC,BHARAT DIAGNOSTIC SYSTEMS,"MAHARASHTRA, India",AWARDED,14.0,0,0,OPEN_TENDER,MMRDA URBAN TRANSPORT,MAHARASHTRA,https://mahatenders.gov.in/
MAH-MA-2021-01261,REF-MAH-MA-2021-01261,PUBLIC HEALTH DEPT MUMBAI,MAHARASHTRA State Government,MAHARASHTRA,Central District,"MAHARASHTRA, India",Electrical & Mechanical,Procurement of electrical & mechanical for PUBLIC HEALTH DEPT MUMBAI,Official public tender for supply of electrical & mechanical under standard MAHARASHTRA state procurement guidelines.,2019-08-05 00:00:00,2019-09-04 00:00:00,2019-09-05 00:00:00,2019-09-19,211202279.96,242882621.95,INR,2,GUPTA AND SONS CONTRACTOR,ENT-SUP-7A3AE215B9,GUPTA AND SONS CONTRACTOR,"MAHARASHTRA, India",AWARDED,30.0,2,0,OPEN_TENDER,PUBLIC HEALTH DEPT MUMBAI,MAHARASHTRA,https://mahatenders.gov.in/
MAH-MA-2021-01262,REF-MAH-MA-2021-01262,WATER RESOURCES DEPARTMENT MAHARASHTRA,MAHARASHTRA State Government,MAHARASHTRA,Central District,"MAHARASHTRA, India",Consultancy & Facility Management,Procurement of consultancy & facility management for WATER RESOURCES DEPARTMENT MAHARASHTRA,Official public tender for supply of consultancy & facility management under standard MAHARASHTRA state procurement guidelines.,2020-11-28 00:00:00,2020-12-28 00:00:00,2020-12-29 00:00:00,2021-01-12,2919363.0,2773394.85,INR,2,LARSEN AND TOUBRO CONSTRUCTION,ENT-SUP-6C6BEB7D6E,LARSEN AND TOUBRO CONSTRUCTION,"MAHARASHTRA, India",AWARDED,30.0,0,0,OPEN_TENDER,WATER RESOURCES DEPARTMENT MAHARASHTRA,MAHARASHTRA,https://mahatenders.gov.in/
MAH-MA-2021-01263,REF-MAH-MA-2021-01263,WATER RESOURCES DEPARTMENT MAHARASHTRA,MAHARASHTRA State Government,MAHARASHTRA,Central District,"MAHARASHTRA, India",Civil Works & Infrastructure,Procurement of civil works & infrastructure for WATER RESOURCES DEPARTMENT MAHARASHTRA,Official public tender for supply of civil works & infrastructure under standard MAHARASHTRA state procurement guidelines.,2021-04-24 00:00:00,2021-05-24 00:00:00,2021-05-25 00:00:00,2021-06-08,218837402.15,192576913.89,INR,1,NCC LIMITED INFRASTRUCTURE,ENT-SUP-0DFD916C8B,NCC LIMITED INFRASTRUCTURE,"MAHARASHTRA, India",AWARDED,30.0,0,0,OPEN_TENDER,WATER RESOURCES DEPARTMENT MAHARASHTRA,MAHARASHTRA,https://mahatenders.gov.in/
MAH-MA-2021-01264,REF-MAH-MA-2021-01264,PUBLIC HEALTH DEPT MUMBAI,MAHARASHTRA State Government,MAHARASHTRA,Central District,"MAHARASHTRA, India",Electrical & Mechanical,Procurement of electrical & mechanical for PUBLIC HEALTH DEPT MUMBAI,Official public tender for supply of electrical & mechanical under standard MAHARASHTRA state procurement guidelines.,2020-03-29 00:00:00,2020-04-28 00:00:00,2020-04-29 00:00:00,2020-05-13,343580524.93,463833708.66,INR,5,VANGUARD POWER SERVICES,ENT-SUP-FBE5090586,VANGUARD POWER SERVICES,"MAHARASHTRA, India",AWARDED,30.0,0,0,OPEN_TENDER,PUBLIC HEALTH DEPT MUMBAI,MAHARASHTRA,https://mahatenders.gov.in/
MAH-MA-2021-01265,REF-MAH-MA-2021-01265,WATER RESOURCES DEPARTMENT MAHARASHTRA,MAHARASHTRA State Government,MAHARASHTRA,Central District,"MAHARASHTRA, India",Electrical & Mechanical,Procurement of electrical & mechanical for WATER RESOURCES DEPARTMENT MAHARASHTRA,Official public tender for supply of electrical & mechanical under standard MAHARASHTRA state procurement guidelines.,2019-12-30 00:00:00,2020-01-13 00:00:00,2020-01-14 00:00:00,2020-01-28,4927625.69,5026178.2,INR,2,SHARMA ENGINEERING WORKS,ENT-SUP-9473B0CC3C,SHARMA ENGINEERING WORKS,"MAHARASHTRA, India",AWARDED,14.0,2,0,OPEN_TENDER,WATER RESOURCES DEPARTMENT MAHARASHTRA,MAHARASHTRA,https://mahatenders.gov.in/
MAH-MA-2021-01266,REF-MAH-MA-2021-01266,MSEDCL POWER DISTRIBUTION,MAHARASHTRA State Government,MAHARASHTRA,Central District,"MAHARASHTRA, India",Civil Works & Infrastructure,Procurement of civil works & infrastructure for MSEDCL POWER DISTRIBUTION,Official public tender for supply of civil works & infrastructure under standard MAHARASHTRA state procurement guidelines.,2021-09-05 00:00:00,2021-10-05 00:00:00,2021-10-06 00:00:00,2021-10-20,7069972.98,6221576.22,INR,4,ZENITH INFRASTRUCTURE PROJECTS,ENT-SUP-4F350A4CA1,ZENITH INFRASTRUCTURE PROJECTS,"MAHARASHTRA, India",AWARDED,30.0,0,0,OPEN_TENDER,MSEDCL POWER DISTRIBUTION,MAHARASHTRA,https://mahatenders.gov.in/
MAH-MA-2021-01267,REF-MAH-MA-2021-01267,PUBLIC HEALTH DEPT MUMBAI,MAHARASHTRA State Government,MAHARASHTRA,Central District,"MAHARASHTRA, India",Civil Works & Infrastructure,Procurement of civil works & infrastructure for PUBLIC HEALTH DEPT MUMBAI,Official public tender for supply of civil works & infrastructure under standard MAHARASHTRA state procurement guidelines.,2019-11-04 00:00:00,2019-12-04 00:00:00,2019-12-05 00:00:00,2019-12-19,1568037.21,1803242.79,INR,4,TATA PROJECTS LIMITED,ENT-SUP-861D6E7011,TATA PROJECTS LIMITED,"MAHARASHTRA, India",AWARDED,30.0,1,0,OPEN_TENDER,PUBLIC HEALTH DEPT MUMBAI,MAHARASHTRA,https://mahatenders.gov.in/
MAH-MA-2021-01268,REF-MAH-MA-2021-01268,WATER RESOURCES DEPARTMENT MAHARASHTRA,MAHARASHTRA State Government,MAHARASHTRA,Central District,"MAHARASHTRA, India",Medical Equipment & Consumables,Procurement of medical equipment & consumables for WATER RESOURCES DEPARTMENT MAHARASHTRA,Official public tender for supply of medical equipment & consumables under standard MAHARASHTRA state procurement guidelines.,2021-09-24 00:00:00,2021-09-28 00:00:00,2021-09-29 00:00:00,2021-10-13,3266465.34,3527782.56,INR,2,AFCONS INFRASTRUCTURE LIMITED,ENT-SUP-AC3B9A87E5,AFCONS INFRASTRUCTURE LIMITED,"MAHARASHTRA, India",AWARDED,4.0,0,0,OPEN_TENDER,WATER RESOURCES DEPARTMENT MAHARASHTRA,MAHARASHTRA,https://mahatenders.gov.in/
MAH-MA-2021-01269,REF-MAH-MA-2021-01269,MMRDA URBAN TRANSPORT,MAHARASHTRA State Government,MAHARASHTRA,Central District,"MAHARASHTRA, India",Civil Works & Infrastructure,Procurement of civil works & infrastructure for MMRDA URBAN TRANSPORT,Official public tender for supply of civil works & infrastructure under standard MAHARASHTRA state procurement guidelines.,2021-03-18 00:00:00,2021-04-01 00:00:00,2021-04-02 00:00:00,2021-04-16,15953354.71,15155686.98,INR,2,AHLUWALIA CONTRACTS INDIA LIMITED,ENT-SUP-28AFE50D95,AHLUWALIA CONTRACTS INDIA LIMITED,"MAHARASHTRA, India",AWARDED,14.0,2,0,OPEN_TENDER,MMRDA URBAN TRANSPORT,MAHARASHTRA,https://mahatenders.gov.in/
MAH-MA-2021-01270,REF-MAH-MA-2021-01270,MSEDCL POWER DISTRIBUTION,MAHARASHTRA State Government,MAHARASHTRA,Central District,"MAHARASHTRA, India",Medical Equipment & Consumables,Procurement of medical equipment & consumables for MSEDCL POWER DISTRIBUTION,Official public tender for supply of medical equipment & consumables under standard MAHARASHTRA state procurement guidelines.,2020-09-12 00:00:00,2020-09-16 00:00:00,2020-09-17 00:00:00,2020-10-01,4631309.75,5326006.21,INR,1,KNR CONSTRUCTION,ENT-SUP-6A86A67807,KNR CONSTRUCTION,"MAHARASHTRA, India",AWARDED,4.0,0,0,OPEN_TENDER,MSEDCL POWER DISTRIBUTION,MAHARASHTRA,https://mahatenders.gov.in/
MAH-MA-2021-01271,REF-MAH-MA-2021-01271,MAHARASHTRA PUBLIC WORKS DEPARTMENT,MAHARASHTRA State Government,MAHARASHTRA,Central District,"MAHARASHTRA, India",Medical Equipment & Consumables,Procurement of medical equipment & consumables for MAHARASHTRA PUBLIC WORKS DEPARTMENT,Official public tender for supply of medical equipment & consumables under standard MAHARASHTRA state procurement guidelines.,2020-10-22 00:00:00,2020-10-28 00:00:00,2020-10-29 00:00:00,2020-11-12,4908675.64,5006849.15,INR,3,KNR CONSTRUCTION,ENT-SUP-6A86A67807,KNR CONSTRUCTION,"MAHARASHTRA, India",AWARDED,6.0,1,0,OPEN_TENDER,MAHARASHTRA PUBLIC WORKS DEPARTMENT,MAHARASHTRA,https://mahatenders.gov.in/
MAH-MA-2021-01272,REF-MAH-MA-2021-01272,WATER RESOURCES DEPARTMENT MAHARASHTRA,MAHARASHTRA State Government,MAHARASHTRA,Central District,"MAHARASHTRA, India",Consultancy & Facility Management,Procurement of consultancy & facility management for WATER RESOURCES DEPARTMENT MAHARASHTRA,Official public tender for supply of consultancy & facility management under standard MAHARASHTRA state procurement guidelines.,2019-04-18 00:00:00,2019-05-18 00:00:00,2019-05-19 00:00:00,2019-06-02,15082182.71,14328073.57,INR,1,SHARMA ENGINEERING WORKS,ENT-SUP-9473B0CC3C,SHARMA ENGINEERING WORKS,"MAHARASHTRA, India",AWARDED,30.0,0,0,OPEN_TENDER,WATER RESOURCES DEPARTMENT MAHARASHTRA,MAHARASHTRA,https://mahatenders.gov.in/
MAH-MA-2021-01273,REF-MAH-MA-2021-01273,WATER RESOURCES DEPARTMENT MAHARASHTRA,MAHARASHTRA State Government,MAHARASHTRA,Central District,"MAHARASHTRA, India",Civil Works & Infrastructure,Procurement of civil works & infrastructure for WATER RESOURCES DEPARTMENT MAHARASHTRA,Official public tender for supply of civil works & infrastructure under standard MAHARASHTRA state procurement guidelines.,2020-10-11 00:00:00,2020-11-10 00:00:00,2020-11-11 00:00:00,2020-11-25,13890557.83,12223690.89,INR,3,SHREE BALAJI ENTERPRISE,ENT-SUP-CA68E614E4,SHREE BALAJI ENTERPRISE,"MAHARASHTRA, India",AWARDED,30.0,0,0,OPEN_TENDER,WATER RESOURCES DEPARTMENT MAHARASHTRA,MAHARASHTRA,https://mahatenders.gov.in/
MAH-MA-2021-01274,REF-MAH-MA-2021-01274,MMRDA URBAN TRANSPORT,MAHARASHTRA State Government,MAHARASHTRA,Central District,"MAHARASHTRA, India",Information Technology & Software,Procurement of information technology & software for MMRDA URBAN TRANSPORT,Official public tender for supply of information technology & software under standard MAHARASHTRA state procurement guidelines.,2020-07-01 00:00:00,2020-07-15 00:00:00,2020-07-16 00:00:00,2020-07-30,4994940.11,4395547.3,INR,3,ZENITH INFRASTRUCTURE PROJECTS,ENT-SUP-4F350A4CA1,ZENITH INFRASTRUCTURE PROJECTS,"MAHARASHTRA, India",AWARDED,14.0,1,0,OPEN_TENDER,MMRDA URBAN TRANSPORT,MAHARASHTRA,https://mahatenders.gov.in/
MAH-MA-2021-01275,REF-MAH-MA-2021-01275,WATER RESOURCES DEPARTMENT MAHARASHTRA,MAHARASHTRA State Government,MAHARASHTRA,Central District,"MAHARASHTRA, India",Civil Works & Infrastructure,Procurement of civil works & infrastructure for WATER RESOURCES DEPARTMENT MAHARASHTRA,Official public tender for supply of civil works & infrastructure under standard MAHARASHTRA state procurement guidelines.,2020-11-12 00:00:00,2020-11-16 00:00:00,2020-11-17 00:00:00,2020-12-01,21943678.01,22382551.57,INR,3,VANGUARD POWER SERVICES,ENT-SUP-FBE5090586,VANGUARD POWER SERVICES,"MAHARASHTRA, India",AWARDED,4.0,0,0,OPEN_TENDER,WATER RESOURCES DEPARTMENT MAHARASHTRA,MAHARASHTRA,https://mahatenders.gov.in/
MAH-MA-2021-01276,REF-MAH-MA-2021-01276,MSEDCL POWER DISTRIBUTION,MAHARASHTRA State Government,MAHARASHTRA,Central District,"MAHARASHTRA, India",Consultancy & Facility Management,Procurement of consultancy & facility management for MSEDCL POWER DISTRIBUTION,Official public tender for supply of consultancy & facility management under standard MAHARASHTRA state procurement guidelines.,2021-03-05 00:00:00,2021-03-11 00:00:00,2021-03-12 00:00:00,2021-03-26,4998312.11,4748396.51,INR,4,VANGUARD POWER SERVICES,ENT-SUP-FBE5090586,VANGUARD POWER SERVICES,"MAHARASHTRA, India",AWARDED,6.0,0,0,OPEN_TENDER,MSEDCL POWER DISTRIBUTION,MAHARASHTRA,https://mahatenders.gov.in/
MAH-MA-2021-01277,REF-MAH-MA-2021-01277,MSEDCL POWER DISTRIBUTION,MAHARASHTRA State Government,MAHARASHTRA,Central District,"MAHARASHTRA, India",Information Technology & Software,Procurement of information technology & software for MSEDCL POWER DISTRIBUTION,Official public tender for supply of information technology & software under standard MAHARASHTRA state procurement guidelines.,2021-09-17 00:00:00,2021-10-17 00:00:00,2021-10-18 00:00:00,2021-11-01,14777036.02,14038184.22,INR,2,DILIP BUILDCON LIMITED,ENT-SUP-55226FC7C8,DILIP BUILDCON LIMITED,"MAHARASHTRA, India",AWARDED,30.0,0,0,OPEN_TENDER,MSEDCL POWER DISTRIBUTION,MAHARASHTRA,https://mahatenders.gov.in/
MAH-MA-2021-01278,REF-MAH-MA-2021-01278,MSEDCL POWER DISTRIBUTION,MAHARASHTRA State Government,MAHARASHTRA,Central District,"MAHARASHTRA, India",Medical Equipment & Consumables,Procurement of medical equipment & consumables for MSEDCL POWER DISTRIBUTION,Official public tender for supply of medical equipment & consumables under standard MAHARASHTRA state procurement guidelines.,2020-05-21 00:00:00,2020-06-11 00:00:00,2020-06-12 00:00:00,2020-06-26,3960051.38,5346069.36,INR,1,DILIP BUILDCON LIMITED,ENT-SUP-55226FC7C8,DILIP BUILDCON LIMITED,"MAHARASHTRA, India",AWARDED,21.0,2,0,OPEN_TENDER,MSEDCL POWER DISTRIBUTION,MAHARASHTRA,https://mahatenders.gov.in/
MAH-MA-2021-01279,REF-MAH-MA-2021-01279,MAHARASHTRA PUBLIC WORKS DEPARTMENT,MAHARASHTRA State Government,MAHARASHTRA,Central District,"MAHARASHTRA, India",Civil Works & Infrastructure,Procurement of civil works & infrastructure for MAHARASHTRA PUBLIC WORKS DEPARTMENT,Official public tender for supply of civil works & infrastructure under standard MAHARASHTRA state procurement guidelines.,2019-10-26 00:00:00,2019-11-16 00:00:00,2019-11-17 00:00:00,2019-12-01,156809779.45,137992605.92,INR,1,KNR CONSTRUCTION,ENT-SUP-6A86A67807,KNR CONSTRUCTION,"MAHARASHTRA, India",AWARDED,21.0,2,0,OPEN_TENDER,MAHARASHTRA PUBLIC WORKS DEPARTMENT,MAHARASHTRA,https://mahatenders.gov.in/
MAH-MA-2021-01280,REF-MAH-MA-2021-01280,PUBLIC HEALTH DEPT MUMBAI,MAHARASHTRA State Government,MAHARASHTRA,Central District,"MAHARASHTRA, India",Consultancy & Facility Management,Procurement of consultancy & facility management for PUBLIC HEALTH DEPT MUMBAI,Official public tender for supply of consultancy & facility management under standard MAHARASHTRA state procurement guidelines.,2021-07-19 00:00:00,2021-08-02 00:00:00,2021-08-03 00:00:00,2021-08-17,7713925.89,10413799.95,INR,1,LARSEN AND TOUBRO CONSTRUCTION,ENT-SUP-6C6BEB7D6E,LARSEN AND TOUBRO CONSTRUCTION,"MAHARASHTRA, India",AWARDED,14.0,0,0,OPEN_TENDER,PUBLIC HEALTH DEPT MUMBAI,MAHARASHTRA,https://mahatenders.gov.in/
MAH-MA-2021-01281,REF-MAH-MA-2021-01281,PUBLIC HEALTH DEPT MUMBAI,MAHARASHTRA State Government,MAHARASHTRA,Central District,"MAHARASHTRA, India",Medical Equipment & Consumables,Procurement of medical equipment & consumables for PUBLIC HEALTH DEPT MUMBAI,Official public tender for supply of medical equipment & consumables under standard MAHARASHTRA state procurement guidelines.,2020-03-29 00:00:00,2020-04-28 00:00:00,2020-04-29 00:00:00,2020-05-13,15342136.61,20711884.43,INR,1,PNC INFRATECH LIMITED,ENT-SUP-4B3E89D111,PNC INFRATECH LIMITED,"MAHARASHTRA, India",AWARDED,30.0,0,0,OPEN_TENDER,PUBLIC HEALTH DEPT MUMBAI,MAHARASHTRA,https://mahatenders.gov.in/
MAH-MA-2021-01282,REF-MAH-MA-2021-01282,MSEDCL POWER DISTRIBUTION,MAHARASHTRA State Government,MAHARASHTRA,Central District,"MAHARASHTRA, India",Consultancy & Facility Management,Procurement of consultancy & facility management for MSEDCL POWER DISTRIBUTION,Official public tender for supply of consultancy & facility management under standard MAHARASHTRA state procurement guidelines.,2020-07-12 00:00:00,2020-07-18 00:00:00,2020-07-19 00:00:00,2020-08-02,4969262.52,6708504.41,INR,2,SHREE BALAJI ENTERPRISE,ENT-SUP-CA68E614E4,SHREE BALAJI ENTERPRISE,"MAHARASHTRA, India",AWARDED,6.0,2,0,OPEN_TENDER,MSEDCL POWER DISTRIBUTION,MAHARASHTRA,https://mahatenders.gov.in/
MAH-MA-2021-01283,REF-MAH-MA-2021-01283,MAHARASHTRA PUBLIC WORKS DEPARTMENT,MAHARASHTRA State Government,MAHARASHTRA,Central District,"MAHARASHTRA, India",Information Technology & Software,Procurement of information technology & software for MAHARASHTRA PUBLIC WORKS DEPARTMENT,Official public tender for supply of information technology & software under standard MAHARASHTRA state procurement guidelines.,2019-05-22 00:00:00,2019-05-28 00:00:00,2019-05-29 00:00:00,2019-06-12,148658117.67,151631280.03,INR,4,LARSEN AND TOUBRO CONSTRUCTION,ENT-SUP-6C6BEB7D6E,LARSEN AND TOUBRO CONSTRUCTION,"MAHARASHTRA, India",AWARDED,6.0,2,0,OPEN_TENDER,MAHARASHTRA PUBLIC WORKS DEPARTMENT,MAHARASHTRA,https://mahatenders.gov.in/
MAH-MA-2021-01284,REF-MAH-MA-2021-01284,WATER RESOURCES DEPARTMENT MAHARASHTRA,MAHARASHTRA State Government,MAHARASHTRA,Central District,"MAHARASHTRA, India",Information Technology & Software,Procurement of information technology & software for WATER RESOURCES DEPARTMENT MAHARASHTRA,Official public tender for supply of information technology & software under standard MAHARASHTRA state procurement guidelines.,2019-02-16 00:00:00,2019-03-02 00:00:00,2019-03-03 00:00:00,2019-03-17,4975119.69,5721387.65,INR,2,BHARAT DIAGNOSTIC SYSTEMS,ENT-SUP-C6B6FCD7BC,BHARAT DIAGNOSTIC SYSTEMS,"MAHARASHTRA, India",AWARDED,14.0,0,0,OPEN_TENDER,WATER RESOURCES DEPARTMENT MAHARASHTRA,MAHARASHTRA,https://mahatenders.gov.in/
MAH-MA-2021-01285,REF-MAH-MA-2021-01285,PUBLIC HEALTH DEPT MUMBAI,MAHARASHTRA State Government,MAHARASHTRA,Central District,"MAHARASHTRA, India",Civil Works & Infrastructure,Procurement of civil works & infrastructure for PUBLIC HEALTH DEPT MUMBAI,Official public tender for supply of civil works & infrastructure under standard MAHARASHTRA state procurement guidelines.,2020-04-22 00:00:00,2020-05-22 00:00:00,2020-05-23 00:00:00,2020-06-06,3286002.3,3121702.19,INR,1,PNC INFRATECH LIMITED,ENT-SUP-4B3E89D111,PNC INFRATECH LIMITED,"MAHARASHTRA, India",AWARDED,30.0,0,0,OPEN_TENDER,PUBLIC HEALTH DEPT MUMBAI,MAHARASHTRA,https://mahatenders.gov.in/
MAH-MA-2021-01286,REF-MAH-MA-2021-01286,MAHARASHTRA PUBLIC WORKS DEPARTMENT,MAHARASHTRA State Government,MAHARASHTRA,Central District,"MAHARASHTRA, India",Medical Equipment & Consumables,Procurement of medical equipment & consumables for MAHARASHTRA PUBLIC WORKS DEPARTMENT,Official public tender for supply of medical equipment & consumables under standard MAHARASHTRA state procurement guidelines.,2020-09-30 00:00:00,2020-10-06 00:00:00,2020-10-07 00:00:00,2020-10-21,4698141.08,4463234.03,INR,2,PNC INFRATECH LIMITED,ENT-SUP-4B3E89D111,PNC INFRATECH LIMITED,"MAHARASHTRA, India",AWARDED,6.0,1,0,OPEN_TENDER,MAHARASHTRA PUBLIC WORKS DEPARTMENT,MAHARASHTRA,https://mahatenders.gov.in/
MAH-MA-2021-01287,REF-MAH-MA-2021-01287,MMRDA URBAN TRANSPORT,MAHARASHTRA State Government,MAHARASHTRA,Central District,"MAHARASHTRA, India",Medical Equipment & Consumables,Procurement of medical equipment & consumables for MMRDA URBAN TRANSPORT,Official public tender for supply of medical equipment & consumables under standard MAHARASHTRA state procurement guidelines.,2020-12-07 00:00:00,2020-12-21 00:00:00,2020-12-22 00:00:00,2021-01-05,4949644.74,5345616.32,INR,1,PNC INFRATECH LIMITED,ENT-SUP-4B3E89D111,PNC INFRATECH LIMITED,"MAHARASHTRA, India",AWARDED,14.0,2,0,OPEN_TENDER,MMRDA URBAN TRANSPORT,MAHARASHTRA,https://mahatenders.gov.in/
MAH-MA-2021-01288,REF-MAH-MA-2021-01288,WATER RESOURCES DEPARTMENT MAHARASHTRA,MAHARASHTRA State Government,MAHARASHTRA,Central District,"MAHARASHTRA, India",Information Technology & Software,Procurement of information technology & software for WATER RESOURCES DEPARTMENT MAHARASHTRA,Official public tender for supply of information technology & software under standard MAHARASHTRA state procurement guidelines.,2019-05-05 00:00:00,2019-05-26 00:00:00,2019-05-27 00:00:00,2019-06-10,244812165.29,330496423.14,INR,1,NCC LIMITED INFRASTRUCTURE,ENT-SUP-0DFD916C8B,NCC LIMITED INFRASTRUCTURE,"MAHARASHTRA, India",AWARDED,21.0,2,0,OPEN_TENDER,WATER RESOURCES DEPARTMENT MAHARASHTRA,MAHARASHTRA,https://mahatenders.gov.in/
MAH-MA-2021-01289,REF-MAH-MA-2021-01289,MSEDCL POWER DISTRIBUTION,MAHARASHTRA State Government,MAHARASHTRA,Central District,"MAHARASHTRA, India",Electrical & Mechanical,Procurement of electrical & mechanical for MSEDCL POWER DISTRIBUTION,Official public tender for supply of electrical & mechanical under standard MAHARASHTRA state procurement guidelines.,2021-04-02 00:00:00,2021-05-02 00:00:00,2021-05-03 00:00:00,2021-05-17,2142923.32,2314357.18,INR,1,ZENITH INFRASTRUCTURE PROJECTS,ENT-SUP-4F350A4CA1,ZENITH INFRASTRUCTURE PROJECTS,"MAHARASHTRA, India",AWARDED,30.0,1,0,OPEN_TENDER,MSEDCL POWER DISTRIBUTION,MAHARASHTRA,https://mahatenders.gov.in/
MAH-MA-2021-01290,REF-MAH-MA-2021-01290,MSEDCL POWER DISTRIBUTION,MAHARASHTRA State Government,MAHARASHTRA,Central District,"MAHARASHTRA, India",Electrical & Mechanical,Procurement of electrical & mechanical for MSEDCL POWER DISTRIBUTION,Official public tender for supply of electrical & mechanical under standard MAHARASHTRA state procurement guidelines.,2021-06-30 00:00:00,2021-07-21 00:00:00,2021-07-22 00:00:00,2021-08-05,83877627.23,90587837.41,INR,3,TATA PROJECTS LIMITED,ENT-SUP-861D6E7011,TATA PROJECTS LIMITED,"MAHARASHTRA, India",AWARDED,21.0,0,0,OPEN_TENDER,MSEDCL POWER DISTRIBUTION,MAHARASHTRA,https://mahatenders.gov.in/
MAH-MA-2021-01291,REF-MAH-MA-2021-01291,MAHARASHTRA PUBLIC WORKS DEPARTMENT,MAHARASHTRA State Government,MAHARASHTRA,Central District,"MAHARASHTRA, India",Medical Equipment & Consumables,Procurement of medical equipment & consumables for MAHARASHTRA PUBLIC WORKS DEPARTMENT,Official public tender for supply of medical equipment & consumables under standard MAHARASHTRA state procurement guidelines.,2020-11-06 00:00:00,2020-11-12 00:00:00,2020-11-13 00:00:00,2020-11-27,4924138.6,4677931.67,INR,3,PNC INFRATECH LIMITED,ENT-SUP-4B3E89D111,PNC INFRATECH LIMITED,"MAHARASHTRA, India",AWARDED,6.0,0,0,OPEN_TENDER,MAHARASHTRA PUBLIC WORKS DEPARTMENT,MAHARASHTRA,https://mahatenders.gov.in/
MAH-MA-2021-01292,REF-MAH-MA-2021-01292,PUBLIC HEALTH DEPT MUMBAI,MAHARASHTRA State Government,MAHARASHTRA,Central District,"MAHARASHTRA, India",Electrical & Mechanical,Procurement of electrical & mechanical for PUBLIC HEALTH DEPT MUMBAI,Official public tender for supply of electrical & mechanical under standard MAHARASHTRA state procurement guidelines.,2019-03-31 00:00:00,2019-04-30 00:00:00,2019-05-01 00:00:00,2019-05-15,4929919.75,4338329.38,INR,1,AFCONS INFRASTRUCTURE LIMITED,ENT-SUP-AC3B9A87E5,AFCONS INFRASTRUCTURE LIMITED,"MAHARASHTRA, India",AWARDED,30.0,0,0,OPEN_TENDER,PUBLIC HEALTH DEPT MUMBAI,MAHARASHTRA,https://mahatenders.gov.in/
MAH-MA-2021-01293,REF-MAH-MA-2021-01293,WATER RESOURCES DEPARTMENT MAHARASHTRA,MAHARASHTRA State Government,MAHARASHTRA,Central District,"MAHARASHTRA, India",Information Technology & Software,Procurement of information technology & software for WATER RESOURCES DEPARTMENT MAHARASHTRA,Official public tender for supply of information technology & software under standard MAHARASHTRA state procurement guidelines.,2019-03-30 00:00:00,2019-04-05 00:00:00,2019-04-06 00:00:00,2019-04-20,18107839.34,19556466.48,INR,1,KNR CONSTRUCTION,ENT-SUP-6A86A67807,KNR CONSTRUCTION,"MAHARASHTRA, India",AWARDED,6.0,0,0,OPEN_TENDER,WATER RESOURCES DEPARTMENT MAHARASHTRA,MAHARASHTRA,https://mahatenders.gov.in/
MAH-MA-2021-01294,REF-MAH-MA-2021-01294,MMRDA URBAN TRANSPORT,MAHARASHTRA State Government,MAHARASHTRA,Central District,"MAHARASHTRA, India",Civil Works & Infrastructure,Procurement of civil works & infrastructure for MMRDA URBAN TRANSPORT,Official public tender for supply of civil works & infrastructure under standard MAHARASHTRA state procurement guidelines.,2019-10-24 00:00:00,2019-11-23 00:00:00,2019-11-24 00:00:00,2019-12-08,3598117.3,4857458.35,INR,2,AFCONS INFRASTRUCTURE LIMITED,ENT-SUP-AC3B9A87E5,AFCONS INFRASTRUCTURE LIMITED,"MAHARASHTRA, India",AWARDED,30.0,1,0,OPEN_TENDER,MMRDA URBAN TRANSPORT,MAHARASHTRA,https://mahatenders.gov.in/
MAH-MA-2021-01295,REF-MAH-MA-2021-01295,PUBLIC HEALTH DEPT MUMBAI,MAHARASHTRA State Government,MAHARASHTRA,Central District,"MAHARASHTRA, India",Information Technology & Software,Procurement of information technology & software for PUBLIC HEALTH DEPT MUMBAI,Official public tender for supply of information technology & software under standard MAHARASHTRA state procurement guidelines.,2020-03-25 00:00:00,2020-03-31 00:00:00,2020-04-01 00:00:00,2020-04-15,127587228.89,146725313.23,INR,8,GUPTA AND SONS CONTRACTOR,ENT-SUP-7A3AE215B9,GUPTA AND SONS CONTRACTOR,"MAHARASHTRA, India",AWARDED,6.0,0,0,OPEN_TENDER,PUBLIC HEALTH DEPT MUMBAI,MAHARASHTRA,https://mahatenders.gov.in/
MAH-MA-2021-01296,REF-MAH-MA-2021-01296,MMRDA URBAN TRANSPORT,MAHARASHTRA State Government,MAHARASHTRA,Central District,"MAHARASHTRA, India",Civil Works & Infrastructure,Procurement of civil works & infrastructure for MMRDA URBAN TRANSPORT,Official public tender for supply of civil works & infrastructure under standard MAHARASHTRA state procurement guidelines.,2020-12-07 00:00:00,2020-12-21 00:00:00,2020-12-22 00:00:00,2021-01-05,3146520.53,3398242.17,INR,1,TATA PROJECTS LIMITED,ENT-SUP-861D6E7011,TATA PROJECTS LIMITED,"MAHARASHTRA, India",AWARDED,14.0,0,0,OPEN_TENDER,MMRDA URBAN TRANSPORT,MAHARASHTRA,https://mahatenders.gov.in/
MAH-MA-2021-01297,REF-MAH-MA-2021-01297,PUBLIC HEALTH DEPT MUMBAI,MAHARASHTRA State Government,MAHARASHTRA,Central District,"MAHARASHTRA, India",Consultancy & Facility Management,Procurement of consultancy & facility management for PUBLIC HEALTH DEPT MUMBAI,Official public tender for supply of consultancy & facility management under standard MAHARASHTRA state procurement guidelines.,2020-12-14 00:00:00,2021-01-04 00:00:00,2021-01-05 00:00:00,2021-01-19,4065972.08,4391249.85,INR,1,GUPTA AND SONS CONTRACTOR,ENT-SUP-7A3AE215B9,GUPTA AND SONS CONTRACTOR,"MAHARASHTRA, India",AWARDED,21.0,2,0,OPEN_TENDER,PUBLIC HEALTH DEPT MUMBAI,MAHARASHTRA,https://mahatenders.gov.in/
MAH-MA-2021-01298,REF-MAH-MA-2021-01298,PUBLIC HEALTH DEPT MUMBAI,MAHARASHTRA State Government,MAHARASHTRA,Central District,"MAHARASHTRA, India",Electrical & Mechanical,Procurement of electrical & mechanical for PUBLIC HEALTH DEPT MUMBAI,Official public tender for supply of electrical & mechanical under standard MAHARASHTRA state procurement guidelines.,2021-10-04 00:00:00,2021-10-10 00:00:00,2021-10-11 00:00:00,2021-10-25,12355303.3,14208598.79,INR,2,AHLUWALIA CONTRACTS INDIA LIMITED,ENT-SUP-28AFE50D95,AHLUWALIA CONTRACTS INDIA LIMITED,"MAHARASHTRA, India",AWARDED,6.0,1,0,OPEN_TENDER,PUBLIC HEALTH DEPT MUMBAI,MAHARASHTRA,https://mahatenders.gov.in/
MAH-MA-2021-01299,REF-MAH-MA-2021-01299,WATER RESOURCES DEPARTMENT MAHARASHTRA,MAHARASHTRA State Government,MAHARASHTRA,Central District,"MAHARASHTRA, India",Civil Works & Infrastructure,Procurement of civil works & infrastructure for WATER RESOURCES DEPARTMENT MAHARASHTRA,Official public tender for supply of civil works & infrastructure under standard MAHARASHTRA state procurement guidelines.,2021-01-04 00:00:00,2021-02-03 00:00:00,2021-02-04 00:00:00,2021-02-18,4978580.38,5078151.98,INR,3,AHLUWALIA CONTRACTS INDIA LIMITED,ENT-SUP-28AFE50D95,AHLUWALIA CONTRACTS INDIA LIMITED,"MAHARASHTRA, India",AWARDED,30.0,0,0,OPEN_TENDER,WATER RESOURCES DEPARTMENT MAHARASHTRA,MAHARASHTRA,https://mahatenders.gov.in/
MAH-MA-2021-01300,REF-MAH-MA-2021-01300,MAHARASHTRA PUBLIC WORKS DEPARTMENT,MAHARASHTRA State Government,MAHARASHTRA,Central District,"MAHARASHTRA, India",Consultancy & Facility Management,Procurement of consultancy & facility management for MAHARASHTRA PUBLIC WORKS DEPARTMENT,Official public tender for supply of consultancy & facility management under standard MAHARASHTRA state procurement guidelines.,2019-12-28 00:00:00,2020-01-11 00:00:00,2020-01-12 00:00:00,2020-01-26,4920296.03,6642399.64,INR,5,PNC INFRATECH LIMITED,ENT-SUP-4B3E89D111,PNC INFRATECH LIMITED,"MAHARASHTRA, India",AWARDED,14.0,0,0,OPEN_TENDER,MAHARASHTRA PUBLIC WORKS DEPARTMENT,MAHARASHTRA,https://mahatenders.gov.in/
