tender_id,tender_reference,department,organization,state,district,location,procurement_category,tender_title,description,published_date,submission_deadline,opening_date,contract_date,estimated_value,award_value,currency,number_of_bidders,winning_supplier,supplier_id,supplier_name,supplier_address,tender_status,contract_duration,extension_count,extension_days,procurement_method,buyer,source_dataset,source_url
RAJ-RA-2021-01001,REF-RAJ-RA-2021-01001,JAIPUR DEVELOPMENT AUTHORITY,RAJASTHAN State Government,RAJASTHAN,Central District,"RAJASTHAN, India",Consultancy & Facility Management,Procurement of consultancy & facility management for JAIPUR DEVELOPMENT AUTHORITY,Official public tender for supply of consultancy & facility management under standard RAJASTHAN state procurement guidelines.,2020-05-17 00:00:00,2020-05-21 00:00:00,2020-05-22 00:00:00,2020-06-05,878559.04,1010342.9,INR,4,SHARMA ENGINEERING WORKS,ENT-SUP-9473B0CC3C,SHARMA ENGINEERING WORKS,"RAJASTHAN, India",AWARDED,4.0,1,0,OPEN_TENDER,JAIPUR DEVELOPMENT AUTHORITY,RAJASTHAN,https://eproc.rajasthan.gov.in/
RAJ-RA-2021-01002,REF-RAJ-RA-2021-01002,RAJASTHAN RAJYA VIDYUT PRASARAN,RAJASTHAN State Government,RAJASTHAN,Central District,"RAJASTHAN, India",Electrical & Mechanical,Procurement of electrical & mechanical for RAJASTHAN RAJYA VIDYUT PRASARAN,Official public tender for supply of electrical & mechanical under standard RAJASTHAN state procurement guidelines.,2019-11-17 00:00:00,2019-12-01 00:00:00,2019-12-02 00:00:00,2019-12-16,287844186.35,388589651.57,INR,8,APEX MEDITECH SOLUTIONS,ENT-SUP-A750489DC1,APEX MEDITECH SOLUTIONS,"RAJASTHAN, India",AWARDED,14.0,1,0,OPEN_TENDER,RAJASTHAN RAJYA VIDYUT PRASARAN,RAJASTHAN,https://eproc.rajasthan.gov.in/
RAJ-RA-2021-01003,REF-RAJ-RA-2021-01003,RAJASTHAN PUBLIC WORKS DEPARTMENT,RAJASTHAN State Government,RAJASTHAN,Central District,"RAJASTHAN, India",Information Technology & Software,Procurement of information technology & software for RAJASTHAN PUBLIC WORKS DEPARTMENT,Official public tender for supply of information technology & software under standard RAJASTHAN state procurement guidelines.,2021-01-09 00:00:00,2021-01-15 00:00:00,2021-01-16 00:00:00,2021-01-30,295739676.21,319398850.31,INR,3,BHARAT DIAGNOSTIC SYSTEMS,ENT-SUP-C6B6FCD7BC,BHARAT DIAGNOSTIC SYSTEMS,"RAJASTHAN, India",AWARDED,6.0,0,0,OPEN_TENDER,RAJASTHAN PUBLIC WORKS DEPARTMENT,RAJASTHAN,https://eproc.rajasthan.gov.in/
RAJ-RA-2021-01004,REF-RAJ-RA-2021-01004,JAIPUR DEVELOPMENT AUTHORITY,RAJASTHAN State Government,RAJASTHAN,Central District,"RAJASTHAN, India",Electrical & Mechanical,Procurement of electrical & mechanical for JAIPUR DEVELOPMENT AUTHORITY,Official public tender for supply of electrical & mechanical under standard RAJASTHAN state procurement guidelines.,2019-09-04 00:00:00,2019-09-08 00:00:00,2019-09-09 00:00:00,2019-09-23,84583959.41,86275638.6,INR,2,VANGUARD POWER SERVICES,ENT-SUP-FBE5090586,VANGUARD POWER SERVICES,"RAJASTHAN, India",AWARDED,4.0,0,0,OPEN_TENDER,JAIPUR DEVELOPMENT AUTHORITY,RAJASTHAN,https://eproc.rajasthan.gov.in/
RAJ-RA-2021-01005,REF-RAJ-RA-2021-01005,PUBLIC HEALTH ENGINEERING DEPT RAJASTHAN,RAJASTHAN State Government,RAJASTHAN,Central District,"RAJASTHAN, India",Medical Equipment & Consumables,Procurement of medical equipment & consumables for PUBLIC HEALTH ENGINEERING DEPT RAJASTHAN,Official public tender for supply of medical equipment & consumables under standard RAJASTHAN state procurement guidelines.,2019-12-31 00:00:00,2020-01-21 00:00:00,2020-01-22 00:00:00,2020-02-05,19600259.29,22540298.18,INR,2,ZENITH INFRASTRUCTURE PROJECTS,ENT-SUP-4F350A4CA1,ZENITH INFRASTRUCTURE PROJECTS,"RAJASTHAN, India",AWARDED,21.0,0,0,OPEN_TENDER,PUBLIC HEALTH ENGINEERING DEPT RAJASTHAN,RAJASTHAN,https://eproc.rajasthan.gov.in/
RAJ-RA-2021-01006,REF-RAJ-RA-2021-01006,JAIPUR DEVELOPMENT AUTHORITY,RAJASTHAN State Government,RAJASTHAN,Central District,"RAJASTHAN, India",Electrical & Mechanical,Procurement of electrical & mechanical for JAIPUR DEVELOPMENT AUTHORITY,Official public tender for supply of electrical & mechanical under standard RAJASTHAN state procurement guidelines.,2020-05-31 00:00:00,2020-06-06 00:00:00,2020-06-07 00:00:00,2020-06-21,259067943.84,264249302.72,INR,3,AHLUWALIA CONTRACTS INDIA LIMITED,ENT-SUP-28AFE50D95,AHLUWALIA CONTRACTS INDIA LIMITED,"RAJASTHAN, India",AWARDED,6.0,0,0,OPEN_TENDER,JAIPUR DEVELOPMENT AUTHORITY,RAJASTHAN,https://eproc.rajasthan.gov.in/
RAJ-RA-2021-01007,REF-RAJ-RA-2021-01007,PUBLIC HEALTH ENGINEERING DEPT RAJASTHAN,RAJASTHAN State Government,RAJASTHAN,Central District,"RAJASTHAN, India",Medical Equipment & Consumables,Procurement of medical equipment & consumables for PUBLIC HEALTH ENGINEERING DEPT RAJASTHAN,Official public tender for supply of medical equipment & consumables under standard RAJASTHAN state procurement guidelines.,2020-12-13 00:00:00,2021-01-12 00:00:00,2021-01-13 00:00:00,2021-01-27,11543806.84,12467311.39,INR,4,AFCONS INFRASTRUCTURE LIMITED,ENT-SUP-AC3B9A87E5,AFCONS INFRASTRUCTURE LIMITED,"RAJASTHAN, India",AWARDED,30.0,0,0,OPEN_TENDER,PUBLIC HEALTH ENGINEERING DEPT RAJASTHAN,RAJASTHAN,https://eproc.rajasthan.gov.in/
RAJ-RA-2021-01008,REF-RAJ-RA-2021-01008,JAIPUR DEVELOPMENT AUTHORITY,RAJASTHAN State Government,RAJASTHAN,Central District,"RAJASTHAN, India",Consultancy & Facility Management,Procurement of consultancy & facility management for JAIPUR DEVELOPMENT AUTHORITY,Official public tender for supply of consultancy & facility management under standard RAJASTHAN state procurement guidelines.,2020-01-27 00:00:00,2020-02-17 00:00:00,2020-02-18 00:00:00,2020-03-03,1962730.41,1864593.89,INR,5,PNC INFRATECH LIMITED,ENT-SUP-4B3E89D111,PNC INFRATECH LIMITED,"RAJASTHAN, India",AWARDED,21.0,0,0,OPEN_TENDER,JAIPUR DEVELOPMENT AUTHORITY,RAJASTHAN,https://eproc.rajasthan.gov.in/
RAJ-RA-2021-01009,REF-RAJ-RA-2021-01009,PUBLIC HEALTH ENGINEERING DEPT RAJASTHAN,RAJASTHAN State Government,RAJASTHAN,Central District,"RAJASTHAN, India",Consultancy & Facility Management,Procurement of consultancy & facility management for PUBLIC HEALTH ENGINEERING DEPT RAJASTHAN,Official public tender for supply of consultancy & facility management under standard RAJASTHAN state procurement guidelines.,2019-02-21 00:00:00,2019-03-23 00:00:00,2019-03-24 00:00:00,2019-04-07,160311670.29,184358420.83,INR,3,BHARAT DIAGNOSTIC SYSTEMS,ENT-SUP-C6B6FCD7BC,BHARAT DIAGNOSTIC SYSTEMS,"RAJASTHAN, India",AWARDED,30.0,1,0,OPEN_TENDER,PUBLIC HEALTH ENGINEERING DEPT RAJASTHAN,RAJASTHAN,https://eproc.rajasthan.gov.in/
RAJ-RA-2021-01010,REF-RAJ-RA-2021-01010,RAJASTHAN PUBLIC WORKS DEPARTMENT,RAJASTHAN State Government,RAJASTHAN,Central District,"RAJASTHAN, India",Electrical & Mechanical,Procurement of electrical & mechanical for RAJASTHAN PUBLIC WORKS DEPARTMENT,Official public tender for supply of electrical & mechanical under standard RAJASTHAN state procurement guidelines.,2019-03-18 00:00:00,2019-04-17 00:00:00,2019-04-18 00:00:00,2019-05-02,181808010.35,245440813.98,INR,3,LARSEN AND TOUBRO CONSTRUCTION,ENT-SUP-6C6BEB7D6E,LARSEN AND TOUBRO CONSTRUCTION,"RAJASTHAN, India",AWARDED,30.0,0,0,OPEN_TENDER,RAJASTHAN PUBLIC WORKS DEPARTMENT,RAJASTHAN,https://eproc.rajasthan.gov.in/
RAJ-RA-2021-01011,REF-RAJ-RA-2021-01011,JAIPUR DEVELOPMENT AUTHORITY,RAJASTHAN State Government,RAJASTHAN,Central District,"RAJASTHAN, India",Electrical & Mechanical,Procurement of electrical & mechanical for JAIPUR DEVELOPMENT AUTHORITY,Official public tender for supply of electrical & mechanical under standard RAJASTHAN state procurement guidelines.,2020-03-28 00:00:00,2020-04-01 00:00:00,2020-04-02 00:00:00,2020-04-16,109940481.89,118735720.45,INR,4,APEX MEDITECH SOLUTIONS,ENT-SUP-A750489DC1,APEX MEDITECH SOLUTIONS,"RAJASTHAN, India",AWARDED,4.0,1,0,OPEN_TENDER,JAIPUR DEVELOPMENT AUTHORITY,RAJASTHAN,https://eproc.rajasthan.gov.in/
RAJ-RA-2021-01012,REF-RAJ-RA-2021-01012,RAJASTHAN PUBLIC WORKS DEPARTMENT,RAJASTHAN State Government,RAJASTHAN,Central District,"RAJASTHAN, India",Civil Works & Infrastructure,Procurement of civil works & infrastructure for RAJASTHAN PUBLIC WORKS DEPARTMENT,Official public tender for supply of civil works & infrastructure under standard RAJASTHAN state procurement guidelines.,2020-11-27 00:00:00,2020-12-18 00:00:00,2020-12-19 00:00:00,2021-01-02,9861181.76,13312595.37,INR,2,GUPTA AND SONS CONTRACTOR,ENT-SUP-7A3AE215B9,GUPTA AND SONS CONTRACTOR,"RAJASTHAN, India",AWARDED,21.0,1,0,OPEN_TENDER,RAJASTHAN PUBLIC WORKS DEPARTMENT,RAJASTHAN,https://eproc.rajasthan.gov.in/
RAJ-RA-2021-01013,REF-RAJ-RA-2021-01013,RAJASTHAN PUBLIC WORKS DEPARTMENT,RAJASTHAN State Government,RAJASTHAN,Central District,"RAJASTHAN, India",Medical Equipment & Consumables,Procurement of medical equipment & consumables for RAJASTHAN PUBLIC WORKS DEPARTMENT,Official public tender for supply of medical equipment & consumables under standard RAJASTHAN state procurement guidelines.,2020-07-14 00:00:00,2020-07-20 00:00:00,2020-07-21 00:00:00,2020-08-04,51883563.14,70042810.24,INR,1,LARSEN AND TOUBRO CONSTRUCTION,ENT-SUP-6C6BEB7D6E,LARSEN AND TOUBRO CONSTRUCTION,"RAJASTHAN, India",AWARDED,6.0,0,0,OPEN_TENDER,RAJASTHAN PUBLIC WORKS DEPARTMENT,RAJASTHAN,https://eproc.rajasthan.gov.in/
RAJ-RA-2021-01014,REF-RAJ-RA-2021-01014,MEDICAL HEALTH SERVICES JAIPUR,RAJASTHAN State Government,RAJASTHAN,Central District,"RAJASTHAN, India",Information Technology & Software,Procurement of information technology & software for MEDICAL HEALTH SERVICES JAIPUR,Official public tender for supply of information technology & software under standard RAJASTHAN state procurement guidelines.,2020-05-02 00:00:00,2020-05-23 00:00:00,2020-05-24 00:00:00,2020-06-07,4930175.84,5669702.21,INR,8,SHARMA ENGINEERING WORKS,ENT-SUP-9473B0CC3C,SHARMA ENGINEERING WORKS,"RAJASTHAN, India",AWARDED,21.0,0,0,OPEN_TENDER,MEDICAL HEALTH SERVICES JAIPUR,RAJASTHAN,https://eproc.rajasthan.gov.in/
RAJ-RA-2021-01015,REF-RAJ-RA-2021-01015,PUBLIC HEALTH ENGINEERING DEPT RAJASTHAN,RAJASTHAN State Government,RAJASTHAN,Central District,"RAJASTHAN, India",Information Technology & Software,Procurement of information technology & software for PUBLIC HEALTH ENGINEERING DEPT RAJASTHAN,Official public tender for supply of information technology & software under standard RAJASTHAN state procurement guidelines.,2019-07-04 00:00:00,2019-07-10 00:00:00,2019-07-11 00:00:00,2019-07-25,6397139.24,8636137.98,INR,4,APEX MEDITECH SOLUTIONS,ENT-SUP-A750489DC1,APEX MEDITECH SOLUTIONS,"RAJASTHAN, India",AWARDED,6.0,0,0,OPEN_TENDER,PUBLIC HEALTH ENGINEERING DEPT RAJASTHAN,RAJASTHAN,https://eproc.rajasthan.gov.in/
RAJ-RA-2021-01016,REF-RAJ-RA-2021-01016,JAIPUR DEVELOPMENT AUTHORITY,RAJASTHAN State Government,RAJASTHAN,Central District,"RAJASTHAN, India",Electrical & Mechanical,Procurement of electrical & mechanical for JAIPUR DEVELOPMENT AUTHORITY,Official public tender for supply of electrical & mechanical under standard RAJASTHAN state procurement guidelines.,2019-08-21 00:00:00,2019-09-11 00:00:00,2019-09-12 00:00:00,2019-09-26,2531521.19,2582151.61,INR,3,ZENITH INFRASTRUCTURE PROJECTS,ENT-SUP-4F350A4CA1,ZENITH INFRASTRUCTURE PROJECTS,"RAJASTHAN, India",AWARDED,21.0,0,0,OPEN_TENDER,JAIPUR DEVELOPMENT AUTHORITY,RAJASTHAN,https://eproc.rajasthan.gov.in/
RAJ-RA-2021-01017,REF-RAJ-RA-2021-01017,JAIPUR DEVELOPMENT AUTHORITY,RAJASTHAN State Government,RAJASTHAN,Central District,"RAJASTHAN, India",Electrical & Mechanical,Procurement of electrical & mechanical for JAIPUR DEVELOPMENT AUTHORITY,Official public tender for supply of electrical & mechanical under standard RAJASTHAN state procurement guidelines.,2020-10-26 00:00:00,2020-11-01 00:00:00,2020-11-02 00:00:00,2020-11-16,15813896.75,18185981.26,INR,2,SHREE BALAJI ENTERPRISE,ENT-SUP-CA68E614E4,SHREE BALAJI ENTERPRISE,"RAJASTHAN, India",AWARDED,6.0,1,0,OPEN_TENDER,JAIPUR DEVELOPMENT AUTHORITY,RAJASTHAN,https://eproc.rajasthan.gov.in/
RAJ-RA-2021-01018,REF-RAJ-RA-2021-01018,MEDICAL HEALTH SERVICES JAIPUR,RAJASTHAN State Government,RAJASTHAN,Central District,"RAJASTHAN, India",Electrical & Mechanical,Procurement of electrical & mechanical for MEDICAL HEALTH SERVICES JAIPUR,Official public tender for supply of electrical & mechanical under standard RAJASTHAN state procurement guidelines.,2021-06-07 00:00:00,2021-06-11 00:00:00,2021-06-12 00:00:00,2021-06-26,3272999.82,3763949.79,INR,3,TATA PROJECTS LIMITED,ENT-SUP-861D6E7011,TATA PROJECTS LIMITED,"RAJASTHAN, India",AWARDED,4.0,0,0,OPEN_TENDER,MEDICAL HEALTH SERVICES JAIPUR,RAJASTHAN,https://eproc.rajasthan.gov.in/
RAJ-RA-2021-01019,REF-RAJ-RA-2021-01019,RAJASTHAN RAJYA VIDYUT PRASARAN,RAJASTHAN State Government,RAJASTHAN,Central District,"RAJASTHAN, India",Consultancy & Facility Management,Procurement of consultancy & facility management for RAJASTHAN RAJYA VIDYUT PRASARAN,Official public tender for supply of consultancy & facility management under standard RAJASTHAN state procurement guidelines.,2020-09-16 00:00:00,2020-10-07 00:00:00,2020-10-08 00:00:00,2020-10-22,4318594.19,3800362.89,INR,1,ZENITH INFRASTRUCTURE PROJECTS,ENT-SUP-4F350A4CA1,ZENITH INFRASTRUCTURE PROJECTS,"RAJASTHAN, India",AWARDED,21.0,0,0,OPEN_TENDER,RAJASTHAN RAJYA VIDYUT PRASARAN,RAJASTHAN,https://eproc.rajasthan.gov.in/
RAJ-RA-2021-01020,REF-RAJ-RA-2021-01020,PUBLIC HEALTH ENGINEERING DEPT RAJASTHAN,RAJASTHAN State Government,RAJASTHAN,Central District,"RAJASTHAN, India",Information Technology & Software,Procurement of information technology & software for PUBLIC HEALTH ENGINEERING DEPT RAJASTHAN,Official public tender for supply of information technology & software under standard RAJASTHAN state procurement guidelines.,2021-07-17 00:00:00,2021-07-21 00:00:00,2021-07-22 00:00:00,2021-08-05,11058562.71,12717347.12,INR,3,TATA PROJECTS LIMITED,ENT-SUP-861D6E7011,TATA PROJECTS LIMITED,"RAJASTHAN, India",AWARDED,4.0,2,0,OPEN_TENDER,PUBLIC HEALTH ENGINEERING DEPT RAJASTHAN,RAJASTHAN,https://eproc.rajasthan.gov.in/
RAJ-RA-2021-01021,REF-RAJ-RA-2021-01021,RAJASTHAN RAJYA VIDYUT PRASARAN,RAJASTHAN State Government,RAJASTHAN,Central District,"RAJASTHAN, India",Civil Works & Infrastructure,Procurement of civil works & infrastructure for RAJASTHAN RAJYA VIDYUT PRASARAN,Official public tender for supply of civil works & infrastructure under standard RAJASTHAN state procurement guidelines.,2019-12-20 00:00:00,2020-01-10 00:00:00,2020-01-11 00:00:00,2020-01-25,232186698.96,220577364.02,INR,1,DILIP BUILDCON LIMITED,ENT-SUP-55226FC7C8,DILIP BUILDCON LIMITED,"RAJASTHAN, India",AWARDED,21.0,0,0,OPEN_TENDER,RAJASTHAN RAJYA VIDYUT PRASARAN,RAJASTHAN,https://eproc.rajasthan.gov.in/
RAJ-RA-2021-01022,REF-RAJ-RA-2021-01022,RAJASTHAN PUBLIC WORKS DEPARTMENT,RAJASTHAN State Government,RAJASTHAN,Central District,"RAJASTHAN, India",Consultancy & Facility Management,Procurement of consultancy & facility management for RAJASTHAN PUBLIC WORKS DEPARTMENT,Official public tender for supply of consultancy & facility management under standard RAJASTHAN state procurement guidelines.,2021-03-31 00:00:00,2021-04-21 00:00:00,2021-04-22 00:00:00,2021-05-06,4964727.57,4368960.26,INR,2,SHARMA ENGINEERING WORKS,ENT-SUP-9473B0CC3C,SHARMA ENGINEERING WORKS,"RAJASTHAN, India",AWARDED,21.0,0,0,OPEN_TENDER,RAJASTHAN PUBLIC WORKS DEPARTMENT,RAJASTHAN,https://eproc.rajasthan.gov.in/
RAJ-RA-2021-01023,REF-RAJ-RA-2021-01023,PUBLIC HEALTH ENGINEERING DEPT RAJASTHAN,RAJASTHAN State Government,RAJASTHAN,Central District,"RAJASTHAN, India",Medical Equipment & Consumables,Procurement of medical equipment & consumables for PUBLIC HEALTH ENGINEERING DEPT RAJASTHAN,Official public tender for supply of medical equipment & consumables under standard RAJASTHAN state procurement guidelines.,2020-05-31 00:00:00,2020-06-04 00:00:00,2020-06-05 00:00:00,2020-06-19,4734138.97,4166042.29,INR,3,TATA PROJECTS LIMITED,ENT-SUP-861D6E7011,TATA PROJECTS LIMITED,"RAJASTHAN, India",AWARDED,4.0,0,0,OPEN_TENDER,PUBLIC HEALTH ENGINEERING DEPT RAJASTHAN,RAJASTHAN,https://eproc.rajasthan.gov.in/
RAJ-RA-2021-01024,REF-RAJ-RA-2021-01024,PUBLIC HEALTH ENGINEERING DEPT RAJASTHAN,RAJASTHAN State Government,RAJASTHAN,Central District,"RAJASTHAN, India",Medical Equipment & Consumables,Procurement of medical equipment & consumables for PUBLIC HEALTH ENGINEERING DEPT RAJASTHAN,Official public tender for supply of medical equipment & consumables under standard RAJASTHAN state procurement guidelines.,2020-10-23 00:00:00,2020-11-06 00:00:00,2020-11-07 00:00:00,2020-11-21,4953462.04,6687173.75,INR,1,ZENITH INFRASTRUCTURE PROJECTS,ENT-SUP-4F350A4CA1,ZENITH INFRASTRUCTURE PROJECTS,"RAJASTHAN, India",AWARDED,14.0,1,0,OPEN_TENDER,PUBLIC HEALTH ENGINEERING DEPT RAJASTHAN,RAJASTHAN,https://eproc.rajasthan.gov.in/
RAJ-RA-2021-01025,REF-RAJ-RA-2021-01025,MEDICAL HEALTH SERVICES JAIPUR,RAJASTHAN State Government,RAJASTHAN,Central District,"RAJASTHAN, India",Electrical & Mechanical,Procurement of electrical & mechanical for MEDICAL HEALTH SERVICES JAIPUR,Official public tender for supply of electrical & mechanical under standard RAJASTHAN state procurement guidelines.,2020-06-21 00:00:00,2020-06-25 00:00:00,2020-06-26 00:00:00,2020-07-10,3001492.61,3061522.46,INR,1,SHREE BALAJI ENTERPRISE,ENT-SUP-CA68E614E4,SHREE BALAJI ENTERPRISE,"RAJASTHAN, India",AWARDED,4.0,0,0,OPEN_TENDER,MEDICAL HEALTH SERVICES JAIPUR,RAJASTHAN,https://eproc.rajasthan.gov.in/
RAJ-RA-2021-01026,REF-RAJ-RA-2021-01026,PUBLIC HEALTH ENGINEERING DEPT RAJASTHAN,RAJASTHAN State Government,RAJASTHAN,Central District,"RAJASTHAN, India",Civil Works & Infrastructure,Procurement of civil works & infrastructure for PUBLIC HEALTH ENGINEERING DEPT RAJASTHAN,Official public tender for supply of civil works & infrastructure under standard RAJASTHAN state procurement guidelines.,2021-01-09 00:00:00,2021-02-08 00:00:00,2021-02-09 00:00:00,2021-02-23,4506349.3,4596476.28,INR,1,VANGUARD POWER SERVICES,ENT-SUP-FBE5090586,VANGUARD POWER SERVICES,"RAJASTHAN, India",AWARDED,30.0,0,0,OPEN_TENDER,PUBLIC HEALTH ENGINEERING DEPT RAJASTHAN,RAJASTHAN,https://eproc.rajasthan.gov.in/
RAJ-RA-2021-01027,REF-RAJ-RA-2021-01027,JAIPUR DEVELOPMENT AUTHORITY,RAJASTHAN State Government,RAJASTHAN,Central District,"RAJASTHAN, India",Medical Equipment & Consumables,Procurement of medical equipment & consumables for JAIPUR DEVELOPMENT AUTHORITY,Official public tender for supply of medical equipment & consumables under standard RAJASTHAN state procurement guidelines.,2020-12-11 00:00:00,2021-01-10 00:00:00,2021-01-11 00:00:00,2021-01-25,9807637.12,13240310.11,INR,4,NCC LIMITED INFRASTRUCTURE,ENT-SUP-0DFD916C8B,NCC LIMITED INFRASTRUCTURE,"RAJASTHAN, India",AWARDED,30.0,1,0,OPEN_TENDER,JAIPUR DEVELOPMENT AUTHORITY,RAJASTHAN,https://eproc.rajasthan.gov.in/
RAJ-RA-2021-01028,REF-RAJ-RA-2021-01028,RAJASTHAN PUBLIC WORKS DEPARTMENT,RAJASTHAN State Government,RAJASTHAN,Central District,"RAJASTHAN, India",Consultancy & Facility Management,Procurement of consultancy & facility management for RAJASTHAN PUBLIC WORKS DEPARTMENT,Official public tender for supply of consultancy & facility management under standard RAJASTHAN state procurement guidelines.,2021-09-13 00:00:00,2021-09-27 00:00:00,2021-09-28 00:00:00,2021-10-12,11674000.93,11907480.95,INR,3,SHARMA ENGINEERING WORKS,ENT-SUP-9473B0CC3C,SHARMA ENGINEERING WORKS,"RAJASTHAN, India",AWARDED,14.0,0,0,OPEN_TENDER,RAJASTHAN PUBLIC WORKS DEPARTMENT,RAJASTHAN,https://eproc.rajasthan.gov.in/
RAJ-RA-2021-01029,REF-RAJ-RA-2021-01029,RAJASTHAN PUBLIC WORKS DEPARTMENT,RAJASTHAN State Government,RAJASTHAN,Central District,"RAJASTHAN, India",Information Technology & Software,Procurement of information technology & software for RAJASTHAN PUBLIC WORKS DEPARTMENT,Official public tender for supply of information technology & software under standard RAJASTHAN state procurement guidelines.,2019-09-29 00:00:00,2019-10-13 00:00:00,2019-10-14 00:00:00,2019-10-28,4914058.67,4324371.63,INR,2,GUPTA AND SONS CONTRACTOR,ENT-SUP-7A3AE215B9,GUPTA AND SONS CONTRACTOR,"RAJASTHAN, India",AWARDED,14.0,0,0,OPEN_TENDER,RAJASTHAN PUBLIC WORKS DEPARTMENT,RAJASTHAN,https://eproc.rajasthan.gov.in/
RAJ-RA-2021-01030,REF-RAJ-RA-2021-01030,JAIPUR DEVELOPMENT AUTHORITY,RAJASTHAN State Government,RAJASTHAN,Central District,"RAJASTHAN, India",Information Technology & Software,Procurement of information technology & software for JAIPUR DEVELOPMENT AUTHORITY,Official public tender for supply of information technology & software under standard RAJASTHAN state procurement guidelines.,2019-02-11 00:00:00,2019-02-25 00:00:00,2019-02-26 00:00:00,2019-03-12,859241.4,876426.23,INR,2,SHARMA ENGINEERING WORKS,ENT-SUP-9473B0CC3C,SHARMA ENGINEERING WORKS,"RAJASTHAN, India",AWARDED,14.0,0,0,OPEN_TENDER,JAIPUR DEVELOPMENT AUTHORITY,RAJASTHAN,https://eproc.rajasthan.gov.in/
RAJ-RA-2021-01031,REF-RAJ-RA-2021-01031,RAJASTHAN PUBLIC WORKS DEPARTMENT,RAJASTHAN State Government,RAJASTHAN,Central District,"RAJASTHAN, India",Information Technology & Software,Procurement of information technology & software for RAJASTHAN PUBLIC WORKS DEPARTMENT,Official public tender for supply of information technology & software under standard RAJASTHAN state procurement guidelines.,2021-06-28 00:00:00,2021-07-02 00:00:00,2021-07-03 00:00:00,2021-07-17,5851753.66,7899867.44,INR,1,KNR CONSTRUCTION,ENT-SUP-6A86A67807,KNR CONSTRUCTION,"RAJASTHAN, India",AWARDED,4.0,0,0,OPEN_TENDER,RAJASTHAN PUBLIC WORKS DEPARTMENT,RAJASTHAN,https://eproc.rajasthan.gov.in/
RAJ-RA-2021-01032,REF-RAJ-RA-2021-01032,MEDICAL HEALTH SERVICES JAIPUR,RAJASTHAN State Government,RAJASTHAN,Central District,"RAJASTHAN, India",Medical Equipment & Consumables,Procurement of medical equipment & consumables for MEDICAL HEALTH SERVICES JAIPUR,Official public tender for supply of medical equipment & consumables under standard RAJASTHAN state procurement guidelines.,2020-04-13 00:00:00,2020-05-13 00:00:00,2020-05-14 00:00:00,2020-05-28,4910700.53,4665165.5,INR,1,PNC INFRATECH LIMITED,ENT-SUP-4B3E89D111,PNC INFRATECH LIMITED,"RAJASTHAN, India",AWARDED,30.0,2,0,OPEN_TENDER,MEDICAL HEALTH SERVICES JAIPUR,RAJASTHAN,https://eproc.rajasthan.gov.in/
RAJ-RA-2021-01033,REF-RAJ-RA-2021-01033,PUBLIC HEALTH ENGINEERING DEPT RAJASTHAN,RAJASTHAN State Government,RAJASTHAN,Central District,"RAJASTHAN, India",Medical Equipment & Consumables,Procurement of medical equipment & consumables for PUBLIC HEALTH ENGINEERING DEPT RAJASTHAN,Official public tender for supply of medical equipment & consumables under standard RAJASTHAN state procurement guidelines.,2019-06-28 00:00:00,2019-07-28 00:00:00,2019-07-29 00:00:00,2019-08-12,4900586.81,4655557.47,INR,4,NCC LIMITED INFRASTRUCTURE,ENT-SUP-0DFD916C8B,NCC LIMITED INFRASTRUCTURE,"RAJASTHAN, India",AWARDED,30.0,0,0,OPEN_TENDER,PUBLIC HEALTH ENGINEERING DEPT RAJASTHAN,RAJASTHAN,https://eproc.rajasthan.gov.in/
RAJ-RA-2021-01034,REF-RAJ-RA-2021-01034,MEDICAL HEALTH SERVICES JAIPUR,RAJASTHAN State Government,RAJASTHAN,Central District,"RAJASTHAN, India",Civil Works & Infrastructure,Procurement of civil works & infrastructure for MEDICAL HEALTH SERVICES JAIPUR,Official public tender for supply of civil works & infrastructure under standard RAJASTHAN state procurement guidelines.,2019-07-06 00:00:00,2019-07-10 00:00:00,2019-07-11 00:00:00,2019-07-25,4930545.27,5670127.06,INR,1,LARSEN AND TOUBRO CONSTRUCTION,ENT-SUP-6C6BEB7D6E,LARSEN AND TOUBRO CONSTRUCTION,"RAJASTHAN, India",AWARDED,4.0,0,0,OPEN_TENDER,MEDICAL HEALTH SERVICES JAIPUR,RAJASTHAN,https://eproc.rajasthan.gov.in/
RAJ-RA-2021-01035,REF-RAJ-RA-2021-01035,JAIPUR DEVELOPMENT AUTHORITY,RAJASTHAN State Government,RAJASTHAN,Central District,"RAJASTHAN, India",Civil Works & Infrastructure,Procurement of civil works & infrastructure for JAIPUR DEVELOPMENT AUTHORITY,Official public tender for supply of civil works & infrastructure under standard RAJASTHAN state procurement guidelines.,2021-07-30 00:00:00,2021-08-03 00:00:00,2021-08-04 00:00:00,2021-08-18,17985309.67,20683106.12,INR,4,BHARAT DIAGNOSTIC SYSTEMS,ENT-SUP-C6B6FCD7BC,BHARAT DIAGNOSTIC SYSTEMS,"RAJASTHAN, India",AWARDED,4.0,0,0,OPEN_TENDER,JAIPUR DEVELOPMENT AUTHORITY,RAJASTHAN,https://eproc.rajasthan.gov.in/
RAJ-RA-2021-01036,REF-RAJ-RA-2021-01036,RAJASTHAN RAJYA VIDYUT PRASARAN,RAJASTHAN State Government,RAJASTHAN,Central District,"RAJASTHAN, India",Civil Works & Infrastructure,Procurement of civil works & infrastructure for RAJASTHAN RAJYA VIDYUT PRASARAN,Official public tender for supply of civil works & infrastructure under standard RAJASTHAN state procurement guidelines.,2019-11-06 00:00:00,2019-11-10 00:00:00,2019-11-11 00:00:00,2019-11-25,19006768.63,18056430.2,INR,4,LARSEN AND TOUBRO CONSTRUCTION,ENT-SUP-6C6BEB7D6E,LARSEN AND TOUBRO CONSTRUCTION,"RAJASTHAN, India",AWARDED,4.0,1,0,OPEN_TENDER,RAJASTHAN RAJYA VIDYUT PRASARAN,RAJASTHAN,https://eproc.rajasthan.gov.in/
RAJ-RA-2021-01037,REF-RAJ-RA-2021-01037,RAJASTHAN PUBLIC WORKS DEPARTMENT,RAJASTHAN State Government,RAJASTHAN,Central District,"RAJASTHAN, India",Medical Equipment & Consumables,Procurement of medical equipment & consumables for RAJASTHAN PUBLIC WORKS DEPARTMENT,Official public tender for supply of medical equipment & consumables under standard RAJASTHAN state procurement guidelines.,2019-06-16 00:00:00,2019-06-30 00:00:00,2019-07-01 00:00:00,2019-07-15,4907764.71,5643929.42,INR,3,PNC INFRATECH LIMITED,ENT-SUP-4B3E89D111,PNC INFRATECH LIMITED,"RAJASTHAN, India",AWARDED,14.0,1,0,OPEN_TENDER,RAJASTHAN PUBLIC WORKS DEPARTMENT,RAJASTHAN,https://eproc.rajasthan.gov.in/
RAJ-RA-2021-01038,REF-RAJ-RA-2021-01038,RAJASTHAN RAJYA VIDYUT PRASARAN,RAJASTHAN State Government,RAJASTHAN,Central District,"RAJASTHAN, India",Information Technology & Software,Procurement of information technology & software for RAJASTHAN RAJYA VIDYUT PRASARAN,Official public tender for supply of information technology & software under standard RAJASTHAN state procurement guidelines.,2021-07-18 00:00:00,2021-07-22 00:00:00,2021-07-23 00:00:00,2021-08-06,1360695.99,1387909.91,INR,3,TATA PROJECTS LIMITED,ENT-SUP-861D6E7011,TATA PROJECTS LIMITED,"RAJASTHAN, India",AWARDED,4.0,0,0,OPEN_TENDER,RAJASTHAN RAJYA VIDYUT PRASARAN,RAJASTHAN,https://eproc.rajasthan.gov.in/
RAJ-RA-2021-01039,REF-RAJ-RA-2021-01039,RAJASTHAN RAJYA VIDYUT PRASARAN,RAJASTHAN State Government,RAJASTHAN,Central District,"RAJASTHAN, India",Civil Works & Infrastructure,Procurement of civil works & infrastructure for RAJASTHAN RAJYA VIDYUT PRASARAN,Official public tender for supply of civil works & infrastructure under standard RAJASTHAN state procurement guidelines.,2021-01-07 00:00:00,2021-01-28 00:00:00,2021-01-29 00:00:00,2021-02-12,1051223.25,998662.08,INR,2,AHLUWALIA CONTRACTS INDIA LIMITED,ENT-SUP-28AFE50D95,AHLUWALIA CONTRACTS INDIA LIMITED,"RAJASTHAN, India",AWARDED,21.0,1,0,OPEN_TENDER,RAJASTHAN RAJYA VIDYUT PRASARAN,RAJASTHAN,https://eproc.rajasthan.gov.in/
RAJ-RA-2021-01040,REF-RAJ-RA-2021-01040,PUBLIC HEALTH ENGINEERING DEPT RAJASTHAN,RAJASTHAN State Government,RAJASTHAN,Central District,"RAJASTHAN, India",Consultancy & Facility Management,Procurement of consultancy & facility management for PUBLIC HEALTH ENGINEERING DEPT RAJASTHAN,Official public tender for supply of consultancy & facility management under standard RAJASTHAN state procurement guidelines.,2021-06-01 00:00:00,2021-06-22 00:00:00,2021-06-23 00:00:00,2021-07-07,149435637.6,152424350.36,INR,1,TATA PROJECTS LIMITED,ENT-SUP-861D6E7011,TATA PROJECTS LIMITED,"RAJASTHAN, India",AWARDED,21.0,2,0,OPEN_TENDER,PUBLIC HEALTH ENGINEERING DEPT RAJASTHAN,RAJASTHAN,https://eproc.rajasthan.gov.in/
RAJ-RA-2021-01041,REF-RAJ-RA-2021-01041,PUBLIC HEALTH ENGINEERING DEPT RAJASTHAN,RAJASTHAN State Government,RAJASTHAN,Central District,"RAJASTHAN, India",Civil Works & Infrastructure,Procurement of civil works & infrastructure for PUBLIC HEALTH ENGINEERING DEPT RAJASTHAN,Official public tender for supply of civil works & infrastructure under standard RAJASTHAN state procurement guidelines.,2020-06-16 00:00:00,2020-07-16 00:00:00,2020-07-17 00:00:00,2020-07-31,4975814.6,5722186.79,INR,4,GUPTA AND SONS CONTRACTOR,ENT-SUP-7A3AE215B9,GUPTA AND SONS CONTRACTOR,"RAJASTHAN, India",AWARDED,30.0,1,0,OPEN_TENDER,PUBLIC HEALTH ENGINEERING DEPT RAJASTHAN,RAJASTHAN,https://eproc.rajasthan.gov.in/
RAJ-RA-2021-01042,REF-RAJ-RA-2021-01042,RAJASTHAN RAJYA VIDYUT PRASARAN,RAJASTHAN State Government,RAJASTHAN,Central District,"RAJASTHAN, India",Civil Works & Infrastructure,Procurement of civil works & infrastructure for RAJASTHAN RAJYA VIDYUT PRASARAN,Official public tender for supply of civil works & infrastructure under standard RAJASTHAN state procurement guidelines.,2020-07-29 00:00:00,2020-08-12 00:00:00,2020-08-13 00:00:00,2020-08-27,4955631.28,6690102.23,INR,3,DILIP BUILDCON LIMITED,ENT-SUP-55226FC7C8,DILIP BUILDCON LIMITED,"RAJASTHAN, India",AWARDED,14.0,0,0,OPEN_TENDER,RAJASTHAN RAJYA VIDYUT PRASARAN,RAJASTHAN,https://eproc.rajasthan.gov.in/
RAJ-RA-2021-01043,REF-RAJ-RA-2021-01043,PUBLIC HEALTH ENGINEERING DEPT RAJASTHAN,RAJASTHAN State Government,RAJASTHAN,Central District,"RAJASTHAN, India",Electrical & Mechanical,Procurement of electrical & mechanical for PUBLIC HEALTH ENGINEERING DEPT RAJASTHAN,Official public tender for supply of electrical & mechanical under standard RAJASTHAN state procurement guidelines.,2019-10-31 00:00:00,2019-11-30 00:00:00,2019-12-01 00:00:00,2019-12-15,1501042.46,1425990.34,INR,5,KNR CONSTRUCTION,ENT-SUP-6A86A67807,KNR CONSTRUCTION,"RAJASTHAN, India",AWARDED,30.0,0,0,OPEN_TENDER,PUBLIC HEALTH ENGINEERING DEPT RAJASTHAN,RAJASTHAN,https://eproc.rajasthan.gov.in/
RAJ-RA-2021-01044,REF-RAJ-RA-2021-01044,RAJASTHAN PUBLIC WORKS DEPARTMENT,RAJASTHAN State Government,RAJASTHAN,Central District,"RAJASTHAN, India",Consultancy & Facility Management,Procurement of consultancy & facility management for RAJASTHAN PUBLIC WORKS DEPARTMENT,Official public tender for supply of consultancy & facility management under standard RAJASTHAN state procurement guidelines.,2020-06-03 00:00:00,2020-06-24 00:00:00,2020-06-25 00:00:00,2020-07-09,4079708.97,5507607.11,INR,4,AHLUWALIA CONTRACTS INDIA LIMITED,ENT-SUP-28AFE50D95,AHLUWALIA CONTRACTS INDIA LIMITED,"RAJASTHAN, India",AWARDED,21.0,0,0,OPEN_TENDER,RAJASTHAN PUBLIC WORKS DEPARTMENT,RAJASTHAN,https://eproc.rajasthan.gov.in/
RAJ-RA-2021-01045,REF-RAJ-RA-2021-01045,RAJASTHAN PUBLIC WORKS DEPARTMENT,RAJASTHAN State Government,RAJASTHAN,Central District,"RAJASTHAN, India",Information Technology & Software,Procurement of information technology & software for RAJASTHAN PUBLIC WORKS DEPARTMENT,Official public tender for supply of information technology & software under standard RAJASTHAN state procurement guidelines.,2021-03-16 00:00:00,2021-03-30 00:00:00,2021-03-31 00:00:00,2021-04-14,4222562.32,4011434.2,INR,1,GUPTA AND SONS CONTRACTOR,ENT-SUP-7A3AE215B9,GUPTA AND SONS CONTRACTOR,"RAJASTHAN, India",AWARDED,14.0,1,0,OPEN_TENDER,RAJASTHAN PUBLIC WORKS DEPARTMENT,RAJASTHAN,https://eproc.rajasthan.gov.in/
RAJ-RA-2021-01046,REF-RAJ-RA-2021-01046,RAJASTHAN PUBLIC WORKS DEPARTMENT,RAJASTHAN State Government,RAJASTHAN,Central District,"RAJASTHAN, India",Medical Equipment & Consumables,Procurement of medical equipment & consumables for RAJASTHAN PUBLIC WORKS DEPARTMENT,Official public tender for supply of medical equipment & consumables under standard RAJASTHAN state procurement guidelines.,2019-08-10 00:00:00,2019-08-16 00:00:00,2019-08-17 00:00:00,2019-08-31,4953465.81,5349743.08,INR,3,SHREE BALAJI ENTERPRISE,ENT-SUP-CA68E614E4,SHREE BALAJI ENTERPRISE,"RAJASTHAN, India",AWARDED,6.0,0,0,OPEN_TENDER,RAJASTHAN PUBLIC WORKS DEPARTMENT,RAJASTHAN,https://eproc.rajasthan.gov.in/
RAJ-RA-2021-01047,REF-RAJ-RA-2021-01047,PUBLIC HEALTH ENGINEERING DEPT RAJASTHAN,RAJASTHAN State Government,RAJASTHAN,Central District,"RAJASTHAN, India",Civil Works & Infrastructure,Procurement of civil works & infrastructure for PUBLIC HEALTH ENGINEERING DEPT RAJASTHAN,Official public tender for supply of civil works & infrastructure under standard RAJASTHAN state procurement guidelines.,2021-07-09 00:00:00,2021-08-08 00:00:00,2021-08-09 00:00:00,2021-08-23,4361297.97,4448523.92,INR,1,SHREE BALAJI ENTERPRISE,ENT-SUP-CA68E614E4,SHREE BALAJI ENTERPRISE,"RAJASTHAN, India",AWARDED,30.0,1,0,OPEN_TENDER,PUBLIC HEALTH ENGINEERING DEPT RAJASTHAN,RAJASTHAN,https://eproc.rajasthan.gov.in/
RAJ-RA-2021-01048,REF-RAJ-RA-2021-01048,JAIPUR DEVELOPMENT AUTHORITY,RAJASTHAN State Government,RAJASTHAN,Central District,"RAJASTHAN, India",Civil Works & Infrastructure,Procurement of civil works & infrastructure for JAIPUR DEVELOPMENT AUTHORITY,Official public tender for supply of civil works & infrastructure under standard RAJASTHAN state procurement guidelines.,2020-11-20 00:00:00,2020-12-04 00:00:00,2020-12-05 00:00:00,2020-12-19,171640512.72,175073322.97,INR,5,TATA PROJECTS LIMITED,ENT-SUP-861D6E7011,TATA PROJECTS LIMITED,"RAJASTHAN, India",AWARDED,14.0,0,0,OPEN_TENDER,JAIPUR DEVELOPMENT AUTHORITY,RAJASTHAN,https://eproc.rajasthan.gov.in/
RAJ-RA-2021-01049,REF-RAJ-RA-2021-01049,PUBLIC HEALTH ENGINEERING DEPT RAJASTHAN,RAJASTHAN State Government,RAJASTHAN,Central District,"RAJASTHAN, India",Consultancy & Facility Management,Procurement of consultancy & facility management for PUBLIC HEALTH ENGINEERING DEPT RAJASTHAN,Official public tender for supply of consultancy & facility management under standard RAJASTHAN state procurement guidelines.,2021-04-03 00:00:00,2021-04-09 00:00:00,2021-04-10 00:00:00,2021-04-24,4991429.3,4741857.83,INR,2,SHARMA ENGINEERING WORKS,ENT-SUP-9473B0CC3C,SHARMA ENGINEERING WORKS,"RAJASTHAN, India",AWARDED,6.0,1,0,OPEN_TENDER,PUBLIC HEALTH ENGINEERING DEPT RAJASTHAN,RAJASTHAN,https://eproc.rajasthan.gov.in/
RAJ-RA-2021-01050,REF-RAJ-RA-2021-01050,RAJASTHAN PUBLIC WORKS DEPARTMENT,RAJASTHAN State Government,RAJASTHAN,Central District,"RAJASTHAN, India",Civil Works & Infrastructure,Procurement of civil works & infrastructure for RAJASTHAN PUBLIC WORKS DEPARTMENT,Official public tender for supply of civil works & infrastructure under standard RAJASTHAN state procurement guidelines.,2019-07-05 00:00:00,2019-07-11 00:00:00,2019-07-12 00:00:00,2019-07-26,1809325.53,2080724.36,INR,1,AFCONS INFRASTRUCTURE LIMITED,ENT-SUP-AC3B9A87E5,AFCONS INFRASTRUCTURE LIMITED,"RAJASTHAN, India",AWARDED,6.0,2,0,OPEN_TENDER,RAJASTHAN PUBLIC WORKS DEPARTMENT,RAJASTHAN,https://eproc.rajasthan.gov.in/
RAJ-RA-2021-01051,REF-RAJ-RA-2021-01051,JAIPUR DEVELOPMENT AUTHORITY,RAJASTHAN State Government,RAJASTHAN,Central District,"RAJASTHAN, India",Consultancy & Facility Management,Procurement of consultancy & facility management for JAIPUR DEVELOPMENT AUTHORITY,Official public tender for supply of consultancy & facility management under standard RAJASTHAN state procurement guidelines.,2020-04-07 00:00:00,2020-05-07 00:00:00,2020-05-08 00:00:00,2020-05-22,4929089.84,5323417.03,INR,4,TATA PROJECTS LIMITED,ENT-SUP-861D6E7011,TATA PROJECTS LIMITED,"RAJASTHAN, India",AWARDED,30.0,1,0,OPEN_TENDER,JAIPUR DEVELOPMENT AUTHORITY,RAJASTHAN,https://eproc.rajasthan.gov.in/
RAJ-RA-2021-01052,REF-RAJ-RA-2021-01052,PUBLIC HEALTH ENGINEERING DEPT RAJASTHAN,RAJASTHAN State Government,RAJASTHAN,Central District,"RAJASTHAN, India",Civil Works & Infrastructure,Procurement of civil works & infrastructure for PUBLIC HEALTH ENGINEERING DEPT RAJASTHAN,Official public tender for supply of civil works & infrastructure under standard RAJASTHAN state procurement guidelines.,2020-11-02 00:00:00,2020-11-08 00:00:00,2020-11-09 00:00:00,2020-11-23,6364069.52,7318679.95,INR,3,NCC LIMITED INFRASTRUCTURE,ENT-SUP-0DFD916C8B,NCC LIMITED INFRASTRUCTURE,"RAJASTHAN, India",AWARDED,6.0,1,0,OPEN_TENDER,PUBLIC HEALTH ENGINEERING DEPT RAJASTHAN,RAJASTHAN,https://eproc.rajasthan.gov.in/
RAJ-RA-2021-01053,REF-RAJ-RA-2021-01053,MEDICAL HEALTH SERVICES JAIPUR,RAJASTHAN State Government,RAJASTHAN,Central District,"RAJASTHAN, India",Consultancy & Facility Management,Procurement of consultancy & facility management for MEDICAL HEALTH SERVICES JAIPUR,Official public tender for supply of consultancy & facility management under standard RAJASTHAN state procurement guidelines.,2020-09-23 00:00:00,2020-10-07 00:00:00,2020-10-08 00:00:00,2020-10-22,4978521.81,5078092.25,INR,2,SHARMA ENGINEERING WORKS,ENT-SUP-9473B0CC3C,SHARMA ENGINEERING WORKS,"RAJASTHAN, India",AWARDED,14.0,2,0,OPEN_TENDER,MEDICAL HEALTH SERVICES JAIPUR,RAJASTHAN,https://eproc.rajasthan.gov.in/
RAJ-RA-2021-01054,REF-RAJ-RA-2021-01054,MEDICAL HEALTH SERVICES JAIPUR,RAJASTHAN State Government,RAJASTHAN,Central District,"RAJASTHAN, India",Civil Works & Infrastructure,Procurement of civil works & infrastructure for MEDICAL HEALTH SERVICES JAIPUR,Official public tender for supply of civil works & infrastructure under standard RAJASTHAN state procurement guidelines.,2019-12-11 00:00:00,2019-12-15 00:00:00,2019-12-16 00:00:00,2019-12-30,4268237.25,5762120.28,INR,2,VANGUARD POWER SERVICES,ENT-SUP-FBE5090586,VANGUARD POWER SERVICES,"RAJASTHAN, India",AWARDED,4.0,1,0,OPEN_TENDER,MEDICAL HEALTH SERVICES JAIPUR,RAJASTHAN,https://eproc.rajasthan.gov.in/
RAJ-RA-2021-01055,REF-RAJ-RA-2021-01055,RAJASTHAN RAJYA VIDYUT PRASARAN,RAJASTHAN State Government,RAJASTHAN,Central District,"RAJASTHAN, India",Information Technology & Software,Procurement of information technology & software for RAJASTHAN RAJYA VIDYUT PRASARAN,Official public tender for supply of information technology & software under standard RAJASTHAN state procurement guidelines.,2019-09-15 00:00:00,2019-09-19 00:00:00,2019-09-20 00:00:00,2019-10-04,12460978.3,13457856.57,INR,3,AFCONS INFRASTRUCTURE LIMITED,ENT-SUP-AC3B9A87E5,AFCONS INFRASTRUCTURE LIMITED,"RAJASTHAN, India",AWARDED,4.0,1,0,OPEN_TENDER,RAJASTHAN RAJYA VIDYUT PRASARAN,RAJASTHAN,https://eproc.rajasthan.gov.in/
RAJ-RA-2021-01056,REF-RAJ-RA-2021-01056,MEDICAL HEALTH SERVICES JAIPUR,RAJASTHAN State Government,RAJASTHAN,Central District,"RAJASTHAN, India",Electrical & Mechanical,Procurement of electrical & mechanical for MEDICAL HEALTH SERVICES JAIPUR,Official public tender for supply of electrical & mechanical under standard RAJASTHAN state procurement guidelines.,2020-11-15 00:00:00,2020-11-19 00:00:00,2020-11-20 00:00:00,2020-12-04,4914323.24,5651471.73,INR,5,APEX MEDITECH SOLUTIONS,ENT-SUP-A750489DC1,APEX MEDITECH SOLUTIONS,"RAJASTHAN, India",AWARDED,4.0,0,0,OPEN_TENDER,MEDICAL HEALTH SERVICES JAIPUR,RAJASTHAN,https://eproc.rajasthan.gov.in/
RAJ-RA-2021-01057,REF-RAJ-RA-2021-01057,JAIPUR DEVELOPMENT AUTHORITY,RAJASTHAN State Government,RAJASTHAN,Central District,"RAJASTHAN, India",Consultancy & Facility Management,Procurement of consultancy & facility management for JAIPUR DEVELOPMENT AUTHORITY,Official public tender for supply of consultancy & facility management under standard RAJASTHAN state procurement guidelines.,2021-06-18 00:00:00,2021-07-18 00:00:00,2021-07-19 00:00:00,2021-08-02,2362701.08,2551717.16,INR,1,VANGUARD POWER SERVICES,ENT-SUP-FBE5090586,VANGUARD POWER SERVICES,"RAJASTHAN, India",AWARDED,30.0,2,0,OPEN_TENDER,JAIPUR DEVELOPMENT AUTHORITY,RAJASTHAN,https://eproc.rajasthan.gov.in/
RAJ-RA-2021-01058,REF-RAJ-RA-2021-01058,JAIPUR DEVELOPMENT AUTHORITY,RAJASTHAN State Government,RAJASTHAN,Central District,"RAJASTHAN, India",Consultancy & Facility Management,Procurement of consultancy & facility management for JAIPUR DEVELOPMENT AUTHORITY,Official public tender for supply of consultancy & facility management under standard RAJASTHAN state procurement guidelines.,2019-04-21 00:00:00,2019-04-27 00:00:00,2019-04-28 00:00:00,2019-05-12,139684566.94,122922418.91,INR,3,VANGUARD POWER SERVICES,ENT-SUP-FBE5090586,VANGUARD POWER SERVICES,"RAJASTHAN, India",AWARDED,6.0,0,0,OPEN_TENDER,JAIPUR DEVELOPMENT AUTHORITY,RAJASTHAN,https://eproc.rajasthan.gov.in/
RAJ-RA-2021-01059,REF-RAJ-RA-2021-01059,RAJASTHAN PUBLIC WORKS DEPARTMENT,RAJASTHAN State Government,RAJASTHAN,Central District,"RAJASTHAN, India",Information Technology & Software,Procurement of information technology & software for RAJASTHAN PUBLIC WORKS DEPARTMENT,Official public tender for supply of information technology & software under standard RAJASTHAN state procurement guidelines.,2019-07-24 00:00:00,2019-08-14 00:00:00,2019-08-15 00:00:00,2019-08-29,2448492.29,2154673.22,INR,4,LARSEN AND TOUBRO CONSTRUCTION,ENT-SUP-6C6BEB7D6E,LARSEN AND TOUBRO CONSTRUCTION,"RAJASTHAN, India",AWARDED,21.0,0,0,OPEN_TENDER,RAJASTHAN PUBLIC WORKS DEPARTMENT,RAJASTHAN,https://eproc.rajasthan.gov.in/
RAJ-RA-2021-01060,REF-RAJ-RA-2021-01060,MEDICAL HEALTH SERVICES JAIPUR,RAJASTHAN State Government,RAJASTHAN,Central District,"RAJASTHAN, India",Civil Works & Infrastructure,Procurement of civil works & infrastructure for MEDICAL HEALTH SERVICES JAIPUR,Official public tender for supply of civil works & infrastructure under standard RAJASTHAN state procurement guidelines.,2020-02-07 00:00:00,2020-02-28 00:00:00,2020-02-29 00:00:00,2020-03-14,9869755.4,13324169.79,INR,2,KNR CONSTRUCTION,ENT-SUP-6A86A67807,KNR CONSTRUCTION,"RAJASTHAN, India",AWARDED,21.0,2,0,OPEN_TENDER,MEDICAL HEALTH SERVICES JAIPUR,RAJASTHAN,https://eproc.rajasthan.gov.in/
RAJ-RA-2021-01061,REF-RAJ-RA-2021-01061,JAIPUR DEVELOPMENT AUTHORITY,RAJASTHAN State Government,RAJASTHAN,Central District,"RAJASTHAN, India",Civil Works & Infrastructure,Procurement of civil works & infrastructure for JAIPUR DEVELOPMENT AUTHORITY,Official public tender for supply of civil works & infrastructure under standard RAJASTHAN state procurement guidelines.,2020-04-04 00:00:00,2020-04-18 00:00:00,2020-04-19 00:00:00,2020-05-03,4978092.34,5376339.73,INR,2,AHLUWALIA CONTRACTS INDIA LIMITED,ENT-SUP-28AFE50D95,AHLUWALIA CONTRACTS INDIA LIMITED,"RAJASTHAN, India",AWARDED,14.0,0,0,OPEN_TENDER,JAIPUR DEVELOPMENT AUTHORITY,RAJASTHAN,https://eproc.rajasthan.gov.in/
RAJ-RA-2021-01062,REF-RAJ-RA-2021-01062,MEDICAL HEALTH SERVICES JAIPUR,RAJASTHAN State Government,RAJASTHAN,Central District,"RAJASTHAN, India",Medical Equipment & Consumables,Procurement of medical equipment & consumables for MEDICAL HEALTH SERVICES JAIPUR,Official public tender for supply of medical equipment & consumables under standard RAJASTHAN state procurement guidelines.,2021-03-19 00:00:00,2021-04-09 00:00:00,2021-04-10 00:00:00,2021-04-24,139004827.15,122324247.89,INR,3,DILIP BUILDCON LIMITED,ENT-SUP-55226FC7C8,DILIP BUILDCON LIMITED,"RAJASTHAN, India",AWARDED,21.0,0,0,OPEN_TENDER,MEDICAL HEALTH SERVICES JAIPUR,RAJASTHAN,https://eproc.rajasthan.gov.in/
RAJ-RA-2021-01063,REF-RAJ-RA-2021-01063,RAJASTHAN RAJYA VIDYUT PRASARAN,RAJASTHAN State Government,RAJASTHAN,Central District,"RAJASTHAN, India",Medical Equipment & Consumables,Procurement of medical equipment & consumables for RAJASTHAN RAJYA VIDYUT PRASARAN,Official public tender for supply of medical equipment & consumables under standard RAJASTHAN state procurement guidelines.,2020-01-11 00:00:00,2020-02-01 00:00:00,2020-02-02 00:00:00,2020-02-16,2574884.97,3476094.71,INR,3,SHREE BALAJI ENTERPRISE,ENT-SUP-CA68E614E4,SHREE BALAJI ENTERPRISE,"RAJASTHAN, India",AWARDED,21.0,0,0,OPEN_TENDER,RAJASTHAN RAJYA VIDYUT PRASARAN,RAJASTHAN,https://eproc.rajasthan.gov.in/
RAJ-RA-2021-01064,REF-RAJ-RA-2021-01064,JAIPUR DEVELOPMENT AUTHORITY,RAJASTHAN State Government,RAJASTHAN,Central District,"RAJASTHAN, India",Medical Equipment & Consumables,Procurement of medical equipment & consumables for JAIPUR DEVELOPMENT AUTHORITY,Official public tender for supply of medical equipment & consumables under standard RAJASTHAN state procurement guidelines.,2020-05-08 00:00:00,2020-05-22 00:00:00,2020-05-23 00:00:00,2020-06-06,6117972.88,8259263.38,INR,5,TATA PROJECTS LIMITED,ENT-SUP-861D6E7011,TATA PROJECTS LIMITED,"RAJASTHAN, India",AWARDED,14.0,0,0,OPEN_TENDER,JAIPUR DEVELOPMENT AUTHORITY,RAJASTHAN,https://eproc.rajasthan.gov.in/
RAJ-RA-2021-01065,REF-RAJ-RA-2021-01065,PUBLIC HEALTH ENGINEERING DEPT RAJASTHAN,RAJASTHAN State Government,RAJASTHAN,Central District,"RAJASTHAN, India",Information Technology & Software,Procurement of information technology & software for PUBLIC HEALTH ENGINEERING DEPT RAJASTHAN,Official public tender for supply of information technology & software under standard RAJASTHAN state procurement guidelines.,2020-05-13 00:00:00,2020-06-12 00:00:00,2020-06-13 00:00:00,2020-06-27,18570886.04,16342379.72,INR,1,SHREE BALAJI ENTERPRISE,ENT-SUP-CA68E614E4,SHREE BALAJI ENTERPRISE,"RAJASTHAN, India",AWARDED,30.0,1,0,OPEN_TENDER,PUBLIC HEALTH ENGINEERING DEPT RAJASTHAN,RAJASTHAN,https://eproc.rajasthan.gov.in/
RAJ-RA-2021-01066,REF-RAJ-RA-2021-01066,MEDICAL HEALTH SERVICES JAIPUR,RAJASTHAN State Government,RAJASTHAN,Central District,"RAJASTHAN, India",Medical Equipment & Consumables,Procurement of medical equipment & consumables for MEDICAL HEALTH SERVICES JAIPUR,Official public tender for supply of medical equipment & consumables under standard RAJASTHAN state procurement guidelines.,2019-10-07 00:00:00,2019-10-13 00:00:00,2019-10-14 00:00:00,2019-10-28,181543186.34,208774664.29,INR,2,KNR CONSTRUCTION,ENT-SUP-6A86A67807,KNR CONSTRUCTION,"RAJASTHAN, India",AWARDED,6.0,0,0,OPEN_TENDER,MEDICAL HEALTH SERVICES JAIPUR,RAJASTHAN,https://eproc.rajasthan.gov.in/
RAJ-RA-2021-01067,REF-RAJ-RA-2021-01067,JAIPUR DEVELOPMENT AUTHORITY,RAJASTHAN State Government,RAJASTHAN,Central District,"RAJASTHAN, India",Civil Works & Infrastructure,Procurement of civil works & infrastructure for JAIPUR DEVELOPMENT AUTHORITY,Official public tender for supply of civil works & infrastructure under standard RAJASTHAN state procurement guidelines.,2019-07-30 00:00:00,2019-08-13 00:00:00,2019-08-14 00:00:00,2019-08-28,3525833.23,4759874.87,INR,3,NCC LIMITED INFRASTRUCTURE,ENT-SUP-0DFD916C8B,NCC LIMITED INFRASTRUCTURE,"RAJASTHAN, India",AWARDED,14.0,2,0,OPEN_TENDER,JAIPUR DEVELOPMENT AUTHORITY,RAJASTHAN,https://eproc.rajasthan.gov.in/
RAJ-RA-2021-01068,REF-RAJ-RA-2021-01068,PUBLIC HEALTH ENGINEERING DEPT RAJASTHAN,RAJASTHAN State Government,RAJASTHAN,Central District,"RAJASTHAN, India",Information Technology & Software,Procurement of information technology & software for PUBLIC HEALTH ENGINEERING DEPT RAJASTHAN,Official public tender for supply of information technology & software under standard RAJASTHAN state procurement guidelines.,2020-08-18 00:00:00,2020-09-17 00:00:00,2020-09-18 00:00:00,2020-10-02,168494184.08,171864067.76,INR,2,PNC INFRATECH LIMITED,ENT-SUP-4B3E89D111,PNC INFRATECH LIMITED,"RAJASTHAN, India",AWARDED,30.0,1,0,OPEN_TENDER,PUBLIC HEALTH ENGINEERING DEPT RAJASTHAN,RAJASTHAN,https://eproc.rajasthan.gov.in/
RAJ-RA-2021-01069,REF-RAJ-RA-2021-01069,PUBLIC HEALTH ENGINEERING DEPT RAJASTHAN,RAJASTHAN State Government,RAJASTHAN,Central District,"RAJASTHAN, India",Civil Works & Infrastructure,Procurement of civil works & infrastructure for PUBLIC HEALTH ENGINEERING DEPT RAJASTHAN,Official public tender for supply of civil works & infrastructure under standard RAJASTHAN state procurement guidelines.,2019-05-09 00:00:00,2019-05-23 00:00:00,2019-05-24 00:00:00,2019-06-07,275734193.9,281248877.78,INR,2,NCC LIMITED INFRASTRUCTURE,ENT-SUP-0DFD916C8B,NCC LIMITED INFRASTRUCTURE,"RAJASTHAN, India",AWARDED,14.0,0,0,OPEN_TENDER,PUBLIC HEALTH ENGINEERING DEPT RAJASTHAN,RAJASTHAN,https://eproc.rajasthan.gov.in/
RAJ-RA-2021-01070,REF-RAJ-RA-2021-01070,MEDICAL HEALTH SERVICES JAIPUR,RAJASTHAN State Government,RAJASTHAN,Central District,"RAJASTHAN, India",Electrical & Mechanical,Procurement of electrical & mechanical for MEDICAL HEALTH SERVICES JAIPUR,Official public tender for supply of electrical & mechanical under standard RAJASTHAN state procurement guidelines.,2019-06-10 00:00:00,2019-06-14 00:00:00,2019-06-15 00:00:00,2019-06-29,3044924.09,2679533.2,INR,4,DILIP BUILDCON LIMITED,ENT-SUP-55226FC7C8,DILIP BUILDCON LIMITED,"RAJASTHAN, India",AWARDED,4.0,1,0,OPEN_TENDER,MEDICAL HEALTH SERVICES JAIPUR,RAJASTHAN,https://eproc.rajasthan.gov.in/
RAJ-RA-2021-01071,REF-RAJ-RA-2021-01071,RAJASTHAN RAJYA VIDYUT PRASARAN,RAJASTHAN State Government,RAJASTHAN,Central District,"RAJASTHAN, India",Consultancy & Facility Management,Procurement of consultancy & facility management for RAJASTHAN RAJYA VIDYUT PRASARAN,Official public tender for supply of consultancy & facility management under standard RAJASTHAN state procurement guidelines.,2021-02-04 00:00:00,2021-03-06 00:00:00,2021-03-07 00:00:00,2021-03-21,2265780.25,2311095.85,INR,1,ZENITH INFRASTRUCTURE PROJECTS,ENT-SUP-4F350A4CA1,ZENITH INFRASTRUCTURE PROJECTS,"RAJASTHAN, India",AWARDED,30.0,0,0,OPEN_TENDER,RAJASTHAN RAJYA VIDYUT PRASARAN,RAJASTHAN,https://eproc.rajasthan.gov.in/
RAJ-RA-2021-01072,REF-RAJ-RA-2021-01072,PUBLIC HEALTH ENGINEERING DEPT RAJASTHAN,RAJASTHAN State Government,RAJASTHAN,Central District,"RAJASTHAN, India",Information Technology & Software,Procurement of information technology & software for PUBLIC HEALTH ENGINEERING DEPT RAJASTHAN,Official public tender for supply of information technology & software under standard RAJASTHAN state procurement guidelines.,2021-05-31 00:00:00,2021-06-06 00:00:00,2021-06-07 00:00:00,2021-06-21,4737265.91,4500402.62,INR,1,BHARAT DIAGNOSTIC SYSTEMS,ENT-SUP-C6B6FCD7BC,BHARAT DIAGNOSTIC SYSTEMS,"RAJASTHAN, India",AWARDED,6.0,0,0,OPEN_TENDER,PUBLIC HEALTH ENGINEERING DEPT RAJASTHAN,RAJASTHAN,https://eproc.rajasthan.gov.in/
RAJ-RA-2021-01073,REF-RAJ-RA-2021-01073,PUBLIC HEALTH ENGINEERING DEPT RAJASTHAN,RAJASTHAN State Government,RAJASTHAN,Central District,"RAJASTHAN, India",Medical Equipment & Consumables,Procurement of medical equipment & consumables for PUBLIC HEALTH ENGINEERING DEPT RAJASTHAN,Official public tender for supply of medical equipment & consumables under standard RAJASTHAN state procurement guidelines.,2020-11-07 00:00:00,2020-11-28 00:00:00,2020-11-29 00:00:00,2020-12-13,1956650.74,1995783.76,INR,2,KNR CONSTRUCTION,ENT-SUP-6A86A67807,KNR CONSTRUCTION,"RAJASTHAN, India",AWARDED,21.0,0,0,OPEN_TENDER,PUBLIC HEALTH ENGINEERING DEPT RAJASTHAN,RAJASTHAN,https://eproc.rajasthan.gov.in/
RAJ-RA-2021-01074,REF-RAJ-RA-2021-01074,PUBLIC HEALTH ENGINEERING DEPT RAJASTHAN,RAJASTHAN State Government,RAJASTHAN,Central District,"RAJASTHAN, India",Civil Works & Infrastructure,Procurement of civil works & infrastructure for PUBLIC HEALTH ENGINEERING DEPT RAJASTHAN,Official public tender for supply of civil works & infrastructure under standard RAJASTHAN state procurement guidelines.,2019-08-05 00:00:00,2019-09-04 00:00:00,2019-09-05 00:00:00,2019-09-19,4952791.29,5695709.98,INR,3,DILIP BUILDCON LIMITED,ENT-SUP-55226FC7C8,DILIP BUILDCON LIMITED,"RAJASTHAN, India",AWARDED,30.0,0,0,OPEN_TENDER,PUBLIC HEALTH ENGINEERING DEPT RAJASTHAN,RAJASTHAN,https://eproc.rajasthan.gov.in/
RAJ-RA-2021-01075,REF-RAJ-RA-2021-01075,JAIPUR DEVELOPMENT AUTHORITY,RAJASTHAN State Government,RAJASTHAN,Central District,"RAJASTHAN, India",Consultancy & Facility Management,Procurement of consultancy & facility management for JAIPUR DEVELOPMENT AUTHORITY,Official public tender for supply of consultancy & facility management under standard RAJASTHAN state procurement guidelines.,2021-07-31 00:00:00,2021-08-21 00:00:00,2021-08-22 00:00:00,2021-09-05,3887063.39,3420615.79,INR,3,AFCONS INFRASTRUCTURE LIMITED,ENT-SUP-AC3B9A87E5,AFCONS INFRASTRUCTURE LIMITED,"RAJASTHAN, India",AWARDED,21.0,0,0,OPEN_TENDER,JAIPUR DEVELOPMENT AUTHORITY,RAJASTHAN,https://eproc.rajasthan.gov.in/
RAJ-RA-2021-01076,REF-RAJ-RA-2021-01076,JAIPUR DEVELOPMENT AUTHORITY,RAJASTHAN State Government,RAJASTHAN,Central District,"RAJASTHAN, India",Electrical & Mechanical,Procurement of electrical & mechanical for JAIPUR DEVELOPMENT AUTHORITY,Official public tender for supply of electrical & mechanical under standard RAJASTHAN state procurement guidelines.,2021-05-22 00:00:00,2021-06-21 00:00:00,2021-06-22 00:00:00,2021-07-06,3438286.35,4641686.58,INR,1,GUPTA AND SONS CONTRACTOR,ENT-SUP-7A3AE215B9,GUPTA AND SONS CONTRACTOR,"RAJASTHAN, India",AWARDED,30.0,1,0,OPEN_TENDER,JAIPUR DEVELOPMENT AUTHORITY,RAJASTHAN,https://eproc.rajasthan.gov.in/
RAJ-RA-2021-01077,REF-RAJ-RA-2021-01077,RAJASTHAN PUBLIC WORKS DEPARTMENT,RAJASTHAN State Government,RAJASTHAN,Central District,"RAJASTHAN, India",Information Technology & Software,Procurement of information technology & software for RAJASTHAN PUBLIC WORKS DEPARTMENT,Official public tender for supply of information technology & software under standard RAJASTHAN state procurement guidelines.,2020-12-15 00:00:00,2021-01-05 00:00:00,2021-01-06 00:00:00,2021-01-20,21844095.87,23591623.54,INR,3,SHREE BALAJI ENTERPRISE,ENT-SUP-CA68E614E4,SHREE BALAJI ENTERPRISE,"RAJASTHAN, India",AWARDED,21.0,0,0,OPEN_TENDER,RAJASTHAN PUBLIC WORKS DEPARTMENT,RAJASTHAN,https://eproc.rajasthan.gov.in/
RAJ-RA-2021-01078,REF-RAJ-RA-2021-01078,MEDICAL HEALTH SERVICES JAIPUR,RAJASTHAN State Government,RAJASTHAN,Central District,"RAJASTHAN, India",Civil Works & Infrastructure,Procurement of civil works & infrastructure for MEDICAL HEALTH SERVICES JAIPUR,Official public tender for supply of civil works & infrastructure under standard RAJASTHAN state procurement guidelines.,2020-03-18 00:00:00,2020-04-17 00:00:00,2020-04-18 00:00:00,2020-05-02,67451370.0,91059349.5,INR,3,SHARMA ENGINEERING WORKS,ENT-SUP-9473B0CC3C,SHARMA ENGINEERING WORKS,"RAJASTHAN, India",AWARDED,30.0,1,0,OPEN_TENDER,MEDICAL HEALTH SERVICES JAIPUR,RAJASTHAN,https://eproc.rajasthan.gov.in/
RAJ-RA-2021-01079,REF-RAJ-RA-2021-01079,JAIPUR DEVELOPMENT AUTHORITY,RAJASTHAN State Government,RAJASTHAN,Central District,"RAJASTHAN, India",Civil Works & Infrastructure,Procurement of civil works & infrastructure for JAIPUR DEVELOPMENT AUTHORITY,Official public tender for supply of civil works & infrastructure under standard RAJASTHAN state procurement guidelines.,2019-05-21 00:00:00,2019-06-04 00:00:00,2019-06-05 00:00:00,2019-06-19,4779497.41,6452321.5,INR,3,AHLUWALIA CONTRACTS INDIA LIMITED,ENT-SUP-28AFE50D95,AHLUWALIA CONTRACTS INDIA LIMITED,"RAJASTHAN, India",AWARDED,14.0,2,0,OPEN_TENDER,JAIPUR DEVELOPMENT AUTHORITY,RAJASTHAN,https://eproc.rajasthan.gov.in/
RAJ-RA-2021-01080,REF-RAJ-RA-2021-01080,PUBLIC HEALTH ENGINEERING DEPT RAJASTHAN,RAJASTHAN State Government,RAJASTHAN,Central District,"RAJASTHAN, India",Consultancy & Facility Management,Procurement of consultancy & facility management for PUBLIC HEALTH ENGINEERING DEPT RAJASTHAN,Official public tender for supply of consultancy & facility management under standard RAJASTHAN state procurement guidelines.,2020-08-23 00:00:00,2020-09-22 00:00:00,2020-09-23 00:00:00,2020-10-07,3894977.39,3427580.1,INR,4,GUPTA AND SONS CONTRACTOR,ENT-SUP-7A3AE215B9,GUPTA AND SONS CONTRACTOR,"RAJASTHAN, India",AWARDED,30.0,0,0,OPEN_TENDER,PUBLIC HEALTH ENGINEERING DEPT RAJASTHAN,RAJASTHAN,https://eproc.rajasthan.gov.in/
RAJ-RA-2021-01081,REF-RAJ-RA-2021-01081,MEDICAL HEALTH SERVICES JAIPUR,RAJASTHAN State Government,RAJASTHAN,Central District,"RAJASTHAN, India",Electrical & Mechanical,Procurement of electrical & mechanical for MEDICAL HEALTH SERVICES JAIPUR,Official public tender for supply of electrical & mechanical under standard RAJASTHAN state procurement guidelines.,2020-11-22 00:00:00,2020-11-26 00:00:00,2020-11-27 00:00:00,2020-12-11,780204.1,897234.71,INR,2,PNC INFRATECH LIMITED,ENT-SUP-4B3E89D111,PNC INFRATECH LIMITED,"RAJASTHAN, India",AWARDED,4.0,2,0,OPEN_TENDER,MEDICAL HEALTH SERVICES JAIPUR,RAJASTHAN,https://eproc.rajasthan.gov.in/
RAJ-RA-2021-01082,REF-RAJ-RA-2021-01082,RAJASTHAN RAJYA VIDYUT PRASARAN,RAJASTHAN State Government,RAJASTHAN,Central District,"RAJASTHAN, India",Information Technology & Software,Procurement of information technology & software for RAJASTHAN RAJYA VIDYUT PRASARAN,Official public tender for supply of information technology & software under standard RAJASTHAN state procurement guidelines.,2020-03-22 00:00:00,2020-03-28 00:00:00,2020-03-29 00:00:00,2020-04-12,24433784.98,26388487.78,INR,1,VANGUARD POWER SERVICES,ENT-SUP-FBE5090586,VANGUARD POWER SERVICES,"RAJASTHAN, India",AWARDED,6.0,0,0,OPEN_TENDER,RAJASTHAN RAJYA VIDYUT PRASARAN,RAJASTHAN,https://eproc.rajasthan.gov.in/
RAJ-RA-2021-01083,REF-RAJ-RA-2021-01083,JAIPUR DEVELOPMENT AUTHORITY,RAJASTHAN State Government,RAJASTHAN,Central District,"RAJASTHAN, India",Information Technology & Software,Procurement of information technology & software for JAIPUR DEVELOPMENT AUTHORITY,Official public tender for supply of information technology & software under standard RAJASTHAN state procurement guidelines.,2021-08-04 00:00:00,2021-08-25 00:00:00,2021-08-26 00:00:00,2021-09-09,1135676.51,1158390.04,INR,2,AFCONS INFRASTRUCTURE LIMITED,ENT-SUP-AC3B9A87E5,AFCONS INFRASTRUCTURE LIMITED,"RAJASTHAN, India",AWARDED,21.0,0,0,OPEN_TENDER,JAIPUR DEVELOPMENT AUTHORITY,RAJASTHAN,https://eproc.rajasthan.gov.in/
RAJ-RA-2021-01084,REF-RAJ-RA-2021-01084,RAJASTHAN PUBLIC WORKS DEPARTMENT,RAJASTHAN State Government,RAJASTHAN,Central District,"RAJASTHAN, India",Civil Works & Infrastructure,Procurement of civil works & infrastructure for RAJASTHAN PUBLIC WORKS DEPARTMENT,Official public tender for supply of civil works & infrastructure under standard RAJASTHAN state procurement guidelines.,2019-07-11 00:00:00,2019-07-15 00:00:00,2019-07-16 00:00:00,2019-07-30,213496342.99,187876781.83,INR,4,TATA PROJECTS LIMITED,ENT-SUP-861D6E7011,TATA PROJECTS LIMITED,"RAJASTHAN, India",AWARDED,4.0,1,0,OPEN_TENDER,RAJASTHAN PUBLIC WORKS DEPARTMENT,RAJASTHAN,https://eproc.rajasthan.gov.in/
RAJ-RA-2021-01085,REF-RAJ-RA-2021-01085,RAJASTHAN PUBLIC WORKS DEPARTMENT,RAJASTHAN State Government,RAJASTHAN,Central District,"RAJASTHAN, India",Electrical & Mechanical,Procurement of electrical & mechanical for RAJASTHAN PUBLIC WORKS DEPARTMENT,Official public tender for supply of electrical & mechanical under standard RAJASTHAN state procurement guidelines.,2021-09-12 00:00:00,2021-10-12 00:00:00,2021-10-13 00:00:00,2021-10-27,975308.69,1316666.73,INR,2,LARSEN AND TOUBRO CONSTRUCTION,ENT-SUP-6C6BEB7D6E,LARSEN AND TOUBRO CONSTRUCTION,"RAJASTHAN, India",AWARDED,30.0,2,0,OPEN_TENDER,RAJASTHAN PUBLIC WORKS DEPARTMENT,RAJASTHAN,https://eproc.rajasthan.gov.in/
RAJ-RA-2021-01086,REF-RAJ-RA-2021-01086,RAJASTHAN PUBLIC WORKS DEPARTMENT,RAJASTHAN State Government,RAJASTHAN,Central District,"RAJASTHAN, India",Information Technology & Software,Procurement of information technology & software for RAJASTHAN PUBLIC WORKS DEPARTMENT,Official public tender for supply of information technology & software under standard RAJASTHAN state procurement guidelines.,2021-08-15 00:00:00,2021-08-21 00:00:00,2021-08-22 00:00:00,2021-09-05,4906489.11,5299008.24,INR,4,LARSEN AND TOUBRO CONSTRUCTION,ENT-SUP-6C6BEB7D6E,LARSEN AND TOUBRO CONSTRUCTION,"RAJASTHAN, India",AWARDED,6.0,0,0,OPEN_TENDER,RAJASTHAN PUBLIC WORKS DEPARTMENT,RAJASTHAN,https://eproc.rajasthan.gov.in/
RAJ-RA-2021-01087,REF-RAJ-RA-2021-01087,RAJASTHAN RAJYA VIDYUT PRASARAN,RAJASTHAN State Government,RAJASTHAN,Central District,"RAJASTHAN, India",Medical Equipment & Consumables,Procurement of medical equipment & consumables for RAJASTHAN RAJYA VIDYUT PRASARAN,Official public tender for supply of medical equipment & consumables under standard RAJASTHAN state procurement guidelines.,2021-07-12 00:00:00,2021-07-18 00:00:00,2021-07-19 00:00:00,2021-08-02,3834132.96,3374037.0,INR,4,NCC LIMITED INFRASTRUCTURE,ENT-SUP-0DFD916C8B,NCC LIMITED INFRASTRUCTURE,"RAJASTHAN, India",AWARDED,6.0,0,0,OPEN_TENDER,RAJASTHAN RAJYA VIDYUT PRASARAN,RAJASTHAN,https://eproc.rajasthan.gov.in/
RAJ-RA-2021-01088,REF-RAJ-RA-2021-01088,RAJASTHAN PUBLIC WORKS DEPARTMENT,RAJASTHAN State Government,RAJASTHAN,Central District,"RAJASTHAN, India",Information Technology & Software,Procurement of information technology & software for RAJASTHAN PUBLIC WORKS DEPARTMENT,Official public tender for supply of information technology & software under standard RAJASTHAN state procurement guidelines.,2019-12-04 00:00:00,2019-12-10 00:00:00,2019-12-11 00:00:00,2019-12-25,4914439.87,4668717.88,INR,1,ZENITH INFRASTRUCTURE PROJECTS,ENT-SUP-4F350A4CA1,ZENITH INFRASTRUCTURE PROJECTS,"RAJASTHAN, India",AWARDED,6.0,0,0,OPEN_TENDER,RAJASTHAN PUBLIC WORKS DEPARTMENT,RAJASTHAN,https://eproc.rajasthan.gov.in/
RAJ-RA-2021-01089,REF-RAJ-RA-2021-01089,MEDICAL HEALTH SERVICES JAIPUR,RAJASTHAN State Government,RAJASTHAN,Central District,"RAJASTHAN, India",Information Technology & Software,Procurement of information technology & software for MEDICAL HEALTH SERVICES JAIPUR,Official public tender for supply of information technology & software under standard RAJASTHAN state procurement guidelines.,2020-06-13 00:00:00,2020-06-17 00:00:00,2020-06-18 00:00:00,2020-07-02,187787857.29,165253314.41,INR,4,TATA PROJECTS LIMITED,ENT-SUP-861D6E7011,TATA PROJECTS LIMITED,"RAJASTHAN, India",AWARDED,4.0,1,0,OPEN_TENDER,MEDICAL HEALTH SERVICES JAIPUR,RAJASTHAN,https://eproc.rajasthan.gov.in/
RAJ-RA-2021-01090,REF-RAJ-RA-2021-01090,RAJASTHAN PUBLIC WORKS DEPARTMENT,RAJASTHAN State Government,RAJASTHAN,Central District,"RAJASTHAN, India",Medical Equipment & Consumables,Procurement of medical equipment & consumables for RAJASTHAN PUBLIC WORKS DEPARTMENT,Official public tender for supply of medical equipment & consumables under standard RAJASTHAN state procurement guidelines.,2020-12-24 00:00:00,2020-12-30 00:00:00,2020-12-31 00:00:00,2021-01-14,4905105.97,4659850.67,INR,2,GUPTA AND SONS CONTRACTOR,ENT-SUP-7A3AE215B9,GUPTA AND SONS CONTRACTOR,"RAJASTHAN, India",AWARDED,6.0,0,0,OPEN_TENDER,RAJASTHAN PUBLIC WORKS DEPARTMENT,RAJASTHAN,https://eproc.rajasthan.gov.in/
RAJ-RA-2021-01091,REF-RAJ-RA-2021-01091,PUBLIC HEALTH ENGINEERING DEPT RAJASTHAN,RAJASTHAN State Government,RAJASTHAN,Central District,"RAJASTHAN, India",Consultancy & Facility Management,Procurement of consultancy & facility management for PUBLIC HEALTH ENGINEERING DEPT RAJASTHAN,Official public tender for supply of consultancy & facility management under standard RAJASTHAN state procurement guidelines.,2020-09-30 00:00:00,2020-10-14 00:00:00,2020-10-15 00:00:00,2020-10-29,7603762.11,8212063.08,INR,2,AHLUWALIA CONTRACTS INDIA LIMITED,ENT-SUP-28AFE50D95,AHLUWALIA CONTRACTS INDIA LIMITED,"RAJASTHAN, India",AWARDED,14.0,0,0,OPEN_TENDER,PUBLIC HEALTH ENGINEERING DEPT RAJASTHAN,RAJASTHAN,https://eproc.rajasthan.gov.in/
RAJ-RA-2021-01092,REF-RAJ-RA-2021-01092,RAJASTHAN PUBLIC WORKS DEPARTMENT,RAJASTHAN State Government,RAJASTHAN,Central District,"RAJASTHAN, India",Consultancy & Facility Management,Procurement of consultancy & facility management for RAJASTHAN PUBLIC WORKS DEPARTMENT,Official public tender for supply of consultancy & facility management under standard RAJASTHAN state procurement guidelines.,2019-10-04 00:00:00,2019-11-03 00:00:00,2019-11-04 00:00:00,2019-11-18,4957736.74,4709849.9,INR,3,KNR CONSTRUCTION,ENT-SUP-6A86A67807,KNR CONSTRUCTION,"RAJASTHAN, India",AWARDED,30.0,0,0,OPEN_TENDER,RAJASTHAN PUBLIC WORKS DEPARTMENT,RAJASTHAN,https://eproc.rajasthan.gov.in/
RAJ-RA-2021-01093,REF-RAJ-RA-2021-01093,MEDICAL HEALTH SERVICES JAIPUR,RAJASTHAN State Government,RAJASTHAN,Central District,"RAJASTHAN, India",Consultancy & Facility Management,Procurement of consultancy & facility management for MEDICAL HEALTH SERVICES JAIPUR,Official public tender for supply of consultancy & facility management under standard RAJASTHAN state procurement guidelines.,2019-03-05 00:00:00,2019-03-26 00:00:00,2019-03-27 00:00:00,2019-04-10,177963144.08,240250244.51,INR,4,APEX MEDITECH SOLUTIONS,ENT-SUP-A750489DC1,APEX MEDITECH SOLUTIONS,"RAJASTHAN, India",AWARDED,21.0,0,0,OPEN_TENDER,MEDICAL HEALTH SERVICES JAIPUR,RAJASTHAN,https://eproc.rajasthan.gov.in/
RAJ-RA-2021-01094,REF-RAJ-RA-2021-01094,RAJASTHAN RAJYA VIDYUT PRASARAN,RAJASTHAN State Government,RAJASTHAN,Central District,"RAJASTHAN, India",Information Technology & Software,Procurement of information technology & software for RAJASTHAN RAJYA VIDYUT PRASARAN,Official public tender for supply of information technology & software under standard RAJASTHAN state procurement guidelines.,2020-08-17 00:00:00,2020-08-21 00:00:00,2020-08-22 00:00:00,2020-09-05,2075723.02,2802226.08,INR,1,NCC LIMITED INFRASTRUCTURE,ENT-SUP-0DFD916C8B,NCC LIMITED INFRASTRUCTURE,"RAJASTHAN, India",AWARDED,4.0,2,0,OPEN_TENDER,RAJASTHAN RAJYA VIDYUT PRASARAN,RAJASTHAN,https://eproc.rajasthan.gov.in/
RAJ-RA-2021-01095,REF-RAJ-RA-2021-01095,RAJASTHAN RAJYA VIDYUT PRASARAN,RAJASTHAN State Government,RAJASTHAN,Central District,"RAJASTHAN, India",Information Technology & Software,Procurement of information technology & software for RAJASTHAN RAJYA VIDYUT PRASARAN,Official public tender for supply of information technology & software under standard RAJASTHAN state procurement guidelines.,2019-03-04 00:00:00,2019-03-18 00:00:00,2019-03-19 00:00:00,2019-04-02,4963852.82,6701201.3,INR,1,AHLUWALIA CONTRACTS INDIA LIMITED,ENT-SUP-28AFE50D95,AHLUWALIA CONTRACTS INDIA LIMITED,"RAJASTHAN, India",AWARDED,14.0,0,0,OPEN_TENDER,RAJASTHAN RAJYA VIDYUT PRASARAN,RAJASTHAN,https://eproc.rajasthan.gov.in/
RAJ-RA-2021-01096,REF-RAJ-RA-2021-01096,RAJASTHAN PUBLIC WORKS DEPARTMENT,RAJASTHAN State Government,RAJASTHAN,Central District,"RAJASTHAN, India",Consultancy & Facility Management,Procurement of consultancy & facility management for RAJASTHAN PUBLIC WORKS DEPARTMENT,Official public tender for supply of consultancy & facility management under standard RAJASTHAN state procurement guidelines.,2021-01-19 00:00:00,2021-02-18 00:00:00,2021-02-19 00:00:00,2021-03-05,18809688.97,16552526.29,INR,1,NCC LIMITED INFRASTRUCTURE,ENT-SUP-0DFD916C8B,NCC LIMITED INFRASTRUCTURE,"RAJASTHAN, India",AWARDED,30.0,0,0,OPEN_TENDER,RAJASTHAN PUBLIC WORKS DEPARTMENT,RAJASTHAN,https://eproc.rajasthan.gov.in/
RAJ-RA-2021-01097,REF-RAJ-RA-2021-01097,RAJASTHAN RAJYA VIDYUT PRASARAN,RAJASTHAN State Government,RAJASTHAN,Central District,"RAJASTHAN, India",Consultancy & Facility Management,Procurement of consultancy & facility management for RAJASTHAN RAJYA VIDYUT PRASARAN,Official public tender for supply of consultancy & facility management under standard RAJASTHAN state procurement guidelines.,2019-12-10 00:00:00,2019-12-14 00:00:00,2019-12-15 00:00:00,2019-12-29,1234650.49,1666778.16,INR,2,SHARMA ENGINEERING WORKS,ENT-SUP-9473B0CC3C,SHARMA ENGINEERING WORKS,"RAJASTHAN, India",AWARDED,4.0,0,0,OPEN_TENDER,RAJASTHAN RAJYA VIDYUT PRASARAN,RAJASTHAN,https://eproc.rajasthan.gov.in/
RAJ-RA-2021-01098,REF-RAJ-RA-2021-01098,RAJASTHAN PUBLIC WORKS DEPARTMENT,RAJASTHAN State Government,RAJASTHAN,Central District,"RAJASTHAN, India",Medical Equipment & Consumables,Procurement of medical equipment & consumables for RAJASTHAN PUBLIC WORKS DEPARTMENT,Official public tender for supply of medical equipment & consumables under standard RAJASTHAN state procurement guidelines.,2021-09-22 00:00:00,2021-09-26 00:00:00,2021-09-27 00:00:00,2021-10-11,9032166.23,10386991.16,INR,1,PNC INFRATECH LIMITED,ENT-SUP-4B3E89D111,PNC INFRATECH LIMITED,"RAJASTHAN, India",AWARDED,4.0,1,0,OPEN_TENDER,RAJASTHAN PUBLIC WORKS DEPARTMENT,RAJASTHAN,https://eproc.rajasthan.gov.in/
RAJ-RA-2021-01099,REF-RAJ-RA-2021-01099,JAIPUR DEVELOPMENT AUTHORITY,RAJASTHAN State Government,RAJASTHAN,Central District,"RAJASTHAN, India",Information Technology & Software,Procurement of information technology & software for JAIPUR DEVELOPMENT AUTHORITY,Official public tender for supply of information technology & software under standard RAJASTHAN state procurement guidelines.,2019-12-05 00:00:00,2019-12-11 00:00:00,2019-12-12 00:00:00,2019-12-26,4993172.38,5093035.83,INR,8,AHLUWALIA CONTRACTS INDIA LIMITED,ENT-SUP-28AFE50D95,AHLUWALIA CONTRACTS INDIA LIMITED,"RAJASTHAN, India",AWARDED,6.0,0,0,OPEN_TENDER,JAIPUR DEVELOPMENT AUTHORITY,RAJASTHAN,https://eproc.rajasthan.gov.in/
RAJ-RA-2021-01100,REF-RAJ-RA-2021-01100,MEDICAL HEALTH SERVICES JAIPUR,RAJASTHAN State Government,RAJASTHAN,Central District,"RAJASTHAN, India",Medical Equipment & Consumables,Procurement of medical equipment & consumables for MEDICAL HEALTH SERVICES JAIPUR,Official public tender for supply of medical equipment & consumables under standard RAJASTHAN state procurement guidelines.,2019-03-17 00:00:00,2019-03-21 00:00:00,2019-03-22 00:00:00,2019-04-05,169232805.78,194617726.64,INR,4,SHARMA ENGINEERING WORKS,ENT-SUP-9473B0CC3C,SHARMA ENGINEERING WORKS,"RAJASTHAN, India",AWARDED,4.0,0,0,OPEN_TENDER,MEDICAL HEALTH SERVICES JAIPUR,RAJASTHAN,https://eproc.rajasthan.gov.in/
RAJ-RA-2021-01101,REF-RAJ-RA-2021-01101,JAIPUR DEVELOPMENT AUTHORITY,RAJASTHAN State Government,RAJASTHAN,Central District,"RAJASTHAN, India",Consultancy & Facility Management,Procurement of consultancy & facility management for JAIPUR DEVELOPMENT AUTHORITY,Official public tender for supply of consultancy & facility management under standard RAJASTHAN state procurement guidelines.,2020-09-02 00:00:00,2020-09-06 00:00:00,2020-09-07 00:00:00,2020-09-21,201291523.1,191226946.95,INR,1,BHARAT DIAGNOSTIC SYSTEMS,ENT-SUP-C6B6FCD7BC,BHARAT DIAGNOSTIC SYSTEMS,"RAJASTHAN, India",AWARDED,4.0,0,0,OPEN_TENDER,JAIPUR DEVELOPMENT AUTHORITY,RAJASTHAN,https://eproc.rajasthan.gov.in/
RAJ-RA-2021-01102,REF-RAJ-RA-2021-01102,MEDICAL HEALTH SERVICES JAIPUR,RAJASTHAN State Government,RAJASTHAN,Central District,"RAJASTHAN, India",Medical Equipment & Consumables,Procurement of medical equipment & consumables for MEDICAL HEALTH SERVICES JAIPUR,Official public tender for supply of medical equipment & consumables under standard RAJASTHAN state procurement guidelines.,2020-05-19 00:00:00,2020-05-25 00:00:00,2020-05-26 00:00:00,2020-06-09,324382634.48,437916556.55,INR,2,AHLUWALIA CONTRACTS INDIA LIMITED,ENT-SUP-28AFE50D95,AHLUWALIA CONTRACTS INDIA LIMITED,"RAJASTHAN, India",AWARDED,6.0,0,0,OPEN_TENDER,MEDICAL HEALTH SERVICES JAIPUR,RAJASTHAN,https://eproc.rajasthan.gov.in/
RAJ-RA-2021-01103,REF-RAJ-RA-2021-01103,JAIPUR DEVELOPMENT AUTHORITY,RAJASTHAN State Government,RAJASTHAN,Central District,"RAJASTHAN, India",Civil Works & Infrastructure,Procurement of civil works & infrastructure for JAIPUR DEVELOPMENT AUTHORITY,Official public tender for supply of civil works & infrastructure under standard RAJASTHAN state procurement guidelines.,2020-02-04 00:00:00,2020-03-05 00:00:00,2020-03-06 00:00:00,2020-03-20,4920299.39,5658344.3,INR,3,SHREE BALAJI ENTERPRISE,ENT-SUP-CA68E614E4,SHREE BALAJI ENTERPRISE,"RAJASTHAN, India",AWARDED,30.0,0,0,OPEN_TENDER,JAIPUR DEVELOPMENT AUTHORITY,RAJASTHAN,https://eproc.rajasthan.gov.in/
RAJ-RA-2021-01104,REF-RAJ-RA-2021-01104,RAJASTHAN RAJYA VIDYUT PRASARAN,RAJASTHAN State Government,RAJASTHAN,Central District,"RAJASTHAN, India",Civil Works & Infrastructure,Procurement of civil works & infrastructure for RAJASTHAN RAJYA VIDYUT PRASARAN,Official public tender for supply of civil works & infrastructure under standard RAJASTHAN state procurement guidelines.,2021-10-01 00:00:00,2021-10-07 00:00:00,2021-10-08 00:00:00,2021-10-22,2112462.84,2154712.1,INR,1,ZENITH INFRASTRUCTURE PROJECTS,ENT-SUP-4F350A4CA1,ZENITH INFRASTRUCTURE PROJECTS,"RAJASTHAN, India",AWARDED,6.0,0,0,OPEN_TENDER,RAJASTHAN RAJYA VIDYUT PRASARAN,RAJASTHAN,https://eproc.rajasthan.gov.in/
RAJ-RA-2021-01105,REF-RAJ-RA-2021-01105,MEDICAL HEALTH SERVICES JAIPUR,RAJASTHAN State Government,RAJASTHAN,Central District,"RAJASTHAN, India",Electrical & Mechanical,Procurement of electrical & mechanical for MEDICAL HEALTH SERVICES JAIPUR,Official public tender for supply of electrical & mechanical under standard RAJASTHAN state procurement guidelines.,2020-09-12 00:00:00,2020-09-18 00:00:00,2020-09-19 00:00:00,2020-10-03,2320231.19,2505849.69,INR,1,KNR CONSTRUCTION,ENT-SUP-6A86A67807,KNR CONSTRUCTION,"RAJASTHAN, India",AWARDED,6.0,0,0,OPEN_TENDER,MEDICAL HEALTH SERVICES JAIPUR,RAJASTHAN,https://eproc.rajasthan.gov.in/
RAJ-RA-2021-01106,REF-RAJ-RA-2021-01106,MEDICAL HEALTH SERVICES JAIPUR,RAJASTHAN State Government,RAJASTHAN,Central District,"RAJASTHAN, India",Medical Equipment & Consumables,Procurement of medical equipment & consumables for MEDICAL HEALTH SERVICES JAIPUR,Official public tender for supply of medical equipment & consumables under standard RAJASTHAN state procurement guidelines.,2019-07-23 00:00:00,2019-08-22 00:00:00,2019-08-23 00:00:00,2019-09-06,23905419.39,32272316.17,INR,4,TATA PROJECTS LIMITED,ENT-SUP-861D6E7011,TATA PROJECTS LIMITED,"RAJASTHAN, India",AWARDED,30.0,0,0,OPEN_TENDER,MEDICAL HEALTH SERVICES JAIPUR,RAJASTHAN,https://eproc.rajasthan.gov.in/
RAJ-RA-2021-01107,REF-RAJ-RA-2021-01107,JAIPUR DEVELOPMENT AUTHORITY,RAJASTHAN State Government,RAJASTHAN,Central District,"RAJASTHAN, India",Civil Works & Infrastructure,Procurement of civil works & infrastructure for JAIPUR DEVELOPMENT AUTHORITY,Official public tender for supply of civil works & infrastructure under standard RAJASTHAN state procurement guidelines.,2020-09-28 00:00:00,2020-10-02 00:00:00,2020-10-03 00:00:00,2020-10-17,179367410.87,170399040.33,INR,3,GUPTA AND SONS CONTRACTOR,ENT-SUP-7A3AE215B9,GUPTA AND SONS CONTRACTOR,"RAJASTHAN, India",AWARDED,4.0,1,0,OPEN_TENDER,JAIPUR DEVELOPMENT AUTHORITY,RAJASTHAN,https://eproc.rajasthan.gov.in/
RAJ-RA-2021-01108,REF-RAJ-RA-2021-01108,RAJASTHAN RAJYA VIDYUT PRASARAN,RAJASTHAN State Government,RAJASTHAN,Central District,"RAJASTHAN, India",Consultancy & Facility Management,Procurement of consultancy & facility management for RAJASTHAN RAJYA VIDYUT PRASARAN,Official public tender for supply of consultancy & facility management under standard RAJASTHAN state procurement guidelines.,2021-08-13 00:00:00,2021-08-19 00:00:00,2021-08-20 00:00:00,2021-09-03,4927019.03,4335776.75,INR,3,ZENITH INFRASTRUCTURE PROJECTS,ENT-SUP-4F350A4CA1,ZENITH INFRASTRUCTURE PROJECTS,"RAJASTHAN, India",AWARDED,6.0,2,0,OPEN_TENDER,RAJASTHAN RAJYA VIDYUT PRASARAN,RAJASTHAN,https://eproc.rajasthan.gov.in/
RAJ-RA-2021-01109,REF-RAJ-RA-2021-01109,RAJASTHAN PUBLIC WORKS DEPARTMENT,RAJASTHAN State Government,RAJASTHAN,Central District,"RAJASTHAN, India",Civil Works & Infrastructure,Procurement of civil works & infrastructure for RAJASTHAN PUBLIC WORKS DEPARTMENT,Official public tender for supply of civil works & infrastructure under standard RAJASTHAN state procurement guidelines.,2021-09-15 00:00:00,2021-10-15 00:00:00,2021-10-16 00:00:00,2021-10-30,3059406.84,4130199.23,INR,1,LARSEN AND TOUBRO CONSTRUCTION,ENT-SUP-6C6BEB7D6E,LARSEN AND TOUBRO CONSTRUCTION,"RAJASTHAN, India",AWARDED,30.0,1,0,OPEN_TENDER,RAJASTHAN PUBLIC WORKS DEPARTMENT,RAJASTHAN,https://eproc.rajasthan.gov.in/
RAJ-RA-2021-01110,REF-RAJ-RA-2021-01110,PUBLIC HEALTH ENGINEERING DEPT RAJASTHAN,RAJASTHAN State Government,RAJASTHAN,Central District,"RAJASTHAN, India",Medical Equipment & Consumables,Procurement of medical equipment & consumables for PUBLIC HEALTH ENGINEERING DEPT RAJASTHAN,Official public tender for supply of medical equipment & consumables under standard RAJASTHAN state procurement guidelines.,2020-04-11 00:00:00,2020-05-02 00:00:00,2020-05-03 00:00:00,2020-05-17,4978350.63,6720773.35,INR,5,AHLUWALIA CONTRACTS INDIA LIMITED,ENT-SUP-28AFE50D95,AHLUWALIA CONTRACTS INDIA LIMITED,"RAJASTHAN, India",AWARDED,21.0,0,0,OPEN_TENDER,PUBLIC HEALTH ENGINEERING DEPT RAJASTHAN,RAJASTHAN,https://eproc.rajasthan.gov.in/
RAJ-RA-2021-01111,REF-RAJ-RA-2021-01111,PUBLIC HEALTH ENGINEERING DEPT RAJASTHAN,RAJASTHAN State Government,RAJASTHAN,Central District,"RAJASTHAN, India",Consultancy & Facility Management,Procurement of consultancy & facility management for PUBLIC HEALTH ENGINEERING DEPT RAJASTHAN,Official public tender for supply of consultancy & facility management under standard RAJASTHAN state procurement guidelines.,2020-12-10 00:00:00,2020-12-31 00:00:00,2021-01-01 00:00:00,2021-01-15,6763033.74,5951469.69,INR,5,LARSEN AND TOUBRO CONSTRUCTION,ENT-SUP-6C6BEB7D6E,LARSEN AND TOUBRO CONSTRUCTION,"RAJASTHAN, India",AWARDED,21.0,0,0,OPEN_TENDER,PUBLIC HEALTH ENGINEERING DEPT RAJASTHAN,RAJASTHAN,https://eproc.rajasthan.gov.in/
RAJ-RA-2021-01112,REF-RAJ-RA-2021-01112,JAIPUR DEVELOPMENT AUTHORITY,RAJASTHAN State Government,RAJASTHAN,Central District,"RAJASTHAN, India",Medical Equipment & Consumables,Procurement of medical equipment & consumables for JAIPUR DEVELOPMENT AUTHORITY,Official public tender for supply of medical equipment & consumables under standard RAJASTHAN state procurement guidelines.,2019-11-19 00:00:00,2019-12-10 00:00:00,2019-12-11 00:00:00,2019-12-25,4972635.63,4724003.85,INR,4,BHARAT DIAGNOSTIC SYSTEMS,ENT-SUP-C6B6FCD7BC,BHARAT DIAGNOSTIC SYSTEMS,"RAJASTHAN, India",AWARDED,21.0,2,0,OPEN_TENDER,JAIPUR DEVELOPMENT AUTHORITY,RAJASTHAN,https://eproc.rajasthan.gov.in/
RAJ-RA-2021-01113,REF-RAJ-RA-2021-01113,RAJASTHAN RAJYA VIDYUT PRASARAN,RAJASTHAN State Government,RAJASTHAN,Central District,"RAJASTHAN, India",Consultancy & Facility Management,Procurement of consultancy & facility management for RAJASTHAN RAJYA VIDYUT PRASARAN,Official public tender for supply of consultancy & facility management under standard RAJASTHAN state procurement guidelines.,2019-04-22 00:00:00,2019-04-26 00:00:00,2019-04-27 00:00:00,2019-05-11,12678806.24,17116388.43,INR,2,AHLUWALIA CONTRACTS INDIA LIMITED,ENT-SUP-28AFE50D95,AHLUWALIA CONTRACTS INDIA LIMITED,"RAJASTHAN, India",AWARDED,4.0,2,0,OPEN_TENDER,RAJASTHAN RAJYA VIDYUT PRASARAN,RAJASTHAN,https://eproc.rajasthan.gov.in/
RAJ-RA-2021-01114,REF-RAJ-RA-2021-01114,PUBLIC HEALTH ENGINEERING DEPT RAJASTHAN,RAJASTHAN State Government,RAJASTHAN,Central District,"RAJASTHAN, India",Information Technology & Software,Procurement of information technology & software for PUBLIC HEALTH ENGINEERING DEPT RAJASTHAN,Official public tender for supply of information technology & software under standard RAJASTHAN state procurement guidelines.,2019-05-20 00:00:00,2019-05-24 00:00:00,2019-05-25 00:00:00,2019-06-08,4960352.16,4712334.55,INR,3,DILIP BUILDCON LIMITED,ENT-SUP-55226FC7C8,DILIP BUILDCON LIMITED,"RAJASTHAN, India",AWARDED,4.0,0,0,OPEN_TENDER,PUBLIC HEALTH ENGINEERING DEPT RAJASTHAN,RAJASTHAN,https://eproc.rajasthan.gov.in/
RAJ-RA-2021-01115,REF-RAJ-RA-2021-01115,PUBLIC HEALTH ENGINEERING DEPT RAJASTHAN,RAJASTHAN State Government,RAJASTHAN,Central District,"RAJASTHAN, India",Medical Equipment & Consumables,Procurement of medical equipment & consumables for PUBLIC HEALTH ENGINEERING DEPT RAJASTHAN,Official public tender for supply of medical equipment & consumables under standard RAJASTHAN state procurement guidelines.,2021-08-21 00:00:00,2021-09-04 00:00:00,2021-09-05 00:00:00,2021-09-19,546104.9,589793.29,INR,2,NCC LIMITED INFRASTRUCTURE,ENT-SUP-0DFD916C8B,NCC LIMITED INFRASTRUCTURE,"RAJASTHAN, India",AWARDED,14.0,1,0,OPEN_TENDER,PUBLIC HEALTH ENGINEERING DEPT RAJASTHAN,RAJASTHAN,https://eproc.rajasthan.gov.in/
RAJ-RA-2021-01116,REF-RAJ-RA-2021-01116,RAJASTHAN RAJYA VIDYUT PRASARAN,RAJASTHAN State Government,RAJASTHAN,Central District,"RAJASTHAN, India",Information Technology & Software,Procurement of information technology & software for RAJASTHAN RAJYA VIDYUT PRASARAN,Official public tender for supply of information technology & software under standard RAJASTHAN state procurement guidelines.,2019-12-27 00:00:00,2020-01-17 00:00:00,2020-01-18 00:00:00,2020-02-01,23822717.13,32160668.12,INR,2,VANGUARD POWER SERVICES,ENT-SUP-FBE5090586,VANGUARD POWER SERVICES,"RAJASTHAN, India",AWARDED,21.0,2,0,OPEN_TENDER,RAJASTHAN RAJYA VIDYUT PRASARAN,RAJASTHAN,https://eproc.rajasthan.gov.in/
RAJ-RA-2021-01117,REF-RAJ-RA-2021-01117,RAJASTHAN PUBLIC WORKS DEPARTMENT,RAJASTHAN State Government,RAJASTHAN,Central District,"RAJASTHAN, India",Consultancy & Facility Management,Procurement of consultancy & facility management for RAJASTHAN PUBLIC WORKS DEPARTMENT,Official public tender for supply of consultancy & facility management under standard RAJASTHAN state procurement guidelines.,2021-05-19 00:00:00,2021-05-25 00:00:00,2021-05-26 00:00:00,2021-06-09,4984003.34,5731603.85,INR,3,SHREE BALAJI ENTERPRISE,ENT-SUP-CA68E614E4,SHREE BALAJI ENTERPRISE,"RAJASTHAN, India",AWARDED,6.0,2,0,OPEN_TENDER,RAJASTHAN PUBLIC WORKS DEPARTMENT,RAJASTHAN,https://eproc.rajasthan.gov.in/
RAJ-RA-2021-01118,REF-RAJ-RA-2021-01118,JAIPUR DEVELOPMENT AUTHORITY,RAJASTHAN State Government,RAJASTHAN,Central District,"RAJASTHAN, India",Civil Works & Infrastructure,Procurement of civil works & infrastructure for JAIPUR DEVELOPMENT AUTHORITY,Official public tender for supply of civil works & infrastructure under standard RAJASTHAN state procurement guidelines.,2020-06-08 00:00:00,2020-06-14 00:00:00,2020-06-15 00:00:00,2020-06-29,4971765.74,6711883.75,INR,3,SHREE BALAJI ENTERPRISE,ENT-SUP-CA68E614E4,SHREE BALAJI ENTERPRISE,"RAJASTHAN, India",AWARDED,6.0,0,0,OPEN_TENDER,JAIPUR DEVELOPMENT AUTHORITY,RAJASTHAN,https://eproc.rajasthan.gov.in/
RAJ-RA-2021-01119,REF-RAJ-RA-2021-01119,JAIPUR DEVELOPMENT AUTHORITY,RAJASTHAN State Government,RAJASTHAN,Central District,"RAJASTHAN, India",Information Technology & Software,Procurement of information technology & software for JAIPUR DEVELOPMENT AUTHORITY,Official public tender for supply of information technology & software under standard RAJASTHAN state procurement guidelines.,2021-04-16 00:00:00,2021-05-16 00:00:00,2021-05-17 00:00:00,2021-05-31,3746937.37,5058365.45,INR,2,AHLUWALIA CONTRACTS INDIA LIMITED,ENT-SUP-28AFE50D95,AHLUWALIA CONTRACTS INDIA LIMITED,"RAJASTHAN, India",AWARDED,30.0,0,0,OPEN_TENDER,JAIPUR DEVELOPMENT AUTHORITY,RAJASTHAN,https://eproc.rajasthan.gov.in/
RAJ-RA-2021-01120,REF-RAJ-RA-2021-01120,RAJASTHAN RAJYA VIDYUT PRASARAN,RAJASTHAN State Government,RAJASTHAN,Central District,"RAJASTHAN, India",Civil Works & Infrastructure,Procurement of civil works & infrastructure for RAJASTHAN RAJYA VIDYUT PRASARAN,Official public tender for supply of civil works & infrastructure under standard RAJASTHAN state procurement guidelines.,2019-09-08 00:00:00,2019-09-12 00:00:00,2019-09-13 00:00:00,2019-09-27,867973.4,763816.59,INR,3,AHLUWALIA CONTRACTS INDIA LIMITED,ENT-SUP-28AFE50D95,AHLUWALIA CONTRACTS INDIA LIMITED,"RAJASTHAN, India",AWARDED,4.0,0,0,OPEN_TENDER,RAJASTHAN RAJYA VIDYUT PRASARAN,RAJASTHAN,https://eproc.rajasthan.gov.in/
RAJ-RA-2021-01121,REF-RAJ-RA-2021-01121,MEDICAL HEALTH SERVICES JAIPUR,RAJASTHAN State Government,RAJASTHAN,Central District,"RAJASTHAN, India",Civil Works & Infrastructure,Procurement of civil works & infrastructure for MEDICAL HEALTH SERVICES JAIPUR,Official public tender for supply of civil works & infrastructure under standard RAJASTHAN state procurement guidelines.,2019-03-27 00:00:00,2019-04-10 00:00:00,2019-04-11 00:00:00,2019-04-25,295749612.95,319409581.99,INR,2,VANGUARD POWER SERVICES,ENT-SUP-FBE5090586,VANGUARD POWER SERVICES,"RAJASTHAN, India",AWARDED,14.0,0,0,OPEN_TENDER,MEDICAL HEALTH SERVICES JAIPUR,RAJASTHAN,https://eproc.rajasthan.gov.in/
RAJ-RA-2021-01122,REF-RAJ-RA-2021-01122,RAJASTHAN PUBLIC WORKS DEPARTMENT,RAJASTHAN State Government,RAJASTHAN,Central District,"RAJASTHAN, India",Information Technology & Software,Procurement of information technology & software for RAJASTHAN PUBLIC WORKS DEPARTMENT,Official public tender for supply of information technology & software under standard RAJASTHAN state procurement guidelines.,2021-03-27 00:00:00,2021-03-31 00:00:00,2021-04-01 00:00:00,2021-04-15,2702967.13,3108412.2,INR,3,PNC INFRATECH LIMITED,ENT-SUP-4B3E89D111,PNC INFRATECH LIMITED,"RAJASTHAN, India",AWARDED,4.0,2,0,OPEN_TENDER,RAJASTHAN PUBLIC WORKS DEPARTMENT,RAJASTHAN,https://eproc.rajasthan.gov.in/
RAJ-RA-2021-01123,REF-RAJ-RA-2021-01123,RAJASTHAN RAJYA VIDYUT PRASARAN,RAJASTHAN State Government,RAJASTHAN,Central District,"RAJASTHAN, India",Consultancy & Facility Management,Procurement of consultancy & facility management for RAJASTHAN RAJYA VIDYUT PRASARAN,Official public tender for supply of consultancy & facility management under standard RAJASTHAN state procurement guidelines.,2019-08-11 00:00:00,2019-09-10 00:00:00,2019-09-11 00:00:00,2019-09-25,162610525.9,175619367.97,INR,2,SHARMA ENGINEERING WORKS,ENT-SUP-9473B0CC3C,SHARMA ENGINEERING WORKS,"RAJASTHAN, India",AWARDED,30.0,0,0,OPEN_TENDER,RAJASTHAN RAJYA VIDYUT PRASARAN,RAJASTHAN,https://eproc.rajasthan.gov.in/
RAJ-RA-2021-01124,REF-RAJ-RA-2021-01124,JAIPUR DEVELOPMENT AUTHORITY,RAJASTHAN State Government,RAJASTHAN,Central District,"RAJASTHAN, India",Consultancy & Facility Management,Procurement of consultancy & facility management for JAIPUR DEVELOPMENT AUTHORITY,Official public tender for supply of consultancy & facility management under standard RAJASTHAN state procurement guidelines.,2020-06-13 00:00:00,2020-07-04 00:00:00,2020-07-05 00:00:00,2020-07-19,100320897.9,88282390.15,INR,2,AHLUWALIA CONTRACTS INDIA LIMITED,ENT-SUP-28AFE50D95,AHLUWALIA CONTRACTS INDIA LIMITED,"RAJASTHAN, India",AWARDED,21.0,0,0,OPEN_TENDER,JAIPUR DEVELOPMENT AUTHORITY,RAJASTHAN,https://eproc.rajasthan.gov.in/
RAJ-RA-2021-01125,REF-RAJ-RA-2021-01125,MEDICAL HEALTH SERVICES JAIPUR,RAJASTHAN State Government,RAJASTHAN,Central District,"RAJASTHAN, India",Information Technology & Software,Procurement of information technology & software for MEDICAL HEALTH SERVICES JAIPUR,Official public tender for supply of information technology & software under standard RAJASTHAN state procurement guidelines.,2021-03-03 00:00:00,2021-03-24 00:00:00,2021-03-25 00:00:00,2021-04-08,16336088.32,15519283.91,INR,3,AFCONS INFRASTRUCTURE LIMITED,ENT-SUP-AC3B9A87E5,AFCONS INFRASTRUCTURE LIMITED,"RAJASTHAN, India",AWARDED,21.0,0,0,OPEN_TENDER,MEDICAL HEALTH SERVICES JAIPUR,RAJASTHAN,https://eproc.rajasthan.gov.in/
RAJ-RA-2021-01126,REF-RAJ-RA-2021-01126,MEDICAL HEALTH SERVICES JAIPUR,RAJASTHAN State Government,RAJASTHAN,Central District,"RAJASTHAN, India",Electrical & Mechanical,Procurement of electrical & mechanical for MEDICAL HEALTH SERVICES JAIPUR,Official public tender for supply of electrical & mechanical under standard RAJASTHAN state procurement guidelines.,2021-01-02 00:00:00,2021-01-23 00:00:00,2021-01-24 00:00:00,2021-02-07,2810708.31,3035564.98,INR,3,AHLUWALIA CONTRACTS INDIA LIMITED,ENT-SUP-28AFE50D95,AHLUWALIA CONTRACTS INDIA LIMITED,"RAJASTHAN, India",AWARDED,21.0,0,0,OPEN_TENDER,MEDICAL HEALTH SERVICES JAIPUR,RAJASTHAN,https://eproc.rajasthan.gov.in/
RAJ-RA-2021-01127,REF-RAJ-RA-2021-01127,RAJASTHAN PUBLIC WORKS DEPARTMENT,RAJASTHAN State Government,RAJASTHAN,Central District,"RAJASTHAN, India",Civil Works & Infrastructure,Procurement of civil works & infrastructure for RAJASTHAN PUBLIC WORKS DEPARTMENT,Official public tender for supply of civil works & infrastructure under standard RAJASTHAN state procurement guidelines.,2019-08-25 00:00:00,2019-08-29 00:00:00,2019-08-30 00:00:00,2019-09-13,13293106.19,15287072.12,INR,4,APEX MEDITECH SOLUTIONS,ENT-SUP-A750489DC1,APEX MEDITECH SOLUTIONS,"RAJASTHAN, India",AWARDED,4.0,0,0,OPEN_TENDER,RAJASTHAN PUBLIC WORKS DEPARTMENT,RAJASTHAN,https://eproc.rajasthan.gov.in/
RAJ-RA-2021-01128,REF-RAJ-RA-2021-01128,RAJASTHAN PUBLIC WORKS DEPARTMENT,RAJASTHAN State Government,RAJASTHAN,Central District,"RAJASTHAN, India",Civil Works & Infrastructure,Procurement of civil works & infrastructure for RAJASTHAN PUBLIC WORKS DEPARTMENT,Official public tender for supply of civil works & infrastructure under standard RAJASTHAN state procurement guidelines.,2020-12-16 00:00:00,2020-12-20 00:00:00,2020-12-21 00:00:00,2021-01-04,318932369.58,366772225.02,INR,2,LARSEN AND TOUBRO CONSTRUCTION,ENT-SUP-6C6BEB7D6E,LARSEN AND TOUBRO CONSTRUCTION,"RAJASTHAN, India",AWARDED,4.0,0,0,OPEN_TENDER,RAJASTHAN PUBLIC WORKS DEPARTMENT,RAJASTHAN,https://eproc.rajasthan.gov.in/
RAJ-RA-2021-01129,REF-RAJ-RA-2021-01129,RAJASTHAN PUBLIC WORKS DEPARTMENT,RAJASTHAN State Government,RAJASTHAN,Central District,"RAJASTHAN, India",Information Technology & Software,Procurement of information technology & software for RAJASTHAN PUBLIC WORKS DEPARTMENT,Official public tender for supply of information technology & software under standard RAJASTHAN state procurement guidelines.,2021-06-04 00:00:00,2021-06-10 00:00:00,2021-06-11 00:00:00,2021-06-25,4969682.6,4373320.69,INR,3,NCC LIMITED INFRASTRUCTURE,ENT-SUP-0DFD916C8B,NCC LIMITED INFRASTRUCTURE,"RAJASTHAN, India",AWARDED,6.0,1,0,OPEN_TENDER,RAJASTHAN PUBLIC WORKS DEPARTMENT,RAJASTHAN,https://eproc.rajasthan.gov.in/
RAJ-RA-2021-01130,REF-RAJ-RA-2021-01130,RAJASTHAN PUBLIC WORKS DEPARTMENT,RAJASTHAN State Government,RAJASTHAN,Central District,"RAJASTHAN, India",Medical Equipment & Consumables,Procurement of medical equipment & consumables for RAJASTHAN PUBLIC WORKS DEPARTMENT,Official public tender for supply of medical equipment & consumables under standard RAJASTHAN state procurement guidelines.,2021-09-04 00:00:00,2021-09-10 00:00:00,2021-09-11 00:00:00,2021-09-25,18379895.86,21136880.24,INR,3,AHLUWALIA CONTRACTS INDIA LIMITED,ENT-SUP-28AFE50D95,AHLUWALIA CONTRACTS INDIA LIMITED,"RAJASTHAN, India",AWARDED,6.0,0,0,OPEN_TENDER,RAJASTHAN PUBLIC WORKS DEPARTMENT,RAJASTHAN,https://eproc.rajasthan.gov.in/
RAJ-RA-2021-01131,REF-RAJ-RA-2021-01131,RAJASTHAN RAJYA VIDYUT PRASARAN,RAJASTHAN State Government,RAJASTHAN,Central District,"RAJASTHAN, India",Civil Works & Infrastructure,Procurement of civil works & infrastructure for RAJASTHAN RAJYA VIDYUT PRASARAN,Official public tender for supply of civil works & infrastructure under standard RAJASTHAN state procurement guidelines.,2020-10-07 00:00:00,2020-10-28 00:00:00,2020-10-29 00:00:00,2020-11-12,9832261.73,10618842.67,INR,3,TATA PROJECTS LIMITED,ENT-SUP-861D6E7011,TATA PROJECTS LIMITED,"RAJASTHAN, India",AWARDED,21.0,0,0,OPEN_TENDER,RAJASTHAN RAJYA VIDYUT PRASARAN,RAJASTHAN,https://eproc.rajasthan.gov.in/
RAJ-RA-2021-01132,REF-RAJ-RA-2021-01132,PUBLIC HEALTH ENGINEERING DEPT RAJASTHAN,RAJASTHAN State Government,RAJASTHAN,Central District,"RAJASTHAN, India",Medical Equipment & Consumables,Procurement of medical equipment & consumables for PUBLIC HEALTH ENGINEERING DEPT RAJASTHAN,Official public tender for supply of medical equipment & consumables under standard RAJASTHAN state procurement guidelines.,2021-08-29 00:00:00,2021-09-04 00:00:00,2021-09-05 00:00:00,2021-09-19,4978728.68,5078303.26,INR,3,SHARMA ENGINEERING WORKS,ENT-SUP-9473B0CC3C,SHARMA ENGINEERING WORKS,"RAJASTHAN, India",AWARDED,6.0,1,0,OPEN_TENDER,PUBLIC HEALTH ENGINEERING DEPT RAJASTHAN,RAJASTHAN,https://eproc.rajasthan.gov.in/
RAJ-RA-2021-01133,REF-RAJ-RA-2021-01133,JAIPUR DEVELOPMENT AUTHORITY,RAJASTHAN State Government,RAJASTHAN,Central District,"RAJASTHAN, India",Civil Works & Infrastructure,Procurement of civil works & infrastructure for JAIPUR DEVELOPMENT AUTHORITY,Official public tender for supply of civil works & infrastructure under standard RAJASTHAN state procurement guidelines.,2019-05-04 00:00:00,2019-05-10 00:00:00,2019-05-11 00:00:00,2019-05-25,4953843.73,4706151.54,INR,4,TATA PROJECTS LIMITED,ENT-SUP-861D6E7011,TATA PROJECTS LIMITED,"RAJASTHAN, India",AWARDED,6.0,2,0,OPEN_TENDER,JAIPUR DEVELOPMENT AUTHORITY,RAJASTHAN,https://eproc.rajasthan.gov.in/
RAJ-RA-2021-01134,REF-RAJ-RA-2021-01134,MEDICAL HEALTH SERVICES JAIPUR,RAJASTHAN State Government,RAJASTHAN,Central District,"RAJASTHAN, India",Medical Equipment & Consumables,Procurement of medical equipment & consumables for MEDICAL HEALTH SERVICES JAIPUR,Official public tender for supply of medical equipment & consumables under standard RAJASTHAN state procurement guidelines.,2021-02-25 00:00:00,2021-03-03 00:00:00,2021-03-04 00:00:00,2021-03-18,4965768.08,4369875.91,INR,2,NCC LIMITED INFRASTRUCTURE,ENT-SUP-0DFD916C8B,NCC LIMITED INFRASTRUCTURE,"RAJASTHAN, India",AWARDED,6.0,2,0,OPEN_TENDER,MEDICAL HEALTH SERVICES JAIPUR,RAJASTHAN,https://eproc.rajasthan.gov.in/
RAJ-RA-2021-01135,REF-RAJ-RA-2021-01135,PUBLIC HEALTH ENGINEERING DEPT RAJASTHAN,RAJASTHAN State Government,RAJASTHAN,Central District,"RAJASTHAN, India",Civil Works & Infrastructure,Procurement of civil works & infrastructure for PUBLIC HEALTH ENGINEERING DEPT RAJASTHAN,Official public tender for supply of civil works & infrastructure under standard RAJASTHAN state procurement guidelines.,2021-07-17 00:00:00,2021-07-31 00:00:00,2021-08-01 00:00:00,2021-08-15,16415589.82,18877928.3,INR,2,APEX MEDITECH SOLUTIONS,ENT-SUP-A750489DC1,APEX MEDITECH SOLUTIONS,"RAJASTHAN, India",AWARDED,14.0,2,0,OPEN_TENDER,PUBLIC HEALTH ENGINEERING DEPT RAJASTHAN,RAJASTHAN,https://eproc.rajasthan.gov.in/
RAJ-RA-2021-01136,REF-RAJ-RA-2021-01136,JAIPUR DEVELOPMENT AUTHORITY,RAJASTHAN State Government,RAJASTHAN,Central District,"RAJASTHAN, India",Civil Works & Infrastructure,Procurement of civil works & infrastructure for JAIPUR DEVELOPMENT AUTHORITY,Official public tender for supply of civil works & infrastructure under standard RAJASTHAN state procurement guidelines.,2019-02-25 00:00:00,2019-03-27 00:00:00,2019-03-28 00:00:00,2019-04-11,3477691.23,3547245.06,INR,2,AHLUWALIA CONTRACTS INDIA LIMITED,ENT-SUP-28AFE50D95,AHLUWALIA CONTRACTS INDIA LIMITED,"RAJASTHAN, India",AWARDED,30.0,0,0,OPEN_TENDER,JAIPUR DEVELOPMENT AUTHORITY,RAJASTHAN,https://eproc.rajasthan.gov.in/
RAJ-RA-2021-01137,REF-RAJ-RA-2021-01137,PUBLIC HEALTH ENGINEERING DEPT RAJASTHAN,RAJASTHAN State Government,RAJASTHAN,Central District,"RAJASTHAN, India",Medical Equipment & Consumables,Procurement of medical equipment & consumables for PUBLIC HEALTH ENGINEERING DEPT RAJASTHAN,Official public tender for supply of medical equipment & consumables under standard RAJASTHAN state procurement guidelines.,2020-10-20 00:00:00,2020-10-24 00:00:00,2020-10-25 00:00:00,2020-11-08,4917236.42,6638269.16,INR,1,TATA PROJECTS LIMITED,ENT-SUP-861D6E7011,TATA PROJECTS LIMITED,"RAJASTHAN, India",AWARDED,4.0,0,0,OPEN_TENDER,PUBLIC HEALTH ENGINEERING DEPT RAJASTHAN,RAJASTHAN,https://eproc.rajasthan.gov.in/
RAJ-RA-2021-01138,REF-RAJ-RA-2021-01138,JAIPUR DEVELOPMENT AUTHORITY,RAJASTHAN State Government,RAJASTHAN,Central District,"RAJASTHAN, India",Consultancy & Facility Management,Procurement of consultancy & facility management for JAIPUR DEVELOPMENT AUTHORITY,Official public tender for supply of consultancy & facility management under standard RAJASTHAN state procurement guidelines.,2021-09-08 00:00:00,2021-09-22 00:00:00,2021-09-23 00:00:00,2021-10-07,4971526.34,4374943.18,INR,1,AFCONS INFRASTRUCTURE LIMITED,ENT-SUP-AC3B9A87E5,AFCONS INFRASTRUCTURE LIMITED,"RAJASTHAN, India",AWARDED,14.0,0,0,OPEN_TENDER,JAIPUR DEVELOPMENT AUTHORITY,RAJASTHAN,https://eproc.rajasthan.gov.in/
RAJ-RA-2021-01139,REF-RAJ-RA-2021-01139,RAJASTHAN RAJYA VIDYUT PRASARAN,RAJASTHAN State Government,RAJASTHAN,Central District,"RAJASTHAN, India",Electrical & Mechanical,Procurement of electrical & mechanical for RAJASTHAN RAJYA VIDYUT PRASARAN,Official public tender for supply of electrical & mechanical under standard RAJASTHAN state procurement guidelines.,2021-02-13 00:00:00,2021-03-06 00:00:00,2021-03-07 00:00:00,2021-03-21,236053005.13,271460955.9,INR,2,NCC LIMITED INFRASTRUCTURE,ENT-SUP-0DFD916C8B,NCC LIMITED INFRASTRUCTURE,"RAJASTHAN, India",AWARDED,21.0,2,0,OPEN_TENDER,RAJASTHAN RAJYA VIDYUT PRASARAN,RAJASTHAN,https://eproc.rajasthan.gov.in/
RAJ-RA-2021-01140,REF-RAJ-RA-2021-01140,RAJASTHAN PUBLIC WORKS DEPARTMENT,RAJASTHAN State Government,RAJASTHAN,Central District,"RAJASTHAN, India",Consultancy & Facility Management,Procurement of consultancy & facility management for RAJASTHAN PUBLIC WORKS DEPARTMENT,Official public tender for supply of consultancy & facility management under standard RAJASTHAN state procurement guidelines.,2020-01-11 00:00:00,2020-01-25 00:00:00,2020-01-26 00:00:00,2020-02-09,183353023.36,247526581.53,INR,1,KNR CONSTRUCTION,ENT-SUP-6A86A67807,KNR CONSTRUCTION,"RAJASTHAN, India",AWARDED,14.0,2,0,OPEN_TENDER,RAJASTHAN PUBLIC WORKS DEPARTMENT,RAJASTHAN,https://eproc.rajasthan.gov.in/
RAJ-RA-2021-01141,REF-RAJ-RA-2021-01141,PUBLIC HEALTH ENGINEERING DEPT RAJASTHAN,RAJASTHAN State Government,RAJASTHAN,Central District,"RAJASTHAN, India",Consultancy & Facility Management,Procurement of consultancy & facility management for PUBLIC HEALTH ENGINEERING DEPT RAJASTHAN,Official public tender for supply of consultancy & facility management under standard RAJASTHAN state procurement guidelines.,2019-06-03 00:00:00,2019-06-07 00:00:00,2019-06-08 00:00:00,2019-06-22,4909910.88,5646397.52,INR,2,GUPTA AND SONS CONTRACTOR,ENT-SUP-7A3AE215B9,GUPTA AND SONS CONTRACTOR,"RAJASTHAN, India",AWARDED,4.0,0,0,OPEN_TENDER,PUBLIC HEALTH ENGINEERING DEPT RAJASTHAN,RAJASTHAN,https://eproc.rajasthan.gov.in/
RAJ-RA-2021-01142,REF-RAJ-RA-2021-01142,JAIPUR DEVELOPMENT AUTHORITY,RAJASTHAN State Government,RAJASTHAN,Central District,"RAJASTHAN, India",Consultancy & Facility Management,Procurement of consultancy & facility management for JAIPUR DEVELOPMENT AUTHORITY,Official public tender for supply of consultancy & facility management under standard RAJASTHAN state procurement guidelines.,2020-05-23 00:00:00,2020-06-06 00:00:00,2020-06-07 00:00:00,2020-06-21,4992402.18,5092250.23,INR,3,LARSEN AND TOUBRO CONSTRUCTION,ENT-SUP-6C6BEB7D6E,LARSEN AND TOUBRO CONSTRUCTION,"RAJASTHAN, India",AWARDED,14.0,0,0,OPEN_TENDER,JAIPUR DEVELOPMENT AUTHORITY,RAJASTHAN,https://eproc.rajasthan.gov.in/
RAJ-RA-2021-01143,REF-RAJ-RA-2021-01143,JAIPUR DEVELOPMENT AUTHORITY,RAJASTHAN State Government,RAJASTHAN,Central District,"RAJASTHAN, India",Electrical & Mechanical,Procurement of electrical & mechanical for JAIPUR DEVELOPMENT AUTHORITY,Official public tender for supply of electrical & mechanical under standard RAJASTHAN state procurement guidelines.,2020-02-08 00:00:00,2020-02-12 00:00:00,2020-02-13 00:00:00,2020-02-27,2664781.77,2877964.31,INR,4,BHARAT DIAGNOSTIC SYSTEMS,ENT-SUP-C6B6FCD7BC,BHARAT DIAGNOSTIC SYSTEMS,"RAJASTHAN, India",AWARDED,4.0,0,0,OPEN_TENDER,JAIPUR DEVELOPMENT AUTHORITY,RAJASTHAN,https://eproc.rajasthan.gov.in/
RAJ-RA-2021-01144,REF-RAJ-RA-2021-01144,PUBLIC HEALTH ENGINEERING DEPT RAJASTHAN,RAJASTHAN State Government,RAJASTHAN,Central District,"RAJASTHAN, India",Consultancy & Facility Management,Procurement of consultancy & facility management for PUBLIC HEALTH ENGINEERING DEPT RAJASTHAN,Official public tender for supply of consultancy & facility management under standard RAJASTHAN state procurement guidelines.,2020-02-19 00:00:00,2020-03-04 00:00:00,2020-03-05 00:00:00,2020-03-19,70877048.98,76547212.9,INR,4,AHLUWALIA CONTRACTS INDIA LIMITED,ENT-SUP-28AFE50D95,AHLUWALIA CONTRACTS INDIA LIMITED,"RAJASTHAN, India",AWARDED,14.0,0,0,OPEN_TENDER,PUBLIC HEALTH ENGINEERING DEPT RAJASTHAN,RAJASTHAN,https://eproc.rajasthan.gov.in/
RAJ-RA-2021-01145,REF-RAJ-RA-2021-01145,RAJASTHAN PUBLIC WORKS DEPARTMENT,RAJASTHAN State Government,RAJASTHAN,Central District,"RAJASTHAN, India",Consultancy & Facility Management,Procurement of consultancy & facility management for RAJASTHAN PUBLIC WORKS DEPARTMENT,Official public tender for supply of consultancy & facility management under standard RAJASTHAN state procurement guidelines.,2019-10-05 00:00:00,2019-10-11 00:00:00,2019-10-12 00:00:00,2019-10-26,4957454.37,5701072.53,INR,3,SHARMA ENGINEERING WORKS,ENT-SUP-9473B0CC3C,SHARMA ENGINEERING WORKS,"RAJASTHAN, India",AWARDED,6.0,0,0,OPEN_TENDER,RAJASTHAN PUBLIC WORKS DEPARTMENT,RAJASTHAN,https://eproc.rajasthan.gov.in/
RAJ-RA-2021-01146,REF-RAJ-RA-2021-01146,JAIPUR DEVELOPMENT AUTHORITY,RAJASTHAN State Government,RAJASTHAN,Central District,"RAJASTHAN, India",Civil Works & Infrastructure,Procurement of civil works & infrastructure for JAIPUR DEVELOPMENT AUTHORITY,Official public tender for supply of civil works & infrastructure under standard RAJASTHAN state procurement guidelines.,2019-03-18 00:00:00,2019-04-08 00:00:00,2019-04-09 00:00:00,2019-04-23,4981712.12,5728968.94,INR,4,BHARAT DIAGNOSTIC SYSTEMS,ENT-SUP-C6B6FCD7BC,BHARAT DIAGNOSTIC SYSTEMS,"RAJASTHAN, India",AWARDED,21.0,0,0,OPEN_TENDER,JAIPUR DEVELOPMENT AUTHORITY,RAJASTHAN,https://eproc.rajasthan.gov.in/
RAJ-RA-2021-01147,REF-RAJ-RA-2021-01147,MEDICAL HEALTH SERVICES JAIPUR,RAJASTHAN State Government,RAJASTHAN,Central District,"RAJASTHAN, India",Civil Works & Infrastructure,Procurement of civil works & infrastructure for MEDICAL HEALTH SERVICES JAIPUR,Official public tender for supply of civil works & infrastructure under standard RAJASTHAN state procurement guidelines.,2019-02-19 00:00:00,2019-03-12 00:00:00,2019-03-13 00:00:00,2019-03-27,19898598.12,17510766.35,INR,3,LARSEN AND TOUBRO CONSTRUCTION,ENT-SUP-6C6BEB7D6E,LARSEN AND TOUBRO CONSTRUCTION,"RAJASTHAN, India",AWARDED,21.0,0,0,OPEN_TENDER,MEDICAL HEALTH SERVICES JAIPUR,RAJASTHAN,https://eproc.rajasthan.gov.in/
RAJ-RA-2021-01148,REF-RAJ-RA-2021-01148,PUBLIC HEALTH ENGINEERING DEPT RAJASTHAN,RAJASTHAN State Government,RAJASTHAN,Central District,"RAJASTHAN, India",Consultancy & Facility Management,Procurement of consultancy & facility management for PUBLIC HEALTH ENGINEERING DEPT RAJASTHAN,Official public tender for supply of consultancy & facility management under standard RAJASTHAN state procurement guidelines.,2021-10-06 00:00:00,2021-10-20 00:00:00,2021-10-21 00:00:00,2021-11-04,3890971.54,4202249.27,INR,4,VANGUARD POWER SERVICES,ENT-SUP-FBE5090586,VANGUARD POWER SERVICES,"RAJASTHAN, India",AWARDED,14.0,1,0,OPEN_TENDER,PUBLIC HEALTH ENGINEERING DEPT RAJASTHAN,RAJASTHAN,https://eproc.rajasthan.gov.in/
RAJ-RA-2021-01149,REF-RAJ-RA-2021-01149,MEDICAL HEALTH SERVICES JAIPUR,RAJASTHAN State Government,RAJASTHAN,Central District,"RAJASTHAN, India",Information Technology & Software,Procurement of information technology & software for MEDICAL HEALTH SERVICES JAIPUR,Official public tender for supply of information technology & software under standard RAJASTHAN state procurement guidelines.,2021-05-25 00:00:00,2021-06-08 00:00:00,2021-06-09 00:00:00,2021-06-23,262430464.02,249308940.82,INR,3,DILIP BUILDCON LIMITED,ENT-SUP-55226FC7C8,DILIP BUILDCON LIMITED,"RAJASTHAN, India",AWARDED,14.0,2,0,OPEN_TENDER,MEDICAL HEALTH SERVICES JAIPUR,RAJASTHAN,https://eproc.rajasthan.gov.in/
RAJ-RA-2021-01150,REF-RAJ-RA-2021-01150,PUBLIC HEALTH ENGINEERING DEPT RAJASTHAN,RAJASTHAN State Government,RAJASTHAN,Central District,"RAJASTHAN, India",Medical Equipment & Consumables,Procurement of medical equipment & consumables for PUBLIC HEALTH ENGINEERING DEPT RAJASTHAN,Official public tender for supply of medical equipment & consumables under standard RAJASTHAN state procurement guidelines.,2020-09-20 00:00:00,2020-10-20 00:00:00,2020-10-21 00:00:00,2020-11-04,267312207.29,235234742.41,INR,1,AFCONS INFRASTRUCTURE LIMITED,ENT-SUP-AC3B9A87E5,AFCONS INFRASTRUCTURE LIMITED,"RAJASTHAN, India",AWARDED,30.0,0,0,OPEN_TENDER,PUBLIC HEALTH ENGINEERING DEPT RAJASTHAN,RAJASTHAN,https://eproc.rajasthan.gov.in/
RAJ-RA-2021-01151,REF-RAJ-RA-2021-01151,JAIPUR DEVELOPMENT AUTHORITY,RAJASTHAN State Government,RAJASTHAN,Central District,"RAJASTHAN, India",Consultancy & Facility Management,Procurement of consultancy & facility management for JAIPUR DEVELOPMENT AUTHORITY,Official public tender for supply of consultancy & facility management under standard RAJASTHAN state procurement guidelines.,2019-01-16 00:00:00,2019-01-22 00:00:00,2019-01-23 00:00:00,2019-02-06,9330687.63,10730290.77,INR,3,GUPTA AND SONS CONTRACTOR,ENT-SUP-7A3AE215B9,GUPTA AND SONS CONTRACTOR,"RAJASTHAN, India",AWARDED,6.0,0,0,OPEN_TENDER,JAIPUR DEVELOPMENT AUTHORITY,RAJASTHAN,https://eproc.rajasthan.gov.in/
RAJ-RA-2021-01152,REF-RAJ-RA-2021-01152,PUBLIC HEALTH ENGINEERING DEPT RAJASTHAN,RAJASTHAN State Government,RAJASTHAN,Central District,"RAJASTHAN, India",Civil Works & Infrastructure,Procurement of civil works & infrastructure for PUBLIC HEALTH ENGINEERING DEPT RAJASTHAN,Official public tender for supply of civil works & infrastructure under standard RAJASTHAN state procurement guidelines.,2019-09-28 00:00:00,2019-10-19 00:00:00,2019-10-20 00:00:00,2019-11-03,73194803.65,64411427.21,INR,1,AHLUWALIA CONTRACTS INDIA LIMITED,ENT-SUP-28AFE50D95,AHLUWALIA CONTRACTS INDIA LIMITED,"RAJASTHAN, India",AWARDED,21.0,2,0,OPEN_TENDER,PUBLIC HEALTH ENGINEERING DEPT RAJASTHAN,RAJASTHAN,https://eproc.rajasthan.gov.in/
RAJ-RA-2021-01153,REF-RAJ-RA-2021-01153,JAIPUR DEVELOPMENT AUTHORITY,RAJASTHAN State Government,RAJASTHAN,Central District,"RAJASTHAN, India",Electrical & Mechanical,Procurement of electrical & mechanical for JAIPUR DEVELOPMENT AUTHORITY,Official public tender for supply of electrical & mechanical under standard RAJASTHAN state procurement guidelines.,2020-11-09 00:00:00,2020-11-30 00:00:00,2020-12-01 00:00:00,2020-12-15,4959441.78,5058630.62,INR,2,DILIP BUILDCON LIMITED,ENT-SUP-55226FC7C8,DILIP BUILDCON LIMITED,"RAJASTHAN, India",AWARDED,21.0,1,0,OPEN_TENDER,JAIPUR DEVELOPMENT AUTHORITY,RAJASTHAN,https://eproc.rajasthan.gov.in/
RAJ-RA-2021-01154,REF-RAJ-RA-2021-01154,JAIPUR DEVELOPMENT AUTHORITY,RAJASTHAN State Government,RAJASTHAN,Central District,"RAJASTHAN, India",Electrical & Mechanical,Procurement of electrical & mechanical for JAIPUR DEVELOPMENT AUTHORITY,Official public tender for supply of electrical & mechanical under standard RAJASTHAN state procurement guidelines.,2019-01-15 00:00:00,2019-02-14 00:00:00,2019-02-15 00:00:00,2019-03-01,3712374.51,5011705.58,INR,1,SHREE BALAJI ENTERPRISE,ENT-SUP-CA68E614E4,SHREE BALAJI ENTERPRISE,"RAJASTHAN, India",AWARDED,30.0,0,0,OPEN_TENDER,JAIPUR DEVELOPMENT AUTHORITY,RAJASTHAN,https://eproc.rajasthan.gov.in/
RAJ-RA-2021-01155,REF-RAJ-RA-2021-01155,MEDICAL HEALTH SERVICES JAIPUR,RAJASTHAN State Government,RAJASTHAN,Central District,"RAJASTHAN, India",Consultancy & Facility Management,Procurement of consultancy & facility management for MEDICAL HEALTH SERVICES JAIPUR,Official public tender for supply of consultancy & facility management under standard RAJASTHAN state procurement guidelines.,2021-07-29 00:00:00,2021-08-04 00:00:00,2021-08-05 00:00:00,2021-08-19,4793285.1,4889150.8,INR,1,PNC INFRATECH LIMITED,ENT-SUP-4B3E89D111,PNC INFRATECH LIMITED,"RAJASTHAN, India",AWARDED,6.0,2,0,OPEN_TENDER,MEDICAL HEALTH SERVICES JAIPUR,RAJASTHAN,https://eproc.rajasthan.gov.in/
RAJ-RA-2021-01156,REF-RAJ-RA-2021-01156,RAJASTHAN PUBLIC WORKS DEPARTMENT,RAJASTHAN State Government,RAJASTHAN,Central District,"RAJASTHAN, India",Consultancy & Facility Management,Procurement of consultancy & facility management for RAJASTHAN PUBLIC WORKS DEPARTMENT,Official public tender for supply of consultancy & facility management under standard RAJASTHAN state procurement guidelines.,2019-03-26 00:00:00,2019-04-01 00:00:00,2019-04-02 00:00:00,2019-04-16,4973514.78,5072985.08,INR,1,SHREE BALAJI ENTERPRISE,ENT-SUP-CA68E614E4,SHREE BALAJI ENTERPRISE,"RAJASTHAN, India",AWARDED,6.0,2,0,OPEN_TENDER,RAJASTHAN PUBLIC WORKS DEPARTMENT,RAJASTHAN,https://eproc.rajasthan.gov.in/
RAJ-RA-2021-01157,REF-RAJ-RA-2021-01157,JAIPUR DEVELOPMENT AUTHORITY,RAJASTHAN State Government,RAJASTHAN,Central District,"RAJASTHAN, India",Civil Works & Infrastructure,Procurement of civil works & infrastructure for JAIPUR DEVELOPMENT AUTHORITY,Official public tender for supply of civil works & infrastructure under standard RAJASTHAN state procurement guidelines.,2020-07-17 00:00:00,2020-08-16 00:00:00,2020-08-17 00:00:00,2020-08-31,92873667.27,94731140.61,INR,3,KNR CONSTRUCTION,ENT-SUP-6A86A67807,KNR CONSTRUCTION,"RAJASTHAN, India",AWARDED,30.0,1,0,OPEN_TENDER,JAIPUR DEVELOPMENT AUTHORITY,RAJASTHAN,https://eproc.rajasthan.gov.in/
RAJ-RA-2021-01158,REF-RAJ-RA-2021-01158,RAJASTHAN PUBLIC WORKS DEPARTMENT,RAJASTHAN State Government,RAJASTHAN,Central District,"RAJASTHAN, India",Electrical & Mechanical,Procurement of electrical & mechanical for RAJASTHAN PUBLIC WORKS DEPARTMENT,Official public tender for supply of electrical & mechanical under standard RAJASTHAN state procurement guidelines.,2020-12-17 00:00:00,2020-12-21 00:00:00,2020-12-22 00:00:00,2021-01-05,4964888.64,5362079.73,INR,4,SHARMA ENGINEERING WORKS,ENT-SUP-9473B0CC3C,SHARMA ENGINEERING WORKS,"RAJASTHAN, India",AWARDED,4.0,0,0,OPEN_TENDER,RAJASTHAN PUBLIC WORKS DEPARTMENT,RAJASTHAN,https://eproc.rajasthan.gov.in/
RAJ-RA-2021-01159,REF-RAJ-RA-2021-01159,MEDICAL HEALTH SERVICES JAIPUR,RAJASTHAN State Government,RAJASTHAN,Central District,"RAJASTHAN, India",Information Technology & Software,Procurement of information technology & software for MEDICAL HEALTH SERVICES JAIPUR,Official public tender for supply of information technology & software under standard RAJASTHAN state procurement guidelines.,2021-07-24 00:00:00,2021-07-28 00:00:00,2021-07-29 00:00:00,2021-08-12,4990146.2,5089949.13,INR,4,LARSEN AND TOUBRO CONSTRUCTION,ENT-SUP-6C6BEB7D6E,LARSEN AND TOUBRO CONSTRUCTION,"RAJASTHAN, India",AWARDED,4.0,1,0,OPEN_TENDER,MEDICAL HEALTH SERVICES JAIPUR,RAJASTHAN,https://eproc.rajasthan.gov.in/
RAJ-RA-2021-01160,REF-RAJ-RA-2021-01160,RAJASTHAN PUBLIC WORKS DEPARTMENT,RAJASTHAN State Government,RAJASTHAN,Central District,"RAJASTHAN, India",Medical Equipment & Consumables,Procurement of medical equipment & consumables for RAJASTHAN PUBLIC WORKS DEPARTMENT,Official public tender for supply of medical equipment & consumables under standard RAJASTHAN state procurement guidelines.,2021-08-26 00:00:00,2021-09-09 00:00:00,2021-09-10 00:00:00,2021-09-24,4948405.41,4700985.14,INR,3,APEX MEDITECH SOLUTIONS,ENT-SUP-A750489DC1,APEX MEDITECH SOLUTIONS,"RAJASTHAN, India",AWARDED,14.0,0,0,OPEN_TENDER,RAJASTHAN PUBLIC WORKS DEPARTMENT,RAJASTHAN,https://eproc.rajasthan.gov.in/
RAJ-RA-2021-01161,REF-RAJ-RA-2021-01161,JAIPUR DEVELOPMENT AUTHORITY,RAJASTHAN State Government,RAJASTHAN,Central District,"RAJASTHAN, India",Civil Works & Infrastructure,Procurement of civil works & infrastructure for JAIPUR DEVELOPMENT AUTHORITY,Official public tender for supply of civil works & infrastructure under standard RAJASTHAN state procurement guidelines.,2020-12-18 00:00:00,2020-12-22 00:00:00,2020-12-23 00:00:00,2021-01-06,14152364.09,16275218.7,INR,3,AHLUWALIA CONTRACTS INDIA LIMITED,ENT-SUP-28AFE50D95,AHLUWALIA CONTRACTS INDIA LIMITED,"RAJASTHAN, India",AWARDED,4.0,1,0,OPEN_TENDER,JAIPUR DEVELOPMENT AUTHORITY,RAJASTHAN,https://eproc.rajasthan.gov.in/
RAJ-RA-2021-01162,REF-RAJ-RA-2021-01162,RAJASTHAN RAJYA VIDYUT PRASARAN,RAJASTHAN State Government,RAJASTHAN,Central District,"RAJASTHAN, India",Medical Equipment & Consumables,Procurement of medical equipment & consumables for RAJASTHAN RAJYA VIDYUT PRASARAN,Official public tender for supply of medical equipment & consumables under standard RAJASTHAN state procurement guidelines.,2019-09-12 00:00:00,2019-09-26 00:00:00,2019-09-27 00:00:00,2019-10-11,4758613.16,4187579.58,INR,3,GUPTA AND SONS CONTRACTOR,ENT-SUP-7A3AE215B9,GUPTA AND SONS CONTRACTOR,"RAJASTHAN, India",AWARDED,14.0,0,0,OPEN_TENDER,RAJASTHAN RAJYA VIDYUT PRASARAN,RAJASTHAN,https://eproc.rajasthan.gov.in/
RAJ-RA-2021-01163,REF-RAJ-RA-2021-01163,MEDICAL HEALTH SERVICES JAIPUR,RAJASTHAN State Government,RAJASTHAN,Central District,"RAJASTHAN, India",Electrical & Mechanical,Procurement of electrical & mechanical for MEDICAL HEALTH SERVICES JAIPUR,Official public tender for supply of electrical & mechanical under standard RAJASTHAN state procurement guidelines.,2020-12-09 00:00:00,2020-12-23 00:00:00,2020-12-24 00:00:00,2021-01-07,15391512.49,20778541.86,INR,4,LARSEN AND TOUBRO CONSTRUCTION,ENT-SUP-6C6BEB7D6E,LARSEN AND TOUBRO CONSTRUCTION,"RAJASTHAN, India",AWARDED,14.0,0,0,OPEN_TENDER,MEDICAL HEALTH SERVICES JAIPUR,RAJASTHAN,https://eproc.rajasthan.gov.in/
RAJ-RA-2021-01164,REF-RAJ-RA-2021-01164,MEDICAL HEALTH SERVICES JAIPUR,RAJASTHAN State Government,RAJASTHAN,Central District,"RAJASTHAN, India",Electrical & Mechanical,Procurement of electrical & mechanical for MEDICAL HEALTH SERVICES JAIPUR,Official public tender for supply of electrical & mechanical under standard RAJASTHAN state procurement guidelines.,2021-09-01 00:00:00,2021-09-07 00:00:00,2021-09-08 00:00:00,2021-09-22,22687392.12,21553022.51,INR,1,TATA PROJECTS LIMITED,ENT-SUP-861D6E7011,TATA PROJECTS LIMITED,"RAJASTHAN, India",AWARDED,6.0,0,0,OPEN_TENDER,MEDICAL HEALTH SERVICES JAIPUR,RAJASTHAN,https://eproc.rajasthan.gov.in/
RAJ-RA-2021-01165,REF-RAJ-RA-2021-01165,RAJASTHAN PUBLIC WORKS DEPARTMENT,RAJASTHAN State Government,RAJASTHAN,Central District,"RAJASTHAN, India",Civil Works & Infrastructure,Procurement of civil works & infrastructure for RAJASTHAN PUBLIC WORKS DEPARTMENT,Official public tender for supply of civil works & infrastructure under standard RAJASTHAN state procurement guidelines.,2020-04-25 00:00:00,2020-05-01 00:00:00,2020-05-02 00:00:00,2020-05-16,4928906.21,4682460.9,INR,3,VANGUARD POWER SERVICES,ENT-SUP-FBE5090586,VANGUARD POWER SERVICES,"RAJASTHAN, India",AWARDED,6.0,0,0,OPEN_TENDER,RAJASTHAN PUBLIC WORKS DEPARTMENT,RAJASTHAN,https://eproc.rajasthan.gov.in/
RAJ-RA-2021-01166,REF-RAJ-RA-2021-01166,JAIPUR DEVELOPMENT AUTHORITY,RAJASTHAN State Government,RAJASTHAN,Central District,"RAJASTHAN, India",Information Technology & Software,Procurement of information technology & software for JAIPUR DEVELOPMENT AUTHORITY,Official public tender for supply of information technology & software under standard RAJASTHAN state procurement guidelines.,2019-02-27 00:00:00,2019-03-29 00:00:00,2019-03-30 00:00:00,2019-04-13,682058.59,600211.56,INR,1,ZENITH INFRASTRUCTURE PROJECTS,ENT-SUP-4F350A4CA1,ZENITH INFRASTRUCTURE PROJECTS,"RAJASTHAN, India",AWARDED,30.0,0,0,OPEN_TENDER,JAIPUR DEVELOPMENT AUTHORITY,RAJASTHAN,https://eproc.rajasthan.gov.in/
RAJ-RA-2021-01167,REF-RAJ-RA-2021-01167,RAJASTHAN PUBLIC WORKS DEPARTMENT,RAJASTHAN State Government,RAJASTHAN,Central District,"RAJASTHAN, India",Consultancy & Facility Management,Procurement of consultancy & facility management for RAJASTHAN PUBLIC WORKS DEPARTMENT,Official public tender for supply of consultancy & facility management under standard RAJASTHAN state procurement guidelines.,2021-09-27 00:00:00,2021-10-18 00:00:00,2021-10-19 00:00:00,2021-11-02,282637932.76,248721380.83,INR,3,SHARMA ENGINEERING WORKS,ENT-SUP-9473B0CC3C,SHARMA ENGINEERING WORKS,"RAJASTHAN, India",AWARDED,21.0,0,0,OPEN_TENDER,RAJASTHAN PUBLIC WORKS DEPARTMENT,RAJASTHAN,https://eproc.rajasthan.gov.in/
RAJ-RA-2021-01168,REF-RAJ-RA-2021-01168,PUBLIC HEALTH ENGINEERING DEPT RAJASTHAN,RAJASTHAN State Government,RAJASTHAN,Central District,"RAJASTHAN, India",Medical Equipment & Consumables,Procurement of medical equipment & consumables for PUBLIC HEALTH ENGINEERING DEPT RAJASTHAN,Official public tender for supply of medical equipment & consumables under standard RAJASTHAN state procurement guidelines.,2020-12-27 00:00:00,2021-01-17 00:00:00,2021-01-18 00:00:00,2021-02-01,513979.76,693872.68,INR,2,GUPTA AND SONS CONTRACTOR,ENT-SUP-7A3AE215B9,GUPTA AND SONS CONTRACTOR,"RAJASTHAN, India",AWARDED,21.0,1,0,OPEN_TENDER,PUBLIC HEALTH ENGINEERING DEPT RAJASTHAN,RAJASTHAN,https://eproc.rajasthan.gov.in/
RAJ-RA-2021-01169,REF-RAJ-RA-2021-01169,JAIPUR DEVELOPMENT AUTHORITY,RAJASTHAN State Government,RAJASTHAN,Central District,"RAJASTHAN, India",Consultancy & Facility Management,Procurement of consultancy & facility management for JAIPUR DEVELOPMENT AUTHORITY,Official public tender for supply of consultancy & facility management under standard RAJASTHAN state procurement guidelines.,2020-05-04 00:00:00,2020-05-08 00:00:00,2020-05-09 00:00:00,2020-05-23,206594439.86,210726328.66,INR,1,PNC INFRATECH LIMITED,ENT-SUP-4B3E89D111,PNC INFRATECH LIMITED,"RAJASTHAN, India",AWARDED,4.0,1,0,OPEN_TENDER,JAIPUR DEVELOPMENT AUTHORITY,RAJASTHAN,https://eproc.rajasthan.gov.in/
RAJ-RA-2021-01170,REF-RAJ-RA-2021-01170,PUBLIC HEALTH ENGINEERING DEPT RAJASTHAN,RAJASTHAN State Government,RAJASTHAN,Central District,"RAJASTHAN, India",Electrical & Mechanical,Procurement of electrical & mechanical for PUBLIC HEALTH ENGINEERING DEPT RAJASTHAN,Official public tender for supply of electrical & mechanical under standard RAJASTHAN state procurement guidelines.,2020-12-12 00:00:00,2021-01-11 00:00:00,2021-01-12 00:00:00,2021-01-26,349108850.55,471296948.25,INR,2,SHARMA ENGINEERING WORKS,ENT-SUP-9473B0CC3C,SHARMA ENGINEERING WORKS,"RAJASTHAN, India",AWARDED,30.0,0,0,OPEN_TENDER,PUBLIC HEALTH ENGINEERING DEPT RAJASTHAN,RAJASTHAN,https://eproc.rajasthan.gov.in/
RAJ-RA-2021-01171,REF-RAJ-RA-2021-01171,RAJASTHAN PUBLIC WORKS DEPARTMENT,RAJASTHAN State Government,RAJASTHAN,Central District,"RAJASTHAN, India",Civil Works & Infrastructure,Procurement of civil works & infrastructure for RAJASTHAN PUBLIC WORKS DEPARTMENT,Official public tender for supply of civil works & infrastructure under standard RAJASTHAN state procurement guidelines.,2019-08-27 00:00:00,2019-09-10 00:00:00,2019-09-11 00:00:00,2019-09-25,2041170.41,2204464.04,INR,8,ZENITH INFRASTRUCTURE PROJECTS,ENT-SUP-4F350A4CA1,ZENITH INFRASTRUCTURE PROJECTS,"RAJASTHAN, India",AWARDED,14.0,0,0,OPEN_TENDER,RAJASTHAN PUBLIC WORKS DEPARTMENT,RAJASTHAN,https://eproc.rajasthan.gov.in/
RAJ-RA-2021-01172,REF-RAJ-RA-2021-01172,RAJASTHAN PUBLIC WORKS DEPARTMENT,RAJASTHAN State Government,RAJASTHAN,Central District,"RAJASTHAN, India",Medical Equipment & Consumables,Procurement of medical equipment & consumables for RAJASTHAN PUBLIC WORKS DEPARTMENT,Official public tender for supply of medical equipment & consumables under standard RAJASTHAN state procurement guidelines.,2021-05-29 00:00:00,2021-06-28 00:00:00,2021-06-29 00:00:00,2021-07-13,4687780.64,4453391.61,INR,1,VANGUARD POWER SERVICES,ENT-SUP-FBE5090586,VANGUARD POWER SERVICES,"RAJASTHAN, India",AWARDED,30.0,2,0,OPEN_TENDER,RAJASTHAN PUBLIC WORKS DEPARTMENT,RAJASTHAN,https://eproc.rajasthan.gov.in/
RAJ-RA-2021-01173,REF-RAJ-RA-2021-01173,RAJASTHAN PUBLIC WORKS DEPARTMENT,RAJASTHAN State Government,RAJASTHAN,Central District,"RAJASTHAN, India",Information Technology & Software,Procurement of information technology & software for RAJASTHAN PUBLIC WORKS DEPARTMENT,Official public tender for supply of information technology & software under standard RAJASTHAN state procurement guidelines.,2021-04-30 00:00:00,2021-05-30 00:00:00,2021-05-31 00:00:00,2021-06-14,4986667.34,5385600.73,INR,3,DILIP BUILDCON LIMITED,ENT-SUP-55226FC7C8,DILIP BUILDCON LIMITED,"RAJASTHAN, India",AWARDED,30.0,0,0,OPEN_TENDER,RAJASTHAN PUBLIC WORKS DEPARTMENT,RAJASTHAN,https://eproc.rajasthan.gov.in/
RAJ-RA-2021-01174,REF-RAJ-RA-2021-01174,RAJASTHAN PUBLIC WORKS DEPARTMENT,RAJASTHAN State Government,RAJASTHAN,Central District,"RAJASTHAN, India",Civil Works & Infrastructure,Procurement of civil works & infrastructure for RAJASTHAN PUBLIC WORKS DEPARTMENT,Official public tender for supply of civil works & infrastructure under standard RAJASTHAN state procurement guidelines.,2020-10-05 00:00:00,2020-10-09 00:00:00,2020-10-10 00:00:00,2020-10-24,2663630.48,2530448.96,INR,2,AFCONS INFRASTRUCTURE LIMITED,ENT-SUP-AC3B9A87E5,AFCONS INFRASTRUCTURE LIMITED,"RAJASTHAN, India",AWARDED,4.0,0,0,OPEN_TENDER,RAJASTHAN PUBLIC WORKS DEPARTMENT,RAJASTHAN,https://eproc.rajasthan.gov.in/
RAJ-RA-2021-01175,REF-RAJ-RA-2021-01175,MEDICAL HEALTH SERVICES JAIPUR,RAJASTHAN State Government,RAJASTHAN,Central District,"RAJASTHAN, India",Information Technology & Software,Procurement of information technology & software for MEDICAL HEALTH SERVICES JAIPUR,Official public tender for supply of information technology & software under standard RAJASTHAN state procurement guidelines.,2021-01-14 00:00:00,2021-02-13 00:00:00,2021-02-14 00:00:00,2021-02-28,4922825.33,4332086.29,INR,1,SHREE BALAJI ENTERPRISE,ENT-SUP-CA68E614E4,SHREE BALAJI ENTERPRISE,"RAJASTHAN, India",AWARDED,30.0,0,0,OPEN_TENDER,MEDICAL HEALTH SERVICES JAIPUR,RAJASTHAN,https://eproc.rajasthan.gov.in/
RAJ-RA-2021-01176,REF-RAJ-RA-2021-01176,MEDICAL HEALTH SERVICES JAIPUR,RAJASTHAN State Government,RAJASTHAN,Central District,"RAJASTHAN, India",Information Technology & Software,Procurement of information technology & software for MEDICAL HEALTH SERVICES JAIPUR,Official public tender for supply of information technology & software under standard RAJASTHAN state procurement guidelines.,2019-03-28 00:00:00,2019-04-03 00:00:00,2019-04-04 00:00:00,2019-04-18,328146123.97,334709046.45,INR,5,GUPTA AND SONS CONTRACTOR,ENT-SUP-7A3AE215B9,GUPTA AND SONS CONTRACTOR,"RAJASTHAN, India",AWARDED,6.0,1,0,OPEN_TENDER,MEDICAL HEALTH SERVICES JAIPUR,RAJASTHAN,https://eproc.rajasthan.gov.in/
RAJ-RA-2021-01177,REF-RAJ-RA-2021-01177,JAIPUR DEVELOPMENT AUTHORITY,RAJASTHAN State Government,RAJASTHAN,Central District,"RAJASTHAN, India",Medical Equipment & Consumables,Procurement of medical equipment & consumables for JAIPUR DEVELOPMENT AUTHORITY,Official public tender for supply of medical equipment & consumables under standard RAJASTHAN state procurement guidelines.,2019-09-26 00:00:00,2019-10-17 00:00:00,2019-10-18 00:00:00,2019-11-01,16441796.83,14468781.21,INR,3,GUPTA AND SONS CONTRACTOR,ENT-SUP-7A3AE215B9,GUPTA AND SONS CONTRACTOR,"RAJASTHAN, India",AWARDED,21.0,0,0,OPEN_TENDER,JAIPUR DEVELOPMENT AUTHORITY,RAJASTHAN,https://eproc.rajasthan.gov.in/
RAJ-RA-2021-01178,REF-RAJ-RA-2021-01178,RAJASTHAN PUBLIC WORKS DEPARTMENT,RAJASTHAN State Government,RAJASTHAN,Central District,"RAJASTHAN, India",Electrical & Mechanical,Procurement of electrical & mechanical for RAJASTHAN PUBLIC WORKS DEPARTMENT,Official public tender for supply of electrical & mechanical under standard RAJASTHAN state procurement guidelines.,2019-12-23 00:00:00,2020-01-22 00:00:00,2020-01-23 00:00:00,2020-02-06,654998.9,753248.74,INR,1,APEX MEDITECH SOLUTIONS,ENT-SUP-A750489DC1,APEX MEDITECH SOLUTIONS,"RAJASTHAN, India",AWARDED,30.0,0,0,OPEN_TENDER,RAJASTHAN PUBLIC WORKS DEPARTMENT,RAJASTHAN,https://eproc.rajasthan.gov.in/
RAJ-RA-2021-01179,REF-RAJ-RA-2021-01179,RAJASTHAN RAJYA VIDYUT PRASARAN,RAJASTHAN State Government,RAJASTHAN,Central District,"RAJASTHAN, India",Information Technology & Software,Procurement of information technology & software for RAJASTHAN RAJYA VIDYUT PRASARAN,Official public tender for supply of information technology & software under standard RAJASTHAN state procurement guidelines.,2019-02-14 00:00:00,2019-03-07 00:00:00,2019-03-08 00:00:00,2019-03-22,20796919.02,18301288.74,INR,3,LARSEN AND TOUBRO CONSTRUCTION,ENT-SUP-6C6BEB7D6E,LARSEN AND TOUBRO CONSTRUCTION,"RAJASTHAN, India",AWARDED,21.0,0,0,OPEN_TENDER,RAJASTHAN RAJYA VIDYUT PRASARAN,RAJASTHAN,https://eproc.rajasthan.gov.in/
RAJ-RA-2021-01180,REF-RAJ-RA-2021-01180,RAJASTHAN PUBLIC WORKS DEPARTMENT,RAJASTHAN State Government,RAJASTHAN,Central District,"RAJASTHAN, India",Electrical & Mechanical,Procurement of electrical & mechanical for RAJASTHAN PUBLIC WORKS DEPARTMENT,Official public tender for supply of electrical & mechanical under standard RAJASTHAN state procurement guidelines.,2019-03-13 00:00:00,2019-03-17 00:00:00,2019-03-18 00:00:00,2019-04-01,6061638.67,8183212.21,INR,3,AHLUWALIA CONTRACTS INDIA LIMITED,ENT-SUP-28AFE50D95,AHLUWALIA CONTRACTS INDIA LIMITED,"RAJASTHAN, India",AWARDED,4.0,0,0,OPEN_TENDER,RAJASTHAN PUBLIC WORKS DEPARTMENT,RAJASTHAN,https://eproc.rajasthan.gov.in/
RAJ-RA-2021-01181,REF-RAJ-RA-2021-01181,PUBLIC HEALTH ENGINEERING DEPT RAJASTHAN,RAJASTHAN State Government,RAJASTHAN,Central District,"RAJASTHAN, India",Medical Equipment & Consumables,Procurement of medical equipment & consumables for PUBLIC HEALTH ENGINEERING DEPT RAJASTHAN,Official public tender for supply of medical equipment & consumables under standard RAJASTHAN state procurement guidelines.,2020-09-11 00:00:00,2020-09-17 00:00:00,2020-09-18 00:00:00,2020-10-02,198372127.18,267802371.69,INR,3,SHREE BALAJI ENTERPRISE,ENT-SUP-CA68E614E4,SHREE BALAJI ENTERPRISE,"RAJASTHAN, India",AWARDED,6.0,0,0,OPEN_TENDER,PUBLIC HEALTH ENGINEERING DEPT RAJASTHAN,RAJASTHAN,https://eproc.rajasthan.gov.in/
RAJ-RA-2021-01182,REF-RAJ-RA-2021-01182,PUBLIC HEALTH ENGINEERING DEPT RAJASTHAN,RAJASTHAN State Government,RAJASTHAN,Central District,"RAJASTHAN, India",Consultancy & Facility Management,Procurement of consultancy & facility management for PUBLIC HEALTH ENGINEERING DEPT RAJASTHAN,Official public tender for supply of consultancy & facility management under standard RAJASTHAN state procurement guidelines.,2019-11-06 00:00:00,2019-11-20 00:00:00,2019-11-21 00:00:00,2019-12-05,6468245.41,8732131.3,INR,1,AFCONS INFRASTRUCTURE LIMITED,ENT-SUP-AC3B9A87E5,AFCONS INFRASTRUCTURE LIMITED,"RAJASTHAN, India",AWARDED,14.0,0,0,OPEN_TENDER,PUBLIC HEALTH ENGINEERING DEPT RAJASTHAN,RAJASTHAN,https://eproc.rajasthan.gov.in/
RAJ-RA-2021-01183,REF-RAJ-RA-2021-01183,RAJASTHAN PUBLIC WORKS DEPARTMENT,RAJASTHAN State Government,RAJASTHAN,Central District,"RAJASTHAN, India",Consultancy & Facility Management,Procurement of consultancy & facility management for RAJASTHAN PUBLIC WORKS DEPARTMENT,Official public tender for supply of consultancy & facility management under standard RAJASTHAN state procurement guidelines.,2020-10-26 00:00:00,2020-11-09 00:00:00,2020-11-10 00:00:00,2020-11-24,4965281.62,6703130.19,INR,3,BHARAT DIAGNOSTIC SYSTEMS,ENT-SUP-C6B6FCD7BC,BHARAT DIAGNOSTIC SYSTEMS,"RAJASTHAN, India",AWARDED,14.0,2,0,OPEN_TENDER,RAJASTHAN PUBLIC WORKS DEPARTMENT,RAJASTHAN,https://eproc.rajasthan.gov.in/
RAJ-RA-2021-01184,REF-RAJ-RA-2021-01184,PUBLIC HEALTH ENGINEERING DEPT RAJASTHAN,RAJASTHAN State Government,RAJASTHAN,Central District,"RAJASTHAN, India",Consultancy & Facility Management,Procurement of consultancy & facility management for PUBLIC HEALTH ENGINEERING DEPT RAJASTHAN,Official public tender for supply of consultancy & facility management under standard RAJASTHAN state procurement guidelines.,2019-05-28 00:00:00,2019-06-11 00:00:00,2019-06-12 00:00:00,2019-06-26,4978912.15,5078490.39,INR,5,SHARMA ENGINEERING WORKS,ENT-SUP-9473B0CC3C,SHARMA ENGINEERING WORKS,"RAJASTHAN, India",AWARDED,14.0,1,0,OPEN_TENDER,PUBLIC HEALTH ENGINEERING DEPT RAJASTHAN,RAJASTHAN,https://eproc.rajasthan.gov.in/
RAJ-RA-2021-01185,REF-RAJ-RA-2021-01185,RAJASTHAN PUBLIC WORKS DEPARTMENT,RAJASTHAN State Government,RAJASTHAN,Central District,"RAJASTHAN, India",Electrical & Mechanical,Procurement of electrical & mechanical for RAJASTHAN PUBLIC WORKS DEPARTMENT,Official public tender for supply of electrical & mechanical under standard RAJASTHAN state procurement guidelines.,2021-04-17 00:00:00,2021-04-23 00:00:00,2021-04-24 00:00:00,2021-05-08,4984162.4,4386062.92,INR,2,VANGUARD POWER SERVICES,ENT-SUP-FBE5090586,VANGUARD POWER SERVICES,"RAJASTHAN, India",AWARDED,6.0,0,0,OPEN_TENDER,RAJASTHAN PUBLIC WORKS DEPARTMENT,RAJASTHAN,https://eproc.rajasthan.gov.in/
RAJ-RA-2021-01186,REF-RAJ-RA-2021-01186,JAIPUR DEVELOPMENT AUTHORITY,RAJASTHAN State Government,RAJASTHAN,Central District,"RAJASTHAN, India",Civil Works & Infrastructure,Procurement of civil works & infrastructure for JAIPUR DEVELOPMENT AUTHORITY,Official public tender for supply of civil works & infrastructure under standard RAJASTHAN state procurement guidelines.,2020-07-29 00:00:00,2020-08-28 00:00:00,2020-08-29 00:00:00,2020-09-12,71250621.95,76950671.7,INR,3,ZENITH INFRASTRUCTURE PROJECTS,ENT-SUP-4F350A4CA1,ZENITH INFRASTRUCTURE PROJECTS,"RAJASTHAN, India",AWARDED,30.0,0,0,OPEN_TENDER,JAIPUR DEVELOPMENT AUTHORITY,RAJASTHAN,https://eproc.rajasthan.gov.in/
RAJ-RA-2021-01187,REF-RAJ-RA-2021-01187,RAJASTHAN RAJYA VIDYUT PRASARAN,RAJASTHAN State Government,RAJASTHAN,Central District,"RAJASTHAN, India",Civil Works & Infrastructure,Procurement of civil works & infrastructure for RAJASTHAN RAJYA VIDYUT PRASARAN,Official public tender for supply of civil works & infrastructure under standard RAJASTHAN state procurement guidelines.,2021-01-28 00:00:00,2021-02-03 00:00:00,2021-02-04 00:00:00,2021-02-18,328205450.7,443077358.44,INR,4,AHLUWALIA CONTRACTS INDIA LIMITED,ENT-SUP-28AFE50D95,AHLUWALIA CONTRACTS INDIA LIMITED,"RAJASTHAN, India",AWARDED,6.0,2,0,OPEN_TENDER,RAJASTHAN RAJYA VIDYUT PRASARAN,RAJASTHAN,https://eproc.rajasthan.gov.in/
RAJ-RA-2021-01188,REF-RAJ-RA-2021-01188,PUBLIC HEALTH ENGINEERING DEPT RAJASTHAN,RAJASTHAN State Government,RAJASTHAN,Central District,"RAJASTHAN, India",Medical Equipment & Consumables,Procurement of medical equipment & consumables for PUBLIC HEALTH ENGINEERING DEPT RAJASTHAN,Official public tender for supply of medical equipment & consumables under standard RAJASTHAN state procurement guidelines.,2020-09-09 00:00:00,2020-09-15 00:00:00,2020-09-16 00:00:00,2020-09-30,145813617.59,148729889.94,INR,4,KNR CONSTRUCTION,ENT-SUP-6A86A67807,KNR CONSTRUCTION,"RAJASTHAN, India",AWARDED,6.0,1,0,OPEN_TENDER,PUBLIC HEALTH ENGINEERING DEPT RAJASTHAN,RAJASTHAN,https://eproc.rajasthan.gov.in/
RAJ-RA-2021-01189,REF-RAJ-RA-2021-01189,JAIPUR DEVELOPMENT AUTHORITY,RAJASTHAN State Government,RAJASTHAN,Central District,"RAJASTHAN, India",Electrical & Mechanical,Procurement of electrical & mechanical for JAIPUR DEVELOPMENT AUTHORITY,Official public tender for supply of electrical & mechanical under standard RAJASTHAN state procurement guidelines.,2020-06-24 00:00:00,2020-07-15 00:00:00,2020-07-16 00:00:00,2020-07-30,11480027.41,10102424.12,INR,1,SHREE BALAJI ENTERPRISE,ENT-SUP-CA68E614E4,SHREE BALAJI ENTERPRISE,"RAJASTHAN, India",AWARDED,21.0,2,0,OPEN_TENDER,JAIPUR DEVELOPMENT AUTHORITY,RAJASTHAN,https://eproc.rajasthan.gov.in/
RAJ-RA-2021-01190,REF-RAJ-RA-2021-01190,MEDICAL HEALTH SERVICES JAIPUR,RAJASTHAN State Government,RAJASTHAN,Central District,"RAJASTHAN, India",Civil Works & Infrastructure,Procurement of civil works & infrastructure for MEDICAL HEALTH SERVICES JAIPUR,Official public tender for supply of civil works & infrastructure under standard RAJASTHAN state procurement guidelines.,2020-02-21 00:00:00,2020-02-25 00:00:00,2020-02-26 00:00:00,2020-03-11,4907756.78,6625471.65,INR,1,VANGUARD POWER SERVICES,ENT-SUP-FBE5090586,VANGUARD POWER SERVICES,"RAJASTHAN, India",AWARDED,4.0,0,0,OPEN_TENDER,MEDICAL HEALTH SERVICES JAIPUR,RAJASTHAN,https://eproc.rajasthan.gov.in/
RAJ-RA-2021-01191,REF-RAJ-RA-2021-01191,RAJASTHAN PUBLIC WORKS DEPARTMENT,RAJASTHAN State Government,RAJASTHAN,Central District,"RAJASTHAN, India",Electrical & Mechanical,Procurement of electrical & mechanical for RAJASTHAN PUBLIC WORKS DEPARTMENT,Official public tender for supply of electrical & mechanical under standard RAJASTHAN state procurement guidelines.,2019-07-06 00:00:00,2019-08-05 00:00:00,2019-08-06 00:00:00,2019-08-20,4954396.15,5350747.84,INR,3,APEX MEDITECH SOLUTIONS,ENT-SUP-A750489DC1,APEX MEDITECH SOLUTIONS,"RAJASTHAN, India",AWARDED,30.0,0,0,OPEN_TENDER,RAJASTHAN PUBLIC WORKS DEPARTMENT,RAJASTHAN,https://eproc.rajasthan.gov.in/
RAJ-RA-2021-01192,REF-RAJ-RA-2021-01192,PUBLIC HEALTH ENGINEERING DEPT RAJASTHAN,RAJASTHAN State Government,RAJASTHAN,Central District,"RAJASTHAN, India",Information Technology & Software,Procurement of information technology & software for PUBLIC HEALTH ENGINEERING DEPT RAJASTHAN,Official public tender for supply of information technology & software under standard RAJASTHAN state procurement guidelines.,2019-05-20 00:00:00,2019-06-03 00:00:00,2019-06-04 00:00:00,2019-06-18,21231288.08,18683533.51,INR,1,SHARMA ENGINEERING WORKS,ENT-SUP-9473B0CC3C,SHARMA ENGINEERING WORKS,"RAJASTHAN, India",AWARDED,14.0,0,0,OPEN_TENDER,PUBLIC HEALTH ENGINEERING DEPT RAJASTHAN,RAJASTHAN,https://eproc.rajasthan.gov.in/
RAJ-RA-2021-01193,REF-RAJ-RA-2021-01193,PUBLIC HEALTH ENGINEERING DEPT RAJASTHAN,RAJASTHAN State Government,RAJASTHAN,Central District,"RAJASTHAN, India",Medical Equipment & Consumables,Procurement of medical equipment & consumables for PUBLIC HEALTH ENGINEERING DEPT RAJASTHAN,Official public tender for supply of medical equipment & consumables under standard RAJASTHAN state procurement guidelines.,2020-03-21 00:00:00,2020-03-27 00:00:00,2020-03-28 00:00:00,2020-04-11,4913004.86,6632556.57,INR,3,PNC INFRATECH LIMITED,ENT-SUP-4B3E89D111,PNC INFRATECH LIMITED,"RAJASTHAN, India",AWARDED,6.0,2,0,OPEN_TENDER,PUBLIC HEALTH ENGINEERING DEPT RAJASTHAN,RAJASTHAN,https://eproc.rajasthan.gov.in/
RAJ-RA-2021-01194,REF-RAJ-RA-2021-01194,RAJASTHAN PUBLIC WORKS DEPARTMENT,RAJASTHAN State Government,RAJASTHAN,Central District,"RAJASTHAN, India",Medical Equipment & Consumables,Procurement of medical equipment & consumables for RAJASTHAN PUBLIC WORKS DEPARTMENT,Official public tender for supply of medical equipment & consumables under standard RAJASTHAN state procurement guidelines.,2020-12-14 00:00:00,2020-12-18 00:00:00,2020-12-19 00:00:00,2021-01-02,279845443.72,285442352.6,INR,1,GUPTA AND SONS CONTRACTOR,ENT-SUP-7A3AE215B9,GUPTA AND SONS CONTRACTOR,"RAJASTHAN, India",AWARDED,4.0,1,0,OPEN_TENDER,RAJASTHAN PUBLIC WORKS DEPARTMENT,RAJASTHAN,https://eproc.rajasthan.gov.in/
RAJ-RA-2021-01195,REF-RAJ-RA-2021-01195,MEDICAL HEALTH SERVICES JAIPUR,RAJASTHAN State Government,RAJASTHAN,Central District,"RAJASTHAN, India",Medical Equipment & Consumables,Procurement of medical equipment & consumables for MEDICAL HEALTH SERVICES JAIPUR,Official public tender for supply of medical equipment & consumables under standard RAJASTHAN state procurement guidelines.,2019-09-13 00:00:00,2019-09-27 00:00:00,2019-09-28 00:00:00,2019-10-12,8850823.82,7788724.96,INR,1,SHREE BALAJI ENTERPRISE,ENT-SUP-CA68E614E4,SHREE BALAJI ENTERPRISE,"RAJASTHAN, India",AWARDED,14.0,0,0,OPEN_TENDER,MEDICAL HEALTH SERVICES JAIPUR,RAJASTHAN,https://eproc.rajasthan.gov.in/
RAJ-RA-2021-01196,REF-RAJ-RA-2021-01196,JAIPUR DEVELOPMENT AUTHORITY,RAJASTHAN State Government,RAJASTHAN,Central District,"RAJASTHAN, India",Civil Works & Infrastructure,Procurement of civil works & infrastructure for JAIPUR DEVELOPMENT AUTHORITY,Official public tender for supply of civil works & infrastructure under standard RAJASTHAN state procurement guidelines.,2020-12-24 00:00:00,2021-01-23 00:00:00,2021-01-24 00:00:00,2021-02-07,263818550.23,269094921.23,INR,3,GUPTA AND SONS CONTRACTOR,ENT-SUP-7A3AE215B9,GUPTA AND SONS CONTRACTOR,"RAJASTHAN, India",AWARDED,30.0,0,0,OPEN_TENDER,JAIPUR DEVELOPMENT AUTHORITY,RAJASTHAN,https://eproc.rajasthan.gov.in/
RAJ-RA-2021-01197,REF-RAJ-RA-2021-01197,MEDICAL HEALTH SERVICES JAIPUR,RAJASTHAN State Government,RAJASTHAN,Central District,"RAJASTHAN, India",Civil Works & Infrastructure,Procurement of civil works & infrastructure for MEDICAL HEALTH SERVICES JAIPUR,Official public tender for supply of civil works & infrastructure under standard RAJASTHAN state procurement guidelines.,2020-03-11 00:00:00,2020-04-10 00:00:00,2020-04-11 00:00:00,2020-04-25,1946267.78,2238207.95,INR,3,TATA PROJECTS LIMITED,ENT-SUP-861D6E7011,TATA PROJECTS LIMITED,"RAJASTHAN, India",AWARDED,30.0,0,0,OPEN_TENDER,MEDICAL HEALTH SERVICES JAIPUR,RAJASTHAN,https://eproc.rajasthan.gov.in/
RAJ-RA-2021-01198,REF-RAJ-RA-2021-01198,JAIPUR DEVELOPMENT AUTHORITY,RAJASTHAN State Government,RAJASTHAN,Central District,"RAJASTHAN, India",Information Technology & Software,Procurement of information technology & software for JAIPUR DEVELOPMENT AUTHORITY,Official public tender for supply of information technology & software under standard RAJASTHAN state procurement guidelines.,2020-10-28 00:00:00,2020-11-27 00:00:00,2020-11-28 00:00:00,2020-12-12,7125530.08,7268040.68,INR,3,BHARAT DIAGNOSTIC SYSTEMS,ENT-SUP-C6B6FCD7BC,BHARAT DIAGNOSTIC SYSTEMS,"RAJASTHAN, India",AWARDED,30.0,0,0,OPEN_TENDER,JAIPUR DEVELOPMENT AUTHORITY,RAJASTHAN,https://eproc.rajasthan.gov.in/
RAJ-RA-2021-01199,REF-RAJ-RA-2021-01199,RAJASTHAN PUBLIC WORKS DEPARTMENT,RAJASTHAN State Government,RAJASTHAN,Central District,"RAJASTHAN, India",Civil Works & Infrastructure,Procurement of civil works & infrastructure for RAJASTHAN PUBLIC WORKS DEPARTMENT,Official public tender for supply of civil works & infrastructure under standard RAJASTHAN state procurement guidelines.,2021-07-26 00:00:00,2021-08-25 00:00:00,2021-08-26 00:00:00,2021-09-09,4908524.54,4319501.59,INR,4,SHARMA ENGINEERING WORKS,ENT-SUP-9473B0CC3C,SHARMA ENGINEERING WORKS,"RAJASTHAN, India",AWARDED,30.0,1,0,OPEN_TENDER,RAJASTHAN PUBLIC WORKS DEPARTMENT,RAJASTHAN,https://eproc.rajasthan.gov.in/
RAJ-RA-2021-01200,REF-RAJ-RA-2021-01200,PUBLIC HEALTH ENGINEERING DEPT RAJASTHAN,RAJASTHAN State Government,RAJASTHAN,Central District,"RAJASTHAN, India",Medical Equipment & Consumables,Procurement of medical equipment & consumables for PUBLIC HEALTH ENGINEERING DEPT RAJASTHAN,Official public tender for supply of medical equipment & consumables under standard RAJASTHAN state procurement guidelines.,2021-05-28 00:00:00,2021-06-01 00:00:00,2021-06-02 00:00:00,2021-06-16,4400905.5,4488923.61,INR,3,DILIP BUILDCON LIMITED,ENT-SUP-55226FC7C8,DILIP BUILDCON LIMITED,"RAJASTHAN, India",AWARDED,4.0,0,0,OPEN_TENDER,PUBLIC HEALTH ENGINEERING DEPT RAJASTHAN,RAJASTHAN,https://eproc.rajasthan.gov.in/
RAJ-RA-2021-01201,REF-RAJ-RA-2021-01201,PUBLIC HEALTH ENGINEERING DEPT RAJASTHAN,RAJASTHAN State Government,RAJASTHAN,Central District,"RAJASTHAN, India",Consultancy & Facility Management,Procurement of consultancy & facility management for PUBLIC HEALTH ENGINEERING DEPT RAJASTHAN,Official public tender for supply of consultancy & facility management under standard RAJASTHAN state procurement guidelines.,2020-04-06 00:00:00,2020-04-10 00:00:00,2020-04-11 00:00:00,2020-04-25,122405446.27,107716792.72,INR,1,VANGUARD POWER SERVICES,ENT-SUP-FBE5090586,VANGUARD POWER SERVICES,"RAJASTHAN, India",AWARDED,4.0,0,0,OPEN_TENDER,PUBLIC HEALTH ENGINEERING DEPT RAJASTHAN,RAJASTHAN,https://eproc.rajasthan.gov.in/
RAJ-RA-2021-01202,REF-RAJ-RA-2021-01202,RAJASTHAN PUBLIC WORKS DEPARTMENT,RAJASTHAN State Government,RAJASTHAN,Central District,"RAJASTHAN, India",Electrical & Mechanical,Procurement of electrical & mechanical for RAJASTHAN PUBLIC WORKS DEPARTMENT,Official public tender for supply of electrical & mechanical under standard RAJASTHAN state procurement guidelines.,2019-10-12 00:00:00,2019-11-11 00:00:00,2019-11-12 00:00:00,2019-11-26,4958706.8,5355403.34,INR,1,NCC LIMITED INFRASTRUCTURE,ENT-SUP-0DFD916C8B,NCC LIMITED INFRASTRUCTURE,"RAJASTHAN, India",AWARDED,30.0,1,0,OPEN_TENDER,RAJASTHAN PUBLIC WORKS DEPARTMENT,RAJASTHAN,https://eproc.rajasthan.gov.in/
RAJ-RA-2021-01203,REF-RAJ-RA-2021-01203,PUBLIC HEALTH ENGINEERING DEPT RAJASTHAN,RAJASTHAN State Government,RAJASTHAN,Central District,"RAJASTHAN, India",Information Technology & Software,Procurement of information technology & software for PUBLIC HEALTH ENGINEERING DEPT RAJASTHAN,Official public tender for supply of information technology & software under standard RAJASTHAN state procurement guidelines.,2019-03-11 00:00:00,2019-03-15 00:00:00,2019-03-16 00:00:00,2019-03-30,13722803.44,13997259.5,INR,3,SHARMA ENGINEERING WORKS,ENT-SUP-9473B0CC3C,SHARMA ENGINEERING WORKS,"RAJASTHAN, India",AWARDED,4.0,2,0,OPEN_TENDER,PUBLIC HEALTH ENGINEERING DEPT RAJASTHAN,RAJASTHAN,https://eproc.rajasthan.gov.in/
RAJ-RA-2021-01204,REF-RAJ-RA-2021-01204,PUBLIC HEALTH ENGINEERING DEPT RAJASTHAN,RAJASTHAN State Government,RAJASTHAN,Central District,"RAJASTHAN, India",Information Technology & Software,Procurement of information technology & software for PUBLIC HEALTH ENGINEERING DEPT RAJASTHAN,Official public tender for supply of information technology & software under standard RAJASTHAN state procurement guidelines.,2020-05-20 00:00:00,2020-06-10 00:00:00,2020-06-11 00:00:00,2020-06-25,4934171.77,6661131.89,INR,3,SHARMA ENGINEERING WORKS,ENT-SUP-9473B0CC3C,SHARMA ENGINEERING WORKS,"RAJASTHAN, India",AWARDED,21.0,0,0,OPEN_TENDER,PUBLIC HEALTH ENGINEERING DEPT RAJASTHAN,RAJASTHAN,https://eproc.rajasthan.gov.in/
RAJ-RA-2021-01205,REF-RAJ-RA-2021-01205,RAJASTHAN PUBLIC WORKS DEPARTMENT,RAJASTHAN State Government,RAJASTHAN,Central District,"RAJASTHAN, India",Information Technology & Software,Procurement of information technology & software for RAJASTHAN PUBLIC WORKS DEPARTMENT,Official public tender for supply of information technology & software under standard RAJASTHAN state procurement guidelines.,2021-04-02 00:00:00,2021-04-08 00:00:00,2021-04-09 00:00:00,2021-04-23,2212025.19,2986234.0,INR,5,AHLUWALIA CONTRACTS INDIA LIMITED,ENT-SUP-28AFE50D95,AHLUWALIA CONTRACTS INDIA LIMITED,"RAJASTHAN, India",AWARDED,6.0,0,0,OPEN_TENDER,RAJASTHAN PUBLIC WORKS DEPARTMENT,RAJASTHAN,https://eproc.rajasthan.gov.in/
RAJ-RA-2021-01206,REF-RAJ-RA-2021-01206,JAIPUR DEVELOPMENT AUTHORITY,RAJASTHAN State Government,RAJASTHAN,Central District,"RAJASTHAN, India",Electrical & Mechanical,Procurement of electrical & mechanical for JAIPUR DEVELOPMENT AUTHORITY,Official public tender for supply of electrical & mechanical under standard RAJASTHAN state procurement guidelines.,2021-04-25 00:00:00,2021-05-25 00:00:00,2021-05-26 00:00:00,2021-06-09,104303202.72,140809323.67,INR,1,AHLUWALIA CONTRACTS INDIA LIMITED,ENT-SUP-28AFE50D95,AHLUWALIA CONTRACTS INDIA LIMITED,"RAJASTHAN, India",AWARDED,30.0,1,0,OPEN_TENDER,JAIPUR DEVELOPMENT AUTHORITY,RAJASTHAN,https://eproc.rajasthan.gov.in/
RAJ-RA-2021-01207,REF-RAJ-RA-2021-01207,JAIPUR DEVELOPMENT AUTHORITY,RAJASTHAN State Government,RAJASTHAN,Central District,"RAJASTHAN, India",Civil Works & Infrastructure,Procurement of civil works & infrastructure for JAIPUR DEVELOPMENT AUTHORITY,Official public tender for supply of civil works & infrastructure under standard RAJASTHAN state procurement guidelines.,2019-08-17 00:00:00,2019-09-16 00:00:00,2019-09-17 00:00:00,2019-10-01,17357904.9,16490009.65,INR,1,APEX MEDITECH SOLUTIONS,ENT-SUP-A750489DC1,APEX MEDITECH SOLUTIONS,"RAJASTHAN, India",AWARDED,30.0,0,0,OPEN_TENDER,JAIPUR DEVELOPMENT AUTHORITY,RAJASTHAN,https://eproc.rajasthan.gov.in/
RAJ-RA-2021-01208,REF-RAJ-RA-2021-01208,MEDICAL HEALTH SERVICES JAIPUR,RAJASTHAN State Government,RAJASTHAN,Central District,"RAJASTHAN, India",Electrical & Mechanical,Procurement of electrical & mechanical for MEDICAL HEALTH SERVICES JAIPUR,Official public tender for supply of electrical & mechanical under standard RAJASTHAN state procurement guidelines.,2020-09-05 00:00:00,2020-09-09 00:00:00,2020-09-10 00:00:00,2020-09-24,7757261.47,7369398.4,INR,4,LARSEN AND TOUBRO CONSTRUCTION,ENT-SUP-6C6BEB7D6E,LARSEN AND TOUBRO CONSTRUCTION,"RAJASTHAN, India",AWARDED,4.0,0,0,OPEN_TENDER,MEDICAL HEALTH SERVICES JAIPUR,RAJASTHAN,https://eproc.rajasthan.gov.in/
RAJ-RA-2021-01209,REF-RAJ-RA-2021-01209,MEDICAL HEALTH SERVICES JAIPUR,RAJASTHAN State Government,RAJASTHAN,Central District,"RAJASTHAN, India",Consultancy & Facility Management,Procurement of consultancy & facility management for MEDICAL HEALTH SERVICES JAIPUR,Official public tender for supply of consultancy & facility management under standard RAJASTHAN state procurement guidelines.,2019-07-28 00:00:00,2019-08-03 00:00:00,2019-08-04 00:00:00,2019-08-18,3068433.04,3313907.68,INR,1,DILIP BUILDCON LIMITED,ENT-SUP-55226FC7C8,DILIP BUILDCON LIMITED,"RAJASTHAN, India",AWARDED,6.0,0,0,OPEN_TENDER,MEDICAL HEALTH SERVICES JAIPUR,RAJASTHAN,https://eproc.rajasthan.gov.in/
RAJ-RA-2021-01210,REF-RAJ-RA-2021-01210,MEDICAL HEALTH SERVICES JAIPUR,RAJASTHAN State Government,RAJASTHAN,Central District,"RAJASTHAN, India",Electrical & Mechanical,Procurement of electrical & mechanical for MEDICAL HEALTH SERVICES JAIPUR,Official public tender for supply of electrical & mechanical under standard RAJASTHAN state procurement guidelines.,2019-08-20 00:00:00,2019-09-10 00:00:00,2019-09-11 00:00:00,2019-09-25,1927161.01,2081333.89,INR,3,VANGUARD POWER SERVICES,ENT-SUP-FBE5090586,VANGUARD POWER SERVICES,"RAJASTHAN, India",AWARDED,21.0,0,0,OPEN_TENDER,MEDICAL HEALTH SERVICES JAIPUR,RAJASTHAN,https://eproc.rajasthan.gov.in/
RAJ-RA-2021-01211,REF-RAJ-RA-2021-01211,RAJASTHAN RAJYA VIDYUT PRASARAN,RAJASTHAN State Government,RAJASTHAN,Central District,"RAJASTHAN, India",Consultancy & Facility Management,Procurement of consultancy & facility management for RAJASTHAN RAJYA VIDYUT PRASARAN,Official public tender for supply of consultancy & facility management under standard RAJASTHAN state procurement guidelines.,2020-03-25 00:00:00,2020-03-29 00:00:00,2020-03-30 00:00:00,2020-04-13,147652115.72,199330356.23,INR,4,SHARMA ENGINEERING WORKS,ENT-SUP-9473B0CC3C,SHARMA ENGINEERING WORKS,"RAJASTHAN, India",AWARDED,4.0,1,0,OPEN_TENDER,RAJASTHAN RAJYA VIDYUT PRASARAN,RAJASTHAN,https://eproc.rajasthan.gov.in/
RAJ-RA-2021-01212,REF-RAJ-RA-2021-01212,RAJASTHAN PUBLIC WORKS DEPARTMENT,RAJASTHAN State Government,RAJASTHAN,Central District,"RAJASTHAN, India",Information Technology & Software,Procurement of information technology & software for RAJASTHAN PUBLIC WORKS DEPARTMENT,Official public tender for supply of information technology & software under standard RAJASTHAN state procurement guidelines.,2019-09-13 00:00:00,2019-09-27 00:00:00,2019-09-28 00:00:00,2019-10-12,1449090.62,1376636.09,INR,1,SHARMA ENGINEERING WORKS,ENT-SUP-9473B0CC3C,SHARMA ENGINEERING WORKS,"RAJASTHAN, India",AWARDED,14.0,0,0,OPEN_TENDER,RAJASTHAN PUBLIC WORKS DEPARTMENT,RAJASTHAN,https://eproc.rajasthan.gov.in/
RAJ-RA-2021-01213,REF-RAJ-RA-2021-01213,RAJASTHAN PUBLIC WORKS DEPARTMENT,RAJASTHAN State Government,RAJASTHAN,Central District,"RAJASTHAN, India",Consultancy & Facility Management,Procurement of consultancy & facility management for RAJASTHAN PUBLIC WORKS DEPARTMENT,Official public tender for supply of consultancy & facility management under standard RAJASTHAN state procurement guidelines.,2019-02-08 00:00:00,2019-02-22 00:00:00,2019-02-23 00:00:00,2019-03-09,10795393.91,11659025.43,INR,1,KNR CONSTRUCTION,ENT-SUP-6A86A67807,KNR CONSTRUCTION,"RAJASTHAN, India",AWARDED,14.0,0,0,OPEN_TENDER,RAJASTHAN PUBLIC WORKS DEPARTMENT,RAJASTHAN,https://eproc.rajasthan.gov.in/
RAJ-RA-2021-01214,REF-RAJ-RA-2021-01214,RAJASTHAN RAJYA VIDYUT PRASARAN,RAJASTHAN State Government,RAJASTHAN,Central District,"RAJASTHAN, India",Electrical & Mechanical,Procurement of electrical & mechanical for RAJASTHAN RAJYA VIDYUT PRASARAN,Official public tender for supply of electrical & mechanical under standard RAJASTHAN state procurement guidelines.,2020-08-13 00:00:00,2020-08-27 00:00:00,2020-08-28 00:00:00,2020-09-11,4917646.05,6638822.17,INR,1,ZENITH INFRASTRUCTURE PROJECTS,ENT-SUP-4F350A4CA1,ZENITH INFRASTRUCTURE PROJECTS,"RAJASTHAN, India",AWARDED,14.0,0,0,OPEN_TENDER,RAJASTHAN RAJYA VIDYUT PRASARAN,RAJASTHAN,https://eproc.rajasthan.gov.in/
RAJ-RA-2021-01215,REF-RAJ-RA-2021-01215,RAJASTHAN RAJYA VIDYUT PRASARAN,RAJASTHAN State Government,RAJASTHAN,Central District,"RAJASTHAN, India",Information Technology & Software,Procurement of information technology & software for RAJASTHAN RAJYA VIDYUT PRASARAN,Official public tender for supply of information technology & software under standard RAJASTHAN state procurement guidelines.,2021-01-30 00:00:00,2021-02-05 00:00:00,2021-02-06 00:00:00,2021-02-20,4938063.7,5333108.79,INR,3,DILIP BUILDCON LIMITED,ENT-SUP-55226FC7C8,DILIP BUILDCON LIMITED,"RAJASTHAN, India",AWARDED,6.0,1,0,OPEN_TENDER,RAJASTHAN RAJYA VIDYUT PRASARAN,RAJASTHAN,https://eproc.rajasthan.gov.in/
RAJ-RA-2021-01216,REF-RAJ-RA-2021-01216,MEDICAL HEALTH SERVICES JAIPUR,RAJASTHAN State Government,RAJASTHAN,Central District,"RAJASTHAN, India",Consultancy & Facility Management,Procurement of consultancy & facility management for MEDICAL HEALTH SERVICES JAIPUR,Official public tender for supply of consultancy & facility management under standard RAJASTHAN state procurement guidelines.,2019-07-21 00:00:00,2019-08-20 00:00:00,2019-08-21 00:00:00,2019-09-04,150267434.06,162288828.78,INR,4,SHREE BALAJI ENTERPRISE,ENT-SUP-CA68E614E4,SHREE BALAJI ENTERPRISE,"RAJASTHAN, India",AWARDED,30.0,0,0,OPEN_TENDER,MEDICAL HEALTH SERVICES JAIPUR,RAJASTHAN,https://eproc.rajasthan.gov.in/
RAJ-RA-2021-01217,REF-RAJ-RA-2021-01217,RAJASTHAN RAJYA VIDYUT PRASARAN,RAJASTHAN State Government,RAJASTHAN,Central District,"RAJASTHAN, India",Information Technology & Software,Procurement of information technology & software for RAJASTHAN RAJYA VIDYUT PRASARAN,Official public tender for supply of information technology & software under standard RAJASTHAN state procurement guidelines.,2020-03-30 00:00:00,2020-04-20 00:00:00,2020-04-21 00:00:00,2020-05-05,4927119.76,4680763.78,INR,1,LARSEN AND TOUBRO CONSTRUCTION,ENT-SUP-6C6BEB7D6E,LARSEN AND TOUBRO CONSTRUCTION,"RAJASTHAN, India",AWARDED,21.0,0,0,OPEN_TENDER,RAJASTHAN RAJYA VIDYUT PRASARAN,RAJASTHAN,https://eproc.rajasthan.gov.in/
RAJ-RA-2021-01218,REF-RAJ-RA-2021-01218,PUBLIC HEALTH ENGINEERING DEPT RAJASTHAN,RAJASTHAN State Government,RAJASTHAN,Central District,"RAJASTHAN, India",Medical Equipment & Consumables,Procurement of medical equipment & consumables for PUBLIC HEALTH ENGINEERING DEPT RAJASTHAN,Official public tender for supply of medical equipment & consumables under standard RAJASTHAN state procurement guidelines.,2019-07-10 00:00:00,2019-07-24 00:00:00,2019-07-25 00:00:00,2019-08-08,4922106.51,5020548.64,INR,2,NCC LIMITED INFRASTRUCTURE,ENT-SUP-0DFD916C8B,NCC LIMITED INFRASTRUCTURE,"RAJASTHAN, India",AWARDED,14.0,0,0,OPEN_TENDER,PUBLIC HEALTH ENGINEERING DEPT RAJASTHAN,RAJASTHAN,https://eproc.rajasthan.gov.in/
RAJ-RA-2021-01219,REF-RAJ-RA-2021-01219,RAJASTHAN PUBLIC WORKS DEPARTMENT,RAJASTHAN State Government,RAJASTHAN,Central District,"RAJASTHAN, India",Consultancy & Facility Management,Procurement of consultancy & facility management for RAJASTHAN PUBLIC WORKS DEPARTMENT,Official public tender for supply of consultancy & facility management under standard RAJASTHAN state procurement guidelines.,2019-04-10 00:00:00,2019-04-24 00:00:00,2019-04-25 00:00:00,2019-05-09,4917265.28,6638308.13,INR,3,APEX MEDITECH SOLUTIONS,ENT-SUP-A750489DC1,APEX MEDITECH SOLUTIONS,"RAJASTHAN, India",AWARDED,14.0,0,0,OPEN_TENDER,RAJASTHAN PUBLIC WORKS DEPARTMENT,RAJASTHAN,https://eproc.rajasthan.gov.in/
RAJ-RA-2021-01220,REF-RAJ-RA-2021-01220,RAJASTHAN PUBLIC WORKS DEPARTMENT,RAJASTHAN State Government,RAJASTHAN,Central District,"RAJASTHAN, India",Civil Works & Infrastructure,Procurement of civil works & infrastructure for RAJASTHAN PUBLIC WORKS DEPARTMENT,Official public tender for supply of civil works & infrastructure under standard RAJASTHAN state procurement guidelines.,2020-01-11 00:00:00,2020-01-25 00:00:00,2020-01-26 00:00:00,2020-02-09,15223922.54,16441836.34,INR,4,SHREE BALAJI ENTERPRISE,ENT-SUP-CA68E614E4,SHREE BALAJI ENTERPRISE,"RAJASTHAN, India",AWARDED,14.0,0,0,OPEN_TENDER,RAJASTHAN PUBLIC WORKS DEPARTMENT,RAJASTHAN,https://eproc.rajasthan.gov.in/
RAJ-RA-2021-01221,REF-RAJ-RA-2021-01221,RAJASTHAN RAJYA VIDYUT PRASARAN,RAJASTHAN State Government,RAJASTHAN,Central District,"RAJASTHAN, India",Information Technology & Software,Procurement of information technology & software for RAJASTHAN RAJYA VIDYUT PRASARAN,Official public tender for supply of information technology & software under standard RAJASTHAN state procurement guidelines.,2020-01-05 00:00:00,2020-01-26 00:00:00,2020-01-27 00:00:00,2020-02-10,321297886.39,369492569.35,INR,1,LARSEN AND TOUBRO CONSTRUCTION,ENT-SUP-6C6BEB7D6E,LARSEN AND TOUBRO CONSTRUCTION,"RAJASTHAN, India",AWARDED,21.0,1,0,OPEN_TENDER,RAJASTHAN RAJYA VIDYUT PRASARAN,RAJASTHAN,https://eproc.rajasthan.gov.in/
RAJ-RA-2021-01222,REF-RAJ-RA-2021-01222,RAJASTHAN RAJYA VIDYUT PRASARAN,RAJASTHAN State Government,RAJASTHAN,Central District,"RAJASTHAN, India",Consultancy & Facility Management,Procurement of consultancy & facility management for RAJASTHAN RAJYA VIDYUT PRASARAN,Official public tender for supply of consultancy & facility management under standard RAJASTHAN state procurement guidelines.,2019-07-24 00:00:00,2019-08-14 00:00:00,2019-08-15 00:00:00,2019-08-29,4943689.96,4696505.47,INR,2,LARSEN AND TOUBRO CONSTRUCTION,ENT-SUP-6C6BEB7D6E,LARSEN AND TOUBRO CONSTRUCTION,"RAJASTHAN, India",AWARDED,21.0,1,0,OPEN_TENDER,RAJASTHAN RAJYA VIDYUT PRASARAN,RAJASTHAN,https://eproc.rajasthan.gov.in/
RAJ-RA-2021-01223,REF-RAJ-RA-2021-01223,RAJASTHAN RAJYA VIDYUT PRASARAN,RAJASTHAN State Government,RAJASTHAN,Central District,"RAJASTHAN, India",Civil Works & Infrastructure,Procurement of civil works & infrastructure for RAJASTHAN RAJYA VIDYUT PRASARAN,Official public tender for supply of civil works & infrastructure under standard RAJASTHAN state procurement guidelines.,2019-05-08 00:00:00,2019-05-22 00:00:00,2019-05-23 00:00:00,2019-06-06,13955989.25,16049387.64,INR,3,AFCONS INFRASTRUCTURE LIMITED,ENT-SUP-AC3B9A87E5,AFCONS INFRASTRUCTURE LIMITED,"RAJASTHAN, India",AWARDED,14.0,0,0,OPEN_TENDER,RAJASTHAN RAJYA VIDYUT PRASARAN,RAJASTHAN,https://eproc.rajasthan.gov.in/
RAJ-RA-2021-01224,REF-RAJ-RA-2021-01224,RAJASTHAN RAJYA VIDYUT PRASARAN,RAJASTHAN State Government,RAJASTHAN,Central District,"RAJASTHAN, India",Medical Equipment & Consumables,Procurement of medical equipment & consumables for RAJASTHAN RAJYA VIDYUT PRASARAN,Official public tender for supply of medical equipment & consumables under standard RAJASTHAN state procurement guidelines.,2020-10-23 00:00:00,2020-10-29 00:00:00,2020-10-30 00:00:00,2020-11-13,22528217.59,21401806.71,INR,3,KNR CONSTRUCTION,ENT-SUP-6A86A67807,KNR CONSTRUCTION,"RAJASTHAN, India",AWARDED,6.0,0,0,OPEN_TENDER,RAJASTHAN RAJYA VIDYUT PRASARAN,RAJASTHAN,https://eproc.rajasthan.gov.in/
RAJ-RA-2021-01225,REF-RAJ-RA-2021-01225,MEDICAL HEALTH SERVICES JAIPUR,RAJASTHAN State Government,RAJASTHAN,Central District,"RAJASTHAN, India",Information Technology & Software,Procurement of information technology & software for MEDICAL HEALTH SERVICES JAIPUR,Official public tender for supply of information technology & software under standard RAJASTHAN state procurement guidelines.,2020-08-13 00:00:00,2020-08-17 00:00:00,2020-08-18 00:00:00,2020-09-01,4934852.74,6662051.19,INR,3,LARSEN AND TOUBRO CONSTRUCTION,ENT-SUP-6C6BEB7D6E,LARSEN AND TOUBRO CONSTRUCTION,"RAJASTHAN, India",AWARDED,4.0,0,0,OPEN_TENDER,MEDICAL HEALTH SERVICES JAIPUR,RAJASTHAN,https://eproc.rajasthan.gov.in/
RAJ-RA-2021-01226,REF-RAJ-RA-2021-01226,RAJASTHAN PUBLIC WORKS DEPARTMENT,RAJASTHAN State Government,RAJASTHAN,Central District,"RAJASTHAN, India",Civil Works & Infrastructure,Procurement of civil works & infrastructure for RAJASTHAN PUBLIC WORKS DEPARTMENT,Official public tender for supply of civil works & infrastructure under standard RAJASTHAN state procurement guidelines.,2020-04-14 00:00:00,2020-04-28 00:00:00,2020-04-29 00:00:00,2020-05-13,4939056.3,6667726.01,INR,4,AHLUWALIA CONTRACTS INDIA LIMITED,ENT-SUP-28AFE50D95,AHLUWALIA CONTRACTS INDIA LIMITED,"RAJASTHAN, India",AWARDED,14.0,2,0,OPEN_TENDER,RAJASTHAN PUBLIC WORKS DEPARTMENT,RAJASTHAN,https://eproc.rajasthan.gov.in/
RAJ-RA-2021-01227,REF-RAJ-RA-2021-01227,PUBLIC HEALTH ENGINEERING DEPT RAJASTHAN,RAJASTHAN State Government,RAJASTHAN,Central District,"RAJASTHAN, India",Civil Works & Infrastructure,Procurement of civil works & infrastructure for PUBLIC HEALTH ENGINEERING DEPT RAJASTHAN,Official public tender for supply of civil works & infrastructure under standard RAJASTHAN state procurement guidelines.,2021-04-30 00:00:00,2021-05-21 00:00:00,2021-05-22 00:00:00,2021-06-05,3963729.17,3488081.67,INR,3,TATA PROJECTS LIMITED,ENT-SUP-861D6E7011,TATA PROJECTS LIMITED,"RAJASTHAN, India",AWARDED,21.0,0,0,OPEN_TENDER,PUBLIC HEALTH ENGINEERING DEPT RAJASTHAN,RAJASTHAN,https://eproc.rajasthan.gov.in/
RAJ-RA-2021-01228,REF-RAJ-RA-2021-01228,RAJASTHAN RAJYA VIDYUT PRASARAN,RAJASTHAN State Government,RAJASTHAN,Central District,"RAJASTHAN, India",Consultancy & Facility Management,Procurement of consultancy & facility management for RAJASTHAN RAJYA VIDYUT PRASARAN,Official public tender for supply of consultancy & facility management under standard RAJASTHAN state procurement guidelines.,2019-10-01 00:00:00,2019-10-15 00:00:00,2019-10-16 00:00:00,2019-10-30,3016689.05,4072530.22,INR,3,NCC LIMITED INFRASTRUCTURE,ENT-SUP-0DFD916C8B,NCC LIMITED INFRASTRUCTURE,"RAJASTHAN, India",AWARDED,14.0,0,0,OPEN_TENDER,RAJASTHAN RAJYA VIDYUT PRASARAN,RAJASTHAN,https://eproc.rajasthan.gov.in/
RAJ-RA-2021-01229,REF-RAJ-RA-2021-01229,PUBLIC HEALTH ENGINEERING DEPT RAJASTHAN,RAJASTHAN State Government,RAJASTHAN,Central District,"RAJASTHAN, India",Medical Equipment & Consumables,Procurement of medical equipment & consumables for PUBLIC HEALTH ENGINEERING DEPT RAJASTHAN,Official public tender for supply of medical equipment & consumables under standard RAJASTHAN state procurement guidelines.,2021-04-21 00:00:00,2021-05-12 00:00:00,2021-05-13 00:00:00,2021-05-27,297451034.43,282578482.71,INR,3,TATA PROJECTS LIMITED,ENT-SUP-861D6E7011,TATA PROJECTS LIMITED,"RAJASTHAN, India",AWARDED,21.0,0,0,OPEN_TENDER,PUBLIC HEALTH ENGINEERING DEPT RAJASTHAN,RAJASTHAN,https://eproc.rajasthan.gov.in/
RAJ-RA-2021-01230,REF-RAJ-RA-2021-01230,PUBLIC HEALTH ENGINEERING DEPT RAJASTHAN,RAJASTHAN State Government,RAJASTHAN,Central District,"RAJASTHAN, India",Medical Equipment & Consumables,Procurement of medical equipment & consumables for PUBLIC HEALTH ENGINEERING DEPT RAJASTHAN,Official public tender for supply of medical equipment & consumables under standard RAJASTHAN state procurement guidelines.,2019-05-03 00:00:00,2019-05-17 00:00:00,2019-05-18 00:00:00,2019-06-01,22713593.12,24530680.56,INR,3,SHARMA ENGINEERING WORKS,ENT-SUP-9473B0CC3C,SHARMA ENGINEERING WORKS,"RAJASTHAN, India",AWARDED,14.0,0,0,OPEN_TENDER,PUBLIC HEALTH ENGINEERING DEPT RAJASTHAN,RAJASTHAN,https://eproc.rajasthan.gov.in/
RAJ-RA-2021-01231,REF-RAJ-RA-2021-01231,RAJASTHAN PUBLIC WORKS DEPARTMENT,RAJASTHAN State Government,RAJASTHAN,Central District,"RAJASTHAN, India",Electrical & Mechanical,Procurement of electrical & mechanical for RAJASTHAN PUBLIC WORKS DEPARTMENT,Official public tender for supply of electrical & mechanical under standard RAJASTHAN state procurement guidelines.,2021-06-09 00:00:00,2021-07-09 00:00:00,2021-07-10 00:00:00,2021-07-24,236033884.71,271438967.41,INR,3,KNR CONSTRUCTION,ENT-SUP-6A86A67807,KNR CONSTRUCTION,"RAJASTHAN, India",AWARDED,30.0,1,0,OPEN_TENDER,RAJASTHAN PUBLIC WORKS DEPARTMENT,RAJASTHAN,https://eproc.rajasthan.gov.in/
RAJ-RA-2021-01232,REF-RAJ-RA-2021-01232,MEDICAL HEALTH SERVICES JAIPUR,RAJASTHAN State Government,RAJASTHAN,Central District,"RAJASTHAN, India",Information Technology & Software,Procurement of information technology & software for MEDICAL HEALTH SERVICES JAIPUR,Official public tender for supply of information technology & software under standard RAJASTHAN state procurement guidelines.,2021-01-06 00:00:00,2021-01-20 00:00:00,2021-01-21 00:00:00,2021-02-04,52579799.97,46270223.97,INR,3,VANGUARD POWER SERVICES,ENT-SUP-FBE5090586,VANGUARD POWER SERVICES,"RAJASTHAN, India",AWARDED,14.0,2,0,OPEN_TENDER,MEDICAL HEALTH SERVICES JAIPUR,RAJASTHAN,https://eproc.rajasthan.gov.in/
RAJ-RA-2021-01233,REF-RAJ-RA-2021-01233,JAIPUR DEVELOPMENT AUTHORITY,RAJASTHAN State Government,RAJASTHAN,Central District,"RAJASTHAN, India",Consultancy & Facility Management,Procurement of consultancy & facility management for JAIPUR DEVELOPMENT AUTHORITY,Official public tender for supply of consultancy & facility management under standard RAJASTHAN state procurement guidelines.,2019-07-11 00:00:00,2019-08-01 00:00:00,2019-08-02 00:00:00,2019-08-16,279827686.23,246248363.88,INR,5,TATA PROJECTS LIMITED,ENT-SUP-861D6E7011,TATA PROJECTS LIMITED,"RAJASTHAN, India",AWARDED,21.0,0,0,OPEN_TENDER,JAIPUR DEVELOPMENT AUTHORITY,RAJASTHAN,https://eproc.rajasthan.gov.in/
RAJ-RA-2021-01234,REF-RAJ-RA-2021-01234,RAJASTHAN PUBLIC WORKS DEPARTMENT,RAJASTHAN State Government,RAJASTHAN,Central District,"RAJASTHAN, India",Medical Equipment & Consumables,Procurement of medical equipment & consumables for RAJASTHAN PUBLIC WORKS DEPARTMENT,Official public tender for supply of medical equipment & consumables under standard RAJASTHAN state procurement guidelines.,2019-06-10 00:00:00,2019-07-01 00:00:00,2019-07-02 00:00:00,2019-07-16,4938877.35,6667484.42,INR,1,APEX MEDITECH SOLUTIONS,ENT-SUP-A750489DC1,APEX MEDITECH SOLUTIONS,"RAJASTHAN, India",AWARDED,21.0,0,0,OPEN_TENDER,RAJASTHAN PUBLIC WORKS DEPARTMENT,RAJASTHAN,https://eproc.rajasthan.gov.in/
RAJ-RA-2021-01235,REF-RAJ-RA-2021-01235,RAJASTHAN RAJYA VIDYUT PRASARAN,RAJASTHAN State Government,RAJASTHAN,Central District,"RAJASTHAN, India",Information Technology & Software,Procurement of information technology & software for RAJASTHAN RAJYA VIDYUT PRASARAN,Official public tender for supply of information technology & software under standard RAJASTHAN state procurement guidelines.,2019-12-20 00:00:00,2020-01-03 00:00:00,2020-01-04 00:00:00,2020-01-18,20657479.5,27887597.33,INR,2,AHLUWALIA CONTRACTS INDIA LIMITED,ENT-SUP-28AFE50D95,AHLUWALIA CONTRACTS INDIA LIMITED,"RAJASTHAN, India",AWARDED,14.0,1,0,OPEN_TENDER,RAJASTHAN RAJYA VIDYUT PRASARAN,RAJASTHAN,https://eproc.rajasthan.gov.in/
RAJ-RA-2021-01236,REF-RAJ-RA-2021-01236,JAIPUR DEVELOPMENT AUTHORITY,RAJASTHAN State Government,RAJASTHAN,Central District,"RAJASTHAN, India",Consultancy & Facility Management,Procurement of consultancy & facility management for JAIPUR DEVELOPMENT AUTHORITY,Official public tender for supply of consultancy & facility management under standard RAJASTHAN state procurement guidelines.,2020-05-08 00:00:00,2020-05-22 00:00:00,2020-05-23 00:00:00,2020-06-06,2687150.43,2364692.38,INR,1,LARSEN AND TOUBRO CONSTRUCTION,ENT-SUP-6C6BEB7D6E,LARSEN AND TOUBRO CONSTRUCTION,"RAJASTHAN, India",AWARDED,14.0,0,0,OPEN_TENDER,JAIPUR DEVELOPMENT AUTHORITY,RAJASTHAN,https://eproc.rajasthan.gov.in/
RAJ-RA-2021-01237,REF-RAJ-RA-2021-01237,RAJASTHAN PUBLIC WORKS DEPARTMENT,RAJASTHAN State Government,RAJASTHAN,Central District,"RAJASTHAN, India",Civil Works & Infrastructure,Procurement of civil works & infrastructure for RAJASTHAN PUBLIC WORKS DEPARTMENT,Official public tender for supply of civil works & infrastructure under standard RAJASTHAN state procurement guidelines.,2021-06-30 00:00:00,2021-07-21 00:00:00,2021-07-22 00:00:00,2021-08-05,3672304.63,4223150.33,INR,2,ZENITH INFRASTRUCTURE PROJECTS,ENT-SUP-4F350A4CA1,ZENITH INFRASTRUCTURE PROJECTS,"RAJASTHAN, India",AWARDED,21.0,2,0,OPEN_TENDER,RAJASTHAN PUBLIC WORKS DEPARTMENT,RAJASTHAN,https://eproc.rajasthan.gov.in/
RAJ-RA-2021-01238,REF-RAJ-RA-2021-01238,JAIPUR DEVELOPMENT AUTHORITY,RAJASTHAN State Government,RAJASTHAN,Central District,"RAJASTHAN, India",Consultancy & Facility Management,Procurement of consultancy & facility management for JAIPUR DEVELOPMENT AUTHORITY,Official public tender for supply of consultancy & facility management under standard RAJASTHAN state procurement guidelines.,2020-05-19 00:00:00,2020-05-25 00:00:00,2020-05-26 00:00:00,2020-06-09,5583070.25,4913101.82,INR,1,KNR CONSTRUCTION,ENT-SUP-6A86A67807,KNR CONSTRUCTION,"RAJASTHAN, India",AWARDED,6.0,0,0,OPEN_TENDER,JAIPUR DEVELOPMENT AUTHORITY,RAJASTHAN,https://eproc.rajasthan.gov.in/
RAJ-RA-2021-01239,REF-RAJ-RA-2021-01239,RAJASTHAN RAJYA VIDYUT PRASARAN,RAJASTHAN State Government,RAJASTHAN,Central District,"RAJASTHAN, India",Electrical & Mechanical,Procurement of electrical & mechanical for RAJASTHAN RAJYA VIDYUT PRASARAN,Official public tender for supply of electrical & mechanical under standard RAJASTHAN state procurement guidelines.,2019-10-09 00:00:00,2019-10-23 00:00:00,2019-10-24 00:00:00,2019-11-07,305193164.91,268569985.12,INR,2,AFCONS INFRASTRUCTURE LIMITED,ENT-SUP-AC3B9A87E5,AFCONS INFRASTRUCTURE LIMITED,"RAJASTHAN, India",AWARDED,14.0,2,0,OPEN_TENDER,RAJASTHAN RAJYA VIDYUT PRASARAN,RAJASTHAN,https://eproc.rajasthan.gov.in/
RAJ-RA-2021-01240,REF-RAJ-RA-2021-01240,MEDICAL HEALTH SERVICES JAIPUR,RAJASTHAN State Government,RAJASTHAN,Central District,"RAJASTHAN, India",Consultancy & Facility Management,Procurement of consultancy & facility management for MEDICAL HEALTH SERVICES JAIPUR,Official public tender for supply of consultancy & facility management under standard RAJASTHAN state procurement guidelines.,2019-09-14 00:00:00,2019-10-14 00:00:00,2019-10-15 00:00:00,2019-10-29,175991381.49,202390088.71,INR,1,APEX MEDITECH SOLUTIONS,ENT-SUP-A750489DC1,APEX MEDITECH SOLUTIONS,"RAJASTHAN, India",AWARDED,30.0,0,0,OPEN_TENDER,MEDICAL HEALTH SERVICES JAIPUR,RAJASTHAN,https://eproc.rajasthan.gov.in/
RAJ-RA-2021-01241,REF-RAJ-RA-2021-01241,MEDICAL HEALTH SERVICES JAIPUR,RAJASTHAN State Government,RAJASTHAN,Central District,"RAJASTHAN, India",Civil Works & Infrastructure,Procurement of civil works & infrastructure for MEDICAL HEALTH SERVICES JAIPUR,Official public tender for supply of civil works & infrastructure under standard RAJASTHAN state procurement guidelines.,2020-12-01 00:00:00,2020-12-22 00:00:00,2020-12-23 00:00:00,2021-01-06,3363502.87,4540728.88,INR,4,PNC INFRATECH LIMITED,ENT-SUP-4B3E89D111,PNC INFRATECH LIMITED,"RAJASTHAN, India",AWARDED,21.0,1,0,OPEN_TENDER,MEDICAL HEALTH SERVICES JAIPUR,RAJASTHAN,https://eproc.rajasthan.gov.in/
RAJ-RA-2021-01242,REF-RAJ-RA-2021-01242,PUBLIC HEALTH ENGINEERING DEPT RAJASTHAN,RAJASTHAN State Government,RAJASTHAN,Central District,"RAJASTHAN, India",Medical Equipment & Consumables,Procurement of medical equipment & consumables for PUBLIC HEALTH ENGINEERING DEPT RAJASTHAN,Official public tender for supply of medical equipment & consumables under standard RAJASTHAN state procurement guidelines.,2020-05-24 00:00:00,2020-05-28 00:00:00,2020-05-29 00:00:00,2020-06-12,4950658.49,5346711.17,INR,4,SHARMA ENGINEERING WORKS,ENT-SUP-9473B0CC3C,SHARMA ENGINEERING WORKS,"RAJASTHAN, India",AWARDED,4.0,0,0,OPEN_TENDER,PUBLIC HEALTH ENGINEERING DEPT RAJASTHAN,RAJASTHAN,https://eproc.rajasthan.gov.in/
RAJ-RA-2021-01243,REF-RAJ-RA-2021-01243,MEDICAL HEALTH SERVICES JAIPUR,RAJASTHAN State Government,RAJASTHAN,Central District,"RAJASTHAN, India",Consultancy & Facility Management,Procurement of consultancy & facility management for MEDICAL HEALTH SERVICES JAIPUR,Official public tender for supply of consultancy & facility management under standard RAJASTHAN state procurement guidelines.,2021-10-10 00:00:00,2021-10-16 00:00:00,2021-10-17 00:00:00,2021-10-31,100423033.69,135571095.47,INR,3,NCC LIMITED INFRASTRUCTURE,ENT-SUP-0DFD916C8B,NCC LIMITED INFRASTRUCTURE,"RAJASTHAN, India",AWARDED,6.0,0,0,OPEN_TENDER,MEDICAL HEALTH SERVICES JAIPUR,RAJASTHAN,https://eproc.rajasthan.gov.in/
RAJ-RA-2021-01244,REF-RAJ-RA-2021-01244,RAJASTHAN RAJYA VIDYUT PRASARAN,RAJASTHAN State Government,RAJASTHAN,Central District,"RAJASTHAN, India",Consultancy & Facility Management,Procurement of consultancy & facility management for RAJASTHAN RAJYA VIDYUT PRASARAN,Official public tender for supply of consultancy & facility management under standard RAJASTHAN state procurement guidelines.,2021-07-08 00:00:00,2021-07-22 00:00:00,2021-07-23 00:00:00,2021-08-06,9079478.76,8625504.82,INR,3,BHARAT DIAGNOSTIC SYSTEMS,ENT-SUP-C6B6FCD7BC,BHARAT DIAGNOSTIC SYSTEMS,"RAJASTHAN, India",AWARDED,14.0,0,0,OPEN_TENDER,RAJASTHAN RAJYA VIDYUT PRASARAN,RAJASTHAN,https://eproc.rajasthan.gov.in/
RAJ-RA-2021-01245,REF-RAJ-RA-2021-01245,RAJASTHAN PUBLIC WORKS DEPARTMENT,RAJASTHAN State Government,RAJASTHAN,Central District,"RAJASTHAN, India",Civil Works & Infrastructure,Procurement of civil works & infrastructure for RAJASTHAN PUBLIC WORKS DEPARTMENT,Official public tender for supply of civil works & infrastructure under standard RAJASTHAN state procurement guidelines.,2021-03-06 00:00:00,2021-03-12 00:00:00,2021-03-13 00:00:00,2021-03-27,238728276.0,210080882.88,INR,2,GUPTA AND SONS CONTRACTOR,ENT-SUP-7A3AE215B9,GUPTA AND SONS CONTRACTOR,"RAJASTHAN, India",AWARDED,6.0,0,0,OPEN_TENDER,RAJASTHAN PUBLIC WORKS DEPARTMENT,RAJASTHAN,https://eproc.rajasthan.gov.in/
RAJ-RA-2021-01246,REF-RAJ-RA-2021-01246,JAIPUR DEVELOPMENT AUTHORITY,RAJASTHAN State Government,RAJASTHAN,Central District,"RAJASTHAN, India",Civil Works & Infrastructure,Procurement of civil works & infrastructure for JAIPUR DEVELOPMENT AUTHORITY,Official public tender for supply of civil works & infrastructure under standard RAJASTHAN state procurement guidelines.,2019-02-22 00:00:00,2019-02-26 00:00:00,2019-02-27 00:00:00,2019-03-13,180533579.34,184144250.93,INR,4,BHARAT DIAGNOSTIC SYSTEMS,ENT-SUP-C6B6FCD7BC,BHARAT DIAGNOSTIC SYSTEMS,"RAJASTHAN, India",AWARDED,4.0,0,0,OPEN_TENDER,JAIPUR DEVELOPMENT AUTHORITY,RAJASTHAN,https://eproc.rajasthan.gov.in/
RAJ-RA-2021-01247,REF-RAJ-RA-2021-01247,RAJASTHAN PUBLIC WORKS DEPARTMENT,RAJASTHAN State Government,RAJASTHAN,Central District,"RAJASTHAN, India",Electrical & Mechanical,Procurement of electrical & mechanical for RAJASTHAN PUBLIC WORKS DEPARTMENT,Official public tender for supply of electrical & mechanical under standard RAJASTHAN state procurement guidelines.,2021-07-25 00:00:00,2021-08-15 00:00:00,2021-08-16 00:00:00,2021-08-30,2309761.92,2194273.83,INR,5,ZENITH INFRASTRUCTURE PROJECTS,ENT-SUP-4F350A4CA1,ZENITH INFRASTRUCTURE PROJECTS,"RAJASTHAN, India",AWARDED,21.0,0,0,OPEN_TENDER,RAJASTHAN PUBLIC WORKS DEPARTMENT,RAJASTHAN,https://eproc.rajasthan.gov.in/
RAJ-RA-2021-01248,REF-RAJ-RA-2021-01248,MEDICAL HEALTH SERVICES JAIPUR,RAJASTHAN State Government,RAJASTHAN,Central District,"RAJASTHAN, India",Information Technology & Software,Procurement of information technology & software for MEDICAL HEALTH SERVICES JAIPUR,Official public tender for supply of information technology & software under standard RAJASTHAN state procurement guidelines.,2021-01-30 00:00:00,2021-02-20 00:00:00,2021-02-21 00:00:00,2021-03-07,13495613.93,15519956.02,INR,1,SHARMA ENGINEERING WORKS,ENT-SUP-9473B0CC3C,SHARMA ENGINEERING WORKS,"RAJASTHAN, India",AWARDED,21.0,0,0,OPEN_TENDER,MEDICAL HEALTH SERVICES JAIPUR,RAJASTHAN,https://eproc.rajasthan.gov.in/
RAJ-RA-2021-01249,REF-RAJ-RA-2021-01249,JAIPUR DEVELOPMENT AUTHORITY,RAJASTHAN State Government,RAJASTHAN,Central District,"RAJASTHAN, India",Electrical & Mechanical,Procurement of electrical & mechanical for JAIPUR DEVELOPMENT AUTHORITY,Official public tender for supply of electrical & mechanical under standard RAJASTHAN state procurement guidelines.,2020-12-20 00:00:00,2021-01-19 00:00:00,2021-01-20 00:00:00,2021-02-03,4980159.92,6723215.89,INR,3,DILIP BUILDCON LIMITED,ENT-SUP-55226FC7C8,DILIP BUILDCON LIMITED,"RAJASTHAN, India",AWARDED,30.0,0,0,OPEN_TENDER,JAIPUR DEVELOPMENT AUTHORITY,RAJASTHAN,https://eproc.rajasthan.gov.in/
RAJ-RA-2021-01250,REF-RAJ-RA-2021-01250,RAJASTHAN RAJYA VIDYUT PRASARAN,RAJASTHAN State Government,RAJASTHAN,Central District,"RAJASTHAN, India",Consultancy & Facility Management,Procurement of consultancy & facility management for RAJASTHAN RAJYA VIDYUT PRASARAN,Official public tender for supply of consultancy & facility management under standard RAJASTHAN state procurement guidelines.,2019-09-06 00:00:00,2019-10-06 00:00:00,2019-10-07 00:00:00,2019-10-21,57690352.31,62305580.49,INR,1,PNC INFRATECH LIMITED,ENT-SUP-4B3E89D111,PNC INFRATECH LIMITED,"RAJASTHAN, India",AWARDED,30.0,0,0,OPEN_TENDER,RAJASTHAN RAJYA VIDYUT PRASARAN,RAJASTHAN,https://eproc.rajasthan.gov.in/
