tender_id,tender_reference,department,organization,state,district,location,procurement_category,tender_title,description,published_date,submission_deadline,opening_date,contract_date,estimated_value,award_value,currency,number_of_bidders,winning_supplier,supplier_id,supplier_name,supplier_address,tender_status,contract_duration,extension_count,extension_days,procurement_method,buyer,source_dataset,source_url
KAR-KA-2021-01001,REF-KAR-KA-2021-01001,BANGALORE METRO RAIL CORP,KARNATAKA State Government,KARNATAKA,Central District,"KARNATAKA, India",Information Technology & Software,Procurement of information technology & software for BANGALORE METRO RAIL CORP,Official public tender for supply of information technology & software under standard KARNATAKA state procurement guidelines.,2019-10-20 00:00:00,2019-10-26 00:00:00,2019-10-27 00:00:00,2019-11-10,3777858.43,4080087.1,INR,2,BHARAT DIAGNOSTIC SYSTEMS,ENT-SUP-C6B6FCD7BC,BHARAT DIAGNOSTIC SYSTEMS,"KARNATAKA, India",AWARDED,6.0,0,0,OPEN_TENDER,BANGALORE METRO RAIL CORP,KARNATAKA,https://kppp.karnataka.gov.in/
KAR-KA-2021-01002,REF-KAR-KA-2021-01002,BRUHAT BENGALURU MAHANAGARA PALIKE BBMP,KARNATAKA State Government,KARNATAKA,Central District,"KARNATAKA, India",Consultancy & Facility Management,Procurement of consultancy & facility management for BRUHAT BENGALURU MAHANAGARA PALIKE BBMP,Official public tender for supply of consultancy & facility management under standard KARNATAKA state procurement guidelines.,2020-07-06 00:00:00,2020-07-27 00:00:00,2020-07-28 00:00:00,2020-08-11,3376125.42,4557769.32,INR,3,DILIP BUILDCON LIMITED,ENT-SUP-55226FC7C8,DILIP BUILDCON LIMITED,"KARNATAKA, India",AWARDED,21.0,1,0,OPEN_TENDER,BRUHAT BENGALURU MAHANAGARA PALIKE BBMP,KARNATAKA,https://kppp.karnataka.gov.in/
KAR-KA-2021-01003,REF-KAR-KA-2021-01003,KARNATAKA RURAL INFRASTRUCTURE,KARNATAKA State Government,KARNATAKA,Central District,"KARNATAKA, India",Consultancy & Facility Management,Procurement of consultancy & facility management for KARNATAKA RURAL INFRASTRUCTURE,Official public tender for supply of consultancy & facility management under standard KARNATAKA state procurement guidelines.,2019-11-20 00:00:00,2019-11-24 00:00:00,2019-11-25 00:00:00,2019-12-09,172070204.9,232294776.62,INR,1,AFCONS INFRASTRUCTURE LIMITED,ENT-SUP-AC3B9A87E5,AFCONS INFRASTRUCTURE LIMITED,"KARNATAKA, India",AWARDED,4.0,1,0,OPEN_TENDER,KARNATAKA RURAL INFRASTRUCTURE,KARNATAKA,https://kppp.karnataka.gov.in/
KAR-KA-2021-01004,REF-KAR-KA-2021-01004,KARNATAKA PUBLIC WORKS PORTS INLAND WATER,KARNATAKA State Government,KARNATAKA,Central District,"KARNATAKA, India",Information Technology & Software,Procurement of information technology & software for KARNATAKA PUBLIC WORKS PORTS INLAND WATER,Official public tender for supply of information technology & software under standard KARNATAKA state procurement guidelines.,2020-11-12 00:00:00,2020-11-16 00:00:00,2020-11-17 00:00:00,2020-12-01,4935548.9,5034259.88,INR,8,APEX MEDITECH SOLUTIONS,ENT-SUP-A750489DC1,APEX MEDITECH SOLUTIONS,"KARNATAKA, India",AWARDED,4.0,1,0,OPEN_TENDER,KARNATAKA PUBLIC WORKS PORTS INLAND WATER,KARNATAKA,https://kppp.karnataka.gov.in/
KAR-KA-2021-01005,REF-KAR-KA-2021-01005,BANGALORE METRO RAIL CORP,KARNATAKA State Government,KARNATAKA,Central District,"KARNATAKA, India",Medical Equipment & Consumables,Procurement of medical equipment & consumables for BANGALORE METRO RAIL CORP,Official public tender for supply of medical equipment & consumables under standard KARNATAKA state procurement guidelines.,2021-04-26 00:00:00,2021-05-02 00:00:00,2021-05-03 00:00:00,2021-05-17,4913846.33,4668154.02,INR,5,PNC INFRATECH LIMITED,ENT-SUP-4B3E89D111,PNC INFRATECH LIMITED,"KARNATAKA, India",AWARDED,6.0,0,0,OPEN_TENDER,BANGALORE METRO RAIL CORP,KARNATAKA,https://kppp.karnataka.gov.in/
KAR-KA-2021-01006,REF-KAR-KA-2021-01006,BANGALORE METRO RAIL CORP,KARNATAKA State Government,KARNATAKA,Central District,"KARNATAKA, India",Medical Equipment & Consumables,Procurement of medical equipment & consumables for BANGALORE METRO RAIL CORP,Official public tender for supply of medical equipment & consumables under standard KARNATAKA state procurement guidelines.,2020-10-24 00:00:00,2020-11-07 00:00:00,2020-11-08 00:00:00,2020-11-22,4969586.5,4721107.17,INR,4,SHARMA ENGINEERING WORKS,ENT-SUP-9473B0CC3C,SHARMA ENGINEERING WORKS,"KARNATAKA, India",AWARDED,14.0,0,0,OPEN_TENDER,BANGALORE METRO RAIL CORP,KARNATAKA,https://kppp.karnataka.gov.in/
KAR-KA-2021-01007,REF-KAR-KA-2021-01007,HEALTH FAMILY WELFARE KARNATAKA,KARNATAKA State Government,KARNATAKA,Central District,"KARNATAKA, India",Consultancy & Facility Management,Procurement of consultancy & facility management for HEALTH FAMILY WELFARE KARNATAKA,Official public tender for supply of consultancy & facility management under standard KARNATAKA state procurement guidelines.,2020-10-24 00:00:00,2020-10-30 00:00:00,2020-10-31 00:00:00,2020-11-14,95120667.57,97023080.92,INR,2,AFCONS INFRASTRUCTURE LIMITED,ENT-SUP-AC3B9A87E5,AFCONS INFRASTRUCTURE LIMITED,"KARNATAKA, India",AWARDED,6.0,0,0,OPEN_TENDER,HEALTH FAMILY WELFARE KARNATAKA,KARNATAKA,https://kppp.karnataka.gov.in/
KAR-KA-2021-01008,REF-KAR-KA-2021-01008,KARNATAKA RURAL INFRASTRUCTURE,KARNATAKA State Government,KARNATAKA,Central District,"KARNATAKA, India",Electrical & Mechanical,Procurement of electrical & mechanical for KARNATAKA RURAL INFRASTRUCTURE,Official public tender for supply of electrical & mechanical under standard KARNATAKA state procurement guidelines.,2019-06-04 00:00:00,2019-06-25 00:00:00,2019-06-26 00:00:00,2019-07-10,3589890.14,4128373.66,INR,4,LARSEN AND TOUBRO CONSTRUCTION,ENT-SUP-6C6BEB7D6E,LARSEN AND TOUBRO CONSTRUCTION,"KARNATAKA, India",AWARDED,21.0,0,0,OPEN_TENDER,KARNATAKA RURAL INFRASTRUCTURE,KARNATAKA,https://kppp.karnataka.gov.in/
KAR-KA-2021-01009,REF-KAR-KA-2021-01009,BANGALORE METRO RAIL CORP,KARNATAKA State Government,KARNATAKA,Central District,"KARNATAKA, India",Medical Equipment & Consumables,Procurement of medical equipment & consumables for BANGALORE METRO RAIL CORP,Official public tender for supply of medical equipment & consumables under standard KARNATAKA state procurement guidelines.,2020-06-08 00:00:00,2020-06-14 00:00:00,2020-06-15 00:00:00,2020-06-29,4987670.05,5735820.56,INR,1,VANGUARD POWER SERVICES,ENT-SUP-FBE5090586,VANGUARD POWER SERVICES,"KARNATAKA, India",AWARDED,6.0,2,0,OPEN_TENDER,BANGALORE METRO RAIL CORP,KARNATAKA,https://kppp.karnataka.gov.in/
KAR-KA-2021-01010,REF-KAR-KA-2021-01010,BANGALORE METRO RAIL CORP,KARNATAKA State Government,KARNATAKA,Central District,"KARNATAKA, India",Civil Works & Infrastructure,Procurement of civil works & infrastructure for BANGALORE METRO RAIL CORP,Official public tender for supply of civil works & infrastructure under standard KARNATAKA state procurement guidelines.,2021-05-06 00:00:00,2021-06-05 00:00:00,2021-06-06 00:00:00,2021-06-20,4955461.37,5698780.57,INR,1,AHLUWALIA CONTRACTS INDIA LIMITED,ENT-SUP-28AFE50D95,AHLUWALIA CONTRACTS INDIA LIMITED,"KARNATAKA, India",AWARDED,30.0,2,0,OPEN_TENDER,BANGALORE METRO RAIL CORP,KARNATAKA,https://kppp.karnataka.gov.in/
KAR-KA-2021-01011,REF-KAR-KA-2021-01011,BANGALORE METRO RAIL CORP,KARNATAKA State Government,KARNATAKA,Central District,"KARNATAKA, India",Electrical & Mechanical,Procurement of electrical & mechanical for BANGALORE METRO RAIL CORP,Official public tender for supply of electrical & mechanical under standard KARNATAKA state procurement guidelines.,2021-03-08 00:00:00,2021-03-22 00:00:00,2021-03-23 00:00:00,2021-04-06,4900208.98,4312183.9,INR,4,SHARMA ENGINEERING WORKS,ENT-SUP-9473B0CC3C,SHARMA ENGINEERING WORKS,"KARNATAKA, India",AWARDED,14.0,0,0,OPEN_TENDER,BANGALORE METRO RAIL CORP,KARNATAKA,https://kppp.karnataka.gov.in/
KAR-KA-2021-01012,REF-KAR-KA-2021-01012,KARNATAKA PUBLIC WORKS PORTS INLAND WATER,KARNATAKA State Government,KARNATAKA,Central District,"KARNATAKA, India",Information Technology & Software,Procurement of information technology & software for KARNATAKA PUBLIC WORKS PORTS INLAND WATER,Official public tender for supply of information technology & software under standard KARNATAKA state procurement guidelines.,2019-11-10 00:00:00,2019-12-10 00:00:00,2019-12-11 00:00:00,2019-12-25,19971845.24,17575223.81,INR,4,TATA PROJECTS LIMITED,ENT-SUP-861D6E7011,TATA PROJECTS LIMITED,"KARNATAKA, India",AWARDED,30.0,0,0,OPEN_TENDER,KARNATAKA PUBLIC WORKS PORTS INLAND WATER,KARNATAKA,https://kppp.karnataka.gov.in/
KAR-KA-2021-01013,REF-KAR-KA-2021-01013,KARNATAKA RURAL INFRASTRUCTURE,KARNATAKA State Government,KARNATAKA,Central District,"KARNATAKA, India",Consultancy & Facility Management,Procurement of consultancy & facility management for KARNATAKA RURAL INFRASTRUCTURE,Official public tender for supply of consultancy & facility management under standard KARNATAKA state procurement guidelines.,2019-07-27 00:00:00,2019-08-26 00:00:00,2019-08-27 00:00:00,2019-09-10,24918542.64,28656324.04,INR,3,APEX MEDITECH SOLUTIONS,ENT-SUP-A750489DC1,APEX MEDITECH SOLUTIONS,"KARNATAKA, India",AWARDED,30.0,1,0,OPEN_TENDER,KARNATAKA RURAL INFRASTRUCTURE,KARNATAKA,https://kppp.karnataka.gov.in/
KAR-KA-2021-01014,REF-KAR-KA-2021-01014,KARNATAKA RURAL INFRASTRUCTURE,KARNATAKA State Government,KARNATAKA,Central District,"KARNATAKA, India",Information Technology & Software,Procurement of information technology & software for KARNATAKA RURAL INFRASTRUCTURE,Official public tender for supply of information technology & software under standard KARNATAKA state procurement guidelines.,2020-03-19 00:00:00,2020-03-23 00:00:00,2020-03-24 00:00:00,2020-04-07,22743414.93,26154927.17,INR,1,VANGUARD POWER SERVICES,ENT-SUP-FBE5090586,VANGUARD POWER SERVICES,"KARNATAKA, India",AWARDED,4.0,2,0,OPEN_TENDER,KARNATAKA RURAL INFRASTRUCTURE,KARNATAKA,https://kppp.karnataka.gov.in/
KAR-KA-2021-01015,REF-KAR-KA-2021-01015,KARNATAKA PUBLIC WORKS PORTS INLAND WATER,KARNATAKA State Government,KARNATAKA,Central District,"KARNATAKA, India",Information Technology & Software,Procurement of information technology & software for KARNATAKA PUBLIC WORKS PORTS INLAND WATER,Official public tender for supply of information technology & software under standard KARNATAKA state procurement guidelines.,2021-01-12 00:00:00,2021-01-18 00:00:00,2021-01-19 00:00:00,2021-02-02,22584317.03,23036003.37,INR,2,SHREE BALAJI ENTERPRISE,ENT-SUP-CA68E614E4,SHREE BALAJI ENTERPRISE,"KARNATAKA, India",AWARDED,6.0,1,0,OPEN_TENDER,KARNATAKA PUBLIC WORKS PORTS INLAND WATER,KARNATAKA,https://kppp.karnataka.gov.in/
KAR-KA-2021-01016,REF-KAR-KA-2021-01016,HEALTH FAMILY WELFARE KARNATAKA,KARNATAKA State Government,KARNATAKA,Central District,"KARNATAKA, India",Consultancy & Facility Management,Procurement of consultancy & facility management for HEALTH FAMILY WELFARE KARNATAKA,Official public tender for supply of consultancy & facility management under standard KARNATAKA state procurement guidelines.,2019-07-20 00:00:00,2019-08-19 00:00:00,2019-08-20 00:00:00,2019-09-03,23112679.09,23574932.67,INR,3,VANGUARD POWER SERVICES,ENT-SUP-FBE5090586,VANGUARD POWER SERVICES,"KARNATAKA, India",AWARDED,30.0,1,0,OPEN_TENDER,HEALTH FAMILY WELFARE KARNATAKA,KARNATAKA,https://kppp.karnataka.gov.in/
KAR-KA-2021-01017,REF-KAR-KA-2021-01017,BANGALORE METRO RAIL CORP,KARNATAKA State Government,KARNATAKA,Central District,"KARNATAKA, India",Civil Works & Infrastructure,Procurement of civil works & infrastructure for BANGALORE METRO RAIL CORP,Official public tender for supply of civil works & infrastructure under standard KARNATAKA state procurement guidelines.,2019-12-09 00:00:00,2020-01-08 00:00:00,2020-01-09 00:00:00,2020-01-23,15006629.72,15306762.31,INR,1,KNR CONSTRUCTION,ENT-SUP-6A86A67807,KNR CONSTRUCTION,"KARNATAKA, India",AWARDED,30.0,0,0,OPEN_TENDER,BANGALORE METRO RAIL CORP,KARNATAKA,https://kppp.karnataka.gov.in/
KAR-KA-2021-01018,REF-KAR-KA-2021-01018,HEALTH FAMILY WELFARE KARNATAKA,KARNATAKA State Government,KARNATAKA,Central District,"KARNATAKA, India",Information Technology & Software,Procurement of information technology & software for HEALTH FAMILY WELFARE KARNATAKA,Official public tender for supply of information technology & software under standard KARNATAKA state procurement guidelines.,2019-06-12 00:00:00,2019-06-18 00:00:00,2019-06-19 00:00:00,2019-07-03,4901089.69,5636253.15,INR,3,DILIP BUILDCON LIMITED,ENT-SUP-55226FC7C8,DILIP BUILDCON LIMITED,"KARNATAKA, India",AWARDED,6.0,0,0,OPEN_TENDER,HEALTH FAMILY WELFARE KARNATAKA,KARNATAKA,https://kppp.karnataka.gov.in/
KAR-KA-2021-01019,REF-KAR-KA-2021-01019,KARNATAKA PUBLIC WORKS PORTS INLAND WATER,KARNATAKA State Government,KARNATAKA,Central District,"KARNATAKA, India",Electrical & Mechanical,Procurement of electrical & mechanical for KARNATAKA PUBLIC WORKS PORTS INLAND WATER,Official public tender for supply of electrical & mechanical under standard KARNATAKA state procurement guidelines.,2019-06-18 00:00:00,2019-07-18 00:00:00,2019-07-19 00:00:00,2019-08-02,346013511.43,328712835.86,INR,4,ZENITH INFRASTRUCTURE PROJECTS,ENT-SUP-4F350A4CA1,ZENITH INFRASTRUCTURE PROJECTS,"KARNATAKA, India",AWARDED,30.0,0,0,OPEN_TENDER,KARNATAKA PUBLIC WORKS PORTS INLAND WATER,KARNATAKA,https://kppp.karnataka.gov.in/
KAR-KA-2021-01020,REF-KAR-KA-2021-01020,KARNATAKA PUBLIC WORKS PORTS INLAND WATER,KARNATAKA State Government,KARNATAKA,Central District,"KARNATAKA, India",Civil Works & Infrastructure,Procurement of civil works & infrastructure for KARNATAKA PUBLIC WORKS PORTS INLAND WATER,Official public tender for supply of civil works & infrastructure under standard KARNATAKA state procurement guidelines.,2019-03-27 00:00:00,2019-04-17 00:00:00,2019-04-18 00:00:00,2019-05-02,4986541.67,5734522.92,INR,2,SHREE BALAJI ENTERPRISE,ENT-SUP-CA68E614E4,SHREE BALAJI ENTERPRISE,"KARNATAKA, India",AWARDED,21.0,0,0,OPEN_TENDER,KARNATAKA PUBLIC WORKS PORTS INLAND WATER,KARNATAKA,https://kppp.karnataka.gov.in/
KAR-KA-2021-01021,REF-KAR-KA-2021-01021,BRUHAT BENGALURU MAHANAGARA PALIKE BBMP,KARNATAKA State Government,KARNATAKA,Central District,"KARNATAKA, India",Electrical & Mechanical,Procurement of electrical & mechanical for BRUHAT BENGALURU MAHANAGARA PALIKE BBMP,Official public tender for supply of electrical & mechanical under standard KARNATAKA state procurement guidelines.,2021-07-15 00:00:00,2021-08-14 00:00:00,2021-08-15 00:00:00,2021-08-29,24558797.4,23330857.53,INR,2,TATA PROJECTS LIMITED,ENT-SUP-861D6E7011,TATA PROJECTS LIMITED,"KARNATAKA, India",AWARDED,30.0,0,0,OPEN_TENDER,BRUHAT BENGALURU MAHANAGARA PALIKE BBMP,KARNATAKA,https://kppp.karnataka.gov.in/
KAR-KA-2021-01022,REF-KAR-KA-2021-01022,KARNATAKA RURAL INFRASTRUCTURE,KARNATAKA State Government,KARNATAKA,Central District,"KARNATAKA, India",Information Technology & Software,Procurement of information technology & software for KARNATAKA RURAL INFRASTRUCTURE,Official public tender for supply of information technology & software under standard KARNATAKA state procurement guidelines.,2019-02-10 00:00:00,2019-02-24 00:00:00,2019-02-25 00:00:00,2019-03-11,24397786.38,26349609.29,INR,2,DILIP BUILDCON LIMITED,ENT-SUP-55226FC7C8,DILIP BUILDCON LIMITED,"KARNATAKA, India",AWARDED,14.0,0,0,OPEN_TENDER,KARNATAKA RURAL INFRASTRUCTURE,KARNATAKA,https://kppp.karnataka.gov.in/
KAR-KA-2021-01023,REF-KAR-KA-2021-01023,KARNATAKA PUBLIC WORKS PORTS INLAND WATER,KARNATAKA State Government,KARNATAKA,Central District,"KARNATAKA, India",Electrical & Mechanical,Procurement of electrical & mechanical for KARNATAKA PUBLIC WORKS PORTS INLAND WATER,Official public tender for supply of electrical & mechanical under standard KARNATAKA state procurement guidelines.,2019-11-10 00:00:00,2019-11-14 00:00:00,2019-11-15 00:00:00,2019-11-29,808661.57,929960.8,INR,2,NCC LIMITED INFRASTRUCTURE,ENT-SUP-0DFD916C8B,NCC LIMITED INFRASTRUCTURE,"KARNATAKA, India",AWARDED,4.0,0,0,OPEN_TENDER,KARNATAKA PUBLIC WORKS PORTS INLAND WATER,KARNATAKA,https://kppp.karnataka.gov.in/
KAR-KA-2021-01024,REF-KAR-KA-2021-01024,BRUHAT BENGALURU MAHANAGARA PALIKE BBMP,KARNATAKA State Government,KARNATAKA,Central District,"KARNATAKA, India",Electrical & Mechanical,Procurement of electrical & mechanical for BRUHAT BENGALURU MAHANAGARA PALIKE BBMP,Official public tender for supply of electrical & mechanical under standard KARNATAKA state procurement guidelines.,2020-07-18 00:00:00,2020-08-17 00:00:00,2020-08-18 00:00:00,2020-09-01,6515336.44,6645643.17,INR,5,AFCONS INFRASTRUCTURE LIMITED,ENT-SUP-AC3B9A87E5,AFCONS INFRASTRUCTURE LIMITED,"KARNATAKA, India",AWARDED,30.0,0,0,OPEN_TENDER,BRUHAT BENGALURU MAHANAGARA PALIKE BBMP,KARNATAKA,https://kppp.karnataka.gov.in/
KAR-KA-2021-01025,REF-KAR-KA-2021-01025,HEALTH FAMILY WELFARE KARNATAKA,KARNATAKA State Government,KARNATAKA,Central District,"KARNATAKA, India",Electrical & Mechanical,Procurement of electrical & mechanical for HEALTH FAMILY WELFARE KARNATAKA,Official public tender for supply of electrical & mechanical under standard KARNATAKA state procurement guidelines.,2021-06-28 00:00:00,2021-07-02 00:00:00,2021-07-03 00:00:00,2021-07-17,331117464.97,447008577.7,INR,3,SHREE BALAJI ENTERPRISE,ENT-SUP-CA68E614E4,SHREE BALAJI ENTERPRISE,"KARNATAKA, India",AWARDED,4.0,1,0,OPEN_TENDER,HEALTH FAMILY WELFARE KARNATAKA,KARNATAKA,https://kppp.karnataka.gov.in/
KAR-KA-2021-01026,REF-KAR-KA-2021-01026,BRUHAT BENGALURU MAHANAGARA PALIKE BBMP,KARNATAKA State Government,KARNATAKA,Central District,"KARNATAKA, India",Electrical & Mechanical,Procurement of electrical & mechanical for BRUHAT BENGALURU MAHANAGARA PALIKE BBMP,Official public tender for supply of electrical & mechanical under standard KARNATAKA state procurement guidelines.,2020-05-07 00:00:00,2020-06-06 00:00:00,2020-06-07 00:00:00,2020-06-21,23249571.28,20459622.73,INR,3,VANGUARD POWER SERVICES,ENT-SUP-FBE5090586,VANGUARD POWER SERVICES,"KARNATAKA, India",AWARDED,30.0,0,0,OPEN_TENDER,BRUHAT BENGALURU MAHANAGARA PALIKE BBMP,KARNATAKA,https://kppp.karnataka.gov.in/
KAR-KA-2021-01027,REF-KAR-KA-2021-01027,KARNATAKA PUBLIC WORKS PORTS INLAND WATER,KARNATAKA State Government,KARNATAKA,Central District,"KARNATAKA, India",Medical Equipment & Consumables,Procurement of medical equipment & consumables for KARNATAKA PUBLIC WORKS PORTS INLAND WATER,Official public tender for supply of medical equipment & consumables under standard KARNATAKA state procurement guidelines.,2021-05-01 00:00:00,2021-05-22 00:00:00,2021-05-23 00:00:00,2021-06-06,18125179.13,15950157.64,INR,1,LARSEN AND TOUBRO CONSTRUCTION,ENT-SUP-6C6BEB7D6E,LARSEN AND TOUBRO CONSTRUCTION,"KARNATAKA, India",AWARDED,21.0,1,0,OPEN_TENDER,KARNATAKA PUBLIC WORKS PORTS INLAND WATER,KARNATAKA,https://kppp.karnataka.gov.in/
KAR-KA-2021-01028,REF-KAR-KA-2021-01028,KARNATAKA RURAL INFRASTRUCTURE,KARNATAKA State Government,KARNATAKA,Central District,"KARNATAKA, India",Medical Equipment & Consumables,Procurement of medical equipment & consumables for KARNATAKA RURAL INFRASTRUCTURE,Official public tender for supply of medical equipment & consumables under standard KARNATAKA state procurement guidelines.,2021-07-08 00:00:00,2021-07-29 00:00:00,2021-07-30 00:00:00,2021-08-13,7692654.73,8846552.94,INR,5,SHARMA ENGINEERING WORKS,ENT-SUP-9473B0CC3C,SHARMA ENGINEERING WORKS,"KARNATAKA, India",AWARDED,21.0,0,0,OPEN_TENDER,KARNATAKA RURAL INFRASTRUCTURE,KARNATAKA,https://kppp.karnataka.gov.in/
KAR-KA-2021-01029,REF-KAR-KA-2021-01029,KARNATAKA RURAL INFRASTRUCTURE,KARNATAKA State Government,KARNATAKA,Central District,"KARNATAKA, India",Consultancy & Facility Management,Procurement of consultancy & facility management for KARNATAKA RURAL INFRASTRUCTURE,Official public tender for supply of consultancy & facility management under standard KARNATAKA state procurement guidelines.,2020-12-29 00:00:00,2021-01-02 00:00:00,2021-01-03 00:00:00,2021-01-17,1104488.17,1049263.76,INR,1,DILIP BUILDCON LIMITED,ENT-SUP-55226FC7C8,DILIP BUILDCON LIMITED,"KARNATAKA, India",AWARDED,4.0,2,0,OPEN_TENDER,KARNATAKA RURAL INFRASTRUCTURE,KARNATAKA,https://kppp.karnataka.gov.in/
KAR-KA-2021-01030,REF-KAR-KA-2021-01030,KARNATAKA RURAL INFRASTRUCTURE,KARNATAKA State Government,KARNATAKA,Central District,"KARNATAKA, India",Information Technology & Software,Procurement of information technology & software for KARNATAKA RURAL INFRASTRUCTURE,Official public tender for supply of information technology & software under standard KARNATAKA state procurement guidelines.,2019-11-18 00:00:00,2019-12-02 00:00:00,2019-12-03 00:00:00,2019-12-17,131605530.23,177667465.82,INR,2,DILIP BUILDCON LIMITED,ENT-SUP-55226FC7C8,DILIP BUILDCON LIMITED,"KARNATAKA, India",AWARDED,14.0,2,0,OPEN_TENDER,KARNATAKA RURAL INFRASTRUCTURE,KARNATAKA,https://kppp.karnataka.gov.in/
KAR-KA-2021-01031,REF-KAR-KA-2021-01031,KARNATAKA PUBLIC WORKS PORTS INLAND WATER,KARNATAKA State Government,KARNATAKA,Central District,"KARNATAKA, India",Information Technology & Software,Procurement of information technology & software for KARNATAKA PUBLIC WORKS PORTS INLAND WATER,Official public tender for supply of information technology & software under standard KARNATAKA state procurement guidelines.,2020-12-24 00:00:00,2021-01-07 00:00:00,2021-01-08 00:00:00,2021-01-22,178143985.38,204865583.19,INR,2,SHREE BALAJI ENTERPRISE,ENT-SUP-CA68E614E4,SHREE BALAJI ENTERPRISE,"KARNATAKA, India",AWARDED,14.0,0,0,OPEN_TENDER,KARNATAKA PUBLIC WORKS PORTS INLAND WATER,KARNATAKA,https://kppp.karnataka.gov.in/
KAR-KA-2021-01032,REF-KAR-KA-2021-01032,BANGALORE METRO RAIL CORP,KARNATAKA State Government,KARNATAKA,Central District,"KARNATAKA, India",Medical Equipment & Consumables,Procurement of medical equipment & consumables for BANGALORE METRO RAIL CORP,Official public tender for supply of medical equipment & consumables under standard KARNATAKA state procurement guidelines.,2021-07-19 00:00:00,2021-08-09 00:00:00,2021-08-10 00:00:00,2021-08-24,13219624.54,11633269.59,INR,2,ZENITH INFRASTRUCTURE PROJECTS,ENT-SUP-4F350A4CA1,ZENITH INFRASTRUCTURE PROJECTS,"KARNATAKA, India",AWARDED,21.0,0,0,OPEN_TENDER,BANGALORE METRO RAIL CORP,KARNATAKA,https://kppp.karnataka.gov.in/
KAR-KA-2021-01033,REF-KAR-KA-2021-01033,HEALTH FAMILY WELFARE KARNATAKA,KARNATAKA State Government,KARNATAKA,Central District,"KARNATAKA, India",Information Technology & Software,Procurement of information technology & software for HEALTH FAMILY WELFARE KARNATAKA,Official public tender for supply of information technology & software under standard KARNATAKA state procurement guidelines.,2020-02-24 00:00:00,2020-02-28 00:00:00,2020-02-29 00:00:00,2020-03-14,196907874.66,187062480.93,INR,3,KNR CONSTRUCTION,ENT-SUP-6A86A67807,KNR CONSTRUCTION,"KARNATAKA, India",AWARDED,4.0,0,0,OPEN_TENDER,HEALTH FAMILY WELFARE KARNATAKA,KARNATAKA,https://kppp.karnataka.gov.in/
KAR-KA-2021-01034,REF-KAR-KA-2021-01034,BRUHAT BENGALURU MAHANAGARA PALIKE BBMP,KARNATAKA State Government,KARNATAKA,Central District,"KARNATAKA, India",Civil Works & Infrastructure,Procurement of civil works & infrastructure for BRUHAT BENGALURU MAHANAGARA PALIKE BBMP,Official public tender for supply of civil works & infrastructure under standard KARNATAKA state procurement guidelines.,2020-12-27 00:00:00,2021-01-02 00:00:00,2021-01-03 00:00:00,2021-01-17,82185252.85,94513040.78,INR,3,NCC LIMITED INFRASTRUCTURE,ENT-SUP-0DFD916C8B,NCC LIMITED INFRASTRUCTURE,"KARNATAKA, India",AWARDED,6.0,2,0,OPEN_TENDER,BRUHAT BENGALURU MAHANAGARA PALIKE BBMP,KARNATAKA,https://kppp.karnataka.gov.in/
KAR-KA-2021-01035,REF-KAR-KA-2021-01035,BRUHAT BENGALURU MAHANAGARA PALIKE BBMP,KARNATAKA State Government,KARNATAKA,Central District,"KARNATAKA, India",Civil Works & Infrastructure,Procurement of civil works & infrastructure for BRUHAT BENGALURU MAHANAGARA PALIKE BBMP,Official public tender for supply of civil works & infrastructure under standard KARNATAKA state procurement guidelines.,2021-09-07 00:00:00,2021-10-07 00:00:00,2021-10-08 00:00:00,2021-10-22,4965024.51,4369221.57,INR,1,AHLUWALIA CONTRACTS INDIA LIMITED,ENT-SUP-28AFE50D95,AHLUWALIA CONTRACTS INDIA LIMITED,"KARNATAKA, India",AWARDED,30.0,0,0,OPEN_TENDER,BRUHAT BENGALURU MAHANAGARA PALIKE BBMP,KARNATAKA,https://kppp.karnataka.gov.in/
KAR-KA-2021-01036,REF-KAR-KA-2021-01036,KARNATAKA PUBLIC WORKS PORTS INLAND WATER,KARNATAKA State Government,KARNATAKA,Central District,"KARNATAKA, India",Information Technology & Software,Procurement of information technology & software for KARNATAKA PUBLIC WORKS PORTS INLAND WATER,Official public tender for supply of information technology & software under standard KARNATAKA state procurement guidelines.,2021-06-20 00:00:00,2021-06-26 00:00:00,2021-06-27 00:00:00,2021-07-11,6019874.29,6922855.44,INR,5,DILIP BUILDCON LIMITED,ENT-SUP-55226FC7C8,DILIP BUILDCON LIMITED,"KARNATAKA, India",AWARDED,6.0,0,0,OPEN_TENDER,KARNATAKA PUBLIC WORKS PORTS INLAND WATER,KARNATAKA,https://kppp.karnataka.gov.in/
KAR-KA-2021-01037,REF-KAR-KA-2021-01037,BRUHAT BENGALURU MAHANAGARA PALIKE BBMP,KARNATAKA State Government,KARNATAKA,Central District,"KARNATAKA, India",Information Technology & Software,Procurement of information technology & software for BRUHAT BENGALURU MAHANAGARA PALIKE BBMP,Official public tender for supply of information technology & software under standard KARNATAKA state procurement guidelines.,2021-02-27 00:00:00,2021-03-29 00:00:00,2021-03-30 00:00:00,2021-04-13,1699248.7,1733233.68,INR,1,DILIP BUILDCON LIMITED,ENT-SUP-55226FC7C8,DILIP BUILDCON LIMITED,"KARNATAKA, India",AWARDED,30.0,2,0,OPEN_TENDER,BRUHAT BENGALURU MAHANAGARA PALIKE BBMP,KARNATAKA,https://kppp.karnataka.gov.in/
KAR-KA-2021-01038,REF-KAR-KA-2021-01038,KARNATAKA PUBLIC WORKS PORTS INLAND WATER,KARNATAKA State Government,KARNATAKA,Central District,"KARNATAKA, India",Information Technology & Software,Procurement of information technology & software for KARNATAKA PUBLIC WORKS PORTS INLAND WATER,Official public tender for supply of information technology & software under standard KARNATAKA state procurement guidelines.,2020-01-17 00:00:00,2020-02-16 00:00:00,2020-02-17 00:00:00,2020-03-02,4941207.27,4348262.39,INR,5,KNR CONSTRUCTION,ENT-SUP-6A86A67807,KNR CONSTRUCTION,"KARNATAKA, India",AWARDED,30.0,1,0,OPEN_TENDER,KARNATAKA PUBLIC WORKS PORTS INLAND WATER,KARNATAKA,https://kppp.karnataka.gov.in/
KAR-KA-2021-01039,REF-KAR-KA-2021-01039,BANGALORE METRO RAIL CORP,KARNATAKA State Government,KARNATAKA,Central District,"KARNATAKA, India",Medical Equipment & Consumables,Procurement of medical equipment & consumables for BANGALORE METRO RAIL CORP,Official public tender for supply of medical equipment & consumables under standard KARNATAKA state procurement guidelines.,2019-10-28 00:00:00,2019-11-18 00:00:00,2019-11-19 00:00:00,2019-12-03,166270589.67,179572236.84,INR,2,AHLUWALIA CONTRACTS INDIA LIMITED,ENT-SUP-28AFE50D95,AHLUWALIA CONTRACTS INDIA LIMITED,"KARNATAKA, India",AWARDED,21.0,1,0,OPEN_TENDER,BANGALORE METRO RAIL CORP,KARNATAKA,https://kppp.karnataka.gov.in/
KAR-KA-2021-01040,REF-KAR-KA-2021-01040,KARNATAKA PUBLIC WORKS PORTS INLAND WATER,KARNATAKA State Government,KARNATAKA,Central District,"KARNATAKA, India",Information Technology & Software,Procurement of information technology & software for KARNATAKA PUBLIC WORKS PORTS INLAND WATER,Official public tender for supply of information technology & software under standard KARNATAKA state procurement guidelines.,2021-02-25 00:00:00,2021-03-03 00:00:00,2021-03-04 00:00:00,2021-03-18,4972564.77,6712962.43,INR,3,LARSEN AND TOUBRO CONSTRUCTION,ENT-SUP-6C6BEB7D6E,LARSEN AND TOUBRO CONSTRUCTION,"KARNATAKA, India",AWARDED,6.0,0,0,OPEN_TENDER,KARNATAKA PUBLIC WORKS PORTS INLAND WATER,KARNATAKA,https://kppp.karnataka.gov.in/
KAR-KA-2021-01041,REF-KAR-KA-2021-01041,KARNATAKA RURAL INFRASTRUCTURE,KARNATAKA State Government,KARNATAKA,Central District,"KARNATAKA, India",Civil Works & Infrastructure,Procurement of civil works & infrastructure for KARNATAKA RURAL INFRASTRUCTURE,Official public tender for supply of civil works & infrastructure under standard KARNATAKA state procurement guidelines.,2019-12-24 00:00:00,2020-01-07 00:00:00,2020-01-08 00:00:00,2020-01-22,4688690.93,4454256.39,INR,2,PNC INFRATECH LIMITED,ENT-SUP-4B3E89D111,PNC INFRATECH LIMITED,"KARNATAKA, India",AWARDED,14.0,0,0,OPEN_TENDER,KARNATAKA RURAL INFRASTRUCTURE,KARNATAKA,https://kppp.karnataka.gov.in/
KAR-KA-2021-01042,REF-KAR-KA-2021-01042,BRUHAT BENGALURU MAHANAGARA PALIKE BBMP,KARNATAKA State Government,KARNATAKA,Central District,"KARNATAKA, India",Information Technology & Software,Procurement of information technology & software for BRUHAT BENGALURU MAHANAGARA PALIKE BBMP,Official public tender for supply of information technology & software under standard KARNATAKA state procurement guidelines.,2020-05-19 00:00:00,2020-06-18 00:00:00,2020-06-19 00:00:00,2020-07-03,4991781.69,4742192.61,INR,2,VANGUARD POWER SERVICES,ENT-SUP-FBE5090586,VANGUARD POWER SERVICES,"KARNATAKA, India",AWARDED,30.0,2,0,OPEN_TENDER,BRUHAT BENGALURU MAHANAGARA PALIKE BBMP,KARNATAKA,https://kppp.karnataka.gov.in/
KAR-KA-2021-01043,REF-KAR-KA-2021-01043,BRUHAT BENGALURU MAHANAGARA PALIKE BBMP,KARNATAKA State Government,KARNATAKA,Central District,"KARNATAKA, India",Medical Equipment & Consumables,Procurement of medical equipment & consumables for BRUHAT BENGALURU MAHANAGARA PALIKE BBMP,Official public tender for supply of medical equipment & consumables under standard KARNATAKA state procurement guidelines.,2019-01-28 00:00:00,2019-02-01 00:00:00,2019-02-02 00:00:00,2019-02-16,4913635.42,4667953.65,INR,4,SHARMA ENGINEERING WORKS,ENT-SUP-9473B0CC3C,SHARMA ENGINEERING WORKS,"KARNATAKA, India",AWARDED,4.0,1,0,OPEN_TENDER,BRUHAT BENGALURU MAHANAGARA PALIKE BBMP,KARNATAKA,https://kppp.karnataka.gov.in/
KAR-KA-2021-01044,REF-KAR-KA-2021-01044,HEALTH FAMILY WELFARE KARNATAKA,KARNATAKA State Government,KARNATAKA,Central District,"KARNATAKA, India",Consultancy & Facility Management,Procurement of consultancy & facility management for HEALTH FAMILY WELFARE KARNATAKA,Official public tender for supply of consultancy & facility management under standard KARNATAKA state procurement guidelines.,2020-11-15 00:00:00,2020-11-29 00:00:00,2020-11-30 00:00:00,2020-12-14,24314170.43,26259304.07,INR,3,TATA PROJECTS LIMITED,ENT-SUP-861D6E7011,TATA PROJECTS LIMITED,"KARNATAKA, India",AWARDED,14.0,1,0,OPEN_TENDER,HEALTH FAMILY WELFARE KARNATAKA,KARNATAKA,https://kppp.karnataka.gov.in/
KAR-KA-2021-01045,REF-KAR-KA-2021-01045,KARNATAKA RURAL INFRASTRUCTURE,KARNATAKA State Government,KARNATAKA,Central District,"KARNATAKA, India",Consultancy & Facility Management,Procurement of consultancy & facility management for KARNATAKA RURAL INFRASTRUCTURE,Official public tender for supply of consultancy & facility management under standard KARNATAKA state procurement guidelines.,2020-09-10 00:00:00,2020-10-10 00:00:00,2020-10-11 00:00:00,2020-10-25,8204905.35,7220316.71,INR,1,DILIP BUILDCON LIMITED,ENT-SUP-55226FC7C8,DILIP BUILDCON LIMITED,"KARNATAKA, India",AWARDED,30.0,1,0,OPEN_TENDER,KARNATAKA RURAL INFRASTRUCTURE,KARNATAKA,https://kppp.karnataka.gov.in/
KAR-KA-2021-01046,REF-KAR-KA-2021-01046,KARNATAKA PUBLIC WORKS PORTS INLAND WATER,KARNATAKA State Government,KARNATAKA,Central District,"KARNATAKA, India",Medical Equipment & Consumables,Procurement of medical equipment & consumables for KARNATAKA PUBLIC WORKS PORTS INLAND WATER,Official public tender for supply of medical equipment & consumables under standard KARNATAKA state procurement guidelines.,2020-02-19 00:00:00,2020-03-20 00:00:00,2020-03-21 00:00:00,2020-04-04,22278851.55,21164908.97,INR,1,BHARAT DIAGNOSTIC SYSTEMS,ENT-SUP-C6B6FCD7BC,BHARAT DIAGNOSTIC SYSTEMS,"KARNATAKA, India",AWARDED,30.0,0,0,OPEN_TENDER,KARNATAKA PUBLIC WORKS PORTS INLAND WATER,KARNATAKA,https://kppp.karnataka.gov.in/
KAR-KA-2021-01047,REF-KAR-KA-2021-01047,BRUHAT BENGALURU MAHANAGARA PALIKE BBMP,KARNATAKA State Government,KARNATAKA,Central District,"KARNATAKA, India",Information Technology & Software,Procurement of information technology & software for BRUHAT BENGALURU MAHANAGARA PALIKE BBMP,Official public tender for supply of information technology & software under standard KARNATAKA state procurement guidelines.,2019-12-08 00:00:00,2019-12-22 00:00:00,2019-12-23 00:00:00,2020-01-06,103337693.68,98170809.0,INR,4,SHREE BALAJI ENTERPRISE,ENT-SUP-CA68E614E4,SHREE BALAJI ENTERPRISE,"KARNATAKA, India",AWARDED,14.0,0,0,OPEN_TENDER,BRUHAT BENGALURU MAHANAGARA PALIKE BBMP,KARNATAKA,https://kppp.karnataka.gov.in/
KAR-KA-2021-01048,REF-KAR-KA-2021-01048,HEALTH FAMILY WELFARE KARNATAKA,KARNATAKA State Government,KARNATAKA,Central District,"KARNATAKA, India",Medical Equipment & Consumables,Procurement of medical equipment & consumables for HEALTH FAMILY WELFARE KARNATAKA,Official public tender for supply of medical equipment & consumables under standard KARNATAKA state procurement guidelines.,2021-10-05 00:00:00,2021-10-09 00:00:00,2021-10-10 00:00:00,2021-10-24,252580153.36,222270534.96,INR,2,ZENITH INFRASTRUCTURE PROJECTS,ENT-SUP-4F350A4CA1,ZENITH INFRASTRUCTURE PROJECTS,"KARNATAKA, India",AWARDED,4.0,0,0,OPEN_TENDER,HEALTH FAMILY WELFARE KARNATAKA,KARNATAKA,https://kppp.karnataka.gov.in/
KAR-KA-2021-01049,REF-KAR-KA-2021-01049,KARNATAKA PUBLIC WORKS PORTS INLAND WATER,KARNATAKA State Government,KARNATAKA,Central District,"KARNATAKA, India",Electrical & Mechanical,Procurement of electrical & mechanical for KARNATAKA PUBLIC WORKS PORTS INLAND WATER,Official public tender for supply of electrical & mechanical under standard KARNATAKA state procurement guidelines.,2021-08-12 00:00:00,2021-09-11 00:00:00,2021-09-12 00:00:00,2021-09-26,4983595.39,5382283.02,INR,5,BHARAT DIAGNOSTIC SYSTEMS,ENT-SUP-C6B6FCD7BC,BHARAT DIAGNOSTIC SYSTEMS,"KARNATAKA, India",AWARDED,30.0,0,0,OPEN_TENDER,KARNATAKA PUBLIC WORKS PORTS INLAND WATER,KARNATAKA,https://kppp.karnataka.gov.in/
KAR-KA-2021-01050,REF-KAR-KA-2021-01050,KARNATAKA RURAL INFRASTRUCTURE,KARNATAKA State Government,KARNATAKA,Central District,"KARNATAKA, India",Medical Equipment & Consumables,Procurement of medical equipment & consumables for KARNATAKA RURAL INFRASTRUCTURE,Official public tender for supply of medical equipment & consumables under standard KARNATAKA state procurement guidelines.,2021-02-19 00:00:00,2021-03-05 00:00:00,2021-03-06 00:00:00,2021-03-20,236208906.48,240933084.61,INR,3,KNR CONSTRUCTION,ENT-SUP-6A86A67807,KNR CONSTRUCTION,"KARNATAKA, India",AWARDED,14.0,1,0,OPEN_TENDER,KARNATAKA RURAL INFRASTRUCTURE,KARNATAKA,https://kppp.karnataka.gov.in/
KAR-KA-2021-01051,REF-KAR-KA-2021-01051,BRUHAT BENGALURU MAHANAGARA PALIKE BBMP,KARNATAKA State Government,KARNATAKA,Central District,"KARNATAKA, India",Civil Works & Infrastructure,Procurement of civil works & infrastructure for BRUHAT BENGALURU MAHANAGARA PALIKE BBMP,Official public tender for supply of civil works & infrastructure under standard KARNATAKA state procurement guidelines.,2021-04-29 00:00:00,2021-05-29 00:00:00,2021-05-30 00:00:00,2021-06-13,97037403.52,111593014.05,INR,3,DILIP BUILDCON LIMITED,ENT-SUP-55226FC7C8,DILIP BUILDCON LIMITED,"KARNATAKA, India",AWARDED,30.0,2,0,OPEN_TENDER,BRUHAT BENGALURU MAHANAGARA PALIKE BBMP,KARNATAKA,https://kppp.karnataka.gov.in/
KAR-KA-2021-01052,REF-KAR-KA-2021-01052,KARNATAKA PUBLIC WORKS PORTS INLAND WATER,KARNATAKA State Government,KARNATAKA,Central District,"KARNATAKA, India",Consultancy & Facility Management,Procurement of consultancy & facility management for KARNATAKA PUBLIC WORKS PORTS INLAND WATER,Official public tender for supply of consultancy & facility management under standard KARNATAKA state procurement guidelines.,2019-09-11 00:00:00,2019-09-25 00:00:00,2019-09-26 00:00:00,2019-10-10,4908843.78,5007020.65,INR,3,VANGUARD POWER SERVICES,ENT-SUP-FBE5090586,VANGUARD POWER SERVICES,"KARNATAKA, India",AWARDED,14.0,0,0,OPEN_TENDER,KARNATAKA PUBLIC WORKS PORTS INLAND WATER,KARNATAKA,https://kppp.karnataka.gov.in/
KAR-KA-2021-01053,REF-KAR-KA-2021-01053,KARNATAKA RURAL INFRASTRUCTURE,KARNATAKA State Government,KARNATAKA,Central District,"KARNATAKA, India",Consultancy & Facility Management,Procurement of consultancy & facility management for KARNATAKA RURAL INFRASTRUCTURE,Official public tender for supply of consultancy & facility management under standard KARNATAKA state procurement guidelines.,2019-07-07 00:00:00,2019-07-21 00:00:00,2019-07-22 00:00:00,2019-08-05,4931153.19,6657056.8,INR,1,NCC LIMITED INFRASTRUCTURE,ENT-SUP-0DFD916C8B,NCC LIMITED INFRASTRUCTURE,"KARNATAKA, India",AWARDED,14.0,0,0,OPEN_TENDER,KARNATAKA RURAL INFRASTRUCTURE,KARNATAKA,https://kppp.karnataka.gov.in/
KAR-KA-2021-01054,REF-KAR-KA-2021-01054,BANGALORE METRO RAIL CORP,KARNATAKA State Government,KARNATAKA,Central District,"KARNATAKA, India",Medical Equipment & Consumables,Procurement of medical equipment & consumables for BANGALORE METRO RAIL CORP,Official public tender for supply of medical equipment & consumables under standard KARNATAKA state procurement guidelines.,2020-03-26 00:00:00,2020-04-01 00:00:00,2020-04-02 00:00:00,2020-04-16,4997263.07,5397044.11,INR,2,SHARMA ENGINEERING WORKS,ENT-SUP-9473B0CC3C,SHARMA ENGINEERING WORKS,"KARNATAKA, India",AWARDED,6.0,2,0,OPEN_TENDER,BANGALORE METRO RAIL CORP,KARNATAKA,https://kppp.karnataka.gov.in/
KAR-KA-2021-01055,REF-KAR-KA-2021-01055,KARNATAKA RURAL INFRASTRUCTURE,KARNATAKA State Government,KARNATAKA,Central District,"KARNATAKA, India",Consultancy & Facility Management,Procurement of consultancy & facility management for KARNATAKA RURAL INFRASTRUCTURE,Official public tender for supply of consultancy & facility management under standard KARNATAKA state procurement guidelines.,2019-04-12 00:00:00,2019-04-26 00:00:00,2019-04-27 00:00:00,2019-05-11,4941612.73,5336941.75,INR,2,NCC LIMITED INFRASTRUCTURE,ENT-SUP-0DFD916C8B,NCC LIMITED INFRASTRUCTURE,"KARNATAKA, India",AWARDED,14.0,0,0,OPEN_TENDER,KARNATAKA RURAL INFRASTRUCTURE,KARNATAKA,https://kppp.karnataka.gov.in/
KAR-KA-2021-01056,REF-KAR-KA-2021-01056,HEALTH FAMILY WELFARE KARNATAKA,KARNATAKA State Government,KARNATAKA,Central District,"KARNATAKA, India",Medical Equipment & Consumables,Procurement of medical equipment & consumables for HEALTH FAMILY WELFARE KARNATAKA,Official public tender for supply of medical equipment & consumables under standard KARNATAKA state procurement guidelines.,2020-04-08 00:00:00,2020-04-14 00:00:00,2020-04-15 00:00:00,2020-04-29,230032223.7,218530612.51,INR,2,AFCONS INFRASTRUCTURE LIMITED,ENT-SUP-AC3B9A87E5,AFCONS INFRASTRUCTURE LIMITED,"KARNATAKA, India",AWARDED,6.0,1,0,OPEN_TENDER,HEALTH FAMILY WELFARE KARNATAKA,KARNATAKA,https://kppp.karnataka.gov.in/
KAR-KA-2021-01057,REF-KAR-KA-2021-01057,HEALTH FAMILY WELFARE KARNATAKA,KARNATAKA State Government,KARNATAKA,Central District,"KARNATAKA, India",Civil Works & Infrastructure,Procurement of civil works & infrastructure for HEALTH FAMILY WELFARE KARNATAKA,Official public tender for supply of civil works & infrastructure under standard KARNATAKA state procurement guidelines.,2021-08-23 00:00:00,2021-08-29 00:00:00,2021-08-30 00:00:00,2021-09-13,4989063.73,6735236.04,INR,1,AFCONS INFRASTRUCTURE LIMITED,ENT-SUP-AC3B9A87E5,AFCONS INFRASTRUCTURE LIMITED,"KARNATAKA, India",AWARDED,6.0,2,0,OPEN_TENDER,HEALTH FAMILY WELFARE KARNATAKA,KARNATAKA,https://kppp.karnataka.gov.in/
KAR-KA-2021-01058,REF-KAR-KA-2021-01058,BRUHAT BENGALURU MAHANAGARA PALIKE BBMP,KARNATAKA State Government,KARNATAKA,Central District,"KARNATAKA, India",Consultancy & Facility Management,Procurement of consultancy & facility management for BRUHAT BENGALURU MAHANAGARA PALIKE BBMP,Official public tender for supply of consultancy & facility management under standard KARNATAKA state procurement guidelines.,2021-02-01 00:00:00,2021-02-05 00:00:00,2021-02-06 00:00:00,2021-02-20,8258347.25,7267345.58,INR,4,ZENITH INFRASTRUCTURE PROJECTS,ENT-SUP-4F350A4CA1,ZENITH INFRASTRUCTURE PROJECTS,"KARNATAKA, India",AWARDED,4.0,2,0,OPEN_TENDER,BRUHAT BENGALURU MAHANAGARA PALIKE BBMP,KARNATAKA,https://kppp.karnataka.gov.in/
KAR-KA-2021-01059,REF-KAR-KA-2021-01059,BRUHAT BENGALURU MAHANAGARA PALIKE BBMP,KARNATAKA State Government,KARNATAKA,Central District,"KARNATAKA, India",Information Technology & Software,Procurement of information technology & software for BRUHAT BENGALURU MAHANAGARA PALIKE BBMP,Official public tender for supply of information technology & software under standard KARNATAKA state procurement guidelines.,2020-11-07 00:00:00,2020-12-07 00:00:00,2020-12-08 00:00:00,2020-12-22,3644033.58,4190638.62,INR,2,VANGUARD POWER SERVICES,ENT-SUP-FBE5090586,VANGUARD POWER SERVICES,"KARNATAKA, India",AWARDED,30.0,0,0,OPEN_TENDER,BRUHAT BENGALURU MAHANAGARA PALIKE BBMP,KARNATAKA,https://kppp.karnataka.gov.in/
KAR-KA-2021-01060,REF-KAR-KA-2021-01060,KARNATAKA PUBLIC WORKS PORTS INLAND WATER,KARNATAKA State Government,KARNATAKA,Central District,"KARNATAKA, India",Electrical & Mechanical,Procurement of electrical & mechanical for KARNATAKA PUBLIC WORKS PORTS INLAND WATER,Official public tender for supply of electrical & mechanical under standard KARNATAKA state procurement guidelines.,2019-12-07 00:00:00,2020-01-06 00:00:00,2020-01-07 00:00:00,2020-01-21,4997051.69,5096992.73,INR,1,ZENITH INFRASTRUCTURE PROJECTS,ENT-SUP-4F350A4CA1,ZENITH INFRASTRUCTURE PROJECTS,"KARNATAKA, India",AWARDED,30.0,0,0,OPEN_TENDER,KARNATAKA PUBLIC WORKS PORTS INLAND WATER,KARNATAKA,https://kppp.karnataka.gov.in/
KAR-KA-2021-01061,REF-KAR-KA-2021-01061,BRUHAT BENGALURU MAHANAGARA PALIKE BBMP,KARNATAKA State Government,KARNATAKA,Central District,"KARNATAKA, India",Consultancy & Facility Management,Procurement of consultancy & facility management for BRUHAT BENGALURU MAHANAGARA PALIKE BBMP,Official public tender for supply of consultancy & facility management under standard KARNATAKA state procurement guidelines.,2019-09-27 00:00:00,2019-10-18 00:00:00,2019-10-19 00:00:00,2019-11-02,2310721.9,2495579.65,INR,4,KNR CONSTRUCTION,ENT-SUP-6A86A67807,KNR CONSTRUCTION,"KARNATAKA, India",AWARDED,21.0,0,0,OPEN_TENDER,BRUHAT BENGALURU MAHANAGARA PALIKE BBMP,KARNATAKA,https://kppp.karnataka.gov.in/
KAR-KA-2021-01062,REF-KAR-KA-2021-01062,BRUHAT BENGALURU MAHANAGARA PALIKE BBMP,KARNATAKA State Government,KARNATAKA,Central District,"KARNATAKA, India",Information Technology & Software,Procurement of information technology & software for BRUHAT BENGALURU MAHANAGARA PALIKE BBMP,Official public tender for supply of information technology & software under standard KARNATAKA state procurement guidelines.,2020-09-08 00:00:00,2020-09-14 00:00:00,2020-09-15 00:00:00,2020-09-29,17762384.77,19183375.55,INR,3,KNR CONSTRUCTION,ENT-SUP-6A86A67807,KNR CONSTRUCTION,"KARNATAKA, India",AWARDED,6.0,0,0,OPEN_TENDER,BRUHAT BENGALURU MAHANAGARA PALIKE BBMP,KARNATAKA,https://kppp.karnataka.gov.in/
KAR-KA-2021-01063,REF-KAR-KA-2021-01063,BRUHAT BENGALURU MAHANAGARA PALIKE BBMP,KARNATAKA State Government,KARNATAKA,Central District,"KARNATAKA, India",Information Technology & Software,Procurement of information technology & software for BRUHAT BENGALURU MAHANAGARA PALIKE BBMP,Official public tender for supply of information technology & software under standard KARNATAKA state procurement guidelines.,2021-09-20 00:00:00,2021-10-11 00:00:00,2021-10-12 00:00:00,2021-10-26,179528746.07,183119320.99,INR,3,NCC LIMITED INFRASTRUCTURE,ENT-SUP-0DFD916C8B,NCC LIMITED INFRASTRUCTURE,"KARNATAKA, India",AWARDED,21.0,1,0,OPEN_TENDER,BRUHAT BENGALURU MAHANAGARA PALIKE BBMP,KARNATAKA,https://kppp.karnataka.gov.in/
KAR-KA-2021-01064,REF-KAR-KA-2021-01064,BANGALORE METRO RAIL CORP,KARNATAKA State Government,KARNATAKA,Central District,"KARNATAKA, India",Information Technology & Software,Procurement of information technology & software for BANGALORE METRO RAIL CORP,Official public tender for supply of information technology & software under standard KARNATAKA state procurement guidelines.,2020-04-16 00:00:00,2020-04-30 00:00:00,2020-05-01 00:00:00,2020-05-15,156011823.56,210615961.81,INR,1,DILIP BUILDCON LIMITED,ENT-SUP-55226FC7C8,DILIP BUILDCON LIMITED,"KARNATAKA, India",AWARDED,14.0,1,0,OPEN_TENDER,BANGALORE METRO RAIL CORP,KARNATAKA,https://kppp.karnataka.gov.in/
KAR-KA-2021-01065,REF-KAR-KA-2021-01065,KARNATAKA RURAL INFRASTRUCTURE,KARNATAKA State Government,KARNATAKA,Central District,"KARNATAKA, India",Medical Equipment & Consumables,Procurement of medical equipment & consumables for KARNATAKA RURAL INFRASTRUCTURE,Official public tender for supply of medical equipment & consumables under standard KARNATAKA state procurement guidelines.,2020-08-22 00:00:00,2020-09-05 00:00:00,2020-09-06 00:00:00,2020-09-20,4920756.41,5019171.54,INR,4,APEX MEDITECH SOLUTIONS,ENT-SUP-A750489DC1,APEX MEDITECH SOLUTIONS,"KARNATAKA, India",AWARDED,14.0,1,0,OPEN_TENDER,KARNATAKA RURAL INFRASTRUCTURE,KARNATAKA,https://kppp.karnataka.gov.in/
KAR-KA-2021-01066,REF-KAR-KA-2021-01066,BRUHAT BENGALURU MAHANAGARA PALIKE BBMP,KARNATAKA State Government,KARNATAKA,Central District,"KARNATAKA, India",Electrical & Mechanical,Procurement of electrical & mechanical for BRUHAT BENGALURU MAHANAGARA PALIKE BBMP,Official public tender for supply of electrical & mechanical under standard KARNATAKA state procurement guidelines.,2019-11-12 00:00:00,2019-12-03 00:00:00,2019-12-04 00:00:00,2019-12-18,12756230.7,13011355.31,INR,3,AHLUWALIA CONTRACTS INDIA LIMITED,ENT-SUP-28AFE50D95,AHLUWALIA CONTRACTS INDIA LIMITED,"KARNATAKA, India",AWARDED,21.0,0,0,OPEN_TENDER,BRUHAT BENGALURU MAHANAGARA PALIKE BBMP,KARNATAKA,https://kppp.karnataka.gov.in/
KAR-KA-2021-01067,REF-KAR-KA-2021-01067,BANGALORE METRO RAIL CORP,KARNATAKA State Government,KARNATAKA,Central District,"KARNATAKA, India",Civil Works & Infrastructure,Procurement of civil works & infrastructure for BANGALORE METRO RAIL CORP,Official public tender for supply of civil works & infrastructure under standard KARNATAKA state procurement guidelines.,2019-08-11 00:00:00,2019-09-01 00:00:00,2019-09-02 00:00:00,2019-09-16,64930864.11,66229481.4,INR,1,SHARMA ENGINEERING WORKS,ENT-SUP-9473B0CC3C,SHARMA ENGINEERING WORKS,"KARNATAKA, India",AWARDED,21.0,1,0,OPEN_TENDER,BANGALORE METRO RAIL CORP,KARNATAKA,https://kppp.karnataka.gov.in/
KAR-KA-2021-01068,REF-KAR-KA-2021-01068,BANGALORE METRO RAIL CORP,KARNATAKA State Government,KARNATAKA,Central District,"KARNATAKA, India",Civil Works & Infrastructure,Procurement of civil works & infrastructure for BANGALORE METRO RAIL CORP,Official public tender for supply of civil works & infrastructure under standard KARNATAKA state procurement guidelines.,2020-12-04 00:00:00,2020-12-10 00:00:00,2020-12-11 00:00:00,2020-12-25,4276838.53,4362375.3,INR,2,BHARAT DIAGNOSTIC SYSTEMS,ENT-SUP-C6B6FCD7BC,BHARAT DIAGNOSTIC SYSTEMS,"KARNATAKA, India",AWARDED,6.0,0,0,OPEN_TENDER,BANGALORE METRO RAIL CORP,KARNATAKA,https://kppp.karnataka.gov.in/
KAR-KA-2021-01069,REF-KAR-KA-2021-01069,BRUHAT BENGALURU MAHANAGARA PALIKE BBMP,KARNATAKA State Government,KARNATAKA,Central District,"KARNATAKA, India",Civil Works & Infrastructure,Procurement of civil works & infrastructure for BRUHAT BENGALURU MAHANAGARA PALIKE BBMP,Official public tender for supply of civil works & infrastructure under standard KARNATAKA state procurement guidelines.,2021-05-07 00:00:00,2021-05-13 00:00:00,2021-05-14 00:00:00,2021-05-28,4970376.99,6710008.94,INR,3,ZENITH INFRASTRUCTURE PROJECTS,ENT-SUP-4F350A4CA1,ZENITH INFRASTRUCTURE PROJECTS,"KARNATAKA, India",AWARDED,6.0,0,0,OPEN_TENDER,BRUHAT BENGALURU MAHANAGARA PALIKE BBMP,KARNATAKA,https://kppp.karnataka.gov.in/
KAR-KA-2021-01070,REF-KAR-KA-2021-01070,KARNATAKA RURAL INFRASTRUCTURE,KARNATAKA State Government,KARNATAKA,Central District,"KARNATAKA, India",Medical Equipment & Consumables,Procurement of medical equipment & consumables for KARNATAKA RURAL INFRASTRUCTURE,Official public tender for supply of medical equipment & consumables under standard KARNATAKA state procurement guidelines.,2021-07-23 00:00:00,2021-07-29 00:00:00,2021-07-30 00:00:00,2021-08-13,4956424.98,4361653.98,INR,4,GUPTA AND SONS CONTRACTOR,ENT-SUP-7A3AE215B9,GUPTA AND SONS CONTRACTOR,"KARNATAKA, India",AWARDED,6.0,0,0,OPEN_TENDER,KARNATAKA RURAL INFRASTRUCTURE,KARNATAKA,https://kppp.karnataka.gov.in/
KAR-KA-2021-01071,REF-KAR-KA-2021-01071,BANGALORE METRO RAIL CORP,KARNATAKA State Government,KARNATAKA,Central District,"KARNATAKA, India",Electrical & Mechanical,Procurement of electrical & mechanical for BANGALORE METRO RAIL CORP,Official public tender for supply of electrical & mechanical under standard KARNATAKA state procurement guidelines.,2019-09-03 00:00:00,2019-09-17 00:00:00,2019-09-18 00:00:00,2019-10-02,1101850.8,1267128.42,INR,2,APEX MEDITECH SOLUTIONS,ENT-SUP-A750489DC1,APEX MEDITECH SOLUTIONS,"KARNATAKA, India",AWARDED,14.0,0,0,OPEN_TENDER,BANGALORE METRO RAIL CORP,KARNATAKA,https://kppp.karnataka.gov.in/
KAR-KA-2021-01072,REF-KAR-KA-2021-01072,BANGALORE METRO RAIL CORP,KARNATAKA State Government,KARNATAKA,Central District,"KARNATAKA, India",Information Technology & Software,Procurement of information technology & software for BANGALORE METRO RAIL CORP,Official public tender for supply of information technology & software under standard KARNATAKA state procurement guidelines.,2021-02-08 00:00:00,2021-03-01 00:00:00,2021-03-02 00:00:00,2021-03-16,4979772.48,5079367.93,INR,2,ZENITH INFRASTRUCTURE PROJECTS,ENT-SUP-4F350A4CA1,ZENITH INFRASTRUCTURE PROJECTS,"KARNATAKA, India",AWARDED,21.0,1,0,OPEN_TENDER,BANGALORE METRO RAIL CORP,KARNATAKA,https://kppp.karnataka.gov.in/
KAR-KA-2021-01073,REF-KAR-KA-2021-01073,KARNATAKA PUBLIC WORKS PORTS INLAND WATER,KARNATAKA State Government,KARNATAKA,Central District,"KARNATAKA, India",Civil Works & Infrastructure,Procurement of civil works & infrastructure for KARNATAKA PUBLIC WORKS PORTS INLAND WATER,Official public tender for supply of civil works & infrastructure under standard KARNATAKA state procurement guidelines.,2020-09-16 00:00:00,2020-09-30 00:00:00,2020-10-01 00:00:00,2020-10-15,112539260.71,99034549.42,INR,3,BHARAT DIAGNOSTIC SYSTEMS,ENT-SUP-C6B6FCD7BC,BHARAT DIAGNOSTIC SYSTEMS,"KARNATAKA, India",AWARDED,14.0,1,0,OPEN_TENDER,KARNATAKA PUBLIC WORKS PORTS INLAND WATER,KARNATAKA,https://kppp.karnataka.gov.in/
KAR-KA-2021-01074,REF-KAR-KA-2021-01074,BRUHAT BENGALURU MAHANAGARA PALIKE BBMP,KARNATAKA State Government,KARNATAKA,Central District,"KARNATAKA, India",Information Technology & Software,Procurement of information technology & software for BRUHAT BENGALURU MAHANAGARA PALIKE BBMP,Official public tender for supply of information technology & software under standard KARNATAKA state procurement guidelines.,2020-02-01 00:00:00,2020-03-02 00:00:00,2020-03-03 00:00:00,2020-03-17,225468463.37,198412247.76,INR,2,VANGUARD POWER SERVICES,ENT-SUP-FBE5090586,VANGUARD POWER SERVICES,"KARNATAKA, India",AWARDED,30.0,0,0,OPEN_TENDER,BRUHAT BENGALURU MAHANAGARA PALIKE BBMP,KARNATAKA,https://kppp.karnataka.gov.in/
KAR-KA-2021-01075,REF-KAR-KA-2021-01075,KARNATAKA PUBLIC WORKS PORTS INLAND WATER,KARNATAKA State Government,KARNATAKA,Central District,"KARNATAKA, India",Information Technology & Software,Procurement of information technology & software for KARNATAKA PUBLIC WORKS PORTS INLAND WATER,Official public tender for supply of information technology & software under standard KARNATAKA state procurement guidelines.,2020-02-24 00:00:00,2020-03-01 00:00:00,2020-03-02 00:00:00,2020-03-16,4924402.14,5022890.18,INR,3,LARSEN AND TOUBRO CONSTRUCTION,ENT-SUP-6C6BEB7D6E,LARSEN AND TOUBRO CONSTRUCTION,"KARNATAKA, India",AWARDED,6.0,0,0,OPEN_TENDER,KARNATAKA PUBLIC WORKS PORTS INLAND WATER,KARNATAKA,https://kppp.karnataka.gov.in/
KAR-KA-2021-01076,REF-KAR-KA-2021-01076,KARNATAKA RURAL INFRASTRUCTURE,KARNATAKA State Government,KARNATAKA,Central District,"KARNATAKA, India",Consultancy & Facility Management,Procurement of consultancy & facility management for KARNATAKA RURAL INFRASTRUCTURE,Official public tender for supply of consultancy & facility management under standard KARNATAKA state procurement guidelines.,2020-05-22 00:00:00,2020-06-12 00:00:00,2020-06-13 00:00:00,2020-06-27,4924079.83,5662691.81,INR,1,SHREE BALAJI ENTERPRISE,ENT-SUP-CA68E614E4,SHREE BALAJI ENTERPRISE,"KARNATAKA, India",AWARDED,21.0,0,0,OPEN_TENDER,KARNATAKA RURAL INFRASTRUCTURE,KARNATAKA,https://kppp.karnataka.gov.in/
KAR-KA-2021-01077,REF-KAR-KA-2021-01077,KARNATAKA PUBLIC WORKS PORTS INLAND WATER,KARNATAKA State Government,KARNATAKA,Central District,"KARNATAKA, India",Consultancy & Facility Management,Procurement of consultancy & facility management for KARNATAKA PUBLIC WORKS PORTS INLAND WATER,Official public tender for supply of consultancy & facility management under standard KARNATAKA state procurement guidelines.,2020-09-01 00:00:00,2020-09-05 00:00:00,2020-09-06 00:00:00,2020-09-20,4701584.65,4466505.42,INR,2,BHARAT DIAGNOSTIC SYSTEMS,ENT-SUP-C6B6FCD7BC,BHARAT DIAGNOSTIC SYSTEMS,"KARNATAKA, India",AWARDED,4.0,1,0,OPEN_TENDER,KARNATAKA PUBLIC WORKS PORTS INLAND WATER,KARNATAKA,https://kppp.karnataka.gov.in/
KAR-KA-2021-01078,REF-KAR-KA-2021-01078,KARNATAKA PUBLIC WORKS PORTS INLAND WATER,KARNATAKA State Government,KARNATAKA,Central District,"KARNATAKA, India",Civil Works & Infrastructure,Procurement of civil works & infrastructure for KARNATAKA PUBLIC WORKS PORTS INLAND WATER,Official public tender for supply of civil works & infrastructure under standard KARNATAKA state procurement guidelines.,2019-10-28 00:00:00,2019-11-18 00:00:00,2019-11-19 00:00:00,2019-12-03,16510220.2,17831037.82,INR,4,TATA PROJECTS LIMITED,ENT-SUP-861D6E7011,TATA PROJECTS LIMITED,"KARNATAKA, India",AWARDED,21.0,0,0,OPEN_TENDER,KARNATAKA PUBLIC WORKS PORTS INLAND WATER,KARNATAKA,https://kppp.karnataka.gov.in/
KAR-KA-2021-01079,REF-KAR-KA-2021-01079,BANGALORE METRO RAIL CORP,KARNATAKA State Government,KARNATAKA,Central District,"KARNATAKA, India",Medical Equipment & Consumables,Procurement of medical equipment & consumables for BANGALORE METRO RAIL CORP,Official public tender for supply of medical equipment & consumables under standard KARNATAKA state procurement guidelines.,2020-05-30 00:00:00,2020-06-20 00:00:00,2020-06-21 00:00:00,2020-07-05,284373682.59,290061156.24,INR,3,SHREE BALAJI ENTERPRISE,ENT-SUP-CA68E614E4,SHREE BALAJI ENTERPRISE,"KARNATAKA, India",AWARDED,21.0,0,0,OPEN_TENDER,BANGALORE METRO RAIL CORP,KARNATAKA,https://kppp.karnataka.gov.in/
KAR-KA-2021-01080,REF-KAR-KA-2021-01080,BRUHAT BENGALURU MAHANAGARA PALIKE BBMP,KARNATAKA State Government,KARNATAKA,Central District,"KARNATAKA, India",Medical Equipment & Consumables,Procurement of medical equipment & consumables for BRUHAT BENGALURU MAHANAGARA PALIKE BBMP,Official public tender for supply of medical equipment & consumables under standard KARNATAKA state procurement guidelines.,2019-09-16 00:00:00,2019-10-16 00:00:00,2019-10-17 00:00:00,2019-10-31,4934730.08,5329508.49,INR,3,LARSEN AND TOUBRO CONSTRUCTION,ENT-SUP-6C6BEB7D6E,LARSEN AND TOUBRO CONSTRUCTION,"KARNATAKA, India",AWARDED,30.0,2,0,OPEN_TENDER,BRUHAT BENGALURU MAHANAGARA PALIKE BBMP,KARNATAKA,https://kppp.karnataka.gov.in/
KAR-KA-2021-01081,REF-KAR-KA-2021-01081,BRUHAT BENGALURU MAHANAGARA PALIKE BBMP,KARNATAKA State Government,KARNATAKA,Central District,"KARNATAKA, India",Medical Equipment & Consumables,Procurement of medical equipment & consumables for BRUHAT BENGALURU MAHANAGARA PALIKE BBMP,Official public tender for supply of medical equipment & consumables under standard KARNATAKA state procurement guidelines.,2021-08-14 00:00:00,2021-08-28 00:00:00,2021-08-29 00:00:00,2021-09-12,177438155.86,204053879.24,INR,1,AHLUWALIA CONTRACTS INDIA LIMITED,ENT-SUP-28AFE50D95,AHLUWALIA CONTRACTS INDIA LIMITED,"KARNATAKA, India",AWARDED,14.0,0,0,OPEN_TENDER,BRUHAT BENGALURU MAHANAGARA PALIKE BBMP,KARNATAKA,https://kppp.karnataka.gov.in/
KAR-KA-2021-01082,REF-KAR-KA-2021-01082,HEALTH FAMILY WELFARE KARNATAKA,KARNATAKA State Government,KARNATAKA,Central District,"KARNATAKA, India",Information Technology & Software,Procurement of information technology & software for HEALTH FAMILY WELFARE KARNATAKA,Official public tender for supply of information technology & software under standard KARNATAKA state procurement guidelines.,2019-10-16 00:00:00,2019-11-15 00:00:00,2019-11-16 00:00:00,2019-11-30,155176220.06,158279744.46,INR,3,AFCONS INFRASTRUCTURE LIMITED,ENT-SUP-AC3B9A87E5,AFCONS INFRASTRUCTURE LIMITED,"KARNATAKA, India",AWARDED,30.0,2,0,OPEN_TENDER,HEALTH FAMILY WELFARE KARNATAKA,KARNATAKA,https://kppp.karnataka.gov.in/
KAR-KA-2021-01083,REF-KAR-KA-2021-01083,BRUHAT BENGALURU MAHANAGARA PALIKE BBMP,KARNATAKA State Government,KARNATAKA,Central District,"KARNATAKA, India",Medical Equipment & Consumables,Procurement of medical equipment & consumables for BRUHAT BENGALURU MAHANAGARA PALIKE BBMP,Official public tender for supply of medical equipment & consumables under standard KARNATAKA state procurement guidelines.,2019-06-04 00:00:00,2019-07-04 00:00:00,2019-07-05 00:00:00,2019-07-19,2388807.97,2747129.16,INR,3,SHARMA ENGINEERING WORKS,ENT-SUP-9473B0CC3C,SHARMA ENGINEERING WORKS,"KARNATAKA, India",AWARDED,30.0,2,0,OPEN_TENDER,BRUHAT BENGALURU MAHANAGARA PALIKE BBMP,KARNATAKA,https://kppp.karnataka.gov.in/
KAR-KA-2021-01084,REF-KAR-KA-2021-01084,BRUHAT BENGALURU MAHANAGARA PALIKE BBMP,KARNATAKA State Government,KARNATAKA,Central District,"KARNATAKA, India",Civil Works & Infrastructure,Procurement of civil works & infrastructure for BRUHAT BENGALURU MAHANAGARA PALIKE BBMP,Official public tender for supply of civil works & infrastructure under standard KARNATAKA state procurement guidelines.,2019-07-11 00:00:00,2019-08-10 00:00:00,2019-08-11 00:00:00,2019-08-25,283734684.96,306433459.75,INR,2,ZENITH INFRASTRUCTURE PROJECTS,ENT-SUP-4F350A4CA1,ZENITH INFRASTRUCTURE PROJECTS,"KARNATAKA, India",AWARDED,30.0,0,0,OPEN_TENDER,BRUHAT BENGALURU MAHANAGARA PALIKE BBMP,KARNATAKA,https://kppp.karnataka.gov.in/
KAR-KA-2021-01085,REF-KAR-KA-2021-01085,KARNATAKA RURAL INFRASTRUCTURE,KARNATAKA State Government,KARNATAKA,Central District,"KARNATAKA, India",Information Technology & Software,Procurement of information technology & software for KARNATAKA RURAL INFRASTRUCTURE,Official public tender for supply of information technology & software under standard KARNATAKA state procurement guidelines.,2019-09-16 00:00:00,2019-09-20 00:00:00,2019-09-21 00:00:00,2019-10-05,4967256.6,5066601.73,INR,1,LARSEN AND TOUBRO CONSTRUCTION,ENT-SUP-6C6BEB7D6E,LARSEN AND TOUBRO CONSTRUCTION,"KARNATAKA, India",AWARDED,4.0,0,0,OPEN_TENDER,KARNATAKA RURAL INFRASTRUCTURE,KARNATAKA,https://kppp.karnataka.gov.in/
KAR-KA-2021-01086,REF-KAR-KA-2021-01086,HEALTH FAMILY WELFARE KARNATAKA,KARNATAKA State Government,KARNATAKA,Central District,"KARNATAKA, India",Electrical & Mechanical,Procurement of electrical & mechanical for HEALTH FAMILY WELFARE KARNATAKA,Official public tender for supply of electrical & mechanical under standard KARNATAKA state procurement guidelines.,2019-08-20 00:00:00,2019-08-26 00:00:00,2019-08-27 00:00:00,2019-09-10,4986245.91,5085970.83,INR,1,SHARMA ENGINEERING WORKS,ENT-SUP-9473B0CC3C,SHARMA ENGINEERING WORKS,"KARNATAKA, India",AWARDED,6.0,0,0,OPEN_TENDER,HEALTH FAMILY WELFARE KARNATAKA,KARNATAKA,https://kppp.karnataka.gov.in/
KAR-KA-2021-01087,REF-KAR-KA-2021-01087,BANGALORE METRO RAIL CORP,KARNATAKA State Government,KARNATAKA,Central District,"KARNATAKA, India",Information Technology & Software,Procurement of information technology & software for BANGALORE METRO RAIL CORP,Official public tender for supply of information technology & software under standard KARNATAKA state procurement guidelines.,2020-08-25 00:00:00,2020-08-31 00:00:00,2020-09-01 00:00:00,2020-09-15,4905470.05,5297907.65,INR,1,GUPTA AND SONS CONTRACTOR,ENT-SUP-7A3AE215B9,GUPTA AND SONS CONTRACTOR,"KARNATAKA, India",AWARDED,6.0,1,0,OPEN_TENDER,BANGALORE METRO RAIL CORP,KARNATAKA,https://kppp.karnataka.gov.in/
KAR-KA-2021-01088,REF-KAR-KA-2021-01088,KARNATAKA RURAL INFRASTRUCTURE,KARNATAKA State Government,KARNATAKA,Central District,"KARNATAKA, India",Consultancy & Facility Management,Procurement of consultancy & facility management for KARNATAKA RURAL INFRASTRUCTURE,Official public tender for supply of consultancy & facility management under standard KARNATAKA state procurement guidelines.,2019-05-10 00:00:00,2019-05-14 00:00:00,2019-05-15 00:00:00,2019-05-29,2449055.91,2816414.29,INR,3,APEX MEDITECH SOLUTIONS,ENT-SUP-A750489DC1,APEX MEDITECH SOLUTIONS,"KARNATAKA, India",AWARDED,4.0,1,0,OPEN_TENDER,KARNATAKA RURAL INFRASTRUCTURE,KARNATAKA,https://kppp.karnataka.gov.in/
KAR-KA-2021-01089,REF-KAR-KA-2021-01089,BRUHAT BENGALURU MAHANAGARA PALIKE BBMP,KARNATAKA State Government,KARNATAKA,Central District,"KARNATAKA, India",Civil Works & Infrastructure,Procurement of civil works & infrastructure for BRUHAT BENGALURU MAHANAGARA PALIKE BBMP,Official public tender for supply of civil works & infrastructure under standard KARNATAKA state procurement guidelines.,2019-11-21 00:00:00,2019-12-21 00:00:00,2019-12-22 00:00:00,2020-01-05,23117490.56,24966889.81,INR,1,TATA PROJECTS LIMITED,ENT-SUP-861D6E7011,TATA PROJECTS LIMITED,"KARNATAKA, India",AWARDED,30.0,2,0,OPEN_TENDER,BRUHAT BENGALURU MAHANAGARA PALIKE BBMP,KARNATAKA,https://kppp.karnataka.gov.in/
KAR-KA-2021-01090,REF-KAR-KA-2021-01090,KARNATAKA RURAL INFRASTRUCTURE,KARNATAKA State Government,KARNATAKA,Central District,"KARNATAKA, India",Electrical & Mechanical,Procurement of electrical & mechanical for KARNATAKA RURAL INFRASTRUCTURE,Official public tender for supply of electrical & mechanical under standard KARNATAKA state procurement guidelines.,2020-10-15 00:00:00,2020-11-05 00:00:00,2020-11-06 00:00:00,2020-11-20,21237100.24,24422665.27,INR,1,SHREE BALAJI ENTERPRISE,ENT-SUP-CA68E614E4,SHREE BALAJI ENTERPRISE,"KARNATAKA, India",AWARDED,21.0,0,0,OPEN_TENDER,KARNATAKA RURAL INFRASTRUCTURE,KARNATAKA,https://kppp.karnataka.gov.in/
KAR-KA-2021-01091,REF-KAR-KA-2021-01091,BANGALORE METRO RAIL CORP,KARNATAKA State Government,KARNATAKA,Central District,"KARNATAKA, India",Civil Works & Infrastructure,Procurement of civil works & infrastructure for BANGALORE METRO RAIL CORP,Official public tender for supply of civil works & infrastructure under standard KARNATAKA state procurement guidelines.,2019-03-03 00:00:00,2019-03-07 00:00:00,2019-03-08 00:00:00,2019-03-22,4916628.51,4670797.09,INR,3,SHREE BALAJI ENTERPRISE,ENT-SUP-CA68E614E4,SHREE BALAJI ENTERPRISE,"KARNATAKA, India",AWARDED,4.0,0,0,OPEN_TENDER,BANGALORE METRO RAIL CORP,KARNATAKA,https://kppp.karnataka.gov.in/
KAR-KA-2021-01092,REF-KAR-KA-2021-01092,KARNATAKA RURAL INFRASTRUCTURE,KARNATAKA State Government,KARNATAKA,Central District,"KARNATAKA, India",Civil Works & Infrastructure,Procurement of civil works & infrastructure for KARNATAKA RURAL INFRASTRUCTURE,Official public tender for supply of civil works & infrastructure under standard KARNATAKA state procurement guidelines.,2021-05-30 00:00:00,2021-06-05 00:00:00,2021-06-06 00:00:00,2021-06-20,4920362.51,4674344.39,INR,3,PNC INFRATECH LIMITED,ENT-SUP-4B3E89D111,PNC INFRATECH LIMITED,"KARNATAKA, India",AWARDED,6.0,0,0,OPEN_TENDER,KARNATAKA RURAL INFRASTRUCTURE,KARNATAKA,https://kppp.karnataka.gov.in/
KAR-KA-2021-01093,REF-KAR-KA-2021-01093,BANGALORE METRO RAIL CORP,KARNATAKA State Government,KARNATAKA,Central District,"KARNATAKA, India",Civil Works & Infrastructure,Procurement of civil works & infrastructure for BANGALORE METRO RAIL CORP,Official public tender for supply of civil works & infrastructure under standard KARNATAKA state procurement guidelines.,2019-10-06 00:00:00,2019-10-12 00:00:00,2019-10-13 00:00:00,2019-10-27,281745299.77,287380205.77,INR,3,VANGUARD POWER SERVICES,ENT-SUP-FBE5090586,VANGUARD POWER SERVICES,"KARNATAKA, India",AWARDED,6.0,0,0,OPEN_TENDER,BANGALORE METRO RAIL CORP,KARNATAKA,https://kppp.karnataka.gov.in/
KAR-KA-2021-01094,REF-KAR-KA-2021-01094,HEALTH FAMILY WELFARE KARNATAKA,KARNATAKA State Government,KARNATAKA,Central District,"KARNATAKA, India",Electrical & Mechanical,Procurement of electrical & mechanical for HEALTH FAMILY WELFARE KARNATAKA,Official public tender for supply of electrical & mechanical under standard KARNATAKA state procurement guidelines.,2020-10-25 00:00:00,2020-10-29 00:00:00,2020-10-30 00:00:00,2020-11-13,1864918.41,2014111.88,INR,1,VANGUARD POWER SERVICES,ENT-SUP-FBE5090586,VANGUARD POWER SERVICES,"KARNATAKA, India",AWARDED,4.0,1,0,OPEN_TENDER,HEALTH FAMILY WELFARE KARNATAKA,KARNATAKA,https://kppp.karnataka.gov.in/
KAR-KA-2021-01095,REF-KAR-KA-2021-01095,KARNATAKA PUBLIC WORKS PORTS INLAND WATER,KARNATAKA State Government,KARNATAKA,Central District,"KARNATAKA, India",Electrical & Mechanical,Procurement of electrical & mechanical for KARNATAKA PUBLIC WORKS PORTS INLAND WATER,Official public tender for supply of electrical & mechanical under standard KARNATAKA state procurement guidelines.,2021-02-20 00:00:00,2021-03-22 00:00:00,2021-03-23 00:00:00,2021-04-06,4983394.68,5382066.26,INR,4,AHLUWALIA CONTRACTS INDIA LIMITED,ENT-SUP-28AFE50D95,AHLUWALIA CONTRACTS INDIA LIMITED,"KARNATAKA, India",AWARDED,30.0,0,0,OPEN_TENDER,KARNATAKA PUBLIC WORKS PORTS INLAND WATER,KARNATAKA,https://kppp.karnataka.gov.in/
KAR-KA-2021-01096,REF-KAR-KA-2021-01096,KARNATAKA RURAL INFRASTRUCTURE,KARNATAKA State Government,KARNATAKA,Central District,"KARNATAKA, India",Medical Equipment & Consumables,Procurement of medical equipment & consumables for KARNATAKA RURAL INFRASTRUCTURE,Official public tender for supply of medical equipment & consumables under standard KARNATAKA state procurement guidelines.,2020-04-12 00:00:00,2020-04-18 00:00:00,2020-04-19 00:00:00,2020-05-03,19130652.23,19513265.27,INR,2,NCC LIMITED INFRASTRUCTURE,ENT-SUP-0DFD916C8B,NCC LIMITED INFRASTRUCTURE,"KARNATAKA, India",AWARDED,6.0,0,0,OPEN_TENDER,KARNATAKA RURAL INFRASTRUCTURE,KARNATAKA,https://kppp.karnataka.gov.in/
KAR-KA-2021-01097,REF-KAR-KA-2021-01097,KARNATAKA PUBLIC WORKS PORTS INLAND WATER,KARNATAKA State Government,KARNATAKA,Central District,"KARNATAKA, India",Civil Works & Infrastructure,Procurement of civil works & infrastructure for KARNATAKA PUBLIC WORKS PORTS INLAND WATER,Official public tender for supply of civil works & infrastructure under standard KARNATAKA state procurement guidelines.,2019-11-09 00:00:00,2019-11-23 00:00:00,2019-11-24 00:00:00,2019-12-08,255583509.17,345037737.38,INR,1,AHLUWALIA CONTRACTS INDIA LIMITED,ENT-SUP-28AFE50D95,AHLUWALIA CONTRACTS INDIA LIMITED,"KARNATAKA, India",AWARDED,14.0,0,0,OPEN_TENDER,KARNATAKA PUBLIC WORKS PORTS INLAND WATER,KARNATAKA,https://kppp.karnataka.gov.in/
KAR-KA-2021-01098,REF-KAR-KA-2021-01098,HEALTH FAMILY WELFARE KARNATAKA,KARNATAKA State Government,KARNATAKA,Central District,"KARNATAKA, India",Civil Works & Infrastructure,Procurement of civil works & infrastructure for HEALTH FAMILY WELFARE KARNATAKA,Official public tender for supply of civil works & infrastructure under standard KARNATAKA state procurement guidelines.,2020-10-25 00:00:00,2020-11-24 00:00:00,2020-11-25 00:00:00,2020-12-09,4759356.65,4521388.82,INR,5,PNC INFRATECH LIMITED,ENT-SUP-4B3E89D111,PNC INFRATECH LIMITED,"KARNATAKA, India",AWARDED,30.0,1,0,OPEN_TENDER,HEALTH FAMILY WELFARE KARNATAKA,KARNATAKA,https://kppp.karnataka.gov.in/
KAR-KA-2021-01099,REF-KAR-KA-2021-01099,BRUHAT BENGALURU MAHANAGARA PALIKE BBMP,KARNATAKA State Government,KARNATAKA,Central District,"KARNATAKA, India",Medical Equipment & Consumables,Procurement of medical equipment & consumables for BRUHAT BENGALURU MAHANAGARA PALIKE BBMP,Official public tender for supply of medical equipment & consumables under standard KARNATAKA state procurement guidelines.,2019-11-30 00:00:00,2019-12-21 00:00:00,2019-12-22 00:00:00,2020-01-05,14907248.7,16099828.59,INR,2,VANGUARD POWER SERVICES,ENT-SUP-FBE5090586,VANGUARD POWER SERVICES,"KARNATAKA, India",AWARDED,21.0,0,0,OPEN_TENDER,BRUHAT BENGALURU MAHANAGARA PALIKE BBMP,KARNATAKA,https://kppp.karnataka.gov.in/
KAR-KA-2021-01100,REF-KAR-KA-2021-01100,KARNATAKA RURAL INFRASTRUCTURE,KARNATAKA State Government,KARNATAKA,Central District,"KARNATAKA, India",Civil Works & Infrastructure,Procurement of civil works & infrastructure for KARNATAKA RURAL INFRASTRUCTURE,Official public tender for supply of civil works & infrastructure under standard KARNATAKA state procurement guidelines.,2021-04-15 00:00:00,2021-05-15 00:00:00,2021-05-16 00:00:00,2021-05-30,234292026.41,316294235.65,INR,3,PNC INFRATECH LIMITED,ENT-SUP-4B3E89D111,PNC INFRATECH LIMITED,"KARNATAKA, India",AWARDED,30.0,0,0,OPEN_TENDER,KARNATAKA RURAL INFRASTRUCTURE,KARNATAKA,https://kppp.karnataka.gov.in/
KAR-KA-2021-01101,REF-KAR-KA-2021-01101,KARNATAKA RURAL INFRASTRUCTURE,KARNATAKA State Government,KARNATAKA,Central District,"KARNATAKA, India",Medical Equipment & Consumables,Procurement of medical equipment & consumables for KARNATAKA RURAL INFRASTRUCTURE,Official public tender for supply of medical equipment & consumables under standard KARNATAKA state procurement guidelines.,2019-07-01 00:00:00,2019-07-07 00:00:00,2019-07-08 00:00:00,2019-07-22,22313082.44,24098129.04,INR,3,TATA PROJECTS LIMITED,ENT-SUP-861D6E7011,TATA PROJECTS LIMITED,"KARNATAKA, India",AWARDED,6.0,0,0,OPEN_TENDER,KARNATAKA RURAL INFRASTRUCTURE,KARNATAKA,https://kppp.karnataka.gov.in/
KAR-KA-2021-01102,REF-KAR-KA-2021-01102,BRUHAT BENGALURU MAHANAGARA PALIKE BBMP,KARNATAKA State Government,KARNATAKA,Central District,"KARNATAKA, India",Consultancy & Facility Management,Procurement of consultancy & facility management for BRUHAT BENGALURU MAHANAGARA PALIKE BBMP,Official public tender for supply of consultancy & facility management under standard KARNATAKA state procurement guidelines.,2021-02-05 00:00:00,2021-02-26 00:00:00,2021-02-27 00:00:00,2021-03-13,24273443.86,24758912.73,INR,1,DILIP BUILDCON LIMITED,ENT-SUP-55226FC7C8,DILIP BUILDCON LIMITED,"KARNATAKA, India",AWARDED,21.0,0,0,OPEN_TENDER,BRUHAT BENGALURU MAHANAGARA PALIKE BBMP,KARNATAKA,https://kppp.karnataka.gov.in/
KAR-KA-2021-01103,REF-KAR-KA-2021-01103,HEALTH FAMILY WELFARE KARNATAKA,KARNATAKA State Government,KARNATAKA,Central District,"KARNATAKA, India",Information Technology & Software,Procurement of information technology & software for HEALTH FAMILY WELFARE KARNATAKA,Official public tender for supply of information technology & software under standard KARNATAKA state procurement guidelines.,2019-06-06 00:00:00,2019-07-06 00:00:00,2019-07-07 00:00:00,2019-07-21,4939563.18,5038354.44,INR,3,TATA PROJECTS LIMITED,ENT-SUP-861D6E7011,TATA PROJECTS LIMITED,"KARNATAKA, India",AWARDED,30.0,0,0,OPEN_TENDER,HEALTH FAMILY WELFARE KARNATAKA,KARNATAKA,https://kppp.karnataka.gov.in/
KAR-KA-2021-01104,REF-KAR-KA-2021-01104,KARNATAKA RURAL INFRASTRUCTURE,KARNATAKA State Government,KARNATAKA,Central District,"KARNATAKA, India",Consultancy & Facility Management,Procurement of consultancy & facility management for KARNATAKA RURAL INFRASTRUCTURE,Official public tender for supply of consultancy & facility management under standard KARNATAKA state procurement guidelines.,2019-03-10 00:00:00,2019-03-16 00:00:00,2019-03-17 00:00:00,2019-03-31,8076298.95,10903003.58,INR,3,GUPTA AND SONS CONTRACTOR,ENT-SUP-7A3AE215B9,GUPTA AND SONS CONTRACTOR,"KARNATAKA, India",AWARDED,6.0,2,0,OPEN_TENDER,KARNATAKA RURAL INFRASTRUCTURE,KARNATAKA,https://kppp.karnataka.gov.in/
KAR-KA-2021-01105,REF-KAR-KA-2021-01105,HEALTH FAMILY WELFARE KARNATAKA,KARNATAKA State Government,KARNATAKA,Central District,"KARNATAKA, India",Consultancy & Facility Management,Procurement of consultancy & facility management for HEALTH FAMILY WELFARE KARNATAKA,Official public tender for supply of consultancy & facility management under standard KARNATAKA state procurement guidelines.,2021-02-28 00:00:00,2021-03-21 00:00:00,2021-03-22 00:00:00,2021-04-05,516652.84,454654.5,INR,3,AFCONS INFRASTRUCTURE LIMITED,ENT-SUP-AC3B9A87E5,AFCONS INFRASTRUCTURE LIMITED,"KARNATAKA, India",AWARDED,21.0,2,0,OPEN_TENDER,HEALTH FAMILY WELFARE KARNATAKA,KARNATAKA,https://kppp.karnataka.gov.in/
KAR-KA-2021-01106,REF-KAR-KA-2021-01106,BRUHAT BENGALURU MAHANAGARA PALIKE BBMP,KARNATAKA State Government,KARNATAKA,Central District,"KARNATAKA, India",Medical Equipment & Consumables,Procurement of medical equipment & consumables for BRUHAT BENGALURU MAHANAGARA PALIKE BBMP,Official public tender for supply of medical equipment & consumables under standard KARNATAKA state procurement guidelines.,2021-01-25 00:00:00,2021-01-31 00:00:00,2021-02-01 00:00:00,2021-02-15,1207298.23,1062422.44,INR,3,AHLUWALIA CONTRACTS INDIA LIMITED,ENT-SUP-28AFE50D95,AHLUWALIA CONTRACTS INDIA LIMITED,"KARNATAKA, India",AWARDED,6.0,0,0,OPEN_TENDER,BRUHAT BENGALURU MAHANAGARA PALIKE BBMP,KARNATAKA,https://kppp.karnataka.gov.in/
KAR-KA-2021-01107,REF-KAR-KA-2021-01107,HEALTH FAMILY WELFARE KARNATAKA,KARNATAKA State Government,KARNATAKA,Central District,"KARNATAKA, India",Medical Equipment & Consumables,Procurement of medical equipment & consumables for HEALTH FAMILY WELFARE KARNATAKA,Official public tender for supply of medical equipment & consumables under standard KARNATAKA state procurement guidelines.,2020-09-16 00:00:00,2020-09-20 00:00:00,2020-09-21 00:00:00,2020-10-05,4171616.67,4505346.01,INR,3,KNR CONSTRUCTION,ENT-SUP-6A86A67807,KNR CONSTRUCTION,"KARNATAKA, India",AWARDED,4.0,2,0,OPEN_TENDER,HEALTH FAMILY WELFARE KARNATAKA,KARNATAKA,https://kppp.karnataka.gov.in/
KAR-KA-2021-01108,REF-KAR-KA-2021-01108,BRUHAT BENGALURU MAHANAGARA PALIKE BBMP,KARNATAKA State Government,KARNATAKA,Central District,"KARNATAKA, India",Civil Works & Infrastructure,Procurement of civil works & infrastructure for BRUHAT BENGALURU MAHANAGARA PALIKE BBMP,Official public tender for supply of civil works & infrastructure under standard KARNATAKA state procurement guidelines.,2019-02-28 00:00:00,2019-03-06 00:00:00,2019-03-07 00:00:00,2019-03-21,10960815.99,11180032.31,INR,3,ZENITH INFRASTRUCTURE PROJECTS,ENT-SUP-4F350A4CA1,ZENITH INFRASTRUCTURE PROJECTS,"KARNATAKA, India",AWARDED,6.0,0,0,OPEN_TENDER,BRUHAT BENGALURU MAHANAGARA PALIKE BBMP,KARNATAKA,https://kppp.karnataka.gov.in/
KAR-KA-2021-01109,REF-KAR-KA-2021-01109,KARNATAKA PUBLIC WORKS PORTS INLAND WATER,KARNATAKA State Government,KARNATAKA,Central District,"KARNATAKA, India",Medical Equipment & Consumables,Procurement of medical equipment & consumables for KARNATAKA PUBLIC WORKS PORTS INLAND WATER,Official public tender for supply of medical equipment & consumables under standard KARNATAKA state procurement guidelines.,2020-05-11 00:00:00,2020-05-17 00:00:00,2020-05-18 00:00:00,2020-06-01,16813354.94,17149622.04,INR,5,LARSEN AND TOUBRO CONSTRUCTION,ENT-SUP-6C6BEB7D6E,LARSEN AND TOUBRO CONSTRUCTION,"KARNATAKA, India",AWARDED,6.0,2,0,OPEN_TENDER,KARNATAKA PUBLIC WORKS PORTS INLAND WATER,KARNATAKA,https://kppp.karnataka.gov.in/
KAR-KA-2021-01110,REF-KAR-KA-2021-01110,BRUHAT BENGALURU MAHANAGARA PALIKE BBMP,KARNATAKA State Government,KARNATAKA,Central District,"KARNATAKA, India",Consultancy & Facility Management,Procurement of consultancy & facility management for BRUHAT BENGALURU MAHANAGARA PALIKE BBMP,Official public tender for supply of consultancy & facility management under standard KARNATAKA state procurement guidelines.,2020-01-08 00:00:00,2020-01-22 00:00:00,2020-01-23 00:00:00,2020-02-06,4991649.87,6738727.33,INR,4,ZENITH INFRASTRUCTURE PROJECTS,ENT-SUP-4F350A4CA1,ZENITH INFRASTRUCTURE PROJECTS,"KARNATAKA, India",AWARDED,14.0,0,0,OPEN_TENDER,BRUHAT BENGALURU MAHANAGARA PALIKE BBMP,KARNATAKA,https://kppp.karnataka.gov.in/
KAR-KA-2021-01111,REF-KAR-KA-2021-01111,KARNATAKA PUBLIC WORKS PORTS INLAND WATER,KARNATAKA State Government,KARNATAKA,Central District,"KARNATAKA, India",Civil Works & Infrastructure,Procurement of civil works & infrastructure for KARNATAKA PUBLIC WORKS PORTS INLAND WATER,Official public tender for supply of civil works & infrastructure under standard KARNATAKA state procurement guidelines.,2020-04-10 00:00:00,2020-05-10 00:00:00,2020-05-11 00:00:00,2020-05-25,3042417.22,3285810.59,INR,1,TATA PROJECTS LIMITED,ENT-SUP-861D6E7011,TATA PROJECTS LIMITED,"KARNATAKA, India",AWARDED,30.0,0,0,OPEN_TENDER,KARNATAKA PUBLIC WORKS PORTS INLAND WATER,KARNATAKA,https://kppp.karnataka.gov.in/
KAR-KA-2021-01112,REF-KAR-KA-2021-01112,BANGALORE METRO RAIL CORP,KARNATAKA State Government,KARNATAKA,Central District,"KARNATAKA, India",Electrical & Mechanical,Procurement of electrical & mechanical for BANGALORE METRO RAIL CORP,Official public tender for supply of electrical & mechanical under standard KARNATAKA state procurement guidelines.,2019-06-28 00:00:00,2019-07-12 00:00:00,2019-07-13 00:00:00,2019-07-27,342370596.27,393726185.71,INR,8,BHARAT DIAGNOSTIC SYSTEMS,ENT-SUP-C6B6FCD7BC,BHARAT DIAGNOSTIC SYSTEMS,"KARNATAKA, India",AWARDED,14.0,0,0,OPEN_TENDER,BANGALORE METRO RAIL CORP,KARNATAKA,https://kppp.karnataka.gov.in/
KAR-KA-2021-01113,REF-KAR-KA-2021-01113,KARNATAKA RURAL INFRASTRUCTURE,KARNATAKA State Government,KARNATAKA,Central District,"KARNATAKA, India",Medical Equipment & Consumables,Procurement of medical equipment & consumables for KARNATAKA RURAL INFRASTRUCTURE,Official public tender for supply of medical equipment & consumables under standard KARNATAKA state procurement guidelines.,2019-12-21 00:00:00,2019-12-27 00:00:00,2019-12-28 00:00:00,2020-01-11,1700330.1,1734336.7,INR,1,SHARMA ENGINEERING WORKS,ENT-SUP-9473B0CC3C,SHARMA ENGINEERING WORKS,"KARNATAKA, India",AWARDED,6.0,0,0,OPEN_TENDER,KARNATAKA RURAL INFRASTRUCTURE,KARNATAKA,https://kppp.karnataka.gov.in/
KAR-KA-2021-01114,REF-KAR-KA-2021-01114,KARNATAKA PUBLIC WORKS PORTS INLAND WATER,KARNATAKA State Government,KARNATAKA,Central District,"KARNATAKA, India",Information Technology & Software,Procurement of information technology & software for KARNATAKA PUBLIC WORKS PORTS INLAND WATER,Official public tender for supply of information technology & software under standard KARNATAKA state procurement guidelines.,2019-09-15 00:00:00,2019-10-06 00:00:00,2019-10-07 00:00:00,2019-10-21,4956237.22,4361488.75,INR,2,TATA PROJECTS LIMITED,ENT-SUP-861D6E7011,TATA PROJECTS LIMITED,"KARNATAKA, India",AWARDED,21.0,1,0,OPEN_TENDER,KARNATAKA PUBLIC WORKS PORTS INLAND WATER,KARNATAKA,https://kppp.karnataka.gov.in/
KAR-KA-2021-01115,REF-KAR-KA-2021-01115,KARNATAKA RURAL INFRASTRUCTURE,KARNATAKA State Government,KARNATAKA,Central District,"KARNATAKA, India",Electrical & Mechanical,Procurement of electrical & mechanical for KARNATAKA RURAL INFRASTRUCTURE,Official public tender for supply of electrical & mechanical under standard KARNATAKA state procurement guidelines.,2020-06-04 00:00:00,2020-06-25 00:00:00,2020-06-26 00:00:00,2020-07-10,291164187.45,314457322.44,INR,2,NCC LIMITED INFRASTRUCTURE,ENT-SUP-0DFD916C8B,NCC LIMITED INFRASTRUCTURE,"KARNATAKA, India",AWARDED,21.0,1,0,OPEN_TENDER,KARNATAKA RURAL INFRASTRUCTURE,KARNATAKA,https://kppp.karnataka.gov.in/
KAR-KA-2021-01116,REF-KAR-KA-2021-01116,BANGALORE METRO RAIL CORP,KARNATAKA State Government,KARNATAKA,Central District,"KARNATAKA, India",Civil Works & Infrastructure,Procurement of civil works & infrastructure for BANGALORE METRO RAIL CORP,Official public tender for supply of civil works & infrastructure under standard KARNATAKA state procurement guidelines.,2021-07-05 00:00:00,2021-07-19 00:00:00,2021-07-20 00:00:00,2021-08-03,4987137.21,4737780.35,INR,1,KNR CONSTRUCTION,ENT-SUP-6A86A67807,KNR CONSTRUCTION,"KARNATAKA, India",AWARDED,14.0,0,0,OPEN_TENDER,BANGALORE METRO RAIL CORP,KARNATAKA,https://kppp.karnataka.gov.in/
KAR-KA-2021-01117,REF-KAR-KA-2021-01117,HEALTH FAMILY WELFARE KARNATAKA,KARNATAKA State Government,KARNATAKA,Central District,"KARNATAKA, India",Electrical & Mechanical,Procurement of electrical & mechanical for HEALTH FAMILY WELFARE KARNATAKA,Official public tender for supply of electrical & mechanical under standard KARNATAKA state procurement guidelines.,2020-06-16 00:00:00,2020-07-16 00:00:00,2020-07-17 00:00:00,2020-07-31,13341351.52,12674283.94,INR,5,GUPTA AND SONS CONTRACTOR,ENT-SUP-7A3AE215B9,GUPTA AND SONS CONTRACTOR,"KARNATAKA, India",AWARDED,30.0,2,0,OPEN_TENDER,HEALTH FAMILY WELFARE KARNATAKA,KARNATAKA,https://kppp.karnataka.gov.in/
KAR-KA-2021-01118,REF-KAR-KA-2021-01118,BANGALORE METRO RAIL CORP,KARNATAKA State Government,KARNATAKA,Central District,"KARNATAKA, India",Electrical & Mechanical,Procurement of electrical & mechanical for BANGALORE METRO RAIL CORP,Official public tender for supply of electrical & mechanical under standard KARNATAKA state procurement guidelines.,2020-06-23 00:00:00,2020-07-14 00:00:00,2020-07-15 00:00:00,2020-07-29,4990397.74,5389629.56,INR,2,PNC INFRATECH LIMITED,ENT-SUP-4B3E89D111,PNC INFRATECH LIMITED,"KARNATAKA, India",AWARDED,21.0,0,0,OPEN_TENDER,BANGALORE METRO RAIL CORP,KARNATAKA,https://kppp.karnataka.gov.in/
KAR-KA-2021-01119,REF-KAR-KA-2021-01119,KARNATAKA PUBLIC WORKS PORTS INLAND WATER,KARNATAKA State Government,KARNATAKA,Central District,"KARNATAKA, India",Consultancy & Facility Management,Procurement of consultancy & facility management for KARNATAKA PUBLIC WORKS PORTS INLAND WATER,Official public tender for supply of consultancy & facility management under standard KARNATAKA state procurement guidelines.,2021-07-11 00:00:00,2021-07-15 00:00:00,2021-07-16 00:00:00,2021-07-30,4988062.35,5736271.7,INR,4,LARSEN AND TOUBRO CONSTRUCTION,ENT-SUP-6C6BEB7D6E,LARSEN AND TOUBRO CONSTRUCTION,"KARNATAKA, India",AWARDED,4.0,0,0,OPEN_TENDER,KARNATAKA PUBLIC WORKS PORTS INLAND WATER,KARNATAKA,https://kppp.karnataka.gov.in/
KAR-KA-2021-01120,REF-KAR-KA-2021-01120,KARNATAKA RURAL INFRASTRUCTURE,KARNATAKA State Government,KARNATAKA,Central District,"KARNATAKA, India",Electrical & Mechanical,Procurement of electrical & mechanical for KARNATAKA RURAL INFRASTRUCTURE,Official public tender for supply of electrical & mechanical under standard KARNATAKA state procurement guidelines.,2020-09-14 00:00:00,2020-10-14 00:00:00,2020-10-15 00:00:00,2020-10-29,4571426.0,4342854.7,INR,5,APEX MEDITECH SOLUTIONS,ENT-SUP-A750489DC1,APEX MEDITECH SOLUTIONS,"KARNATAKA, India",AWARDED,30.0,0,0,OPEN_TENDER,KARNATAKA RURAL INFRASTRUCTURE,KARNATAKA,https://kppp.karnataka.gov.in/
KAR-KA-2021-01121,REF-KAR-KA-2021-01121,KARNATAKA RURAL INFRASTRUCTURE,KARNATAKA State Government,KARNATAKA,Central District,"KARNATAKA, India",Civil Works & Infrastructure,Procurement of civil works & infrastructure for KARNATAKA RURAL INFRASTRUCTURE,Official public tender for supply of civil works & infrastructure under standard KARNATAKA state procurement guidelines.,2019-03-15 00:00:00,2019-03-29 00:00:00,2019-03-30 00:00:00,2019-04-13,121453408.68,131169681.37,INR,4,AFCONS INFRASTRUCTURE LIMITED,ENT-SUP-AC3B9A87E5,AFCONS INFRASTRUCTURE LIMITED,"KARNATAKA, India",AWARDED,14.0,0,0,OPEN_TENDER,KARNATAKA RURAL INFRASTRUCTURE,KARNATAKA,https://kppp.karnataka.gov.in/
KAR-KA-2021-01122,REF-KAR-KA-2021-01122,KARNATAKA PUBLIC WORKS PORTS INLAND WATER,KARNATAKA State Government,KARNATAKA,Central District,"KARNATAKA, India",Consultancy & Facility Management,Procurement of consultancy & facility management for KARNATAKA PUBLIC WORKS PORTS INLAND WATER,Official public tender for supply of consultancy & facility management under standard KARNATAKA state procurement guidelines.,2019-10-25 00:00:00,2019-11-24 00:00:00,2019-11-25 00:00:00,2019-12-09,4961684.54,5358619.31,INR,3,BHARAT DIAGNOSTIC SYSTEMS,ENT-SUP-C6B6FCD7BC,BHARAT DIAGNOSTIC SYSTEMS,"KARNATAKA, India",AWARDED,30.0,0,0,OPEN_TENDER,KARNATAKA PUBLIC WORKS PORTS INLAND WATER,KARNATAKA,https://kppp.karnataka.gov.in/
KAR-KA-2021-01123,REF-KAR-KA-2021-01123,BRUHAT BENGALURU MAHANAGARA PALIKE BBMP,KARNATAKA State Government,KARNATAKA,Central District,"KARNATAKA, India",Consultancy & Facility Management,Procurement of consultancy & facility management for BRUHAT BENGALURU MAHANAGARA PALIKE BBMP,Official public tender for supply of consultancy & facility management under standard KARNATAKA state procurement guidelines.,2019-01-20 00:00:00,2019-01-24 00:00:00,2019-01-25 00:00:00,2019-02-08,7986008.86,7027687.8,INR,4,SHARMA ENGINEERING WORKS,ENT-SUP-9473B0CC3C,SHARMA ENGINEERING WORKS,"KARNATAKA, India",AWARDED,4.0,1,0,OPEN_TENDER,BRUHAT BENGALURU MAHANAGARA PALIKE BBMP,KARNATAKA,https://kppp.karnataka.gov.in/
KAR-KA-2021-01124,REF-KAR-KA-2021-01124,HEALTH FAMILY WELFARE KARNATAKA,KARNATAKA State Government,KARNATAKA,Central District,"KARNATAKA, India",Information Technology & Software,Procurement of information technology & software for HEALTH FAMILY WELFARE KARNATAKA,Official public tender for supply of information technology & software under standard KARNATAKA state procurement guidelines.,2019-08-25 00:00:00,2019-09-24 00:00:00,2019-09-25 00:00:00,2019-10-09,4940376.27,4347531.12,INR,1,SHARMA ENGINEERING WORKS,ENT-SUP-9473B0CC3C,SHARMA ENGINEERING WORKS,"KARNATAKA, India",AWARDED,30.0,1,0,OPEN_TENDER,HEALTH FAMILY WELFARE KARNATAKA,KARNATAKA,https://kppp.karnataka.gov.in/
KAR-KA-2021-01125,REF-KAR-KA-2021-01125,KARNATAKA RURAL INFRASTRUCTURE,KARNATAKA State Government,KARNATAKA,Central District,"KARNATAKA, India",Electrical & Mechanical,Procurement of electrical & mechanical for KARNATAKA RURAL INFRASTRUCTURE,Official public tender for supply of electrical & mechanical under standard KARNATAKA state procurement guidelines.,2019-04-20 00:00:00,2019-04-24 00:00:00,2019-04-25 00:00:00,2019-05-09,18252014.73,24640219.89,INR,3,DILIP BUILDCON LIMITED,ENT-SUP-55226FC7C8,DILIP BUILDCON LIMITED,"KARNATAKA, India",AWARDED,4.0,1,0,OPEN_TENDER,KARNATAKA RURAL INFRASTRUCTURE,KARNATAKA,https://kppp.karnataka.gov.in/
KAR-KA-2021-01126,REF-KAR-KA-2021-01126,HEALTH FAMILY WELFARE KARNATAKA,KARNATAKA State Government,KARNATAKA,Central District,"KARNATAKA, India",Electrical & Mechanical,Procurement of electrical & mechanical for HEALTH FAMILY WELFARE KARNATAKA,Official public tender for supply of electrical & mechanical under standard KARNATAKA state procurement guidelines.,2019-03-18 00:00:00,2019-04-17 00:00:00,2019-04-18 00:00:00,2019-05-02,793624.62,753943.39,INR,2,BHARAT DIAGNOSTIC SYSTEMS,ENT-SUP-C6B6FCD7BC,BHARAT DIAGNOSTIC SYSTEMS,"KARNATAKA, India",AWARDED,30.0,2,0,OPEN_TENDER,HEALTH FAMILY WELFARE KARNATAKA,KARNATAKA,https://kppp.karnataka.gov.in/
KAR-KA-2021-01127,REF-KAR-KA-2021-01127,BANGALORE METRO RAIL CORP,KARNATAKA State Government,KARNATAKA,Central District,"KARNATAKA, India",Information Technology & Software,Procurement of information technology & software for BANGALORE METRO RAIL CORP,Official public tender for supply of information technology & software under standard KARNATAKA state procurement guidelines.,2020-01-17 00:00:00,2020-02-16 00:00:00,2020-02-17 00:00:00,2020-03-02,2699106.62,2915035.15,INR,5,VANGUARD POWER SERVICES,ENT-SUP-FBE5090586,VANGUARD POWER SERVICES,"KARNATAKA, India",AWARDED,30.0,0,0,OPEN_TENDER,BANGALORE METRO RAIL CORP,KARNATAKA,https://kppp.karnataka.gov.in/
KAR-KA-2021-01128,REF-KAR-KA-2021-01128,HEALTH FAMILY WELFARE KARNATAKA,KARNATAKA State Government,KARNATAKA,Central District,"KARNATAKA, India",Civil Works & Infrastructure,Procurement of civil works & infrastructure for HEALTH FAMILY WELFARE KARNATAKA,Official public tender for supply of civil works & infrastructure under standard KARNATAKA state procurement guidelines.,2019-03-21 00:00:00,2019-03-27 00:00:00,2019-03-28 00:00:00,2019-04-11,20675015.59,19641264.81,INR,1,PNC INFRATECH LIMITED,ENT-SUP-4B3E89D111,PNC INFRATECH LIMITED,"KARNATAKA, India",AWARDED,6.0,1,0,OPEN_TENDER,HEALTH FAMILY WELFARE KARNATAKA,KARNATAKA,https://kppp.karnataka.gov.in/
KAR-KA-2021-01129,REF-KAR-KA-2021-01129,KARNATAKA PUBLIC WORKS PORTS INLAND WATER,KARNATAKA State Government,KARNATAKA,Central District,"KARNATAKA, India",Electrical & Mechanical,Procurement of electrical & mechanical for KARNATAKA PUBLIC WORKS PORTS INLAND WATER,Official public tender for supply of electrical & mechanical under standard KARNATAKA state procurement guidelines.,2020-01-11 00:00:00,2020-01-25 00:00:00,2020-01-26 00:00:00,2020-02-09,211463893.51,228381005.0,INR,1,VANGUARD POWER SERVICES,ENT-SUP-FBE5090586,VANGUARD POWER SERVICES,"KARNATAKA, India",AWARDED,14.0,0,0,OPEN_TENDER,KARNATAKA PUBLIC WORKS PORTS INLAND WATER,KARNATAKA,https://kppp.karnataka.gov.in/
KAR-KA-2021-01130,REF-KAR-KA-2021-01130,KARNATAKA PUBLIC WORKS PORTS INLAND WATER,KARNATAKA State Government,KARNATAKA,Central District,"KARNATAKA, India",Information Technology & Software,Procurement of information technology & software for KARNATAKA PUBLIC WORKS PORTS INLAND WATER,Official public tender for supply of information technology & software under standard KARNATAKA state procurement guidelines.,2020-02-27 00:00:00,2020-03-28 00:00:00,2020-03-29 00:00:00,2020-04-12,257918916.21,226968646.26,INR,2,KNR CONSTRUCTION,ENT-SUP-6A86A67807,KNR CONSTRUCTION,"KARNATAKA, India",AWARDED,30.0,2,0,OPEN_TENDER,KARNATAKA PUBLIC WORKS PORTS INLAND WATER,KARNATAKA,https://kppp.karnataka.gov.in/
KAR-KA-2021-01131,REF-KAR-KA-2021-01131,KARNATAKA PUBLIC WORKS PORTS INLAND WATER,KARNATAKA State Government,KARNATAKA,Central District,"KARNATAKA, India",Electrical & Mechanical,Procurement of electrical & mechanical for KARNATAKA PUBLIC WORKS PORTS INLAND WATER,Official public tender for supply of electrical & mechanical under standard KARNATAKA state procurement guidelines.,2019-02-13 00:00:00,2019-03-06 00:00:00,2019-03-07 00:00:00,2019-03-21,4159667.73,4242861.08,INR,4,NCC LIMITED INFRASTRUCTURE,ENT-SUP-0DFD916C8B,NCC LIMITED INFRASTRUCTURE,"KARNATAKA, India",AWARDED,21.0,0,0,OPEN_TENDER,KARNATAKA PUBLIC WORKS PORTS INLAND WATER,KARNATAKA,https://kppp.karnataka.gov.in/
KAR-KA-2021-01132,REF-KAR-KA-2021-01132,KARNATAKA RURAL INFRASTRUCTURE,KARNATAKA State Government,KARNATAKA,Central District,"KARNATAKA, India",Consultancy & Facility Management,Procurement of consultancy & facility management for KARNATAKA RURAL INFRASTRUCTURE,Official public tender for supply of consultancy & facility management under standard KARNATAKA state procurement guidelines.,2019-10-09 00:00:00,2019-11-08 00:00:00,2019-11-09 00:00:00,2019-11-23,281691903.42,380284069.62,INR,5,NCC LIMITED INFRASTRUCTURE,ENT-SUP-0DFD916C8B,NCC LIMITED INFRASTRUCTURE,"KARNATAKA, India",AWARDED,30.0,1,0,OPEN_TENDER,KARNATAKA RURAL INFRASTRUCTURE,KARNATAKA,https://kppp.karnataka.gov.in/
KAR-KA-2021-01133,REF-KAR-KA-2021-01133,BANGALORE METRO RAIL CORP,KARNATAKA State Government,KARNATAKA,Central District,"KARNATAKA, India",Medical Equipment & Consumables,Procurement of medical equipment & consumables for BANGALORE METRO RAIL CORP,Official public tender for supply of medical equipment & consumables under standard KARNATAKA state procurement guidelines.,2019-04-09 00:00:00,2019-05-09 00:00:00,2019-05-10 00:00:00,2019-05-24,125786058.72,110691731.68,INR,1,APEX MEDITECH SOLUTIONS,ENT-SUP-A750489DC1,APEX MEDITECH SOLUTIONS,"KARNATAKA, India",AWARDED,30.0,1,0,OPEN_TENDER,BANGALORE METRO RAIL CORP,KARNATAKA,https://kppp.karnataka.gov.in/
KAR-KA-2021-01134,REF-KAR-KA-2021-01134,KARNATAKA RURAL INFRASTRUCTURE,KARNATAKA State Government,KARNATAKA,Central District,"KARNATAKA, India",Consultancy & Facility Management,Procurement of consultancy & facility management for KARNATAKA RURAL INFRASTRUCTURE,Official public tender for supply of consultancy & facility management under standard KARNATAKA state procurement guidelines.,2020-09-12 00:00:00,2020-10-12 00:00:00,2020-10-13 00:00:00,2020-10-27,4956059.26,5352544.0,INR,3,SHREE BALAJI ENTERPRISE,ENT-SUP-CA68E614E4,SHREE BALAJI ENTERPRISE,"KARNATAKA, India",AWARDED,30.0,0,0,OPEN_TENDER,KARNATAKA RURAL INFRASTRUCTURE,KARNATAKA,https://kppp.karnataka.gov.in/
KAR-KA-2021-01135,REF-KAR-KA-2021-01135,BRUHAT BENGALURU MAHANAGARA PALIKE BBMP,KARNATAKA State Government,KARNATAKA,Central District,"KARNATAKA, India",Consultancy & Facility Management,Procurement of consultancy & facility management for BRUHAT BENGALURU MAHANAGARA PALIKE BBMP,Official public tender for supply of consultancy & facility management under standard KARNATAKA state procurement guidelines.,2021-05-06 00:00:00,2021-05-20 00:00:00,2021-05-21 00:00:00,2021-06-04,9515210.49,8373385.23,INR,2,SHARMA ENGINEERING WORKS,ENT-SUP-9473B0CC3C,SHARMA ENGINEERING WORKS,"KARNATAKA, India",AWARDED,14.0,0,0,OPEN_TENDER,BRUHAT BENGALURU MAHANAGARA PALIKE BBMP,KARNATAKA,https://kppp.karnataka.gov.in/
KAR-KA-2021-01136,REF-KAR-KA-2021-01136,HEALTH FAMILY WELFARE KARNATAKA,KARNATAKA State Government,KARNATAKA,Central District,"KARNATAKA, India",Medical Equipment & Consumables,Procurement of medical equipment & consumables for HEALTH FAMILY WELFARE KARNATAKA,Official public tender for supply of medical equipment & consumables under standard KARNATAKA state procurement guidelines.,2020-02-03 00:00:00,2020-02-09 00:00:00,2020-02-10 00:00:00,2020-02-24,4305132.95,5811929.48,INR,1,ZENITH INFRASTRUCTURE PROJECTS,ENT-SUP-4F350A4CA1,ZENITH INFRASTRUCTURE PROJECTS,"KARNATAKA, India",AWARDED,6.0,1,0,OPEN_TENDER,HEALTH FAMILY WELFARE KARNATAKA,KARNATAKA,https://kppp.karnataka.gov.in/
KAR-KA-2021-01137,REF-KAR-KA-2021-01137,KARNATAKA RURAL INFRASTRUCTURE,KARNATAKA State Government,KARNATAKA,Central District,"KARNATAKA, India",Medical Equipment & Consumables,Procurement of medical equipment & consumables for KARNATAKA RURAL INFRASTRUCTURE,Official public tender for supply of medical equipment & consumables under standard KARNATAKA state procurement guidelines.,2021-06-16 00:00:00,2021-06-20 00:00:00,2021-06-21 00:00:00,2021-07-05,4959861.25,4364677.9,INR,3,PNC INFRATECH LIMITED,ENT-SUP-4B3E89D111,PNC INFRATECH LIMITED,"KARNATAKA, India",AWARDED,4.0,1,0,OPEN_TENDER,KARNATAKA RURAL INFRASTRUCTURE,KARNATAKA,https://kppp.karnataka.gov.in/
KAR-KA-2021-01138,REF-KAR-KA-2021-01138,KARNATAKA PUBLIC WORKS PORTS INLAND WATER,KARNATAKA State Government,KARNATAKA,Central District,"KARNATAKA, India",Electrical & Mechanical,Procurement of electrical & mechanical for KARNATAKA PUBLIC WORKS PORTS INLAND WATER,Official public tender for supply of electrical & mechanical under standard KARNATAKA state procurement guidelines.,2021-09-04 00:00:00,2021-09-08 00:00:00,2021-09-09 00:00:00,2021-09-23,79621997.39,107489696.48,INR,3,DILIP BUILDCON LIMITED,ENT-SUP-55226FC7C8,DILIP BUILDCON LIMITED,"KARNATAKA, India",AWARDED,4.0,1,0,OPEN_TENDER,KARNATAKA PUBLIC WORKS PORTS INLAND WATER,KARNATAKA,https://kppp.karnataka.gov.in/
KAR-KA-2021-01139,REF-KAR-KA-2021-01139,HEALTH FAMILY WELFARE KARNATAKA,KARNATAKA State Government,KARNATAKA,Central District,"KARNATAKA, India",Civil Works & Infrastructure,Procurement of civil works & infrastructure for HEALTH FAMILY WELFARE KARNATAKA,Official public tender for supply of civil works & infrastructure under standard KARNATAKA state procurement guidelines.,2020-10-09 00:00:00,2020-10-13 00:00:00,2020-10-14 00:00:00,2020-10-28,3989317.59,5385578.75,INR,3,NCC LIMITED INFRASTRUCTURE,ENT-SUP-0DFD916C8B,NCC LIMITED INFRASTRUCTURE,"KARNATAKA, India",AWARDED,4.0,0,0,OPEN_TENDER,HEALTH FAMILY WELFARE KARNATAKA,KARNATAKA,https://kppp.karnataka.gov.in/
KAR-KA-2021-01140,REF-KAR-KA-2021-01140,BRUHAT BENGALURU MAHANAGARA PALIKE BBMP,KARNATAKA State Government,KARNATAKA,Central District,"KARNATAKA, India",Information Technology & Software,Procurement of information technology & software for BRUHAT BENGALURU MAHANAGARA PALIKE BBMP,Official public tender for supply of information technology & software under standard KARNATAKA state procurement guidelines.,2019-04-05 00:00:00,2019-04-11 00:00:00,2019-04-12 00:00:00,2019-04-26,18701536.84,19075567.58,INR,3,LARSEN AND TOUBRO CONSTRUCTION,ENT-SUP-6C6BEB7D6E,LARSEN AND TOUBRO CONSTRUCTION,"KARNATAKA, India",AWARDED,6.0,0,0,OPEN_TENDER,BRUHAT BENGALURU MAHANAGARA PALIKE BBMP,KARNATAKA,https://kppp.karnataka.gov.in/
KAR-KA-2021-01141,REF-KAR-KA-2021-01141,BRUHAT BENGALURU MAHANAGARA PALIKE BBMP,KARNATAKA State Government,KARNATAKA,Central District,"KARNATAKA, India",Medical Equipment & Consumables,Procurement of medical equipment & consumables for BRUHAT BENGALURU MAHANAGARA PALIKE BBMP,Official public tender for supply of medical equipment & consumables under standard KARNATAKA state procurement guidelines.,2021-09-15 00:00:00,2021-10-06 00:00:00,2021-10-07 00:00:00,2021-10-21,4937324.99,5036071.49,INR,2,SHARMA ENGINEERING WORKS,ENT-SUP-9473B0CC3C,SHARMA ENGINEERING WORKS,"KARNATAKA, India",AWARDED,21.0,1,0,OPEN_TENDER,BRUHAT BENGALURU MAHANAGARA PALIKE BBMP,KARNATAKA,https://kppp.karnataka.gov.in/
KAR-KA-2021-01142,REF-KAR-KA-2021-01142,KARNATAKA PUBLIC WORKS PORTS INLAND WATER,KARNATAKA State Government,KARNATAKA,Central District,"KARNATAKA, India",Consultancy & Facility Management,Procurement of consultancy & facility management for KARNATAKA PUBLIC WORKS PORTS INLAND WATER,Official public tender for supply of consultancy & facility management under standard KARNATAKA state procurement guidelines.,2019-05-07 00:00:00,2019-05-13 00:00:00,2019-05-14 00:00:00,2019-05-28,5753632.51,5063196.61,INR,4,AFCONS INFRASTRUCTURE LIMITED,ENT-SUP-AC3B9A87E5,AFCONS INFRASTRUCTURE LIMITED,"KARNATAKA, India",AWARDED,6.0,2,0,OPEN_TENDER,KARNATAKA PUBLIC WORKS PORTS INLAND WATER,KARNATAKA,https://kppp.karnataka.gov.in/
KAR-KA-2021-01143,REF-KAR-KA-2021-01143,KARNATAKA RURAL INFRASTRUCTURE,KARNATAKA State Government,KARNATAKA,Central District,"KARNATAKA, India",Medical Equipment & Consumables,Procurement of medical equipment & consumables for KARNATAKA RURAL INFRASTRUCTURE,Official public tender for supply of medical equipment & consumables under standard KARNATAKA state procurement guidelines.,2019-11-08 00:00:00,2019-11-29 00:00:00,2019-11-30 00:00:00,2019-12-14,1300765.44,1326780.75,INR,1,ZENITH INFRASTRUCTURE PROJECTS,ENT-SUP-4F350A4CA1,ZENITH INFRASTRUCTURE PROJECTS,"KARNATAKA, India",AWARDED,21.0,0,0,OPEN_TENDER,KARNATAKA RURAL INFRASTRUCTURE,KARNATAKA,https://kppp.karnataka.gov.in/
KAR-KA-2021-01144,REF-KAR-KA-2021-01144,KARNATAKA PUBLIC WORKS PORTS INLAND WATER,KARNATAKA State Government,KARNATAKA,Central District,"KARNATAKA, India",Civil Works & Infrastructure,Procurement of civil works & infrastructure for KARNATAKA PUBLIC WORKS PORTS INLAND WATER,Official public tender for supply of civil works & infrastructure under standard KARNATAKA state procurement guidelines.,2020-04-23 00:00:00,2020-04-29 00:00:00,2020-04-30 00:00:00,2020-05-14,320423799.63,326832275.62,INR,1,GUPTA AND SONS CONTRACTOR,ENT-SUP-7A3AE215B9,GUPTA AND SONS CONTRACTOR,"KARNATAKA, India",AWARDED,6.0,2,0,OPEN_TENDER,KARNATAKA PUBLIC WORKS PORTS INLAND WATER,KARNATAKA,https://kppp.karnataka.gov.in/
KAR-KA-2021-01145,REF-KAR-KA-2021-01145,KARNATAKA PUBLIC WORKS PORTS INLAND WATER,KARNATAKA State Government,KARNATAKA,Central District,"KARNATAKA, India",Information Technology & Software,Procurement of information technology & software for KARNATAKA PUBLIC WORKS PORTS INLAND WATER,Official public tender for supply of information technology & software under standard KARNATAKA state procurement guidelines.,2021-05-01 00:00:00,2021-05-31 00:00:00,2021-06-01 00:00:00,2021-06-15,9722033.59,11180338.63,INR,2,NCC LIMITED INFRASTRUCTURE,ENT-SUP-0DFD916C8B,NCC LIMITED INFRASTRUCTURE,"KARNATAKA, India",AWARDED,30.0,2,0,OPEN_TENDER,KARNATAKA PUBLIC WORKS PORTS INLAND WATER,KARNATAKA,https://kppp.karnataka.gov.in/
KAR-KA-2021-01146,REF-KAR-KA-2021-01146,HEALTH FAMILY WELFARE KARNATAKA,KARNATAKA State Government,KARNATAKA,Central District,"KARNATAKA, India",Consultancy & Facility Management,Procurement of consultancy & facility management for HEALTH FAMILY WELFARE KARNATAKA,Official public tender for supply of consultancy & facility management under standard KARNATAKA state procurement guidelines.,2019-03-27 00:00:00,2019-03-31 00:00:00,2019-04-01 00:00:00,2019-04-15,21863843.66,23612951.16,INR,2,GUPTA AND SONS CONTRACTOR,ENT-SUP-7A3AE215B9,GUPTA AND SONS CONTRACTOR,"KARNATAKA, India",AWARDED,4.0,0,0,OPEN_TENDER,HEALTH FAMILY WELFARE KARNATAKA,KARNATAKA,https://kppp.karnataka.gov.in/
KAR-KA-2021-01147,REF-KAR-KA-2021-01147,KARNATAKA PUBLIC WORKS PORTS INLAND WATER,KARNATAKA State Government,KARNATAKA,Central District,"KARNATAKA, India",Electrical & Mechanical,Procurement of electrical & mechanical for KARNATAKA PUBLIC WORKS PORTS INLAND WATER,Official public tender for supply of electrical & mechanical under standard KARNATAKA state procurement guidelines.,2020-03-28 00:00:00,2020-04-01 00:00:00,2020-04-02 00:00:00,2020-04-16,238011219.0,321315145.65,INR,4,VANGUARD POWER SERVICES,ENT-SUP-FBE5090586,VANGUARD POWER SERVICES,"KARNATAKA, India",AWARDED,4.0,2,0,OPEN_TENDER,KARNATAKA PUBLIC WORKS PORTS INLAND WATER,KARNATAKA,https://kppp.karnataka.gov.in/
KAR-KA-2021-01148,REF-KAR-KA-2021-01148,HEALTH FAMILY WELFARE KARNATAKA,KARNATAKA State Government,KARNATAKA,Central District,"KARNATAKA, India",Electrical & Mechanical,Procurement of electrical & mechanical for HEALTH FAMILY WELFARE KARNATAKA,Official public tender for supply of electrical & mechanical under standard KARNATAKA state procurement guidelines.,2019-01-17 00:00:00,2019-01-21 00:00:00,2019-01-22 00:00:00,2019-02-05,219562038.84,296408752.44,INR,4,VANGUARD POWER SERVICES,ENT-SUP-FBE5090586,VANGUARD POWER SERVICES,"KARNATAKA, India",AWARDED,4.0,2,0,OPEN_TENDER,HEALTH FAMILY WELFARE KARNATAKA,KARNATAKA,https://kppp.karnataka.gov.in/
KAR-KA-2021-01149,REF-KAR-KA-2021-01149,BRUHAT BENGALURU MAHANAGARA PALIKE BBMP,KARNATAKA State Government,KARNATAKA,Central District,"KARNATAKA, India",Medical Equipment & Consumables,Procurement of medical equipment & consumables for BRUHAT BENGALURU MAHANAGARA PALIKE BBMP,Official public tender for supply of medical equipment & consumables under standard KARNATAKA state procurement guidelines.,2020-09-23 00:00:00,2020-10-14 00:00:00,2020-10-15 00:00:00,2020-10-29,7833968.16,6893891.98,INR,3,VANGUARD POWER SERVICES,ENT-SUP-FBE5090586,VANGUARD POWER SERVICES,"KARNATAKA, India",AWARDED,21.0,1,0,OPEN_TENDER,BRUHAT BENGALURU MAHANAGARA PALIKE BBMP,KARNATAKA,https://kppp.karnataka.gov.in/
KAR-KA-2021-01150,REF-KAR-KA-2021-01150,KARNATAKA PUBLIC WORKS PORTS INLAND WATER,KARNATAKA State Government,KARNATAKA,Central District,"KARNATAKA, India",Civil Works & Infrastructure,Procurement of civil works & infrastructure for KARNATAKA PUBLIC WORKS PORTS INLAND WATER,Official public tender for supply of civil works & infrastructure under standard KARNATAKA state procurement guidelines.,2019-01-23 00:00:00,2019-01-29 00:00:00,2019-01-30 00:00:00,2019-02-13,90588095.97,86058691.17,INR,3,PNC INFRATECH LIMITED,ENT-SUP-4B3E89D111,PNC INFRATECH LIMITED,"KARNATAKA, India",AWARDED,6.0,0,0,OPEN_TENDER,KARNATAKA PUBLIC WORKS PORTS INLAND WATER,KARNATAKA,https://kppp.karnataka.gov.in/
KAR-KA-2021-01151,REF-KAR-KA-2021-01151,KARNATAKA PUBLIC WORKS PORTS INLAND WATER,KARNATAKA State Government,KARNATAKA,Central District,"KARNATAKA, India",Electrical & Mechanical,Procurement of electrical & mechanical for KARNATAKA PUBLIC WORKS PORTS INLAND WATER,Official public tender for supply of electrical & mechanical under standard KARNATAKA state procurement guidelines.,2019-06-26 00:00:00,2019-07-26 00:00:00,2019-07-27 00:00:00,2019-08-10,22403980.89,24196299.36,INR,3,SHREE BALAJI ENTERPRISE,ENT-SUP-CA68E614E4,SHREE BALAJI ENTERPRISE,"KARNATAKA, India",AWARDED,30.0,1,0,OPEN_TENDER,KARNATAKA PUBLIC WORKS PORTS INLAND WATER,KARNATAKA,https://kppp.karnataka.gov.in/
KAR-KA-2021-01152,REF-KAR-KA-2021-01152,BANGALORE METRO RAIL CORP,KARNATAKA State Government,KARNATAKA,Central District,"KARNATAKA, India",Medical Equipment & Consumables,Procurement of medical equipment & consumables for BANGALORE METRO RAIL CORP,Official public tender for supply of medical equipment & consumables under standard KARNATAKA state procurement guidelines.,2021-03-22 00:00:00,2021-04-05 00:00:00,2021-04-06 00:00:00,2021-04-20,136414112.39,147327241.38,INR,3,LARSEN AND TOUBRO CONSTRUCTION,ENT-SUP-6C6BEB7D6E,LARSEN AND TOUBRO CONSTRUCTION,"KARNATAKA, India",AWARDED,14.0,0,0,OPEN_TENDER,BANGALORE METRO RAIL CORP,KARNATAKA,https://kppp.karnataka.gov.in/
KAR-KA-2021-01153,REF-KAR-KA-2021-01153,BANGALORE METRO RAIL CORP,KARNATAKA State Government,KARNATAKA,Central District,"KARNATAKA, India",Information Technology & Software,Procurement of information technology & software for BANGALORE METRO RAIL CORP,Official public tender for supply of information technology & software under standard KARNATAKA state procurement guidelines.,2020-04-25 00:00:00,2020-04-29 00:00:00,2020-04-30 00:00:00,2020-05-14,16617676.12,17947090.21,INR,2,BHARAT DIAGNOSTIC SYSTEMS,ENT-SUP-C6B6FCD7BC,BHARAT DIAGNOSTIC SYSTEMS,"KARNATAKA, India",AWARDED,4.0,0,0,OPEN_TENDER,BANGALORE METRO RAIL CORP,KARNATAKA,https://kppp.karnataka.gov.in/
KAR-KA-2021-01154,REF-KAR-KA-2021-01154,HEALTH FAMILY WELFARE KARNATAKA,KARNATAKA State Government,KARNATAKA,Central District,"KARNATAKA, India",Electrical & Mechanical,Procurement of electrical & mechanical for HEALTH FAMILY WELFARE KARNATAKA,Official public tender for supply of electrical & mechanical under standard KARNATAKA state procurement guidelines.,2021-04-29 00:00:00,2021-05-05 00:00:00,2021-05-06 00:00:00,2021-05-20,4984341.04,5383088.32,INR,3,AHLUWALIA CONTRACTS INDIA LIMITED,ENT-SUP-28AFE50D95,AHLUWALIA CONTRACTS INDIA LIMITED,"KARNATAKA, India",AWARDED,6.0,0,0,OPEN_TENDER,HEALTH FAMILY WELFARE KARNATAKA,KARNATAKA,https://kppp.karnataka.gov.in/
KAR-KA-2021-01155,REF-KAR-KA-2021-01155,KARNATAKA PUBLIC WORKS PORTS INLAND WATER,KARNATAKA State Government,KARNATAKA,Central District,"KARNATAKA, India",Information Technology & Software,Procurement of information technology & software for KARNATAKA PUBLIC WORKS PORTS INLAND WATER,Official public tender for supply of information technology & software under standard KARNATAKA state procurement guidelines.,2020-01-24 00:00:00,2020-01-30 00:00:00,2020-01-31 00:00:00,2020-02-14,4722585.67,5100392.52,INR,2,TATA PROJECTS LIMITED,ENT-SUP-861D6E7011,TATA PROJECTS LIMITED,"KARNATAKA, India",AWARDED,6.0,1,0,OPEN_TENDER,KARNATAKA PUBLIC WORKS PORTS INLAND WATER,KARNATAKA,https://kppp.karnataka.gov.in/
KAR-KA-2021-01156,REF-KAR-KA-2021-01156,KARNATAKA RURAL INFRASTRUCTURE,KARNATAKA State Government,KARNATAKA,Central District,"KARNATAKA, India",Information Technology & Software,Procurement of information technology & software for KARNATAKA RURAL INFRASTRUCTURE,Official public tender for supply of information technology & software under standard KARNATAKA state procurement guidelines.,2020-12-25 00:00:00,2020-12-29 00:00:00,2020-12-30 00:00:00,2021-01-13,178302275.67,192566457.72,INR,1,DILIP BUILDCON LIMITED,ENT-SUP-55226FC7C8,DILIP BUILDCON LIMITED,"KARNATAKA, India",AWARDED,4.0,1,0,OPEN_TENDER,KARNATAKA RURAL INFRASTRUCTURE,KARNATAKA,https://kppp.karnataka.gov.in/
KAR-KA-2021-01157,REF-KAR-KA-2021-01157,KARNATAKA PUBLIC WORKS PORTS INLAND WATER,KARNATAKA State Government,KARNATAKA,Central District,"KARNATAKA, India",Consultancy & Facility Management,Procurement of consultancy & facility management for KARNATAKA PUBLIC WORKS PORTS INLAND WATER,Official public tender for supply of consultancy & facility management under standard KARNATAKA state procurement guidelines.,2020-07-12 00:00:00,2020-07-26 00:00:00,2020-07-27 00:00:00,2020-08-10,1420949.89,1449368.88,INR,4,DILIP BUILDCON LIMITED,ENT-SUP-55226FC7C8,DILIP BUILDCON LIMITED,"KARNATAKA, India",AWARDED,14.0,1,0,OPEN_TENDER,KARNATAKA PUBLIC WORKS PORTS INLAND WATER,KARNATAKA,https://kppp.karnataka.gov.in/
KAR-KA-2021-01158,REF-KAR-KA-2021-01158,KARNATAKA RURAL INFRASTRUCTURE,KARNATAKA State Government,KARNATAKA,Central District,"KARNATAKA, India",Consultancy & Facility Management,Procurement of consultancy & facility management for KARNATAKA RURAL INFRASTRUCTURE,Official public tender for supply of consultancy & facility management under standard KARNATAKA state procurement guidelines.,2020-07-01 00:00:00,2020-07-15 00:00:00,2020-07-16 00:00:00,2020-07-30,4903703.62,5295999.91,INR,5,AFCONS INFRASTRUCTURE LIMITED,ENT-SUP-AC3B9A87E5,AFCONS INFRASTRUCTURE LIMITED,"KARNATAKA, India",AWARDED,14.0,0,0,OPEN_TENDER,KARNATAKA RURAL INFRASTRUCTURE,KARNATAKA,https://kppp.karnataka.gov.in/
KAR-KA-2021-01159,REF-KAR-KA-2021-01159,BRUHAT BENGALURU MAHANAGARA PALIKE BBMP,KARNATAKA State Government,KARNATAKA,Central District,"KARNATAKA, India",Medical Equipment & Consumables,Procurement of medical equipment & consumables for BRUHAT BENGALURU MAHANAGARA PALIKE BBMP,Official public tender for supply of medical equipment & consumables under standard KARNATAKA state procurement guidelines.,2020-06-03 00:00:00,2020-07-03 00:00:00,2020-07-04 00:00:00,2020-07-18,14759194.14,15054378.02,INR,1,KNR CONSTRUCTION,ENT-SUP-6A86A67807,KNR CONSTRUCTION,"KARNATAKA, India",AWARDED,30.0,0,0,OPEN_TENDER,BRUHAT BENGALURU MAHANAGARA PALIKE BBMP,KARNATAKA,https://kppp.karnataka.gov.in/
KAR-KA-2021-01160,REF-KAR-KA-2021-01160,KARNATAKA RURAL INFRASTRUCTURE,KARNATAKA State Government,KARNATAKA,Central District,"KARNATAKA, India",Civil Works & Infrastructure,Procurement of civil works & infrastructure for KARNATAKA RURAL INFRASTRUCTURE,Official public tender for supply of civil works & infrastructure under standard KARNATAKA state procurement guidelines.,2019-11-09 00:00:00,2019-11-13 00:00:00,2019-11-14 00:00:00,2019-11-28,251855649.77,256892762.77,INR,4,SHREE BALAJI ENTERPRISE,ENT-SUP-CA68E614E4,SHREE BALAJI ENTERPRISE,"KARNATAKA, India",AWARDED,4.0,2,0,OPEN_TENDER,KARNATAKA RURAL INFRASTRUCTURE,KARNATAKA,https://kppp.karnataka.gov.in/
KAR-KA-2021-01161,REF-KAR-KA-2021-01161,BANGALORE METRO RAIL CORP,KARNATAKA State Government,KARNATAKA,Central District,"KARNATAKA, India",Electrical & Mechanical,Procurement of electrical & mechanical for BANGALORE METRO RAIL CORP,Official public tender for supply of electrical & mechanical under standard KARNATAKA state procurement guidelines.,2020-01-14 00:00:00,2020-02-04 00:00:00,2020-02-05 00:00:00,2020-02-19,3309499.27,2912359.36,INR,3,BHARAT DIAGNOSTIC SYSTEMS,ENT-SUP-C6B6FCD7BC,BHARAT DIAGNOSTIC SYSTEMS,"KARNATAKA, India",AWARDED,21.0,2,0,OPEN_TENDER,BANGALORE METRO RAIL CORP,KARNATAKA,https://kppp.karnataka.gov.in/
KAR-KA-2021-01162,REF-KAR-KA-2021-01162,BRUHAT BENGALURU MAHANAGARA PALIKE BBMP,KARNATAKA State Government,KARNATAKA,Central District,"KARNATAKA, India",Civil Works & Infrastructure,Procurement of civil works & infrastructure for BRUHAT BENGALURU MAHANAGARA PALIKE BBMP,Official public tender for supply of civil works & infrastructure under standard KARNATAKA state procurement guidelines.,2020-04-13 00:00:00,2020-04-17 00:00:00,2020-04-18 00:00:00,2020-05-02,111836122.93,150978765.95,INR,2,DILIP BUILDCON LIMITED,ENT-SUP-55226FC7C8,DILIP BUILDCON LIMITED,"KARNATAKA, India",AWARDED,4.0,1,0,OPEN_TENDER,BRUHAT BENGALURU MAHANAGARA PALIKE BBMP,KARNATAKA,https://kppp.karnataka.gov.in/
KAR-KA-2021-01163,REF-KAR-KA-2021-01163,BANGALORE METRO RAIL CORP,KARNATAKA State Government,KARNATAKA,Central District,"KARNATAKA, India",Electrical & Mechanical,Procurement of electrical & mechanical for BANGALORE METRO RAIL CORP,Official public tender for supply of electrical & mechanical under standard KARNATAKA state procurement guidelines.,2019-08-28 00:00:00,2019-09-01 00:00:00,2019-09-02 00:00:00,2019-09-16,4964712.41,5064006.66,INR,3,TATA PROJECTS LIMITED,ENT-SUP-861D6E7011,TATA PROJECTS LIMITED,"KARNATAKA, India",AWARDED,4.0,0,0,OPEN_TENDER,BANGALORE METRO RAIL CORP,KARNATAKA,https://kppp.karnataka.gov.in/
KAR-KA-2021-01164,REF-KAR-KA-2021-01164,BANGALORE METRO RAIL CORP,KARNATAKA State Government,KARNATAKA,Central District,"KARNATAKA, India",Electrical & Mechanical,Procurement of electrical & mechanical for BANGALORE METRO RAIL CORP,Official public tender for supply of electrical & mechanical under standard KARNATAKA state procurement guidelines.,2020-08-24 00:00:00,2020-08-28 00:00:00,2020-08-29 00:00:00,2020-09-12,271614186.1,293343320.99,INR,4,DILIP BUILDCON LIMITED,ENT-SUP-55226FC7C8,DILIP BUILDCON LIMITED,"KARNATAKA, India",AWARDED,4.0,2,0,OPEN_TENDER,BANGALORE METRO RAIL CORP,KARNATAKA,https://kppp.karnataka.gov.in/
KAR-KA-2021-01165,REF-KAR-KA-2021-01165,KARNATAKA PUBLIC WORKS PORTS INLAND WATER,KARNATAKA State Government,KARNATAKA,Central District,"KARNATAKA, India",Electrical & Mechanical,Procurement of electrical & mechanical for KARNATAKA PUBLIC WORKS PORTS INLAND WATER,Official public tender for supply of electrical & mechanical under standard KARNATAKA state procurement guidelines.,2021-02-04 00:00:00,2021-02-10 00:00:00,2021-02-11 00:00:00,2021-02-25,4962149.94,6698902.42,INR,1,BHARAT DIAGNOSTIC SYSTEMS,ENT-SUP-C6B6FCD7BC,BHARAT DIAGNOSTIC SYSTEMS,"KARNATAKA, India",AWARDED,6.0,2,0,OPEN_TENDER,KARNATAKA PUBLIC WORKS PORTS INLAND WATER,KARNATAKA,https://kppp.karnataka.gov.in/
KAR-KA-2021-01166,REF-KAR-KA-2021-01166,KARNATAKA PUBLIC WORKS PORTS INLAND WATER,KARNATAKA State Government,KARNATAKA,Central District,"KARNATAKA, India",Electrical & Mechanical,Procurement of electrical & mechanical for KARNATAKA PUBLIC WORKS PORTS INLAND WATER,Official public tender for supply of electrical & mechanical under standard KARNATAKA state procurement guidelines.,2020-04-04 00:00:00,2020-04-10 00:00:00,2020-04-11 00:00:00,2020-04-25,2502069.11,2877379.47,INR,4,TATA PROJECTS LIMITED,ENT-SUP-861D6E7011,TATA PROJECTS LIMITED,"KARNATAKA, India",AWARDED,6.0,2,0,OPEN_TENDER,KARNATAKA PUBLIC WORKS PORTS INLAND WATER,KARNATAKA,https://kppp.karnataka.gov.in/
KAR-KA-2021-01167,REF-KAR-KA-2021-01167,BRUHAT BENGALURU MAHANAGARA PALIKE BBMP,KARNATAKA State Government,KARNATAKA,Central District,"KARNATAKA, India",Electrical & Mechanical,Procurement of electrical & mechanical for BRUHAT BENGALURU MAHANAGARA PALIKE BBMP,Official public tender for supply of electrical & mechanical under standard KARNATAKA state procurement guidelines.,2019-01-17 00:00:00,2019-01-23 00:00:00,2019-01-24 00:00:00,2019-02-07,8430907.77,7419198.84,INR,4,NCC LIMITED INFRASTRUCTURE,ENT-SUP-0DFD916C8B,NCC LIMITED INFRASTRUCTURE,"KARNATAKA, India",AWARDED,6.0,2,0,OPEN_TENDER,BRUHAT BENGALURU MAHANAGARA PALIKE BBMP,KARNATAKA,https://kppp.karnataka.gov.in/
KAR-KA-2021-01168,REF-KAR-KA-2021-01168,BRUHAT BENGALURU MAHANAGARA PALIKE BBMP,KARNATAKA State Government,KARNATAKA,Central District,"KARNATAKA, India",Information Technology & Software,Procurement of information technology & software for BRUHAT BENGALURU MAHANAGARA PALIKE BBMP,Official public tender for supply of information technology & software under standard KARNATAKA state procurement guidelines.,2021-06-03 00:00:00,2021-06-09 00:00:00,2021-06-10 00:00:00,2021-06-24,2219431.45,2396985.96,INR,1,PNC INFRATECH LIMITED,ENT-SUP-4B3E89D111,PNC INFRATECH LIMITED,"KARNATAKA, India",AWARDED,6.0,2,0,OPEN_TENDER,BRUHAT BENGALURU MAHANAGARA PALIKE BBMP,KARNATAKA,https://kppp.karnataka.gov.in/
KAR-KA-2021-01169,REF-KAR-KA-2021-01169,BANGALORE METRO RAIL CORP,KARNATAKA State Government,KARNATAKA,Central District,"KARNATAKA, India",Information Technology & Software,Procurement of information technology & software for BANGALORE METRO RAIL CORP,Official public tender for supply of information technology & software under standard KARNATAKA state procurement guidelines.,2021-08-12 00:00:00,2021-08-26 00:00:00,2021-08-27 00:00:00,2021-09-10,170103679.8,161598495.81,INR,2,BHARAT DIAGNOSTIC SYSTEMS,ENT-SUP-C6B6FCD7BC,BHARAT DIAGNOSTIC SYSTEMS,"KARNATAKA, India",AWARDED,14.0,2,0,OPEN_TENDER,BANGALORE METRO RAIL CORP,KARNATAKA,https://kppp.karnataka.gov.in/
KAR-KA-2021-01170,REF-KAR-KA-2021-01170,HEALTH FAMILY WELFARE KARNATAKA,KARNATAKA State Government,KARNATAKA,Central District,"KARNATAKA, India",Electrical & Mechanical,Procurement of electrical & mechanical for HEALTH FAMILY WELFARE KARNATAKA,Official public tender for supply of electrical & mechanical under standard KARNATAKA state procurement guidelines.,2020-01-15 00:00:00,2020-01-29 00:00:00,2020-01-30 00:00:00,2020-02-13,15585928.98,16832803.3,INR,2,BHARAT DIAGNOSTIC SYSTEMS,ENT-SUP-C6B6FCD7BC,BHARAT DIAGNOSTIC SYSTEMS,"KARNATAKA, India",AWARDED,14.0,2,0,OPEN_TENDER,HEALTH FAMILY WELFARE KARNATAKA,KARNATAKA,https://kppp.karnataka.gov.in/
KAR-KA-2021-01171,REF-KAR-KA-2021-01171,BANGALORE METRO RAIL CORP,KARNATAKA State Government,KARNATAKA,Central District,"KARNATAKA, India",Electrical & Mechanical,Procurement of electrical & mechanical for BANGALORE METRO RAIL CORP,Official public tender for supply of electrical & mechanical under standard KARNATAKA state procurement guidelines.,2021-09-09 00:00:00,2021-09-13 00:00:00,2021-09-14 00:00:00,2021-09-28,4977204.48,5375380.84,INR,2,GUPTA AND SONS CONTRACTOR,ENT-SUP-7A3AE215B9,GUPTA AND SONS CONTRACTOR,"KARNATAKA, India",AWARDED,4.0,2,0,OPEN_TENDER,BANGALORE METRO RAIL CORP,KARNATAKA,https://kppp.karnataka.gov.in/
KAR-KA-2021-01172,REF-KAR-KA-2021-01172,BANGALORE METRO RAIL CORP,KARNATAKA State Government,KARNATAKA,Central District,"KARNATAKA, India",Consultancy & Facility Management,Procurement of consultancy & facility management for BANGALORE METRO RAIL CORP,Official public tender for supply of consultancy & facility management under standard KARNATAKA state procurement guidelines.,2020-03-16 00:00:00,2020-04-06 00:00:00,2020-04-07 00:00:00,2020-04-21,166746247.55,180085947.36,INR,2,VANGUARD POWER SERVICES,ENT-SUP-FBE5090586,VANGUARD POWER SERVICES,"KARNATAKA, India",AWARDED,21.0,0,0,OPEN_TENDER,BANGALORE METRO RAIL CORP,KARNATAKA,https://kppp.karnataka.gov.in/
KAR-KA-2021-01173,REF-KAR-KA-2021-01173,BRUHAT BENGALURU MAHANAGARA PALIKE BBMP,KARNATAKA State Government,KARNATAKA,Central District,"KARNATAKA, India",Information Technology & Software,Procurement of information technology & software for BRUHAT BENGALURU MAHANAGARA PALIKE BBMP,Official public tender for supply of information technology & software under standard KARNATAKA state procurement guidelines.,2021-02-21 00:00:00,2021-03-23 00:00:00,2021-03-24 00:00:00,2021-04-07,1762475.28,2379341.62,INR,3,AFCONS INFRASTRUCTURE LIMITED,ENT-SUP-AC3B9A87E5,AFCONS INFRASTRUCTURE LIMITED,"KARNATAKA, India",AWARDED,30.0,2,0,OPEN_TENDER,BRUHAT BENGALURU MAHANAGARA PALIKE BBMP,KARNATAKA,https://kppp.karnataka.gov.in/
KAR-KA-2021-01174,REF-KAR-KA-2021-01174,KARNATAKA PUBLIC WORKS PORTS INLAND WATER,KARNATAKA State Government,KARNATAKA,Central District,"KARNATAKA, India",Consultancy & Facility Management,Procurement of consultancy & facility management for KARNATAKA PUBLIC WORKS PORTS INLAND WATER,Official public tender for supply of consultancy & facility management under standard KARNATAKA state procurement guidelines.,2020-02-20 00:00:00,2020-03-21 00:00:00,2020-03-22 00:00:00,2020-04-05,4061019.21,4142239.6,INR,2,NCC LIMITED INFRASTRUCTURE,ENT-SUP-0DFD916C8B,NCC LIMITED INFRASTRUCTURE,"KARNATAKA, India",AWARDED,30.0,0,0,OPEN_TENDER,KARNATAKA PUBLIC WORKS PORTS INLAND WATER,KARNATAKA,https://kppp.karnataka.gov.in/
KAR-KA-2021-01175,REF-KAR-KA-2021-01175,HEALTH FAMILY WELFARE KARNATAKA,KARNATAKA State Government,KARNATAKA,Central District,"KARNATAKA, India",Medical Equipment & Consumables,Procurement of medical equipment & consumables for HEALTH FAMILY WELFARE KARNATAKA,Official public tender for supply of medical equipment & consumables under standard KARNATAKA state procurement guidelines.,2019-04-20 00:00:00,2019-05-04 00:00:00,2019-05-05 00:00:00,2019-05-19,21757205.29,23497781.71,INR,2,PNC INFRATECH LIMITED,ENT-SUP-4B3E89D111,PNC INFRATECH LIMITED,"KARNATAKA, India",AWARDED,14.0,0,0,OPEN_TENDER,HEALTH FAMILY WELFARE KARNATAKA,KARNATAKA,https://kppp.karnataka.gov.in/
KAR-KA-2021-01176,REF-KAR-KA-2021-01176,KARNATAKA PUBLIC WORKS PORTS INLAND WATER,KARNATAKA State Government,KARNATAKA,Central District,"KARNATAKA, India",Medical Equipment & Consumables,Procurement of medical equipment & consumables for KARNATAKA PUBLIC WORKS PORTS INLAND WATER,Official public tender for supply of medical equipment & consumables under standard KARNATAKA state procurement guidelines.,2019-09-06 00:00:00,2019-09-10 00:00:00,2019-09-11 00:00:00,2019-09-25,3911929.2,3990167.79,INR,2,AHLUWALIA CONTRACTS INDIA LIMITED,ENT-SUP-28AFE50D95,AHLUWALIA CONTRACTS INDIA LIMITED,"KARNATAKA, India",AWARDED,4.0,0,0,OPEN_TENDER,KARNATAKA PUBLIC WORKS PORTS INLAND WATER,KARNATAKA,https://kppp.karnataka.gov.in/
KAR-KA-2021-01177,REF-KAR-KA-2021-01177,BRUHAT BENGALURU MAHANAGARA PALIKE BBMP,KARNATAKA State Government,KARNATAKA,Central District,"KARNATAKA, India",Civil Works & Infrastructure,Procurement of civil works & infrastructure for BRUHAT BENGALURU MAHANAGARA PALIKE BBMP,Official public tender for supply of civil works & infrastructure under standard KARNATAKA state procurement guidelines.,2019-05-27 00:00:00,2019-06-02 00:00:00,2019-06-03 00:00:00,2019-06-17,253240269.39,273499490.94,INR,1,SHARMA ENGINEERING WORKS,ENT-SUP-9473B0CC3C,SHARMA ENGINEERING WORKS,"KARNATAKA, India",AWARDED,6.0,1,0,OPEN_TENDER,BRUHAT BENGALURU MAHANAGARA PALIKE BBMP,KARNATAKA,https://kppp.karnataka.gov.in/
KAR-KA-2021-01178,REF-KAR-KA-2021-01178,BANGALORE METRO RAIL CORP,KARNATAKA State Government,KARNATAKA,Central District,"KARNATAKA, India",Civil Works & Infrastructure,Procurement of civil works & infrastructure for BANGALORE METRO RAIL CORP,Official public tender for supply of civil works & infrastructure under standard KARNATAKA state procurement guidelines.,2020-07-31 00:00:00,2020-08-14 00:00:00,2020-08-15 00:00:00,2020-08-29,4963896.99,6701260.93,INR,4,KNR CONSTRUCTION,ENT-SUP-6A86A67807,KNR CONSTRUCTION,"KARNATAKA, India",AWARDED,14.0,0,0,OPEN_TENDER,BANGALORE METRO RAIL CORP,KARNATAKA,https://kppp.karnataka.gov.in/
KAR-KA-2021-01179,REF-KAR-KA-2021-01179,BRUHAT BENGALURU MAHANAGARA PALIKE BBMP,KARNATAKA State Government,KARNATAKA,Central District,"KARNATAKA, India",Information Technology & Software,Procurement of information technology & software for BRUHAT BENGALURU MAHANAGARA PALIKE BBMP,Official public tender for supply of information technology & software under standard KARNATAKA state procurement guidelines.,2019-02-16 00:00:00,2019-03-18 00:00:00,2019-03-19 00:00:00,2019-04-02,223712363.25,228186610.52,INR,2,DILIP BUILDCON LIMITED,ENT-SUP-55226FC7C8,DILIP BUILDCON LIMITED,"KARNATAKA, India",AWARDED,30.0,0,0,OPEN_TENDER,BRUHAT BENGALURU MAHANAGARA PALIKE BBMP,KARNATAKA,https://kppp.karnataka.gov.in/
KAR-KA-2021-01180,REF-KAR-KA-2021-01180,KARNATAKA RURAL INFRASTRUCTURE,KARNATAKA State Government,KARNATAKA,Central District,"KARNATAKA, India",Electrical & Mechanical,Procurement of electrical & mechanical for KARNATAKA RURAL INFRASTRUCTURE,Official public tender for supply of electrical & mechanical under standard KARNATAKA state procurement guidelines.,2020-04-28 00:00:00,2020-05-28 00:00:00,2020-05-29 00:00:00,2020-06-12,4953611.54,5696653.27,INR,3,APEX MEDITECH SOLUTIONS,ENT-SUP-A750489DC1,APEX MEDITECH SOLUTIONS,"KARNATAKA, India",AWARDED,30.0,0,0,OPEN_TENDER,KARNATAKA RURAL INFRASTRUCTURE,KARNATAKA,https://kppp.karnataka.gov.in/
KAR-KA-2021-01181,REF-KAR-KA-2021-01181,KARNATAKA RURAL INFRASTRUCTURE,KARNATAKA State Government,KARNATAKA,Central District,"KARNATAKA, India",Information Technology & Software,Procurement of information technology & software for KARNATAKA RURAL INFRASTRUCTURE,Official public tender for supply of information technology & software under standard KARNATAKA state procurement guidelines.,2020-02-25 00:00:00,2020-03-26 00:00:00,2020-03-27 00:00:00,2020-04-10,255406856.95,260514994.09,INR,4,PNC INFRATECH LIMITED,ENT-SUP-4B3E89D111,PNC INFRATECH LIMITED,"KARNATAKA, India",AWARDED,30.0,2,0,OPEN_TENDER,KARNATAKA RURAL INFRASTRUCTURE,KARNATAKA,https://kppp.karnataka.gov.in/
KAR-KA-2021-01182,REF-KAR-KA-2021-01182,BANGALORE METRO RAIL CORP,KARNATAKA State Government,KARNATAKA,Central District,"KARNATAKA, India",Information Technology & Software,Procurement of information technology & software for BANGALORE METRO RAIL CORP,Official public tender for supply of information technology & software under standard KARNATAKA state procurement guidelines.,2020-10-27 00:00:00,2020-11-26 00:00:00,2020-11-27 00:00:00,2020-12-11,126072158.33,144982982.08,INR,3,AFCONS INFRASTRUCTURE LIMITED,ENT-SUP-AC3B9A87E5,AFCONS INFRASTRUCTURE LIMITED,"KARNATAKA, India",AWARDED,30.0,0,0,OPEN_TENDER,BANGALORE METRO RAIL CORP,KARNATAKA,https://kppp.karnataka.gov.in/
KAR-KA-2021-01183,REF-KAR-KA-2021-01183,KARNATAKA RURAL INFRASTRUCTURE,KARNATAKA State Government,KARNATAKA,Central District,"KARNATAKA, India",Medical Equipment & Consumables,Procurement of medical equipment & consumables for KARNATAKA RURAL INFRASTRUCTURE,Official public tender for supply of medical equipment & consumables under standard KARNATAKA state procurement guidelines.,2020-04-18 00:00:00,2020-05-02 00:00:00,2020-05-03 00:00:00,2020-05-17,9840874.95,9348831.2,INR,2,LARSEN AND TOUBRO CONSTRUCTION,ENT-SUP-6C6BEB7D6E,LARSEN AND TOUBRO CONSTRUCTION,"KARNATAKA, India",AWARDED,14.0,2,0,OPEN_TENDER,KARNATAKA RURAL INFRASTRUCTURE,KARNATAKA,https://kppp.karnataka.gov.in/
KAR-KA-2021-01184,REF-KAR-KA-2021-01184,KARNATAKA RURAL INFRASTRUCTURE,KARNATAKA State Government,KARNATAKA,Central District,"KARNATAKA, India",Civil Works & Infrastructure,Procurement of civil works & infrastructure for KARNATAKA RURAL INFRASTRUCTURE,Official public tender for supply of civil works & infrastructure under standard KARNATAKA state procurement guidelines.,2021-09-02 00:00:00,2021-09-06 00:00:00,2021-09-07 00:00:00,2021-09-21,3909147.77,3440050.04,INR,3,APEX MEDITECH SOLUTIONS,ENT-SUP-A750489DC1,APEX MEDITECH SOLUTIONS,"KARNATAKA, India",AWARDED,4.0,0,0,OPEN_TENDER,KARNATAKA RURAL INFRASTRUCTURE,KARNATAKA,https://kppp.karnataka.gov.in/
KAR-KA-2021-01185,REF-KAR-KA-2021-01185,HEALTH FAMILY WELFARE KARNATAKA,KARNATAKA State Government,KARNATAKA,Central District,"KARNATAKA, India",Medical Equipment & Consumables,Procurement of medical equipment & consumables for HEALTH FAMILY WELFARE KARNATAKA,Official public tender for supply of medical equipment & consumables under standard KARNATAKA state procurement guidelines.,2021-02-27 00:00:00,2021-03-03 00:00:00,2021-03-04 00:00:00,2021-03-18,136435425.92,184187824.99,INR,5,SHREE BALAJI ENTERPRISE,ENT-SUP-CA68E614E4,SHREE BALAJI ENTERPRISE,"KARNATAKA, India",AWARDED,4.0,0,0,OPEN_TENDER,HEALTH FAMILY WELFARE KARNATAKA,KARNATAKA,https://kppp.karnataka.gov.in/
KAR-KA-2021-01186,REF-KAR-KA-2021-01186,HEALTH FAMILY WELFARE KARNATAKA,KARNATAKA State Government,KARNATAKA,Central District,"KARNATAKA, India",Medical Equipment & Consumables,Procurement of medical equipment & consumables for HEALTH FAMILY WELFARE KARNATAKA,Official public tender for supply of medical equipment & consumables under standard KARNATAKA state procurement guidelines.,2021-08-23 00:00:00,2021-08-29 00:00:00,2021-08-30 00:00:00,2021-09-13,12426385.5,16775620.43,INR,4,VANGUARD POWER SERVICES,ENT-SUP-FBE5090586,VANGUARD POWER SERVICES,"KARNATAKA, India",AWARDED,6.0,0,0,OPEN_TENDER,HEALTH FAMILY WELFARE KARNATAKA,KARNATAKA,https://kppp.karnataka.gov.in/
KAR-KA-2021-01187,REF-KAR-KA-2021-01187,KARNATAKA RURAL INFRASTRUCTURE,KARNATAKA State Government,KARNATAKA,Central District,"KARNATAKA, India",Consultancy & Facility Management,Procurement of consultancy & facility management for KARNATAKA RURAL INFRASTRUCTURE,Official public tender for supply of consultancy & facility management under standard KARNATAKA state procurement guidelines.,2020-05-07 00:00:00,2020-05-21 00:00:00,2020-05-22 00:00:00,2020-06-05,4905395.85,5641205.23,INR,3,KNR CONSTRUCTION,ENT-SUP-6A86A67807,KNR CONSTRUCTION,"KARNATAKA, India",AWARDED,14.0,2,0,OPEN_TENDER,KARNATAKA RURAL INFRASTRUCTURE,KARNATAKA,https://kppp.karnataka.gov.in/
KAR-KA-2021-01188,REF-KAR-KA-2021-01188,BRUHAT BENGALURU MAHANAGARA PALIKE BBMP,KARNATAKA State Government,KARNATAKA,Central District,"KARNATAKA, India",Information Technology & Software,Procurement of information technology & software for BRUHAT BENGALURU MAHANAGARA PALIKE BBMP,Official public tender for supply of information technology & software under standard KARNATAKA state procurement guidelines.,2020-10-29 00:00:00,2020-11-02 00:00:00,2020-11-03 00:00:00,2020-11-17,3455271.77,3524377.21,INR,4,TATA PROJECTS LIMITED,ENT-SUP-861D6E7011,TATA PROJECTS LIMITED,"KARNATAKA, India",AWARDED,4.0,0,0,OPEN_TENDER,BRUHAT BENGALURU MAHANAGARA PALIKE BBMP,KARNATAKA,https://kppp.karnataka.gov.in/
KAR-KA-2021-01189,REF-KAR-KA-2021-01189,KARNATAKA PUBLIC WORKS PORTS INLAND WATER,KARNATAKA State Government,KARNATAKA,Central District,"KARNATAKA, India",Civil Works & Infrastructure,Procurement of civil works & infrastructure for KARNATAKA PUBLIC WORKS PORTS INLAND WATER,Official public tender for supply of civil works & infrastructure under standard KARNATAKA state procurement guidelines.,2019-07-06 00:00:00,2019-07-10 00:00:00,2019-07-11 00:00:00,2019-07-25,735200.62,749904.64,INR,2,KNR CONSTRUCTION,ENT-SUP-6A86A67807,KNR CONSTRUCTION,"KARNATAKA, India",AWARDED,4.0,0,0,OPEN_TENDER,KARNATAKA PUBLIC WORKS PORTS INLAND WATER,KARNATAKA,https://kppp.karnataka.gov.in/
KAR-KA-2021-01190,REF-KAR-KA-2021-01190,KARNATAKA PUBLIC WORKS PORTS INLAND WATER,KARNATAKA State Government,KARNATAKA,Central District,"KARNATAKA, India",Consultancy & Facility Management,Procurement of consultancy & facility management for KARNATAKA PUBLIC WORKS PORTS INLAND WATER,Official public tender for supply of consultancy & facility management under standard KARNATAKA state procurement guidelines.,2021-06-22 00:00:00,2021-07-06 00:00:00,2021-07-07 00:00:00,2021-07-21,2571080.18,2622501.78,INR,3,NCC LIMITED INFRASTRUCTURE,ENT-SUP-0DFD916C8B,NCC LIMITED INFRASTRUCTURE,"KARNATAKA, India",AWARDED,14.0,0,0,OPEN_TENDER,KARNATAKA PUBLIC WORKS PORTS INLAND WATER,KARNATAKA,https://kppp.karnataka.gov.in/
KAR-KA-2021-01191,REF-KAR-KA-2021-01191,BRUHAT BENGALURU MAHANAGARA PALIKE BBMP,KARNATAKA State Government,KARNATAKA,Central District,"KARNATAKA, India",Information Technology & Software,Procurement of information technology & software for BRUHAT BENGALURU MAHANAGARA PALIKE BBMP,Official public tender for supply of information technology & software under standard KARNATAKA state procurement guidelines.,2019-11-22 00:00:00,2019-11-26 00:00:00,2019-11-27 00:00:00,2019-12-11,4917125.23,5654694.01,INR,5,SHARMA ENGINEERING WORKS,ENT-SUP-9473B0CC3C,SHARMA ENGINEERING WORKS,"KARNATAKA, India",AWARDED,4.0,1,0,OPEN_TENDER,BRUHAT BENGALURU MAHANAGARA PALIKE BBMP,KARNATAKA,https://kppp.karnataka.gov.in/
KAR-KA-2021-01192,REF-KAR-KA-2021-01192,BRUHAT BENGALURU MAHANAGARA PALIKE BBMP,KARNATAKA State Government,KARNATAKA,Central District,"KARNATAKA, India",Civil Works & Infrastructure,Procurement of civil works & infrastructure for BRUHAT BENGALURU MAHANAGARA PALIKE BBMP,Official public tender for supply of civil works & infrastructure under standard KARNATAKA state procurement guidelines.,2021-02-05 00:00:00,2021-03-07 00:00:00,2021-03-08 00:00:00,2021-03-22,18774234.54,25345216.63,INR,5,PNC INFRATECH LIMITED,ENT-SUP-4B3E89D111,PNC INFRATECH LIMITED,"KARNATAKA, India",AWARDED,30.0,1,0,OPEN_TENDER,BRUHAT BENGALURU MAHANAGARA PALIKE BBMP,KARNATAKA,https://kppp.karnataka.gov.in/
KAR-KA-2021-01193,REF-KAR-KA-2021-01193,HEALTH FAMILY WELFARE KARNATAKA,KARNATAKA State Government,KARNATAKA,Central District,"KARNATAKA, India",Information Technology & Software,Procurement of information technology & software for HEALTH FAMILY WELFARE KARNATAKA,Official public tender for supply of information technology & software under standard KARNATAKA state procurement guidelines.,2019-08-02 00:00:00,2019-08-06 00:00:00,2019-08-07 00:00:00,2019-08-21,12663580.29,12916851.9,INR,5,AFCONS INFRASTRUCTURE LIMITED,ENT-SUP-AC3B9A87E5,AFCONS INFRASTRUCTURE LIMITED,"KARNATAKA, India",AWARDED,4.0,0,0,OPEN_TENDER,HEALTH FAMILY WELFARE KARNATAKA,KARNATAKA,https://kppp.karnataka.gov.in/
KAR-KA-2021-01194,REF-KAR-KA-2021-01194,BANGALORE METRO RAIL CORP,KARNATAKA State Government,KARNATAKA,Central District,"KARNATAKA, India",Consultancy & Facility Management,Procurement of consultancy & facility management for BANGALORE METRO RAIL CORP,Official public tender for supply of consultancy & facility management under standard KARNATAKA state procurement guidelines.,2020-11-08 00:00:00,2020-11-22 00:00:00,2020-11-23 00:00:00,2020-12-07,24255987.3,27894385.39,INR,2,GUPTA AND SONS CONTRACTOR,ENT-SUP-7A3AE215B9,GUPTA AND SONS CONTRACTOR,"KARNATAKA, India",AWARDED,14.0,0,0,OPEN_TENDER,BANGALORE METRO RAIL CORP,KARNATAKA,https://kppp.karnataka.gov.in/
KAR-KA-2021-01195,REF-KAR-KA-2021-01195,KARNATAKA RURAL INFRASTRUCTURE,KARNATAKA State Government,KARNATAKA,Central District,"KARNATAKA, India",Medical Equipment & Consumables,Procurement of medical equipment & consumables for KARNATAKA RURAL INFRASTRUCTURE,Official public tender for supply of medical equipment & consumables under standard KARNATAKA state procurement guidelines.,2021-09-09 00:00:00,2021-09-23 00:00:00,2021-09-24 00:00:00,2021-10-08,272746305.95,259108990.66,INR,3,ZENITH INFRASTRUCTURE PROJECTS,ENT-SUP-4F350A4CA1,ZENITH INFRASTRUCTURE PROJECTS,"KARNATAKA, India",AWARDED,14.0,0,0,OPEN_TENDER,KARNATAKA RURAL INFRASTRUCTURE,KARNATAKA,https://kppp.karnataka.gov.in/
KAR-KA-2021-01196,REF-KAR-KA-2021-01196,KARNATAKA RURAL INFRASTRUCTURE,KARNATAKA State Government,KARNATAKA,Central District,"KARNATAKA, India",Consultancy & Facility Management,Procurement of consultancy & facility management for KARNATAKA RURAL INFRASTRUCTURE,Official public tender for supply of consultancy & facility management under standard KARNATAKA state procurement guidelines.,2019-05-06 00:00:00,2019-05-12 00:00:00,2019-05-13 00:00:00,2019-05-27,6388583.42,8624587.62,INR,1,BHARAT DIAGNOSTIC SYSTEMS,ENT-SUP-C6B6FCD7BC,BHARAT DIAGNOSTIC SYSTEMS,"KARNATAKA, India",AWARDED,6.0,2,0,OPEN_TENDER,KARNATAKA RURAL INFRASTRUCTURE,KARNATAKA,https://kppp.karnataka.gov.in/
KAR-KA-2021-01197,REF-KAR-KA-2021-01197,BANGALORE METRO RAIL CORP,KARNATAKA State Government,KARNATAKA,Central District,"KARNATAKA, India",Consultancy & Facility Management,Procurement of consultancy & facility management for BANGALORE METRO RAIL CORP,Official public tender for supply of consultancy & facility management under standard KARNATAKA state procurement guidelines.,2020-01-06 00:00:00,2020-01-27 00:00:00,2020-01-28 00:00:00,2020-02-11,204901444.99,276616950.74,INR,3,VANGUARD POWER SERVICES,ENT-SUP-FBE5090586,VANGUARD POWER SERVICES,"KARNATAKA, India",AWARDED,21.0,2,0,OPEN_TENDER,BANGALORE METRO RAIL CORP,KARNATAKA,https://kppp.karnataka.gov.in/
KAR-KA-2021-01198,REF-KAR-KA-2021-01198,BANGALORE METRO RAIL CORP,KARNATAKA State Government,KARNATAKA,Central District,"KARNATAKA, India",Information Technology & Software,Procurement of information technology & software for BANGALORE METRO RAIL CORP,Official public tender for supply of information technology & software under standard KARNATAKA state procurement guidelines.,2019-07-23 00:00:00,2019-08-06 00:00:00,2019-08-07 00:00:00,2019-08-21,13437979.03,13706738.61,INR,3,NCC LIMITED INFRASTRUCTURE,ENT-SUP-0DFD916C8B,NCC LIMITED INFRASTRUCTURE,"KARNATAKA, India",AWARDED,14.0,0,0,OPEN_TENDER,BANGALORE METRO RAIL CORP,KARNATAKA,https://kppp.karnataka.gov.in/
KAR-KA-2021-01199,REF-KAR-KA-2021-01199,HEALTH FAMILY WELFARE KARNATAKA,KARNATAKA State Government,KARNATAKA,Central District,"KARNATAKA, India",Medical Equipment & Consumables,Procurement of medical equipment & consumables for HEALTH FAMILY WELFARE KARNATAKA,Official public tender for supply of medical equipment & consumables under standard KARNATAKA state procurement guidelines.,2020-05-02 00:00:00,2020-06-01 00:00:00,2020-06-02 00:00:00,2020-06-16,227459003.62,261577854.17,INR,3,DILIP BUILDCON LIMITED,ENT-SUP-55226FC7C8,DILIP BUILDCON LIMITED,"KARNATAKA, India",AWARDED,30.0,2,0,OPEN_TENDER,HEALTH FAMILY WELFARE KARNATAKA,KARNATAKA,https://kppp.karnataka.gov.in/
KAR-KA-2021-01200,REF-KAR-KA-2021-01200,BANGALORE METRO RAIL CORP,KARNATAKA State Government,KARNATAKA,Central District,"KARNATAKA, India",Civil Works & Infrastructure,Procurement of civil works & infrastructure for BANGALORE METRO RAIL CORP,Official public tender for supply of civil works & infrastructure under standard KARNATAKA state procurement guidelines.,2019-02-12 00:00:00,2019-02-16 00:00:00,2019-02-17 00:00:00,2019-03-03,17403457.52,17751526.67,INR,1,PNC INFRATECH LIMITED,ENT-SUP-4B3E89D111,PNC INFRATECH LIMITED,"KARNATAKA, India",AWARDED,4.0,2,0,OPEN_TENDER,BANGALORE METRO RAIL CORP,KARNATAKA,https://kppp.karnataka.gov.in/
KAR-KA-2021-01201,REF-KAR-KA-2021-01201,BRUHAT BENGALURU MAHANAGARA PALIKE BBMP,KARNATAKA State Government,KARNATAKA,Central District,"KARNATAKA, India",Electrical & Mechanical,Procurement of electrical & mechanical for BRUHAT BENGALURU MAHANAGARA PALIKE BBMP,Official public tender for supply of electrical & mechanical under standard KARNATAKA state procurement guidelines.,2020-04-10 00:00:00,2020-04-24 00:00:00,2020-04-25 00:00:00,2020-05-09,1878717.97,1653271.81,INR,1,TATA PROJECTS LIMITED,ENT-SUP-861D6E7011,TATA PROJECTS LIMITED,"KARNATAKA, India",AWARDED,14.0,0,0,OPEN_TENDER,BRUHAT BENGALURU MAHANAGARA PALIKE BBMP,KARNATAKA,https://kppp.karnataka.gov.in/
KAR-KA-2021-01202,REF-KAR-KA-2021-01202,HEALTH FAMILY WELFARE KARNATAKA,KARNATAKA State Government,KARNATAKA,Central District,"KARNATAKA, India",Medical Equipment & Consumables,Procurement of medical equipment & consumables for HEALTH FAMILY WELFARE KARNATAKA,Official public tender for supply of medical equipment & consumables under standard KARNATAKA state procurement guidelines.,2019-11-22 00:00:00,2019-12-13 00:00:00,2019-12-14 00:00:00,2019-12-28,1590458.36,2147118.78,INR,2,APEX MEDITECH SOLUTIONS,ENT-SUP-A750489DC1,APEX MEDITECH SOLUTIONS,"KARNATAKA, India",AWARDED,21.0,1,0,OPEN_TENDER,HEALTH FAMILY WELFARE KARNATAKA,KARNATAKA,https://kppp.karnataka.gov.in/
KAR-KA-2021-01203,REF-KAR-KA-2021-01203,KARNATAKA RURAL INFRASTRUCTURE,KARNATAKA State Government,KARNATAKA,Central District,"KARNATAKA, India",Medical Equipment & Consumables,Procurement of medical equipment & consumables for KARNATAKA RURAL INFRASTRUCTURE,Official public tender for supply of medical equipment & consumables under standard KARNATAKA state procurement guidelines.,2021-01-30 00:00:00,2021-02-03 00:00:00,2021-02-04 00:00:00,2021-02-18,2964646.1,3023939.02,INR,1,AFCONS INFRASTRUCTURE LIMITED,ENT-SUP-AC3B9A87E5,AFCONS INFRASTRUCTURE LIMITED,"KARNATAKA, India",AWARDED,4.0,2,0,OPEN_TENDER,KARNATAKA RURAL INFRASTRUCTURE,KARNATAKA,https://kppp.karnataka.gov.in/
KAR-KA-2021-01204,REF-KAR-KA-2021-01204,HEALTH FAMILY WELFARE KARNATAKA,KARNATAKA State Government,KARNATAKA,Central District,"KARNATAKA, India",Consultancy & Facility Management,Procurement of consultancy & facility management for HEALTH FAMILY WELFARE KARNATAKA,Official public tender for supply of consultancy & facility management under standard KARNATAKA state procurement guidelines.,2021-02-04 00:00:00,2021-02-08 00:00:00,2021-02-09 00:00:00,2021-02-23,4605391.1,6217277.98,INR,2,TATA PROJECTS LIMITED,ENT-SUP-861D6E7011,TATA PROJECTS LIMITED,"KARNATAKA, India",AWARDED,4.0,1,0,OPEN_TENDER,HEALTH FAMILY WELFARE KARNATAKA,KARNATAKA,https://kppp.karnataka.gov.in/
KAR-KA-2021-01205,REF-KAR-KA-2021-01205,KARNATAKA RURAL INFRASTRUCTURE,KARNATAKA State Government,KARNATAKA,Central District,"KARNATAKA, India",Consultancy & Facility Management,Procurement of consultancy & facility management for KARNATAKA RURAL INFRASTRUCTURE,Official public tender for supply of consultancy & facility management under standard KARNATAKA state procurement guidelines.,2020-05-25 00:00:00,2020-06-15 00:00:00,2020-06-16 00:00:00,2020-06-30,871177.86,1176090.1,INR,2,SHREE BALAJI ENTERPRISE,ENT-SUP-CA68E614E4,SHREE BALAJI ENTERPRISE,"KARNATAKA, India",AWARDED,21.0,0,0,OPEN_TENDER,KARNATAKA RURAL INFRASTRUCTURE,KARNATAKA,https://kppp.karnataka.gov.in/
KAR-KA-2021-01206,REF-KAR-KA-2021-01206,HEALTH FAMILY WELFARE KARNATAKA,KARNATAKA State Government,KARNATAKA,Central District,"KARNATAKA, India",Medical Equipment & Consumables,Procurement of medical equipment & consumables for HEALTH FAMILY WELFARE KARNATAKA,Official public tender for supply of medical equipment & consumables under standard KARNATAKA state procurement guidelines.,2020-10-09 00:00:00,2020-10-15 00:00:00,2020-10-16 00:00:00,2020-10-30,219671736.18,224065170.91,INR,4,AHLUWALIA CONTRACTS INDIA LIMITED,ENT-SUP-28AFE50D95,AHLUWALIA CONTRACTS INDIA LIMITED,"KARNATAKA, India",AWARDED,6.0,0,0,OPEN_TENDER,HEALTH FAMILY WELFARE KARNATAKA,KARNATAKA,https://kppp.karnataka.gov.in/
KAR-KA-2021-01207,REF-KAR-KA-2021-01207,KARNATAKA PUBLIC WORKS PORTS INLAND WATER,KARNATAKA State Government,KARNATAKA,Central District,"KARNATAKA, India",Medical Equipment & Consumables,Procurement of medical equipment & consumables for KARNATAKA PUBLIC WORKS PORTS INLAND WATER,Official public tender for supply of medical equipment & consumables under standard KARNATAKA state procurement guidelines.,2021-05-13 00:00:00,2021-06-03 00:00:00,2021-06-04 00:00:00,2021-06-18,149872794.91,161862618.51,INR,3,BHARAT DIAGNOSTIC SYSTEMS,ENT-SUP-C6B6FCD7BC,BHARAT DIAGNOSTIC SYSTEMS,"KARNATAKA, India",AWARDED,21.0,0,0,OPEN_TENDER,KARNATAKA PUBLIC WORKS PORTS INLAND WATER,KARNATAKA,https://kppp.karnataka.gov.in/
KAR-KA-2021-01208,REF-KAR-KA-2021-01208,KARNATAKA PUBLIC WORKS PORTS INLAND WATER,KARNATAKA State Government,KARNATAKA,Central District,"KARNATAKA, India",Medical Equipment & Consumables,Procurement of medical equipment & consumables for KARNATAKA PUBLIC WORKS PORTS INLAND WATER,Official public tender for supply of medical equipment & consumables under standard KARNATAKA state procurement guidelines.,2021-05-16 00:00:00,2021-05-20 00:00:00,2021-05-21 00:00:00,2021-06-04,302249039.01,308294019.79,INR,3,NCC LIMITED INFRASTRUCTURE,ENT-SUP-0DFD916C8B,NCC LIMITED INFRASTRUCTURE,"KARNATAKA, India",AWARDED,4.0,2,0,OPEN_TENDER,KARNATAKA PUBLIC WORKS PORTS INLAND WATER,KARNATAKA,https://kppp.karnataka.gov.in/
KAR-KA-2021-01209,REF-KAR-KA-2021-01209,HEALTH FAMILY WELFARE KARNATAKA,KARNATAKA State Government,KARNATAKA,Central District,"KARNATAKA, India",Consultancy & Facility Management,Procurement of consultancy & facility management for HEALTH FAMILY WELFARE KARNATAKA,Official public tender for supply of consultancy & facility management under standard KARNATAKA state procurement guidelines.,2019-10-09 00:00:00,2019-11-08 00:00:00,2019-11-09 00:00:00,2019-11-23,1577125.91,1387870.8,INR,2,PNC INFRATECH LIMITED,ENT-SUP-4B3E89D111,PNC INFRATECH LIMITED,"KARNATAKA, India",AWARDED,30.0,1,0,OPEN_TENDER,HEALTH FAMILY WELFARE KARNATAKA,KARNATAKA,https://kppp.karnataka.gov.in/
KAR-KA-2021-01210,REF-KAR-KA-2021-01210,BRUHAT BENGALURU MAHANAGARA PALIKE BBMP,KARNATAKA State Government,KARNATAKA,Central District,"KARNATAKA, India",Electrical & Mechanical,Procurement of electrical & mechanical for BRUHAT BENGALURU MAHANAGARA PALIKE BBMP,Official public tender for supply of electrical & mechanical under standard KARNATAKA state procurement guidelines.,2019-05-14 00:00:00,2019-06-13 00:00:00,2019-06-14 00:00:00,2019-06-28,8370725.69,7952189.41,INR,3,AHLUWALIA CONTRACTS INDIA LIMITED,ENT-SUP-28AFE50D95,AHLUWALIA CONTRACTS INDIA LIMITED,"KARNATAKA, India",AWARDED,30.0,0,0,OPEN_TENDER,BRUHAT BENGALURU MAHANAGARA PALIKE BBMP,KARNATAKA,https://kppp.karnataka.gov.in/
KAR-KA-2021-01211,REF-KAR-KA-2021-01211,HEALTH FAMILY WELFARE KARNATAKA,KARNATAKA State Government,KARNATAKA,Central District,"KARNATAKA, India",Electrical & Mechanical,Procurement of electrical & mechanical for HEALTH FAMILY WELFARE KARNATAKA,Official public tender for supply of electrical & mechanical under standard KARNATAKA state procurement guidelines.,2020-07-09 00:00:00,2020-07-13 00:00:00,2020-07-14 00:00:00,2020-07-28,78460322.11,74537306.0,INR,1,BHARAT DIAGNOSTIC SYSTEMS,ENT-SUP-C6B6FCD7BC,BHARAT DIAGNOSTIC SYSTEMS,"KARNATAKA, India",AWARDED,4.0,0,0,OPEN_TENDER,HEALTH FAMILY WELFARE KARNATAKA,KARNATAKA,https://kppp.karnataka.gov.in/
KAR-KA-2021-01212,REF-KAR-KA-2021-01212,KARNATAKA PUBLIC WORKS PORTS INLAND WATER,KARNATAKA State Government,KARNATAKA,Central District,"KARNATAKA, India",Consultancy & Facility Management,Procurement of consultancy & facility management for KARNATAKA PUBLIC WORKS PORTS INLAND WATER,Official public tender for supply of consultancy & facility management under standard KARNATAKA state procurement guidelines.,2020-10-27 00:00:00,2020-11-02 00:00:00,2020-11-03 00:00:00,2020-11-17,4981341.04,4383580.12,INR,3,AFCONS INFRASTRUCTURE LIMITED,ENT-SUP-AC3B9A87E5,AFCONS INFRASTRUCTURE LIMITED,"KARNATAKA, India",AWARDED,6.0,1,0,OPEN_TENDER,KARNATAKA PUBLIC WORKS PORTS INLAND WATER,KARNATAKA,https://kppp.karnataka.gov.in/
KAR-KA-2021-01213,REF-KAR-KA-2021-01213,HEALTH FAMILY WELFARE KARNATAKA,KARNATAKA State Government,KARNATAKA,Central District,"KARNATAKA, India",Electrical & Mechanical,Procurement of electrical & mechanical for HEALTH FAMILY WELFARE KARNATAKA,Official public tender for supply of electrical & mechanical under standard KARNATAKA state procurement guidelines.,2021-01-15 00:00:00,2021-01-29 00:00:00,2021-01-30 00:00:00,2021-02-13,12430429.38,10938777.85,INR,2,BHARAT DIAGNOSTIC SYSTEMS,ENT-SUP-C6B6FCD7BC,BHARAT DIAGNOSTIC SYSTEMS,"KARNATAKA, India",AWARDED,14.0,2,0,OPEN_TENDER,HEALTH FAMILY WELFARE KARNATAKA,KARNATAKA,https://kppp.karnataka.gov.in/
KAR-KA-2021-01214,REF-KAR-KA-2021-01214,BRUHAT BENGALURU MAHANAGARA PALIKE BBMP,KARNATAKA State Government,KARNATAKA,Central District,"KARNATAKA, India",Consultancy & Facility Management,Procurement of consultancy & facility management for BRUHAT BENGALURU MAHANAGARA PALIKE BBMP,Official public tender for supply of consultancy & facility management under standard KARNATAKA state procurement guidelines.,2021-03-13 00:00:00,2021-03-17 00:00:00,2021-03-18 00:00:00,2021-04-01,1303779.17,1238590.21,INR,1,NCC LIMITED INFRASTRUCTURE,ENT-SUP-0DFD916C8B,NCC LIMITED INFRASTRUCTURE,"KARNATAKA, India",AWARDED,4.0,0,0,OPEN_TENDER,BRUHAT BENGALURU MAHANAGARA PALIKE BBMP,KARNATAKA,https://kppp.karnataka.gov.in/
KAR-KA-2021-01215,REF-KAR-KA-2021-01215,BANGALORE METRO RAIL CORP,KARNATAKA State Government,KARNATAKA,Central District,"KARNATAKA, India",Information Technology & Software,Procurement of information technology & software for BANGALORE METRO RAIL CORP,Official public tender for supply of information technology & software under standard KARNATAKA state procurement guidelines.,2020-02-06 00:00:00,2020-03-07 00:00:00,2020-03-08 00:00:00,2020-03-22,14767791.35,15949214.66,INR,4,LARSEN AND TOUBRO CONSTRUCTION,ENT-SUP-6C6BEB7D6E,LARSEN AND TOUBRO CONSTRUCTION,"KARNATAKA, India",AWARDED,30.0,0,0,OPEN_TENDER,BANGALORE METRO RAIL CORP,KARNATAKA,https://kppp.karnataka.gov.in/
KAR-KA-2021-01216,REF-KAR-KA-2021-01216,KARNATAKA PUBLIC WORKS PORTS INLAND WATER,KARNATAKA State Government,KARNATAKA,Central District,"KARNATAKA, India",Medical Equipment & Consumables,Procurement of medical equipment & consumables for KARNATAKA PUBLIC WORKS PORTS INLAND WATER,Official public tender for supply of medical equipment & consumables under standard KARNATAKA state procurement guidelines.,2020-01-03 00:00:00,2020-01-09 00:00:00,2020-01-10 00:00:00,2020-01-24,4924985.99,5318984.87,INR,1,AFCONS INFRASTRUCTURE LIMITED,ENT-SUP-AC3B9A87E5,AFCONS INFRASTRUCTURE LIMITED,"KARNATAKA, India",AWARDED,6.0,0,0,OPEN_TENDER,KARNATAKA PUBLIC WORKS PORTS INLAND WATER,KARNATAKA,https://kppp.karnataka.gov.in/
KAR-KA-2021-01217,REF-KAR-KA-2021-01217,KARNATAKA PUBLIC WORKS PORTS INLAND WATER,KARNATAKA State Government,KARNATAKA,Central District,"KARNATAKA, India",Electrical & Mechanical,Procurement of electrical & mechanical for KARNATAKA PUBLIC WORKS PORTS INLAND WATER,Official public tender for supply of electrical & mechanical under standard KARNATAKA state procurement guidelines.,2020-01-01 00:00:00,2020-01-22 00:00:00,2020-01-23 00:00:00,2020-02-06,4909478.07,4664004.16,INR,3,BHARAT DIAGNOSTIC SYSTEMS,ENT-SUP-C6B6FCD7BC,BHARAT DIAGNOSTIC SYSTEMS,"KARNATAKA, India",AWARDED,21.0,0,0,OPEN_TENDER,KARNATAKA PUBLIC WORKS PORTS INLAND WATER,KARNATAKA,https://kppp.karnataka.gov.in/
KAR-KA-2021-01218,REF-KAR-KA-2021-01218,BRUHAT BENGALURU MAHANAGARA PALIKE BBMP,KARNATAKA State Government,KARNATAKA,Central District,"KARNATAKA, India",Electrical & Mechanical,Procurement of electrical & mechanical for BRUHAT BENGALURU MAHANAGARA PALIKE BBMP,Official public tender for supply of electrical & mechanical under standard KARNATAKA state procurement guidelines.,2021-01-31 00:00:00,2021-03-02 00:00:00,2021-03-03 00:00:00,2021-03-17,4980410.3,5378843.13,INR,1,LARSEN AND TOUBRO CONSTRUCTION,ENT-SUP-6C6BEB7D6E,LARSEN AND TOUBRO CONSTRUCTION,"KARNATAKA, India",AWARDED,30.0,1,0,OPEN_TENDER,BRUHAT BENGALURU MAHANAGARA PALIKE BBMP,KARNATAKA,https://kppp.karnataka.gov.in/
KAR-KA-2021-01219,REF-KAR-KA-2021-01219,BRUHAT BENGALURU MAHANAGARA PALIKE BBMP,KARNATAKA State Government,KARNATAKA,Central District,"KARNATAKA, India",Civil Works & Infrastructure,Procurement of civil works & infrastructure for BRUHAT BENGALURU MAHANAGARA PALIKE BBMP,Official public tender for supply of civil works & infrastructure under standard KARNATAKA state procurement guidelines.,2020-12-11 00:00:00,2021-01-01 00:00:00,2021-01-02 00:00:00,2021-01-16,17104902.48,16249657.35,INR,3,SHARMA ENGINEERING WORKS,ENT-SUP-9473B0CC3C,SHARMA ENGINEERING WORKS,"KARNATAKA, India",AWARDED,21.0,2,0,OPEN_TENDER,BRUHAT BENGALURU MAHANAGARA PALIKE BBMP,KARNATAKA,https://kppp.karnataka.gov.in/
KAR-KA-2021-01220,REF-KAR-KA-2021-01220,BANGALORE METRO RAIL CORP,KARNATAKA State Government,KARNATAKA,Central District,"KARNATAKA, India",Information Technology & Software,Procurement of information technology & software for BANGALORE METRO RAIL CORP,Official public tender for supply of information technology & software under standard KARNATAKA state procurement guidelines.,2020-06-05 00:00:00,2020-06-09 00:00:00,2020-06-10 00:00:00,2020-06-24,309601843.67,315793880.54,INR,1,SHARMA ENGINEERING WORKS,ENT-SUP-9473B0CC3C,SHARMA ENGINEERING WORKS,"KARNATAKA, India",AWARDED,4.0,1,0,OPEN_TENDER,BANGALORE METRO RAIL CORP,KARNATAKA,https://kppp.karnataka.gov.in/
KAR-KA-2021-01221,REF-KAR-KA-2021-01221,KARNATAKA PUBLIC WORKS PORTS INLAND WATER,KARNATAKA State Government,KARNATAKA,Central District,"KARNATAKA, India",Information Technology & Software,Procurement of information technology & software for KARNATAKA PUBLIC WORKS PORTS INLAND WATER,Official public tender for supply of information technology & software under standard KARNATAKA state procurement guidelines.,2019-09-30 00:00:00,2019-10-06 00:00:00,2019-10-07 00:00:00,2019-10-21,127843211.23,121451050.67,INR,2,TATA PROJECTS LIMITED,ENT-SUP-861D6E7011,TATA PROJECTS LIMITED,"KARNATAKA, India",AWARDED,6.0,0,0,OPEN_TENDER,KARNATAKA PUBLIC WORKS PORTS INLAND WATER,KARNATAKA,https://kppp.karnataka.gov.in/
KAR-KA-2021-01222,REF-KAR-KA-2021-01222,BANGALORE METRO RAIL CORP,KARNATAKA State Government,KARNATAKA,Central District,"KARNATAKA, India",Consultancy & Facility Management,Procurement of consultancy & facility management for BANGALORE METRO RAIL CORP,Official public tender for supply of consultancy & facility management under standard KARNATAKA state procurement guidelines.,2021-04-24 00:00:00,2021-04-28 00:00:00,2021-04-29 00:00:00,2021-05-13,4994354.82,5393903.2,INR,1,GUPTA AND SONS CONTRACTOR,ENT-SUP-7A3AE215B9,GUPTA AND SONS CONTRACTOR,"KARNATAKA, India",AWARDED,4.0,2,0,OPEN_TENDER,BANGALORE METRO RAIL CORP,KARNATAKA,https://kppp.karnataka.gov.in/
KAR-KA-2021-01223,REF-KAR-KA-2021-01223,KARNATAKA RURAL INFRASTRUCTURE,KARNATAKA State Government,KARNATAKA,Central District,"KARNATAKA, India",Civil Works & Infrastructure,Procurement of civil works & infrastructure for KARNATAKA RURAL INFRASTRUCTURE,Official public tender for supply of civil works & infrastructure under standard KARNATAKA state procurement guidelines.,2021-06-28 00:00:00,2021-07-02 00:00:00,2021-07-03 00:00:00,2021-07-17,23916905.95,27504441.84,INR,4,GUPTA AND SONS CONTRACTOR,ENT-SUP-7A3AE215B9,GUPTA AND SONS CONTRACTOR,"KARNATAKA, India",AWARDED,4.0,0,0,OPEN_TENDER,KARNATAKA RURAL INFRASTRUCTURE,KARNATAKA,https://kppp.karnataka.gov.in/
KAR-KA-2021-01224,REF-KAR-KA-2021-01224,KARNATAKA PUBLIC WORKS PORTS INLAND WATER,KARNATAKA State Government,KARNATAKA,Central District,"KARNATAKA, India",Medical Equipment & Consumables,Procurement of medical equipment & consumables for KARNATAKA PUBLIC WORKS PORTS INLAND WATER,Official public tender for supply of medical equipment & consumables under standard KARNATAKA state procurement guidelines.,2021-04-30 00:00:00,2021-05-21 00:00:00,2021-05-22 00:00:00,2021-06-05,814952.82,1100186.3,INR,1,BHARAT DIAGNOSTIC SYSTEMS,ENT-SUP-C6B6FCD7BC,BHARAT DIAGNOSTIC SYSTEMS,"KARNATAKA, India",AWARDED,21.0,0,0,OPEN_TENDER,KARNATAKA PUBLIC WORKS PORTS INLAND WATER,KARNATAKA,https://kppp.karnataka.gov.in/
KAR-KA-2021-01225,REF-KAR-KA-2021-01225,KARNATAKA RURAL INFRASTRUCTURE,KARNATAKA State Government,KARNATAKA,Central District,"KARNATAKA, India",Medical Equipment & Consumables,Procurement of medical equipment & consumables for KARNATAKA RURAL INFRASTRUCTURE,Official public tender for supply of medical equipment & consumables under standard KARNATAKA state procurement guidelines.,2020-02-08 00:00:00,2020-02-29 00:00:00,2020-03-01 00:00:00,2020-03-15,330017083.75,356418450.45,INR,4,VANGUARD POWER SERVICES,ENT-SUP-FBE5090586,VANGUARD POWER SERVICES,"KARNATAKA, India",AWARDED,21.0,1,0,OPEN_TENDER,KARNATAKA RURAL INFRASTRUCTURE,KARNATAKA,https://kppp.karnataka.gov.in/
KAR-KA-2021-01226,REF-KAR-KA-2021-01226,BRUHAT BENGALURU MAHANAGARA PALIKE BBMP,KARNATAKA State Government,KARNATAKA,Central District,"KARNATAKA, India",Consultancy & Facility Management,Procurement of consultancy & facility management for BRUHAT BENGALURU MAHANAGARA PALIKE BBMP,Official public tender for supply of consultancy & facility management under standard KARNATAKA state procurement guidelines.,2020-09-19 00:00:00,2020-09-23 00:00:00,2020-09-24 00:00:00,2020-10-08,320591927.82,368680716.99,INR,3,TATA PROJECTS LIMITED,ENT-SUP-861D6E7011,TATA PROJECTS LIMITED,"KARNATAKA, India",AWARDED,4.0,0,0,OPEN_TENDER,BRUHAT BENGALURU MAHANAGARA PALIKE BBMP,KARNATAKA,https://kppp.karnataka.gov.in/
KAR-KA-2021-01227,REF-KAR-KA-2021-01227,HEALTH FAMILY WELFARE KARNATAKA,KARNATAKA State Government,KARNATAKA,Central District,"KARNATAKA, India",Consultancy & Facility Management,Procurement of consultancy & facility management for HEALTH FAMILY WELFARE KARNATAKA,Official public tender for supply of consultancy & facility management under standard KARNATAKA state procurement guidelines.,2019-08-07 00:00:00,2019-08-11 00:00:00,2019-08-12 00:00:00,2019-08-26,2161403.76,1902035.31,INR,3,APEX MEDITECH SOLUTIONS,ENT-SUP-A750489DC1,APEX MEDITECH SOLUTIONS,"KARNATAKA, India",AWARDED,4.0,0,0,OPEN_TENDER,HEALTH FAMILY WELFARE KARNATAKA,KARNATAKA,https://kppp.karnataka.gov.in/
KAR-KA-2021-01228,REF-KAR-KA-2021-01228,KARNATAKA PUBLIC WORKS PORTS INLAND WATER,KARNATAKA State Government,KARNATAKA,Central District,"KARNATAKA, India",Electrical & Mechanical,Procurement of electrical & mechanical for KARNATAKA PUBLIC WORKS PORTS INLAND WATER,Official public tender for supply of electrical & mechanical under standard KARNATAKA state procurement guidelines.,2020-08-13 00:00:00,2020-08-27 00:00:00,2020-08-28 00:00:00,2020-09-11,4942103.64,6671839.92,INR,1,ZENITH INFRASTRUCTURE PROJECTS,ENT-SUP-4F350A4CA1,ZENITH INFRASTRUCTURE PROJECTS,"KARNATAKA, India",AWARDED,14.0,0,0,OPEN_TENDER,KARNATAKA PUBLIC WORKS PORTS INLAND WATER,KARNATAKA,https://kppp.karnataka.gov.in/
KAR-KA-2021-01229,REF-KAR-KA-2021-01229,BRUHAT BENGALURU MAHANAGARA PALIKE BBMP,KARNATAKA State Government,KARNATAKA,Central District,"KARNATAKA, India",Consultancy & Facility Management,Procurement of consultancy & facility management for BRUHAT BENGALURU MAHANAGARA PALIKE BBMP,Official public tender for supply of consultancy & facility management under standard KARNATAKA state procurement guidelines.,2020-07-07 00:00:00,2020-07-21 00:00:00,2020-07-22 00:00:00,2020-08-05,12180425.8,16443574.83,INR,1,NCC LIMITED INFRASTRUCTURE,ENT-SUP-0DFD916C8B,NCC LIMITED INFRASTRUCTURE,"KARNATAKA, India",AWARDED,14.0,0,0,OPEN_TENDER,BRUHAT BENGALURU MAHANAGARA PALIKE BBMP,KARNATAKA,https://kppp.karnataka.gov.in/
KAR-KA-2021-01230,REF-KAR-KA-2021-01230,KARNATAKA RURAL INFRASTRUCTURE,KARNATAKA State Government,KARNATAKA,Central District,"KARNATAKA, India",Information Technology & Software,Procurement of information technology & software for KARNATAKA RURAL INFRASTRUCTURE,Official public tender for supply of information technology & software under standard KARNATAKA state procurement guidelines.,2020-06-19 00:00:00,2020-07-10 00:00:00,2020-07-11 00:00:00,2020-07-25,8215574.91,8872820.9,INR,3,SHREE BALAJI ENTERPRISE,ENT-SUP-CA68E614E4,SHREE BALAJI ENTERPRISE,"KARNATAKA, India",AWARDED,21.0,1,0,OPEN_TENDER,KARNATAKA RURAL INFRASTRUCTURE,KARNATAKA,https://kppp.karnataka.gov.in/
KAR-KA-2021-01231,REF-KAR-KA-2021-01231,BANGALORE METRO RAIL CORP,KARNATAKA State Government,KARNATAKA,Central District,"KARNATAKA, India",Civil Works & Infrastructure,Procurement of civil works & infrastructure for BANGALORE METRO RAIL CORP,Official public tender for supply of civil works & infrastructure under standard KARNATAKA state procurement guidelines.,2020-08-25 00:00:00,2020-09-24 00:00:00,2020-09-25 00:00:00,2020-10-09,4943738.75,6674047.31,INR,1,TATA PROJECTS LIMITED,ENT-SUP-861D6E7011,TATA PROJECTS LIMITED,"KARNATAKA, India",AWARDED,30.0,0,0,OPEN_TENDER,BANGALORE METRO RAIL CORP,KARNATAKA,https://kppp.karnataka.gov.in/
KAR-KA-2021-01232,REF-KAR-KA-2021-01232,KARNATAKA RURAL INFRASTRUCTURE,KARNATAKA State Government,KARNATAKA,Central District,"KARNATAKA, India",Information Technology & Software,Procurement of information technology & software for KARNATAKA RURAL INFRASTRUCTURE,Official public tender for supply of information technology & software under standard KARNATAKA state procurement guidelines.,2021-01-30 00:00:00,2021-03-01 00:00:00,2021-03-02 00:00:00,2021-03-16,4950352.66,4702835.03,INR,1,ZENITH INFRASTRUCTURE PROJECTS,ENT-SUP-4F350A4CA1,ZENITH INFRASTRUCTURE PROJECTS,"KARNATAKA, India",AWARDED,30.0,0,0,OPEN_TENDER,KARNATAKA RURAL INFRASTRUCTURE,KARNATAKA,https://kppp.karnataka.gov.in/
KAR-KA-2021-01233,REF-KAR-KA-2021-01233,BRUHAT BENGALURU MAHANAGARA PALIKE BBMP,KARNATAKA State Government,KARNATAKA,Central District,"KARNATAKA, India",Medical Equipment & Consumables,Procurement of medical equipment & consumables for BRUHAT BENGALURU MAHANAGARA PALIKE BBMP,Official public tender for supply of medical equipment & consumables under standard KARNATAKA state procurement guidelines.,2020-10-05 00:00:00,2020-10-11 00:00:00,2020-10-12 00:00:00,2020-10-26,21037129.46,21457872.05,INR,5,ZENITH INFRASTRUCTURE PROJECTS,ENT-SUP-4F350A4CA1,ZENITH INFRASTRUCTURE PROJECTS,"KARNATAKA, India",AWARDED,6.0,1,0,OPEN_TENDER,BRUHAT BENGALURU MAHANAGARA PALIKE BBMP,KARNATAKA,https://kppp.karnataka.gov.in/
KAR-KA-2021-01234,REF-KAR-KA-2021-01234,KARNATAKA PUBLIC WORKS PORTS INLAND WATER,KARNATAKA State Government,KARNATAKA,Central District,"KARNATAKA, India",Medical Equipment & Consumables,Procurement of medical equipment & consumables for KARNATAKA PUBLIC WORKS PORTS INLAND WATER,Official public tender for supply of medical equipment & consumables under standard KARNATAKA state procurement guidelines.,2020-09-17 00:00:00,2020-09-23 00:00:00,2020-09-24 00:00:00,2020-10-08,22768438.04,26183703.74,INR,4,SHREE BALAJI ENTERPRISE,ENT-SUP-CA68E614E4,SHREE BALAJI ENTERPRISE,"KARNATAKA, India",AWARDED,6.0,1,0,OPEN_TENDER,KARNATAKA PUBLIC WORKS PORTS INLAND WATER,KARNATAKA,https://kppp.karnataka.gov.in/
KAR-KA-2021-01235,REF-KAR-KA-2021-01235,BRUHAT BENGALURU MAHANAGARA PALIKE BBMP,KARNATAKA State Government,KARNATAKA,Central District,"KARNATAKA, India",Civil Works & Infrastructure,Procurement of civil works & infrastructure for BRUHAT BENGALURU MAHANAGARA PALIKE BBMP,Official public tender for supply of civil works & infrastructure under standard KARNATAKA state procurement guidelines.,2019-10-09 00:00:00,2019-10-15 00:00:00,2019-10-16 00:00:00,2019-10-30,224827460.63,229324009.84,INR,3,KNR CONSTRUCTION,ENT-SUP-6A86A67807,KNR CONSTRUCTION,"KARNATAKA, India",AWARDED,6.0,0,0,OPEN_TENDER,BRUHAT BENGALURU MAHANAGARA PALIKE BBMP,KARNATAKA,https://kppp.karnataka.gov.in/
KAR-KA-2021-01236,REF-KAR-KA-2021-01236,KARNATAKA PUBLIC WORKS PORTS INLAND WATER,KARNATAKA State Government,KARNATAKA,Central District,"KARNATAKA, India",Civil Works & Infrastructure,Procurement of civil works & infrastructure for KARNATAKA PUBLIC WORKS PORTS INLAND WATER,Official public tender for supply of civil works & infrastructure under standard KARNATAKA state procurement guidelines.,2021-03-13 00:00:00,2021-03-19 00:00:00,2021-03-20 00:00:00,2021-04-03,7241354.15,6372391.66,INR,4,AHLUWALIA CONTRACTS INDIA LIMITED,ENT-SUP-28AFE50D95,AHLUWALIA CONTRACTS INDIA LIMITED,"KARNATAKA, India",AWARDED,6.0,0,0,OPEN_TENDER,KARNATAKA PUBLIC WORKS PORTS INLAND WATER,KARNATAKA,https://kppp.karnataka.gov.in/
KAR-KA-2021-01237,REF-KAR-KA-2021-01237,KARNATAKA PUBLIC WORKS PORTS INLAND WATER,KARNATAKA State Government,KARNATAKA,Central District,"KARNATAKA, India",Electrical & Mechanical,Procurement of electrical & mechanical for KARNATAKA PUBLIC WORKS PORTS INLAND WATER,Official public tender for supply of electrical & mechanical under standard KARNATAKA state procurement guidelines.,2020-07-09 00:00:00,2020-07-23 00:00:00,2020-07-24 00:00:00,2020-08-07,92974376.93,88325658.09,INR,2,LARSEN AND TOUBRO CONSTRUCTION,ENT-SUP-6C6BEB7D6E,LARSEN AND TOUBRO CONSTRUCTION,"KARNATAKA, India",AWARDED,14.0,0,0,OPEN_TENDER,KARNATAKA PUBLIC WORKS PORTS INLAND WATER,KARNATAKA,https://kppp.karnataka.gov.in/
KAR-KA-2021-01238,REF-KAR-KA-2021-01238,BANGALORE METRO RAIL CORP,KARNATAKA State Government,KARNATAKA,Central District,"KARNATAKA, India",Electrical & Mechanical,Procurement of electrical & mechanical for BANGALORE METRO RAIL CORP,Official public tender for supply of electrical & mechanical under standard KARNATAKA state procurement guidelines.,2021-06-15 00:00:00,2021-07-15 00:00:00,2021-07-16 00:00:00,2021-07-30,146308567.74,128751539.61,INR,2,TATA PROJECTS LIMITED,ENT-SUP-861D6E7011,TATA PROJECTS LIMITED,"KARNATAKA, India",AWARDED,30.0,0,0,OPEN_TENDER,BANGALORE METRO RAIL CORP,KARNATAKA,https://kppp.karnataka.gov.in/
KAR-KA-2021-01239,REF-KAR-KA-2021-01239,HEALTH FAMILY WELFARE KARNATAKA,KARNATAKA State Government,KARNATAKA,Central District,"KARNATAKA, India",Consultancy & Facility Management,Procurement of consultancy & facility management for HEALTH FAMILY WELFARE KARNATAKA,Official public tender for supply of consultancy & facility management under standard KARNATAKA state procurement guidelines.,2021-05-16 00:00:00,2021-06-15 00:00:00,2021-06-16 00:00:00,2021-06-30,4534990.14,3990791.32,INR,4,KNR CONSTRUCTION,ENT-SUP-6A86A67807,KNR CONSTRUCTION,"KARNATAKA, India",AWARDED,30.0,1,0,OPEN_TENDER,HEALTH FAMILY WELFARE KARNATAKA,KARNATAKA,https://kppp.karnataka.gov.in/
KAR-KA-2021-01240,REF-KAR-KA-2021-01240,HEALTH FAMILY WELFARE KARNATAKA,KARNATAKA State Government,KARNATAKA,Central District,"KARNATAKA, India",Information Technology & Software,Procurement of information technology & software for HEALTH FAMILY WELFARE KARNATAKA,Official public tender for supply of information technology & software under standard KARNATAKA state procurement guidelines.,2019-12-07 00:00:00,2019-12-11 00:00:00,2019-12-12 00:00:00,2019-12-26,11501091.56,12421178.88,INR,2,AFCONS INFRASTRUCTURE LIMITED,ENT-SUP-AC3B9A87E5,AFCONS INFRASTRUCTURE LIMITED,"KARNATAKA, India",AWARDED,4.0,0,0,OPEN_TENDER,HEALTH FAMILY WELFARE KARNATAKA,KARNATAKA,https://kppp.karnataka.gov.in/
KAR-KA-2021-01241,REF-KAR-KA-2021-01241,HEALTH FAMILY WELFARE KARNATAKA,KARNATAKA State Government,KARNATAKA,Central District,"KARNATAKA, India",Electrical & Mechanical,Procurement of electrical & mechanical for HEALTH FAMILY WELFARE KARNATAKA,Official public tender for supply of electrical & mechanical under standard KARNATAKA state procurement guidelines.,2019-08-19 00:00:00,2019-08-23 00:00:00,2019-08-24 00:00:00,2019-09-07,6383054.82,6510715.92,INR,5,KNR CONSTRUCTION,ENT-SUP-6A86A67807,KNR CONSTRUCTION,"KARNATAKA, India",AWARDED,4.0,0,0,OPEN_TENDER,HEALTH FAMILY WELFARE KARNATAKA,KARNATAKA,https://kppp.karnataka.gov.in/
KAR-KA-2021-01242,REF-KAR-KA-2021-01242,KARNATAKA PUBLIC WORKS PORTS INLAND WATER,KARNATAKA State Government,KARNATAKA,Central District,"KARNATAKA, India",Medical Equipment & Consumables,Procurement of medical equipment & consumables for KARNATAKA PUBLIC WORKS PORTS INLAND WATER,Official public tender for supply of medical equipment & consumables under standard KARNATAKA state procurement guidelines.,2021-01-15 00:00:00,2021-02-14 00:00:00,2021-02-15 00:00:00,2021-03-01,4906263.11,6623455.2,INR,1,TATA PROJECTS LIMITED,ENT-SUP-861D6E7011,TATA PROJECTS LIMITED,"KARNATAKA, India",AWARDED,30.0,0,0,OPEN_TENDER,KARNATAKA PUBLIC WORKS PORTS INLAND WATER,KARNATAKA,https://kppp.karnataka.gov.in/
KAR-KA-2021-01243,REF-KAR-KA-2021-01243,KARNATAKA PUBLIC WORKS PORTS INLAND WATER,KARNATAKA State Government,KARNATAKA,Central District,"KARNATAKA, India",Information Technology & Software,Procurement of information technology & software for KARNATAKA PUBLIC WORKS PORTS INLAND WATER,Official public tender for supply of information technology & software under standard KARNATAKA state procurement guidelines.,2020-09-19 00:00:00,2020-09-23 00:00:00,2020-09-24 00:00:00,2020-10-08,3602423.59,4863271.84,INR,4,GUPTA AND SONS CONTRACTOR,ENT-SUP-7A3AE215B9,GUPTA AND SONS CONTRACTOR,"KARNATAKA, India",AWARDED,4.0,0,0,OPEN_TENDER,KARNATAKA PUBLIC WORKS PORTS INLAND WATER,KARNATAKA,https://kppp.karnataka.gov.in/
KAR-KA-2021-01244,REF-KAR-KA-2021-01244,BANGALORE METRO RAIL CORP,KARNATAKA State Government,KARNATAKA,Central District,"KARNATAKA, India",Civil Works & Infrastructure,Procurement of civil works & infrastructure for BANGALORE METRO RAIL CORP,Official public tender for supply of civil works & infrastructure under standard KARNATAKA state procurement guidelines.,2020-11-22 00:00:00,2020-11-26 00:00:00,2020-11-27 00:00:00,2020-12-11,177430599.52,239531309.36,INR,5,DILIP BUILDCON LIMITED,ENT-SUP-55226FC7C8,DILIP BUILDCON LIMITED,"KARNATAKA, India",AWARDED,4.0,2,0,OPEN_TENDER,BANGALORE METRO RAIL CORP,KARNATAKA,https://kppp.karnataka.gov.in/
KAR-KA-2021-01245,REF-KAR-KA-2021-01245,KARNATAKA PUBLIC WORKS PORTS INLAND WATER,KARNATAKA State Government,KARNATAKA,Central District,"KARNATAKA, India",Electrical & Mechanical,Procurement of electrical & mechanical for KARNATAKA PUBLIC WORKS PORTS INLAND WATER,Official public tender for supply of electrical & mechanical under standard KARNATAKA state procurement guidelines.,2019-03-17 00:00:00,2019-03-31 00:00:00,2019-04-01 00:00:00,2019-04-15,202732398.71,218950990.61,INR,1,SHARMA ENGINEERING WORKS,ENT-SUP-9473B0CC3C,SHARMA ENGINEERING WORKS,"KARNATAKA, India",AWARDED,14.0,2,0,OPEN_TENDER,KARNATAKA PUBLIC WORKS PORTS INLAND WATER,KARNATAKA,https://kppp.karnataka.gov.in/
KAR-KA-2021-01246,REF-KAR-KA-2021-01246,KARNATAKA PUBLIC WORKS PORTS INLAND WATER,KARNATAKA State Government,KARNATAKA,Central District,"KARNATAKA, India",Information Technology & Software,Procurement of information technology & software for KARNATAKA PUBLIC WORKS PORTS INLAND WATER,Official public tender for supply of information technology & software under standard KARNATAKA state procurement guidelines.,2021-05-28 00:00:00,2021-06-27 00:00:00,2021-06-28 00:00:00,2021-07-12,4941658.07,6671238.4,INR,3,AHLUWALIA CONTRACTS INDIA LIMITED,ENT-SUP-28AFE50D95,AHLUWALIA CONTRACTS INDIA LIMITED,"KARNATAKA, India",AWARDED,30.0,0,0,OPEN_TENDER,KARNATAKA PUBLIC WORKS PORTS INLAND WATER,KARNATAKA,https://kppp.karnataka.gov.in/
KAR-KA-2021-01247,REF-KAR-KA-2021-01247,BANGALORE METRO RAIL CORP,KARNATAKA State Government,KARNATAKA,Central District,"KARNATAKA, India",Civil Works & Infrastructure,Procurement of civil works & infrastructure for BANGALORE METRO RAIL CORP,Official public tender for supply of civil works & infrastructure under standard KARNATAKA state procurement guidelines.,2019-08-03 00:00:00,2019-09-02 00:00:00,2019-09-03 00:00:00,2019-09-17,167305467.15,225862380.65,INR,2,PNC INFRATECH LIMITED,ENT-SUP-4B3E89D111,PNC INFRATECH LIMITED,"KARNATAKA, India",AWARDED,30.0,0,0,OPEN_TENDER,BANGALORE METRO RAIL CORP,KARNATAKA,https://kppp.karnataka.gov.in/
KAR-KA-2021-01248,REF-KAR-KA-2021-01248,KARNATAKA RURAL INFRASTRUCTURE,KARNATAKA State Government,KARNATAKA,Central District,"KARNATAKA, India",Electrical & Mechanical,Procurement of electrical & mechanical for KARNATAKA RURAL INFRASTRUCTURE,Official public tender for supply of electrical & mechanical under standard KARNATAKA state procurement guidelines.,2019-10-15 00:00:00,2019-10-29 00:00:00,2019-10-30 00:00:00,2019-11-13,146376364.94,168332819.68,INR,2,SHREE BALAJI ENTERPRISE,ENT-SUP-CA68E614E4,SHREE BALAJI ENTERPRISE,"KARNATAKA, India",AWARDED,14.0,2,0,OPEN_TENDER,KARNATAKA RURAL INFRASTRUCTURE,KARNATAKA,https://kppp.karnataka.gov.in/
KAR-KA-2021-01249,REF-KAR-KA-2021-01249,BANGALORE METRO RAIL CORP,KARNATAKA State Government,KARNATAKA,Central District,"KARNATAKA, India",Civil Works & Infrastructure,Procurement of civil works & infrastructure for BANGALORE METRO RAIL CORP,Official public tender for supply of civil works & infrastructure under standard KARNATAKA state procurement guidelines.,2020-11-17 00:00:00,2020-12-01 00:00:00,2020-12-02 00:00:00,2020-12-16,4289032.95,4374813.61,INR,2,PNC INFRATECH LIMITED,ENT-SUP-4B3E89D111,PNC INFRATECH LIMITED,"KARNATAKA, India",AWARDED,14.0,0,0,OPEN_TENDER,BANGALORE METRO RAIL CORP,KARNATAKA,https://kppp.karnataka.gov.in/
KAR-KA-2021-01250,REF-KAR-KA-2021-01250,KARNATAKA PUBLIC WORKS PORTS INLAND WATER,KARNATAKA State Government,KARNATAKA,Central District,"KARNATAKA, India",Civil Works & Infrastructure,Procurement of civil works & infrastructure for KARNATAKA PUBLIC WORKS PORTS INLAND WATER,Official public tender for supply of civil works & infrastructure under standard KARNATAKA state procurement guidelines.,2021-02-12 00:00:00,2021-02-18 00:00:00,2021-02-19 00:00:00,2021-03-05,4929969.18,4683470.72,INR,2,APEX MEDITECH SOLUTIONS,ENT-SUP-A750489DC1,APEX MEDITECH SOLUTIONS,"KARNATAKA, India",AWARDED,6.0,0,0,OPEN_TENDER,KARNATAKA PUBLIC WORKS PORTS INLAND WATER,KARNATAKA,https://kppp.karnataka.gov.in/
