tender_id,tender_reference,department,organization,state,district,location,procurement_category,tender_title,description,published_date,submission_deadline,opening_date,contract_date,estimated_value,award_value,currency,number_of_bidders,winning_supplier,supplier_id,supplier_name,supplier_address,tender_status,contract_duration,extension_count,extension_days,procurement_method,buyer,source_dataset,source_url
UTT-UT-2021-01001,REF-UTT-UT-2021-01001,UTTAR PRADESH JAL NIGAM,UTTAR PRADESH State Government,UTTAR PRADESH,Central District,"UTTAR PRADESH, India",Consultancy & Facility Management,Procurement of consultancy & facility management for UTTAR PRADESH JAL NIGAM,Official public tender for supply of consultancy & facility management under standard UTTAR PRADESH state procurement guidelines.,2019-04-07 00:00:00,2019-04-11 00:00:00,2019-04-12 00:00:00,2019-04-26,91560236.95,123606319.88,INR,2,BHARAT DIAGNOSTIC SYSTEMS,ENT-SUP-C6B6FCD7BC,BHARAT DIAGNOSTIC SYSTEMS,"UTTAR PRADESH, India",AWARDED,4.0,1,0,OPEN_TENDER,UTTAR PRADESH JAL NIGAM,UTTAR_PRADESH,https://etender.up.nic.in/
UTT-UT-2021-01002,REF-UTT-UT-2021-01002,UP STATE HIGHWAY AUTHORITY,UTTAR PRADESH State Government,UTTAR PRADESH,Central District,"UTTAR PRADESH, India",Information Technology & Software,Procurement of information technology & software for UP STATE HIGHWAY AUTHORITY,Official public tender for supply of information technology & software under standard UTTAR PRADESH state procurement guidelines.,2019-04-06 00:00:00,2019-04-20 00:00:00,2019-04-21 00:00:00,2019-05-05,3101482.77,3349601.4,INR,2,SHARMA ENGINEERING WORKS,ENT-SUP-9473B0CC3C,SHARMA ENGINEERING WORKS,"UTTAR PRADESH, India",AWARDED,14.0,0,0,OPEN_TENDER,UP STATE HIGHWAY AUTHORITY,UTTAR_PRADESH,https://etender.up.nic.in/
UTT-UT-2021-01003,REF-UTT-UT-2021-01003,UP STATE HIGHWAY AUTHORITY,UTTAR PRADESH State Government,UTTAR PRADESH,Central District,"UTTAR PRADESH, India",Civil Works & Infrastructure,Procurement of civil works & infrastructure for UP STATE HIGHWAY AUTHORITY,Official public tender for supply of civil works & infrastructure under standard UTTAR PRADESH state procurement guidelines.,2020-12-25 00:00:00,2021-01-24 00:00:00,2021-01-25 00:00:00,2021-02-08,4990272.54,5090077.99,INR,3,PNC INFRATECH LIMITED,ENT-SUP-4B3E89D111,PNC INFRATECH LIMITED,"UTTAR PRADESH, India",AWARDED,30.0,0,0,OPEN_TENDER,UP STATE HIGHWAY AUTHORITY,UTTAR_PRADESH,https://etender.up.nic.in/
UTT-UT-2021-01004,REF-UTT-UT-2021-01004,MEDICAL HEALTH FAMILY WELFARE LUCKNOW,UTTAR PRADESH State Government,UTTAR PRADESH,Central District,"UTTAR PRADESH, India",Medical Equipment & Consumables,Procurement of medical equipment & consumables for MEDICAL HEALTH FAMILY WELFARE LUCKNOW,Official public tender for supply of medical equipment & consumables under standard UTTAR PRADESH state procurement guidelines.,2021-08-09 00:00:00,2021-08-30 00:00:00,2021-08-31 00:00:00,2021-09-14,314553337.11,320844403.85,INR,1,ZENITH INFRASTRUCTURE PROJECTS,ENT-SUP-4F350A4CA1,ZENITH INFRASTRUCTURE PROJECTS,"UTTAR PRADESH, India",AWARDED,21.0,0,0,OPEN_TENDER,MEDICAL HEALTH FAMILY WELFARE LUCKNOW,UTTAR_PRADESH,https://etender.up.nic.in/
UTT-UT-2021-01005,REF-UTT-UT-2021-01005,UP STATE HIGHWAY AUTHORITY,UTTAR PRADESH State Government,UTTAR PRADESH,Central District,"UTTAR PRADESH, India",Civil Works & Infrastructure,Procurement of civil works & infrastructure for UP STATE HIGHWAY AUTHORITY,Official public tender for supply of civil works & infrastructure under standard UTTAR PRADESH state procurement guidelines.,2020-06-12 00:00:00,2020-06-16 00:00:00,2020-06-17 00:00:00,2020-07-01,4665164.73,4105344.97,INR,1,SHARMA ENGINEERING WORKS,ENT-SUP-9473B0CC3C,SHARMA ENGINEERING WORKS,"UTTAR PRADESH, India",AWARDED,4.0,0,0,OPEN_TENDER,UP STATE HIGHWAY AUTHORITY,UTTAR_PRADESH,https://etender.up.nic.in/
UTT-UT-2021-01006,REF-UTT-UT-2021-01006,NOIDA INDUSTRIAL DEVELOPMENT AUTH,UTTAR PRADESH State Government,UTTAR PRADESH,Central District,"UTTAR PRADESH, India",Civil Works & Infrastructure,Procurement of civil works & infrastructure for NOIDA INDUSTRIAL DEVELOPMENT AUTH,Official public tender for supply of civil works & infrastructure under standard UTTAR PRADESH state procurement guidelines.,2021-03-02 00:00:00,2021-03-23 00:00:00,2021-03-24 00:00:00,2021-04-07,311371475.45,274006898.4,INR,3,KNR CONSTRUCTION,ENT-SUP-6A86A67807,KNR CONSTRUCTION,"UTTAR PRADESH, India",AWARDED,21.0,2,0,OPEN_TENDER,NOIDA INDUSTRIAL DEVELOPMENT AUTH,UTTAR_PRADESH,https://etender.up.nic.in/
UTT-UT-2021-01007,REF-UTT-UT-2021-01007,UP STATE HIGHWAY AUTHORITY,UTTAR PRADESH State Government,UTTAR PRADESH,Central District,"UTTAR PRADESH, India",Consultancy & Facility Management,Procurement of consultancy & facility management for UP STATE HIGHWAY AUTHORITY,Official public tender for supply of consultancy & facility management under standard UTTAR PRADESH state procurement guidelines.,2019-12-09 00:00:00,2019-12-15 00:00:00,2019-12-16 00:00:00,2019-12-30,6322065.53,6448506.84,INR,2,APEX MEDITECH SOLUTIONS,ENT-SUP-A750489DC1,APEX MEDITECH SOLUTIONS,"UTTAR PRADESH, India",AWARDED,6.0,0,0,OPEN_TENDER,UP STATE HIGHWAY AUTHORITY,UTTAR_PRADESH,https://etender.up.nic.in/
UTT-UT-2021-01008,REF-UTT-UT-2021-01008,UTTAR PRADESH JAL NIGAM,UTTAR PRADESH State Government,UTTAR PRADESH,Central District,"UTTAR PRADESH, India",Information Technology & Software,Procurement of information technology & software for UTTAR PRADESH JAL NIGAM,Official public tender for supply of information technology & software under standard UTTAR PRADESH state procurement guidelines.,2020-11-24 00:00:00,2020-11-28 00:00:00,2020-11-29 00:00:00,2020-12-13,154665384.47,146932115.24,INR,2,TATA PROJECTS LIMITED,ENT-SUP-861D6E7011,TATA PROJECTS LIMITED,"UTTAR PRADESH, India",AWARDED,4.0,0,0,OPEN_TENDER,UTTAR PRADESH JAL NIGAM,UTTAR_PRADESH,https://etender.up.nic.in/
UTT-UT-2021-01009,REF-UTT-UT-2021-01009,NOIDA INDUSTRIAL DEVELOPMENT AUTH,UTTAR PRADESH State Government,UTTAR PRADESH,Central District,"UTTAR PRADESH, India",Information Technology & Software,Procurement of information technology & software for NOIDA INDUSTRIAL DEVELOPMENT AUTH,Official public tender for supply of information technology & software under standard UTTAR PRADESH state procurement guidelines.,2019-03-15 00:00:00,2019-03-19 00:00:00,2019-03-20 00:00:00,2019-04-03,4910740.19,5647351.21,INR,1,SHREE BALAJI ENTERPRISE,ENT-SUP-CA68E614E4,SHREE BALAJI ENTERPRISE,"UTTAR PRADESH, India",AWARDED,4.0,0,0,OPEN_TENDER,NOIDA INDUSTRIAL DEVELOPMENT AUTH,UTTAR_PRADESH,https://etender.up.nic.in/
UTT-UT-2021-01010,REF-UTT-UT-2021-01010,UTTAR PRADESH JAL NIGAM,UTTAR PRADESH State Government,UTTAR PRADESH,Central District,"UTTAR PRADESH, India",Information Technology & Software,Procurement of information technology & software for UTTAR PRADESH JAL NIGAM,Official public tender for supply of information technology & software under standard UTTAR PRADESH state procurement guidelines.,2019-09-15 00:00:00,2019-09-29 00:00:00,2019-09-30 00:00:00,2019-10-14,4978035.02,5077595.72,INR,4,BHARAT DIAGNOSTIC SYSTEMS,ENT-SUP-C6B6FCD7BC,BHARAT DIAGNOSTIC SYSTEMS,"UTTAR PRADESH, India",AWARDED,14.0,0,0,OPEN_TENDER,UTTAR PRADESH JAL NIGAM,UTTAR_PRADESH,https://etender.up.nic.in/
UTT-UT-2021-01011,REF-UTT-UT-2021-01011,UP STATE HIGHWAY AUTHORITY,UTTAR PRADESH State Government,UTTAR PRADESH,Central District,"UTTAR PRADESH, India",Medical Equipment & Consumables,Procurement of medical equipment & consumables for UP STATE HIGHWAY AUTHORITY,Official public tender for supply of medical equipment & consumables under standard UTTAR PRADESH state procurement guidelines.,2020-02-29 00:00:00,2020-03-30 00:00:00,2020-03-31 00:00:00,2020-04-14,4901587.06,5636825.12,INR,4,AFCONS INFRASTRUCTURE LIMITED,ENT-SUP-AC3B9A87E5,AFCONS INFRASTRUCTURE LIMITED,"UTTAR PRADESH, India",AWARDED,30.0,1,0,OPEN_TENDER,UP STATE HIGHWAY AUTHORITY,UTTAR_PRADESH,https://etender.up.nic.in/
UTT-UT-2021-01012,REF-UTT-UT-2021-01012,MEDICAL HEALTH FAMILY WELFARE LUCKNOW,UTTAR PRADESH State Government,UTTAR PRADESH,Central District,"UTTAR PRADESH, India",Medical Equipment & Consumables,Procurement of medical equipment & consumables for MEDICAL HEALTH FAMILY WELFARE LUCKNOW,Official public tender for supply of medical equipment & consumables under standard UTTAR PRADESH state procurement guidelines.,2019-08-16 00:00:00,2019-09-15 00:00:00,2019-09-16 00:00:00,2019-09-30,4715091.86,4479337.27,INR,1,GUPTA AND SONS CONTRACTOR,ENT-SUP-7A3AE215B9,GUPTA AND SONS CONTRACTOR,"UTTAR PRADESH, India",AWARDED,30.0,1,0,OPEN_TENDER,MEDICAL HEALTH FAMILY WELFARE LUCKNOW,UTTAR_PRADESH,https://etender.up.nic.in/
UTT-UT-2021-01013,REF-UTT-UT-2021-01013,MEDICAL HEALTH FAMILY WELFARE LUCKNOW,UTTAR PRADESH State Government,UTTAR PRADESH,Central District,"UTTAR PRADESH, India",Electrical & Mechanical,Procurement of electrical & mechanical for MEDICAL HEALTH FAMILY WELFARE LUCKNOW,Official public tender for supply of electrical & mechanical under standard UTTAR PRADESH state procurement guidelines.,2020-04-26 00:00:00,2020-05-02 00:00:00,2020-05-03 00:00:00,2020-05-17,1243279.5,1678427.32,INR,2,LARSEN AND TOUBRO CONSTRUCTION,ENT-SUP-6C6BEB7D6E,LARSEN AND TOUBRO CONSTRUCTION,"UTTAR PRADESH, India",AWARDED,6.0,0,0,OPEN_TENDER,MEDICAL HEALTH FAMILY WELFARE LUCKNOW,UTTAR_PRADESH,https://etender.up.nic.in/
UTT-UT-2021-01014,REF-UTT-UT-2021-01014,UTTAR PRADESH JAL NIGAM,UTTAR PRADESH State Government,UTTAR PRADESH,Central District,"UTTAR PRADESH, India",Medical Equipment & Consumables,Procurement of medical equipment & consumables for UTTAR PRADESH JAL NIGAM,Official public tender for supply of medical equipment & consumables under standard UTTAR PRADESH state procurement guidelines.,2020-03-06 00:00:00,2020-03-20 00:00:00,2020-03-21 00:00:00,2020-04-04,71961824.55,63326405.61,INR,3,NCC LIMITED INFRASTRUCTURE,ENT-SUP-0DFD916C8B,NCC LIMITED INFRASTRUCTURE,"UTTAR PRADESH, India",AWARDED,14.0,0,0,OPEN_TENDER,UTTAR PRADESH JAL NIGAM,UTTAR_PRADESH,https://etender.up.nic.in/
UTT-UT-2021-01015,REF-UTT-UT-2021-01015,NOIDA INDUSTRIAL DEVELOPMENT AUTH,UTTAR PRADESH State Government,UTTAR PRADESH,Central District,"UTTAR PRADESH, India",Medical Equipment & Consumables,Procurement of medical equipment & consumables for NOIDA INDUSTRIAL DEVELOPMENT AUTH,Official public tender for supply of medical equipment & consumables under standard UTTAR PRADESH state procurement guidelines.,2021-10-09 00:00:00,2021-11-08 00:00:00,2021-11-09 00:00:00,2021-11-23,305729480.45,412734798.6,INR,2,DILIP BUILDCON LIMITED,ENT-SUP-55226FC7C8,DILIP BUILDCON LIMITED,"UTTAR PRADESH, India",AWARDED,30.0,1,0,OPEN_TENDER,NOIDA INDUSTRIAL DEVELOPMENT AUTH,UTTAR_PRADESH,https://etender.up.nic.in/
UTT-UT-2021-01016,REF-UTT-UT-2021-01016,UTTAR PRADESH JAL NIGAM,UTTAR PRADESH State Government,UTTAR PRADESH,Central District,"UTTAR PRADESH, India",Medical Equipment & Consumables,Procurement of medical equipment & consumables for UTTAR PRADESH JAL NIGAM,Official public tender for supply of medical equipment & consumables under standard UTTAR PRADESH state procurement guidelines.,2020-04-03 00:00:00,2020-04-07 00:00:00,2020-04-08 00:00:00,2020-04-22,4996642.68,4746810.54,INR,2,PNC INFRATECH LIMITED,ENT-SUP-4B3E89D111,PNC INFRATECH LIMITED,"UTTAR PRADESH, India",AWARDED,4.0,0,0,OPEN_TENDER,UTTAR PRADESH JAL NIGAM,UTTAR_PRADESH,https://etender.up.nic.in/
UTT-UT-2021-01017,REF-UTT-UT-2021-01017,NOIDA INDUSTRIAL DEVELOPMENT AUTH,UTTAR PRADESH State Government,UTTAR PRADESH,Central District,"UTTAR PRADESH, India",Electrical & Mechanical,Procurement of electrical & mechanical for NOIDA INDUSTRIAL DEVELOPMENT AUTH,Official public tender for supply of electrical & mechanical under standard UTTAR PRADESH state procurement guidelines.,2021-05-09 00:00:00,2021-05-13 00:00:00,2021-05-14 00:00:00,2021-05-28,4963019.28,6700076.02,INR,3,TATA PROJECTS LIMITED,ENT-SUP-861D6E7011,TATA PROJECTS LIMITED,"UTTAR PRADESH, India",AWARDED,4.0,0,0,OPEN_TENDER,NOIDA INDUSTRIAL DEVELOPMENT AUTH,UTTAR_PRADESH,https://etender.up.nic.in/
UTT-UT-2021-01018,REF-UTT-UT-2021-01018,MEDICAL HEALTH FAMILY WELFARE LUCKNOW,UTTAR PRADESH State Government,UTTAR PRADESH,Central District,"UTTAR PRADESH, India",Electrical & Mechanical,Procurement of electrical & mechanical for MEDICAL HEALTH FAMILY WELFARE LUCKNOW,Official public tender for supply of electrical & mechanical under standard UTTAR PRADESH state procurement guidelines.,2020-06-26 00:00:00,2020-07-17 00:00:00,2020-07-18 00:00:00,2020-08-01,2532669.79,2583323.19,INR,2,BHARAT DIAGNOSTIC SYSTEMS,ENT-SUP-C6B6FCD7BC,BHARAT DIAGNOSTIC SYSTEMS,"UTTAR PRADESH, India",AWARDED,21.0,0,0,OPEN_TENDER,MEDICAL HEALTH FAMILY WELFARE LUCKNOW,UTTAR_PRADESH,https://etender.up.nic.in/
UTT-UT-2021-01019,REF-UTT-UT-2021-01019,UTTAR PRADESH JAL NIGAM,UTTAR PRADESH State Government,UTTAR PRADESH,Central District,"UTTAR PRADESH, India",Civil Works & Infrastructure,Procurement of civil works & infrastructure for UTTAR PRADESH JAL NIGAM,Official public tender for supply of civil works & infrastructure under standard UTTAR PRADESH state procurement guidelines.,2021-07-02 00:00:00,2021-07-08 00:00:00,2021-07-09 00:00:00,2021-07-23,17273669.92,18655563.51,INR,3,TATA PROJECTS LIMITED,ENT-SUP-861D6E7011,TATA PROJECTS LIMITED,"UTTAR PRADESH, India",AWARDED,6.0,1,0,OPEN_TENDER,UTTAR PRADESH JAL NIGAM,UTTAR_PRADESH,https://etender.up.nic.in/
UTT-UT-2021-01020,REF-UTT-UT-2021-01020,MEDICAL HEALTH FAMILY WELFARE LUCKNOW,UTTAR PRADESH State Government,UTTAR PRADESH,Central District,"UTTAR PRADESH, India",Consultancy & Facility Management,Procurement of consultancy & facility management for MEDICAL HEALTH FAMILY WELFARE LUCKNOW,Official public tender for supply of consultancy & facility management under standard UTTAR PRADESH state procurement guidelines.,2020-05-01 00:00:00,2020-05-15 00:00:00,2020-05-16 00:00:00,2020-05-30,3840397.36,3379549.67,INR,2,AFCONS INFRASTRUCTURE LIMITED,ENT-SUP-AC3B9A87E5,AFCONS INFRASTRUCTURE LIMITED,"UTTAR PRADESH, India",AWARDED,14.0,0,0,OPEN_TENDER,MEDICAL HEALTH FAMILY WELFARE LUCKNOW,UTTAR_PRADESH,https://etender.up.nic.in/
UTT-UT-2021-01021,REF-UTT-UT-2021-01021,NOIDA INDUSTRIAL DEVELOPMENT AUTH,UTTAR PRADESH State Government,UTTAR PRADESH,Central District,"UTTAR PRADESH, India",Consultancy & Facility Management,Procurement of consultancy & facility management for NOIDA INDUSTRIAL DEVELOPMENT AUTH,Official public tender for supply of consultancy & facility management under standard UTTAR PRADESH state procurement guidelines.,2021-01-27 00:00:00,2021-02-26 00:00:00,2021-02-27 00:00:00,2021-03-13,321263225.13,305200063.87,INR,4,GUPTA AND SONS CONTRACTOR,ENT-SUP-7A3AE215B9,GUPTA AND SONS CONTRACTOR,"UTTAR PRADESH, India",AWARDED,30.0,0,0,OPEN_TENDER,NOIDA INDUSTRIAL DEVELOPMENT AUTH,UTTAR_PRADESH,https://etender.up.nic.in/
UTT-UT-2021-01022,REF-UTT-UT-2021-01022,UTTAR PRADESH JAL NIGAM,UTTAR PRADESH State Government,UTTAR PRADESH,Central District,"UTTAR PRADESH, India",Information Technology & Software,Procurement of information technology & software for UTTAR PRADESH JAL NIGAM,Official public tender for supply of information technology & software under standard UTTAR PRADESH state procurement guidelines.,2019-08-06 00:00:00,2019-08-10 00:00:00,2019-08-11 00:00:00,2019-08-25,297617559.24,342260193.13,INR,4,KNR CONSTRUCTION,ENT-SUP-6A86A67807,KNR CONSTRUCTION,"UTTAR PRADESH, India",AWARDED,4.0,1,0,OPEN_TENDER,UTTAR PRADESH JAL NIGAM,UTTAR_PRADESH,https://etender.up.nic.in/
UTT-UT-2021-01023,REF-UTT-UT-2021-01023,UTTAR PRADESH PUBLIC WORKS DEPARTMENT,UTTAR PRADESH State Government,UTTAR PRADESH,Central District,"UTTAR PRADESH, India",Civil Works & Infrastructure,Procurement of civil works & infrastructure for UTTAR PRADESH PUBLIC WORKS DEPARTMENT,Official public tender for supply of civil works & infrastructure under standard UTTAR PRADESH state procurement guidelines.,2020-09-06 00:00:00,2020-09-27 00:00:00,2020-09-28 00:00:00,2020-10-12,13420468.91,12749445.46,INR,1,GUPTA AND SONS CONTRACTOR,ENT-SUP-7A3AE215B9,GUPTA AND SONS CONTRACTOR,"UTTAR PRADESH, India",AWARDED,21.0,1,0,OPEN_TENDER,UTTAR PRADESH PUBLIC WORKS DEPARTMENT,UTTAR_PRADESH,https://etender.up.nic.in/
UTT-UT-2021-01024,REF-UTT-UT-2021-01024,NOIDA INDUSTRIAL DEVELOPMENT AUTH,UTTAR PRADESH State Government,UTTAR PRADESH,Central District,"UTTAR PRADESH, India",Civil Works & Infrastructure,Procurement of civil works & infrastructure for NOIDA INDUSTRIAL DEVELOPMENT AUTH,Official public tender for supply of civil works & infrastructure under standard UTTAR PRADESH state procurement guidelines.,2019-09-12 00:00:00,2019-10-12 00:00:00,2019-10-13 00:00:00,2019-10-27,4931081.14,6656959.53,INR,2,BHARAT DIAGNOSTIC SYSTEMS,ENT-SUP-C6B6FCD7BC,BHARAT DIAGNOSTIC SYSTEMS,"UTTAR PRADESH, India",AWARDED,30.0,1,0,OPEN_TENDER,NOIDA INDUSTRIAL DEVELOPMENT AUTH,UTTAR_PRADESH,https://etender.up.nic.in/
UTT-UT-2021-01025,REF-UTT-UT-2021-01025,UP STATE HIGHWAY AUTHORITY,UTTAR PRADESH State Government,UTTAR PRADESH,Central District,"UTTAR PRADESH, India",Electrical & Mechanical,Procurement of electrical & mechanical for UP STATE HIGHWAY AUTHORITY,Official public tender for supply of electrical & mechanical under standard UTTAR PRADESH state procurement guidelines.,2020-12-04 00:00:00,2020-12-25 00:00:00,2020-12-26 00:00:00,2021-01-09,149931983.35,161926542.02,INR,2,AFCONS INFRASTRUCTURE LIMITED,ENT-SUP-AC3B9A87E5,AFCONS INFRASTRUCTURE LIMITED,"UTTAR PRADESH, India",AWARDED,21.0,0,0,OPEN_TENDER,UP STATE HIGHWAY AUTHORITY,UTTAR_PRADESH,https://etender.up.nic.in/
UTT-UT-2021-01026,REF-UTT-UT-2021-01026,MEDICAL HEALTH FAMILY WELFARE LUCKNOW,UTTAR PRADESH State Government,UTTAR PRADESH,Central District,"UTTAR PRADESH, India",Civil Works & Infrastructure,Procurement of civil works & infrastructure for MEDICAL HEALTH FAMILY WELFARE LUCKNOW,Official public tender for supply of civil works & infrastructure under standard UTTAR PRADESH state procurement guidelines.,2019-07-28 00:00:00,2019-08-27 00:00:00,2019-08-28 00:00:00,2019-09-11,4903585.77,5639123.63,INR,3,SHARMA ENGINEERING WORKS,ENT-SUP-9473B0CC3C,SHARMA ENGINEERING WORKS,"UTTAR PRADESH, India",AWARDED,30.0,0,0,OPEN_TENDER,MEDICAL HEALTH FAMILY WELFARE LUCKNOW,UTTAR_PRADESH,https://etender.up.nic.in/
UTT-UT-2021-01027,REF-UTT-UT-2021-01027,MEDICAL HEALTH FAMILY WELFARE LUCKNOW,UTTAR PRADESH State Government,UTTAR PRADESH,Central District,"UTTAR PRADESH, India",Civil Works & Infrastructure,Procurement of civil works & infrastructure for MEDICAL HEALTH FAMILY WELFARE LUCKNOW,Official public tender for supply of civil works & infrastructure under standard UTTAR PRADESH state procurement guidelines.,2019-01-19 00:00:00,2019-02-02 00:00:00,2019-02-03 00:00:00,2019-02-17,3026232.43,2874920.8,INR,2,ZENITH INFRASTRUCTURE PROJECTS,ENT-SUP-4F350A4CA1,ZENITH INFRASTRUCTURE PROJECTS,"UTTAR PRADESH, India",AWARDED,14.0,0,0,OPEN_TENDER,MEDICAL HEALTH FAMILY WELFARE LUCKNOW,UTTAR_PRADESH,https://etender.up.nic.in/
UTT-UT-2021-01028,REF-UTT-UT-2021-01028,UP STATE HIGHWAY AUTHORITY,UTTAR PRADESH State Government,UTTAR PRADESH,Central District,"UTTAR PRADESH, India",Electrical & Mechanical,Procurement of electrical & mechanical for UP STATE HIGHWAY AUTHORITY,Official public tender for supply of electrical & mechanical under standard UTTAR PRADESH state procurement guidelines.,2020-05-01 00:00:00,2020-05-31 00:00:00,2020-06-01 00:00:00,2020-06-15,9298637.93,9484610.69,INR,5,ZENITH INFRASTRUCTURE PROJECTS,ENT-SUP-4F350A4CA1,ZENITH INFRASTRUCTURE PROJECTS,"UTTAR PRADESH, India",AWARDED,30.0,0,0,OPEN_TENDER,UP STATE HIGHWAY AUTHORITY,UTTAR_PRADESH,https://etender.up.nic.in/
UTT-UT-2021-01029,REF-UTT-UT-2021-01029,UP STATE HIGHWAY AUTHORITY,UTTAR PRADESH State Government,UTTAR PRADESH,Central District,"UTTAR PRADESH, India",Electrical & Mechanical,Procurement of electrical & mechanical for UP STATE HIGHWAY AUTHORITY,Official public tender for supply of electrical & mechanical under standard UTTAR PRADESH state procurement guidelines.,2020-04-23 00:00:00,2020-05-14 00:00:00,2020-05-15 00:00:00,2020-05-29,2527337.99,2400971.09,INR,3,BHARAT DIAGNOSTIC SYSTEMS,ENT-SUP-C6B6FCD7BC,BHARAT DIAGNOSTIC SYSTEMS,"UTTAR PRADESH, India",AWARDED,21.0,2,0,OPEN_TENDER,UP STATE HIGHWAY AUTHORITY,UTTAR_PRADESH,https://etender.up.nic.in/
UTT-UT-2021-01030,REF-UTT-UT-2021-01030,UP STATE HIGHWAY AUTHORITY,UTTAR PRADESH State Government,UTTAR PRADESH,Central District,"UTTAR PRADESH, India",Consultancy & Facility Management,Procurement of consultancy & facility management for UP STATE HIGHWAY AUTHORITY,Official public tender for supply of consultancy & facility management under standard UTTAR PRADESH state procurement guidelines.,2021-07-20 00:00:00,2021-07-26 00:00:00,2021-07-27 00:00:00,2021-08-10,254995569.19,242245790.73,INR,2,DILIP BUILDCON LIMITED,ENT-SUP-55226FC7C8,DILIP BUILDCON LIMITED,"UTTAR PRADESH, India",AWARDED,6.0,0,0,OPEN_TENDER,UP STATE HIGHWAY AUTHORITY,UTTAR_PRADESH,https://etender.up.nic.in/
UTT-UT-2021-01031,REF-UTT-UT-2021-01031,UP STATE HIGHWAY AUTHORITY,UTTAR PRADESH State Government,UTTAR PRADESH,Central District,"UTTAR PRADESH, India",Information Technology & Software,Procurement of information technology & software for UP STATE HIGHWAY AUTHORITY,Official public tender for supply of information technology & software under standard UTTAR PRADESH state procurement guidelines.,2021-06-26 00:00:00,2021-06-30 00:00:00,2021-07-01 00:00:00,2021-07-15,4979420.08,5377773.69,INR,4,VANGUARD POWER SERVICES,ENT-SUP-FBE5090586,VANGUARD POWER SERVICES,"UTTAR PRADESH, India",AWARDED,4.0,2,0,OPEN_TENDER,UP STATE HIGHWAY AUTHORITY,UTTAR_PRADESH,https://etender.up.nic.in/
UTT-UT-2021-01032,REF-UTT-UT-2021-01032,NOIDA INDUSTRIAL DEVELOPMENT AUTH,UTTAR PRADESH State Government,UTTAR PRADESH,Central District,"UTTAR PRADESH, India",Information Technology & Software,Procurement of information technology & software for NOIDA INDUSTRIAL DEVELOPMENT AUTH,Official public tender for supply of information technology & software under standard UTTAR PRADESH state procurement guidelines.,2019-10-05 00:00:00,2019-10-11 00:00:00,2019-10-12 00:00:00,2019-10-26,177229181.68,239259395.27,INR,3,NCC LIMITED INFRASTRUCTURE,ENT-SUP-0DFD916C8B,NCC LIMITED INFRASTRUCTURE,"UTTAR PRADESH, India",AWARDED,6.0,1,0,OPEN_TENDER,NOIDA INDUSTRIAL DEVELOPMENT AUTH,UTTAR_PRADESH,https://etender.up.nic.in/
UTT-UT-2021-01033,REF-UTT-UT-2021-01033,UTTAR PRADESH PUBLIC WORKS DEPARTMENT,UTTAR PRADESH State Government,UTTAR PRADESH,Central District,"UTTAR PRADESH, India",Medical Equipment & Consumables,Procurement of medical equipment & consumables for UTTAR PRADESH PUBLIC WORKS DEPARTMENT,Official public tender for supply of medical equipment & consumables under standard UTTAR PRADESH state procurement guidelines.,2019-10-17 00:00:00,2019-10-23 00:00:00,2019-10-24 00:00:00,2019-11-07,15017142.01,20273141.71,INR,5,VANGUARD POWER SERVICES,ENT-SUP-FBE5090586,VANGUARD POWER SERVICES,"UTTAR PRADESH, India",AWARDED,6.0,0,0,OPEN_TENDER,UTTAR PRADESH PUBLIC WORKS DEPARTMENT,UTTAR_PRADESH,https://etender.up.nic.in/
UTT-UT-2021-01034,REF-UTT-UT-2021-01034,UTTAR PRADESH JAL NIGAM,UTTAR PRADESH State Government,UTTAR PRADESH,Central District,"UTTAR PRADESH, India",Consultancy & Facility Management,Procurement of consultancy & facility management for UTTAR PRADESH JAL NIGAM,Official public tender for supply of consultancy & facility management under standard UTTAR PRADESH state procurement guidelines.,2021-01-07 00:00:00,2021-01-11 00:00:00,2021-01-12 00:00:00,2021-01-26,221942237.42,210845125.55,INR,2,NCC LIMITED INFRASTRUCTURE,ENT-SUP-0DFD916C8B,NCC LIMITED INFRASTRUCTURE,"UTTAR PRADESH, India",AWARDED,4.0,0,0,OPEN_TENDER,UTTAR PRADESH JAL NIGAM,UTTAR_PRADESH,https://etender.up.nic.in/
UTT-UT-2021-01035,REF-UTT-UT-2021-01035,MEDICAL HEALTH FAMILY WELFARE LUCKNOW,UTTAR PRADESH State Government,UTTAR PRADESH,Central District,"UTTAR PRADESH, India",Civil Works & Infrastructure,Procurement of civil works & infrastructure for MEDICAL HEALTH FAMILY WELFARE LUCKNOW,Official public tender for supply of civil works & infrastructure under standard UTTAR PRADESH state procurement guidelines.,2019-02-24 00:00:00,2019-02-28 00:00:00,2019-03-01 00:00:00,2019-03-15,4955370.75,5054478.16,INR,1,NCC LIMITED INFRASTRUCTURE,ENT-SUP-0DFD916C8B,NCC LIMITED INFRASTRUCTURE,"UTTAR PRADESH, India",AWARDED,4.0,0,0,OPEN_TENDER,MEDICAL HEALTH FAMILY WELFARE LUCKNOW,UTTAR_PRADESH,https://etender.up.nic.in/
UTT-UT-2021-01036,REF-UTT-UT-2021-01036,NOIDA INDUSTRIAL DEVELOPMENT AUTH,UTTAR PRADESH State Government,UTTAR PRADESH,Central District,"UTTAR PRADESH, India",Consultancy & Facility Management,Procurement of consultancy & facility management for NOIDA INDUSTRIAL DEVELOPMENT AUTH,Official public tender for supply of consultancy & facility management under standard UTTAR PRADESH state procurement guidelines.,2019-04-15 00:00:00,2019-04-29 00:00:00,2019-04-30 00:00:00,2019-05-14,23622907.82,31890925.55,INR,2,ZENITH INFRASTRUCTURE PROJECTS,ENT-SUP-4F350A4CA1,ZENITH INFRASTRUCTURE PROJECTS,"UTTAR PRADESH, India",AWARDED,14.0,0,0,OPEN_TENDER,NOIDA INDUSTRIAL DEVELOPMENT AUTH,UTTAR_PRADESH,https://etender.up.nic.in/
UTT-UT-2021-01037,REF-UTT-UT-2021-01037,MEDICAL HEALTH FAMILY WELFARE LUCKNOW,UTTAR PRADESH State Government,UTTAR PRADESH,Central District,"UTTAR PRADESH, India",Consultancy & Facility Management,Procurement of consultancy & facility management for MEDICAL HEALTH FAMILY WELFARE LUCKNOW,Official public tender for supply of consultancy & facility management under standard UTTAR PRADESH state procurement guidelines.,2020-09-08 00:00:00,2020-09-14 00:00:00,2020-09-15 00:00:00,2020-09-29,22018525.24,25321304.03,INR,5,LARSEN AND TOUBRO CONSTRUCTION,ENT-SUP-6C6BEB7D6E,LARSEN AND TOUBRO CONSTRUCTION,"UTTAR PRADESH, India",AWARDED,6.0,2,0,OPEN_TENDER,MEDICAL HEALTH FAMILY WELFARE LUCKNOW,UTTAR_PRADESH,https://etender.up.nic.in/
UTT-UT-2021-01038,REF-UTT-UT-2021-01038,MEDICAL HEALTH FAMILY WELFARE LUCKNOW,UTTAR PRADESH State Government,UTTAR PRADESH,Central District,"UTTAR PRADESH, India",Consultancy & Facility Management,Procurement of consultancy & facility management for MEDICAL HEALTH FAMILY WELFARE LUCKNOW,Official public tender for supply of consultancy & facility management under standard UTTAR PRADESH state procurement guidelines.,2020-11-17 00:00:00,2020-11-21 00:00:00,2020-11-22 00:00:00,2020-12-06,1287767.39,1133235.3,INR,2,LARSEN AND TOUBRO CONSTRUCTION,ENT-SUP-6C6BEB7D6E,LARSEN AND TOUBRO CONSTRUCTION,"UTTAR PRADESH, India",AWARDED,4.0,2,0,OPEN_TENDER,MEDICAL HEALTH FAMILY WELFARE LUCKNOW,UTTAR_PRADESH,https://etender.up.nic.in/
UTT-UT-2021-01039,REF-UTT-UT-2021-01039,UP STATE HIGHWAY AUTHORITY,UTTAR PRADESH State Government,UTTAR PRADESH,Central District,"UTTAR PRADESH, India",Information Technology & Software,Procurement of information technology & software for UP STATE HIGHWAY AUTHORITY,Official public tender for supply of information technology & software under standard UTTAR PRADESH state procurement guidelines.,2021-02-01 00:00:00,2021-02-05 00:00:00,2021-02-06 00:00:00,2021-02-20,3379079.09,3210125.14,INR,2,GUPTA AND SONS CONTRACTOR,ENT-SUP-7A3AE215B9,GUPTA AND SONS CONTRACTOR,"UTTAR PRADESH, India",AWARDED,4.0,0,0,OPEN_TENDER,UP STATE HIGHWAY AUTHORITY,UTTAR_PRADESH,https://etender.up.nic.in/
UTT-UT-2021-01040,REF-UTT-UT-2021-01040,UTTAR PRADESH JAL NIGAM,UTTAR PRADESH State Government,UTTAR PRADESH,Central District,"UTTAR PRADESH, India",Electrical & Mechanical,Procurement of electrical & mechanical for UTTAR PRADESH JAL NIGAM,Official public tender for supply of electrical & mechanical under standard UTTAR PRADESH state procurement guidelines.,2020-07-05 00:00:00,2020-07-11 00:00:00,2020-07-12 00:00:00,2020-07-26,283432719.01,289101373.39,INR,4,SHARMA ENGINEERING WORKS,ENT-SUP-9473B0CC3C,SHARMA ENGINEERING WORKS,"UTTAR PRADESH, India",AWARDED,6.0,1,0,OPEN_TENDER,UTTAR PRADESH JAL NIGAM,UTTAR_PRADESH,https://etender.up.nic.in/
UTT-UT-2021-01041,REF-UTT-UT-2021-01041,UTTAR PRADESH PUBLIC WORKS DEPARTMENT,UTTAR PRADESH State Government,UTTAR PRADESH,Central District,"UTTAR PRADESH, India",Electrical & Mechanical,Procurement of electrical & mechanical for UTTAR PRADESH PUBLIC WORKS DEPARTMENT,Official public tender for supply of electrical & mechanical under standard UTTAR PRADESH state procurement guidelines.,2019-11-02 00:00:00,2019-11-06 00:00:00,2019-11-07 00:00:00,2019-11-21,244333042.96,249219703.82,INR,3,BHARAT DIAGNOSTIC SYSTEMS,ENT-SUP-C6B6FCD7BC,BHARAT DIAGNOSTIC SYSTEMS,"UTTAR PRADESH, India",AWARDED,4.0,0,0,OPEN_TENDER,UTTAR PRADESH PUBLIC WORKS DEPARTMENT,UTTAR_PRADESH,https://etender.up.nic.in/
UTT-UT-2021-01042,REF-UTT-UT-2021-01042,NOIDA INDUSTRIAL DEVELOPMENT AUTH,UTTAR PRADESH State Government,UTTAR PRADESH,Central District,"UTTAR PRADESH, India",Consultancy & Facility Management,Procurement of consultancy & facility management for NOIDA INDUSTRIAL DEVELOPMENT AUTH,Official public tender for supply of consultancy & facility management under standard UTTAR PRADESH state procurement guidelines.,2020-02-24 00:00:00,2020-03-09 00:00:00,2020-03-10 00:00:00,2020-03-24,891389.23,784422.52,INR,4,BHARAT DIAGNOSTIC SYSTEMS,ENT-SUP-C6B6FCD7BC,BHARAT DIAGNOSTIC SYSTEMS,"UTTAR PRADESH, India",AWARDED,14.0,0,0,OPEN_TENDER,NOIDA INDUSTRIAL DEVELOPMENT AUTH,UTTAR_PRADESH,https://etender.up.nic.in/
UTT-UT-2021-01043,REF-UTT-UT-2021-01043,NOIDA INDUSTRIAL DEVELOPMENT AUTH,UTTAR PRADESH State Government,UTTAR PRADESH,Central District,"UTTAR PRADESH, India",Medical Equipment & Consumables,Procurement of medical equipment & consumables for NOIDA INDUSTRIAL DEVELOPMENT AUTH,Official public tender for supply of medical equipment & consumables under standard UTTAR PRADESH state procurement guidelines.,2020-04-27 00:00:00,2020-05-03 00:00:00,2020-05-04 00:00:00,2020-05-18,509042.17,447957.11,INR,3,GUPTA AND SONS CONTRACTOR,ENT-SUP-7A3AE215B9,GUPTA AND SONS CONTRACTOR,"UTTAR PRADESH, India",AWARDED,6.0,0,0,OPEN_TENDER,NOIDA INDUSTRIAL DEVELOPMENT AUTH,UTTAR_PRADESH,https://etender.up.nic.in/
UTT-UT-2021-01044,REF-UTT-UT-2021-01044,NOIDA INDUSTRIAL DEVELOPMENT AUTH,UTTAR PRADESH State Government,UTTAR PRADESH,Central District,"UTTAR PRADESH, India",Medical Equipment & Consumables,Procurement of medical equipment & consumables for NOIDA INDUSTRIAL DEVELOPMENT AUTH,Official public tender for supply of medical equipment & consumables under standard UTTAR PRADESH state procurement guidelines.,2019-02-02 00:00:00,2019-03-04 00:00:00,2019-03-05 00:00:00,2019-03-19,4965611.16,4369737.82,INR,1,AFCONS INFRASTRUCTURE LIMITED,ENT-SUP-AC3B9A87E5,AFCONS INFRASTRUCTURE LIMITED,"UTTAR PRADESH, India",AWARDED,30.0,0,0,OPEN_TENDER,NOIDA INDUSTRIAL DEVELOPMENT AUTH,UTTAR_PRADESH,https://etender.up.nic.in/
UTT-UT-2021-01045,REF-UTT-UT-2021-01045,NOIDA INDUSTRIAL DEVELOPMENT AUTH,UTTAR PRADESH State Government,UTTAR PRADESH,Central District,"UTTAR PRADESH, India",Medical Equipment & Consumables,Procurement of medical equipment & consumables for NOIDA INDUSTRIAL DEVELOPMENT AUTH,Official public tender for supply of medical equipment & consumables under standard UTTAR PRADESH state procurement guidelines.,2021-01-25 00:00:00,2021-02-08 00:00:00,2021-02-09 00:00:00,2021-02-23,4907927.36,5006085.91,INR,2,VANGUARD POWER SERVICES,ENT-SUP-FBE5090586,VANGUARD POWER SERVICES,"UTTAR PRADESH, India",AWARDED,14.0,0,0,OPEN_TENDER,NOIDA INDUSTRIAL DEVELOPMENT AUTH,UTTAR_PRADESH,https://etender.up.nic.in/
UTT-UT-2021-01046,REF-UTT-UT-2021-01046,UTTAR PRADESH PUBLIC WORKS DEPARTMENT,UTTAR PRADESH State Government,UTTAR PRADESH,Central District,"UTTAR PRADESH, India",Electrical & Mechanical,Procurement of electrical & mechanical for UTTAR PRADESH PUBLIC WORKS DEPARTMENT,Official public tender for supply of electrical & mechanical under standard UTTAR PRADESH state procurement guidelines.,2021-10-01 00:00:00,2021-10-05 00:00:00,2021-10-06 00:00:00,2021-10-20,4933821.82,5032498.26,INR,1,SHARMA ENGINEERING WORKS,ENT-SUP-9473B0CC3C,SHARMA ENGINEERING WORKS,"UTTAR PRADESH, India",AWARDED,4.0,2,0,OPEN_TENDER,UTTAR PRADESH PUBLIC WORKS DEPARTMENT,UTTAR_PRADESH,https://etender.up.nic.in/
UTT-UT-2021-01047,REF-UTT-UT-2021-01047,NOIDA INDUSTRIAL DEVELOPMENT AUTH,UTTAR PRADESH State Government,UTTAR PRADESH,Central District,"UTTAR PRADESH, India",Consultancy & Facility Management,Procurement of consultancy & facility management for NOIDA INDUSTRIAL DEVELOPMENT AUTH,Official public tender for supply of consultancy & facility management under standard UTTAR PRADESH state procurement guidelines.,2020-10-24 00:00:00,2020-11-07 00:00:00,2020-11-08 00:00:00,2020-11-22,20988701.44,18470057.27,INR,1,AFCONS INFRASTRUCTURE LIMITED,ENT-SUP-AC3B9A87E5,AFCONS INFRASTRUCTURE LIMITED,"UTTAR PRADESH, India",AWARDED,14.0,2,0,OPEN_TENDER,NOIDA INDUSTRIAL DEVELOPMENT AUTH,UTTAR_PRADESH,https://etender.up.nic.in/
UTT-UT-2021-01048,REF-UTT-UT-2021-01048,UTTAR PRADESH PUBLIC WORKS DEPARTMENT,UTTAR PRADESH State Government,UTTAR PRADESH,Central District,"UTTAR PRADESH, India",Information Technology & Software,Procurement of information technology & software for UTTAR PRADESH PUBLIC WORKS DEPARTMENT,Official public tender for supply of information technology & software under standard UTTAR PRADESH state procurement guidelines.,2019-04-16 00:00:00,2019-04-30 00:00:00,2019-05-01 00:00:00,2019-05-15,15027849.71,14276457.22,INR,5,SHREE BALAJI ENTERPRISE,ENT-SUP-CA68E614E4,SHREE BALAJI ENTERPRISE,"UTTAR PRADESH, India",AWARDED,14.0,2,0,OPEN_TENDER,UTTAR PRADESH PUBLIC WORKS DEPARTMENT,UTTAR_PRADESH,https://etender.up.nic.in/
UTT-UT-2021-01049,REF-UTT-UT-2021-01049,MEDICAL HEALTH FAMILY WELFARE LUCKNOW,UTTAR PRADESH State Government,UTTAR PRADESH,Central District,"UTTAR PRADESH, India",Information Technology & Software,Procurement of information technology & software for MEDICAL HEALTH FAMILY WELFARE LUCKNOW,Official public tender for supply of information technology & software under standard UTTAR PRADESH state procurement guidelines.,2019-10-31 00:00:00,2019-11-30 00:00:00,2019-12-01 00:00:00,2019-12-15,1156837.82,1179974.58,INR,4,NCC LIMITED INFRASTRUCTURE,ENT-SUP-0DFD916C8B,NCC LIMITED INFRASTRUCTURE,"UTTAR PRADESH, India",AWARDED,30.0,1,0,OPEN_TENDER,MEDICAL HEALTH FAMILY WELFARE LUCKNOW,UTTAR_PRADESH,https://etender.up.nic.in/
UTT-UT-2021-01050,REF-UTT-UT-2021-01050,NOIDA INDUSTRIAL DEVELOPMENT AUTH,UTTAR PRADESH State Government,UTTAR PRADESH,Central District,"UTTAR PRADESH, India",Medical Equipment & Consumables,Procurement of medical equipment & consumables for NOIDA INDUSTRIAL DEVELOPMENT AUTH,Official public tender for supply of medical equipment & consumables under standard UTTAR PRADESH state procurement guidelines.,2020-05-31 00:00:00,2020-06-04 00:00:00,2020-06-05 00:00:00,2020-06-19,4931893.36,4340066.16,INR,3,NCC LIMITED INFRASTRUCTURE,ENT-SUP-0DFD916C8B,NCC LIMITED INFRASTRUCTURE,"UTTAR PRADESH, India",AWARDED,4.0,0,0,OPEN_TENDER,NOIDA INDUSTRIAL DEVELOPMENT AUTH,UTTAR_PRADESH,https://etender.up.nic.in/
UTT-UT-2021-01051,REF-UTT-UT-2021-01051,UP STATE HIGHWAY AUTHORITY,UTTAR PRADESH State Government,UTTAR PRADESH,Central District,"UTTAR PRADESH, India",Information Technology & Software,Procurement of information technology & software for UP STATE HIGHWAY AUTHORITY,Official public tender for supply of information technology & software under standard UTTAR PRADESH state procurement guidelines.,2020-03-26 00:00:00,2020-03-30 00:00:00,2020-03-31 00:00:00,2020-04-14,88916243.4,78246294.19,INR,3,PNC INFRATECH LIMITED,ENT-SUP-4B3E89D111,PNC INFRATECH LIMITED,"UTTAR PRADESH, India",AWARDED,4.0,1,0,OPEN_TENDER,UP STATE HIGHWAY AUTHORITY,UTTAR_PRADESH,https://etender.up.nic.in/
UTT-UT-2021-01052,REF-UTT-UT-2021-01052,UTTAR PRADESH JAL NIGAM,UTTAR PRADESH State Government,UTTAR PRADESH,Central District,"UTTAR PRADESH, India",Consultancy & Facility Management,Procurement of consultancy & facility management for UTTAR PRADESH JAL NIGAM,Official public tender for supply of consultancy & facility management under standard UTTAR PRADESH state procurement guidelines.,2021-03-07 00:00:00,2021-04-06 00:00:00,2021-04-07 00:00:00,2021-04-21,948651.68,834813.47,INR,2,TATA PROJECTS LIMITED,ENT-SUP-861D6E7011,TATA PROJECTS LIMITED,"UTTAR PRADESH, India",AWARDED,30.0,2,0,OPEN_TENDER,UTTAR PRADESH JAL NIGAM,UTTAR_PRADESH,https://etender.up.nic.in/
UTT-UT-2021-01053,REF-UTT-UT-2021-01053,UTTAR PRADESH JAL NIGAM,UTTAR PRADESH State Government,UTTAR PRADESH,Central District,"UTTAR PRADESH, India",Medical Equipment & Consumables,Procurement of medical equipment & consumables for UTTAR PRADESH JAL NIGAM,Official public tender for supply of medical equipment & consumables under standard UTTAR PRADESH state procurement guidelines.,2020-05-02 00:00:00,2020-05-16 00:00:00,2020-05-17 00:00:00,2020-05-31,118430313.01,159880922.57,INR,1,PNC INFRATECH LIMITED,ENT-SUP-4B3E89D111,PNC INFRATECH LIMITED,"UTTAR PRADESH, India",AWARDED,14.0,0,0,OPEN_TENDER,UTTAR PRADESH JAL NIGAM,UTTAR_PRADESH,https://etender.up.nic.in/
UTT-UT-2021-01054,REF-UTT-UT-2021-01054,UTTAR PRADESH JAL NIGAM,UTTAR PRADESH State Government,UTTAR PRADESH,Central District,"UTTAR PRADESH, India",Electrical & Mechanical,Procurement of electrical & mechanical for UTTAR PRADESH JAL NIGAM,Official public tender for supply of electrical & mechanical under standard UTTAR PRADESH state procurement guidelines.,2020-06-24 00:00:00,2020-06-30 00:00:00,2020-07-01 00:00:00,2020-07-15,21214259.79,24396398.76,INR,1,SHREE BALAJI ENTERPRISE,ENT-SUP-CA68E614E4,SHREE BALAJI ENTERPRISE,"UTTAR PRADESH, India",AWARDED,6.0,1,0,OPEN_TENDER,UTTAR PRADESH JAL NIGAM,UTTAR_PRADESH,https://etender.up.nic.in/
UTT-UT-2021-01055,REF-UTT-UT-2021-01055,NOIDA INDUSTRIAL DEVELOPMENT AUTH,UTTAR PRADESH State Government,UTTAR PRADESH,Central District,"UTTAR PRADESH, India",Consultancy & Facility Management,Procurement of consultancy & facility management for NOIDA INDUSTRIAL DEVELOPMENT AUTH,Official public tender for supply of consultancy & facility management under standard UTTAR PRADESH state procurement guidelines.,2019-03-15 00:00:00,2019-03-19 00:00:00,2019-03-20 00:00:00,2019-04-03,89598232.96,120957614.49,INR,3,LARSEN AND TOUBRO CONSTRUCTION,ENT-SUP-6C6BEB7D6E,LARSEN AND TOUBRO CONSTRUCTION,"UTTAR PRADESH, India",AWARDED,4.0,0,0,OPEN_TENDER,NOIDA INDUSTRIAL DEVELOPMENT AUTH,UTTAR_PRADESH,https://etender.up.nic.in/
UTT-UT-2021-01056,REF-UTT-UT-2021-01056,UP STATE HIGHWAY AUTHORITY,UTTAR PRADESH State Government,UTTAR PRADESH,Central District,"UTTAR PRADESH, India",Consultancy & Facility Management,Procurement of consultancy & facility management for UP STATE HIGHWAY AUTHORITY,Official public tender for supply of consultancy & facility management under standard UTTAR PRADESH state procurement guidelines.,2021-09-25 00:00:00,2021-10-16 00:00:00,2021-10-17 00:00:00,2021-10-31,4937266.25,5036011.57,INR,3,TATA PROJECTS LIMITED,ENT-SUP-861D6E7011,TATA PROJECTS LIMITED,"UTTAR PRADESH, India",AWARDED,21.0,0,0,OPEN_TENDER,UP STATE HIGHWAY AUTHORITY,UTTAR_PRADESH,https://etender.up.nic.in/
UTT-UT-2021-01057,REF-UTT-UT-2021-01057,UP STATE HIGHWAY AUTHORITY,UTTAR PRADESH State Government,UTTAR PRADESH,Central District,"UTTAR PRADESH, India",Medical Equipment & Consumables,Procurement of medical equipment & consumables for UP STATE HIGHWAY AUTHORITY,Official public tender for supply of medical equipment & consumables under standard UTTAR PRADESH state procurement guidelines.,2020-07-27 00:00:00,2020-08-26 00:00:00,2020-08-27 00:00:00,2020-09-10,212725877.71,202089583.83,INR,3,TATA PROJECTS LIMITED,ENT-SUP-861D6E7011,TATA PROJECTS LIMITED,"UTTAR PRADESH, India",AWARDED,30.0,0,0,OPEN_TENDER,UP STATE HIGHWAY AUTHORITY,UTTAR_PRADESH,https://etender.up.nic.in/
UTT-UT-2021-01058,REF-UTT-UT-2021-01058,UTTAR PRADESH PUBLIC WORKS DEPARTMENT,UTTAR PRADESH State Government,UTTAR PRADESH,Central District,"UTTAR PRADESH, India",Consultancy & Facility Management,Procurement of consultancy & facility management for UTTAR PRADESH PUBLIC WORKS DEPARTMENT,Official public tender for supply of consultancy & facility management under standard UTTAR PRADESH state procurement guidelines.,2020-09-28 00:00:00,2020-10-12 00:00:00,2020-10-13 00:00:00,2020-10-27,85497018.57,92336780.06,INR,4,AHLUWALIA CONTRACTS INDIA LIMITED,ENT-SUP-28AFE50D95,AHLUWALIA CONTRACTS INDIA LIMITED,"UTTAR PRADESH, India",AWARDED,14.0,0,0,OPEN_TENDER,UTTAR PRADESH PUBLIC WORKS DEPARTMENT,UTTAR_PRADESH,https://etender.up.nic.in/
UTT-UT-2021-01059,REF-UTT-UT-2021-01059,NOIDA INDUSTRIAL DEVELOPMENT AUTH,UTTAR PRADESH State Government,UTTAR PRADESH,Central District,"UTTAR PRADESH, India",Information Technology & Software,Procurement of information technology & software for NOIDA INDUSTRIAL DEVELOPMENT AUTH,Official public tender for supply of information technology & software under standard UTTAR PRADESH state procurement guidelines.,2019-07-01 00:00:00,2019-07-05 00:00:00,2019-07-06 00:00:00,2019-07-20,4976029.29,4727227.83,INR,4,SHARMA ENGINEERING WORKS,ENT-SUP-9473B0CC3C,SHARMA ENGINEERING WORKS,"UTTAR PRADESH, India",AWARDED,4.0,0,0,OPEN_TENDER,NOIDA INDUSTRIAL DEVELOPMENT AUTH,UTTAR_PRADESH,https://etender.up.nic.in/
UTT-UT-2021-01060,REF-UTT-UT-2021-01060,UTTAR PRADESH JAL NIGAM,UTTAR PRADESH State Government,UTTAR PRADESH,Central District,"UTTAR PRADESH, India",Medical Equipment & Consumables,Procurement of medical equipment & consumables for UTTAR PRADESH JAL NIGAM,Official public tender for supply of medical equipment & consumables under standard UTTAR PRADESH state procurement guidelines.,2021-10-08 00:00:00,2021-10-22 00:00:00,2021-10-23 00:00:00,2021-11-06,4968898.71,4720453.77,INR,3,BHARAT DIAGNOSTIC SYSTEMS,ENT-SUP-C6B6FCD7BC,BHARAT DIAGNOSTIC SYSTEMS,"UTTAR PRADESH, India",AWARDED,14.0,0,0,OPEN_TENDER,UTTAR PRADESH JAL NIGAM,UTTAR_PRADESH,https://etender.up.nic.in/
UTT-UT-2021-01061,REF-UTT-UT-2021-01061,UTTAR PRADESH JAL NIGAM,UTTAR PRADESH State Government,UTTAR PRADESH,Central District,"UTTAR PRADESH, India",Electrical & Mechanical,Procurement of electrical & mechanical for UTTAR PRADESH JAL NIGAM,Official public tender for supply of electrical & mechanical under standard UTTAR PRADESH state procurement guidelines.,2021-09-12 00:00:00,2021-09-18 00:00:00,2021-09-19 00:00:00,2021-10-03,9572909.51,12923427.84,INR,2,SHREE BALAJI ENTERPRISE,ENT-SUP-CA68E614E4,SHREE BALAJI ENTERPRISE,"UTTAR PRADESH, India",AWARDED,6.0,0,0,OPEN_TENDER,UTTAR PRADESH JAL NIGAM,UTTAR_PRADESH,https://etender.up.nic.in/
UTT-UT-2021-01062,REF-UTT-UT-2021-01062,UP STATE HIGHWAY AUTHORITY,UTTAR PRADESH State Government,UTTAR PRADESH,Central District,"UTTAR PRADESH, India",Information Technology & Software,Procurement of information technology & software for UP STATE HIGHWAY AUTHORITY,Official public tender for supply of information technology & software under standard UTTAR PRADESH state procurement guidelines.,2020-08-31 00:00:00,2020-09-14 00:00:00,2020-09-15 00:00:00,2020-09-29,24802835.6,21826495.33,INR,2,NCC LIMITED INFRASTRUCTURE,ENT-SUP-0DFD916C8B,NCC LIMITED INFRASTRUCTURE,"UTTAR PRADESH, India",AWARDED,14.0,2,0,OPEN_TENDER,UP STATE HIGHWAY AUTHORITY,UTTAR_PRADESH,https://etender.up.nic.in/
UTT-UT-2021-01063,REF-UTT-UT-2021-01063,UP STATE HIGHWAY AUTHORITY,UTTAR PRADESH State Government,UTTAR PRADESH,Central District,"UTTAR PRADESH, India",Electrical & Mechanical,Procurement of electrical & mechanical for UP STATE HIGHWAY AUTHORITY,Official public tender for supply of electrical & mechanical under standard UTTAR PRADESH state procurement guidelines.,2019-01-24 00:00:00,2019-02-23 00:00:00,2019-02-24 00:00:00,2019-03-10,3086788.18,2716373.6,INR,5,AFCONS INFRASTRUCTURE LIMITED,ENT-SUP-AC3B9A87E5,AFCONS INFRASTRUCTURE LIMITED,"UTTAR PRADESH, India",AWARDED,30.0,0,0,OPEN_TENDER,UP STATE HIGHWAY AUTHORITY,UTTAR_PRADESH,https://etender.up.nic.in/
UTT-UT-2021-01064,REF-UTT-UT-2021-01064,UTTAR PRADESH PUBLIC WORKS DEPARTMENT,UTTAR PRADESH State Government,UTTAR PRADESH,Central District,"UTTAR PRADESH, India",Electrical & Mechanical,Procurement of electrical & mechanical for UTTAR PRADESH PUBLIC WORKS DEPARTMENT,Official public tender for supply of electrical & mechanical under standard UTTAR PRADESH state procurement guidelines.,2020-10-09 00:00:00,2020-10-13 00:00:00,2020-10-14 00:00:00,2020-10-28,4980925.99,5379400.06,INR,5,GUPTA AND SONS CONTRACTOR,ENT-SUP-7A3AE215B9,GUPTA AND SONS CONTRACTOR,"UTTAR PRADESH, India",AWARDED,4.0,2,0,OPEN_TENDER,UTTAR PRADESH PUBLIC WORKS DEPARTMENT,UTTAR_PRADESH,https://etender.up.nic.in/
UTT-UT-2021-01065,REF-UTT-UT-2021-01065,UTTAR PRADESH PUBLIC WORKS DEPARTMENT,UTTAR PRADESH State Government,UTTAR PRADESH,Central District,"UTTAR PRADESH, India",Civil Works & Infrastructure,Procurement of civil works & infrastructure for UTTAR PRADESH PUBLIC WORKS DEPARTMENT,Official public tender for supply of civil works & infrastructure under standard UTTAR PRADESH state procurement guidelines.,2021-08-16 00:00:00,2021-08-22 00:00:00,2021-08-23 00:00:00,2021-09-06,4059407.43,4384160.03,INR,2,ZENITH INFRASTRUCTURE PROJECTS,ENT-SUP-4F350A4CA1,ZENITH INFRASTRUCTURE PROJECTS,"UTTAR PRADESH, India",AWARDED,6.0,0,0,OPEN_TENDER,UTTAR PRADESH PUBLIC WORKS DEPARTMENT,UTTAR_PRADESH,https://etender.up.nic.in/
UTT-UT-2021-01066,REF-UTT-UT-2021-01066,UTTAR PRADESH JAL NIGAM,UTTAR PRADESH State Government,UTTAR PRADESH,Central District,"UTTAR PRADESH, India",Information Technology & Software,Procurement of information technology & software for UTTAR PRADESH JAL NIGAM,Official public tender for supply of information technology & software under standard UTTAR PRADESH state procurement guidelines.,2021-02-22 00:00:00,2021-02-28 00:00:00,2021-03-01 00:00:00,2021-03-15,4908867.78,5007045.13,INR,1,GUPTA AND SONS CONTRACTOR,ENT-SUP-7A3AE215B9,GUPTA AND SONS CONTRACTOR,"UTTAR PRADESH, India",AWARDED,6.0,1,0,OPEN_TENDER,UTTAR PRADESH JAL NIGAM,UTTAR_PRADESH,https://etender.up.nic.in/
UTT-UT-2021-01067,REF-UTT-UT-2021-01067,NOIDA INDUSTRIAL DEVELOPMENT AUTH,UTTAR PRADESH State Government,UTTAR PRADESH,Central District,"UTTAR PRADESH, India",Civil Works & Infrastructure,Procurement of civil works & infrastructure for NOIDA INDUSTRIAL DEVELOPMENT AUTH,Official public tender for supply of civil works & infrastructure under standard UTTAR PRADESH state procurement guidelines.,2020-07-08 00:00:00,2020-07-29 00:00:00,2020-07-30 00:00:00,2020-08-13,4969261.86,5714651.14,INR,1,VANGUARD POWER SERVICES,ENT-SUP-FBE5090586,VANGUARD POWER SERVICES,"UTTAR PRADESH, India",AWARDED,21.0,0,0,OPEN_TENDER,NOIDA INDUSTRIAL DEVELOPMENT AUTH,UTTAR_PRADESH,https://etender.up.nic.in/
UTT-UT-2021-01068,REF-UTT-UT-2021-01068,MEDICAL HEALTH FAMILY WELFARE LUCKNOW,UTTAR PRADESH State Government,UTTAR PRADESH,Central District,"UTTAR PRADESH, India",Medical Equipment & Consumables,Procurement of medical equipment & consumables for MEDICAL HEALTH FAMILY WELFARE LUCKNOW,Official public tender for supply of medical equipment & consumables under standard UTTAR PRADESH state procurement guidelines.,2020-05-31 00:00:00,2020-06-30 00:00:00,2020-07-01 00:00:00,2020-07-15,4987654.62,5386666.99,INR,1,VANGUARD POWER SERVICES,ENT-SUP-FBE5090586,VANGUARD POWER SERVICES,"UTTAR PRADESH, India",AWARDED,30.0,0,0,OPEN_TENDER,MEDICAL HEALTH FAMILY WELFARE LUCKNOW,UTTAR_PRADESH,https://etender.up.nic.in/
UTT-UT-2021-01069,REF-UTT-UT-2021-01069,MEDICAL HEALTH FAMILY WELFARE LUCKNOW,UTTAR PRADESH State Government,UTTAR PRADESH,Central District,"UTTAR PRADESH, India",Consultancy & Facility Management,Procurement of consultancy & facility management for MEDICAL HEALTH FAMILY WELFARE LUCKNOW,Official public tender for supply of consultancy & facility management under standard UTTAR PRADESH state procurement guidelines.,2020-08-27 00:00:00,2020-09-17 00:00:00,2020-09-18 00:00:00,2020-10-02,4984534.78,5383297.56,INR,1,PNC INFRATECH LIMITED,ENT-SUP-4B3E89D111,PNC INFRATECH LIMITED,"UTTAR PRADESH, India",AWARDED,21.0,2,0,OPEN_TENDER,MEDICAL HEALTH FAMILY WELFARE LUCKNOW,UTTAR_PRADESH,https://etender.up.nic.in/
UTT-UT-2021-01070,REF-UTT-UT-2021-01070,UTTAR PRADESH JAL NIGAM,UTTAR PRADESH State Government,UTTAR PRADESH,Central District,"UTTAR PRADESH, India",Electrical & Mechanical,Procurement of electrical & mechanical for UTTAR PRADESH JAL NIGAM,Official public tender for supply of electrical & mechanical under standard UTTAR PRADESH state procurement guidelines.,2019-12-22 00:00:00,2019-12-26 00:00:00,2019-12-27 00:00:00,2020-01-10,256939159.33,244092201.37,INR,3,KNR CONSTRUCTION,ENT-SUP-6A86A67807,KNR CONSTRUCTION,"UTTAR PRADESH, India",AWARDED,4.0,0,0,OPEN_TENDER,UTTAR PRADESH JAL NIGAM,UTTAR_PRADESH,https://etender.up.nic.in/
UTT-UT-2021-01071,REF-UTT-UT-2021-01071,UTTAR PRADESH PUBLIC WORKS DEPARTMENT,UTTAR PRADESH State Government,UTTAR PRADESH,Central District,"UTTAR PRADESH, India",Electrical & Mechanical,Procurement of electrical & mechanical for UTTAR PRADESH PUBLIC WORKS DEPARTMENT,Official public tender for supply of electrical & mechanical under standard UTTAR PRADESH state procurement guidelines.,2019-03-21 00:00:00,2019-03-25 00:00:00,2019-03-26 00:00:00,2019-04-09,21941617.53,29621183.67,INR,1,ZENITH INFRASTRUCTURE PROJECTS,ENT-SUP-4F350A4CA1,ZENITH INFRASTRUCTURE PROJECTS,"UTTAR PRADESH, India",AWARDED,4.0,0,0,OPEN_TENDER,UTTAR PRADESH PUBLIC WORKS DEPARTMENT,UTTAR_PRADESH,https://etender.up.nic.in/
UTT-UT-2021-01072,REF-UTT-UT-2021-01072,MEDICAL HEALTH FAMILY WELFARE LUCKNOW,UTTAR PRADESH State Government,UTTAR PRADESH,Central District,"UTTAR PRADESH, India",Medical Equipment & Consumables,Procurement of medical equipment & consumables for MEDICAL HEALTH FAMILY WELFARE LUCKNOW,Official public tender for supply of medical equipment & consumables under standard UTTAR PRADESH state procurement guidelines.,2021-02-13 00:00:00,2021-02-19 00:00:00,2021-02-20 00:00:00,2021-03-06,1123653.55,1516932.29,INR,4,KNR CONSTRUCTION,ENT-SUP-6A86A67807,KNR CONSTRUCTION,"UTTAR PRADESH, India",AWARDED,6.0,1,0,OPEN_TENDER,MEDICAL HEALTH FAMILY WELFARE LUCKNOW,UTTAR_PRADESH,https://etender.up.nic.in/
UTT-UT-2021-01073,REF-UTT-UT-2021-01073,UP STATE HIGHWAY AUTHORITY,UTTAR PRADESH State Government,UTTAR PRADESH,Central District,"UTTAR PRADESH, India",Consultancy & Facility Management,Procurement of consultancy & facility management for UP STATE HIGHWAY AUTHORITY,Official public tender for supply of consultancy & facility management under standard UTTAR PRADESH state procurement guidelines.,2021-07-06 00:00:00,2021-07-12 00:00:00,2021-07-13 00:00:00,2021-07-27,128476890.16,147748423.68,INR,1,SHARMA ENGINEERING WORKS,ENT-SUP-9473B0CC3C,SHARMA ENGINEERING WORKS,"UTTAR PRADESH, India",AWARDED,6.0,1,0,OPEN_TENDER,UP STATE HIGHWAY AUTHORITY,UTTAR_PRADESH,https://etender.up.nic.in/
UTT-UT-2021-01074,REF-UTT-UT-2021-01074,NOIDA INDUSTRIAL DEVELOPMENT AUTH,UTTAR PRADESH State Government,UTTAR PRADESH,Central District,"UTTAR PRADESH, India",Medical Equipment & Consumables,Procurement of medical equipment & consumables for NOIDA INDUSTRIAL DEVELOPMENT AUTH,Official public tender for supply of medical equipment & consumables under standard UTTAR PRADESH state procurement guidelines.,2019-10-15 00:00:00,2019-11-05 00:00:00,2019-11-06 00:00:00,2019-11-20,214673684.45,188912842.32,INR,1,LARSEN AND TOUBRO CONSTRUCTION,ENT-SUP-6C6BEB7D6E,LARSEN AND TOUBRO CONSTRUCTION,"UTTAR PRADESH, India",AWARDED,21.0,1,0,OPEN_TENDER,NOIDA INDUSTRIAL DEVELOPMENT AUTH,UTTAR_PRADESH,https://etender.up.nic.in/
UTT-UT-2021-01075,REF-UTT-UT-2021-01075,UP STATE HIGHWAY AUTHORITY,UTTAR PRADESH State Government,UTTAR PRADESH,Central District,"UTTAR PRADESH, India",Civil Works & Infrastructure,Procurement of civil works & infrastructure for UP STATE HIGHWAY AUTHORITY,Official public tender for supply of civil works & infrastructure under standard UTTAR PRADESH state procurement guidelines.,2019-07-18 00:00:00,2019-08-17 00:00:00,2019-08-18 00:00:00,2019-09-01,141579704.0,191132600.41,INR,4,VANGUARD POWER SERVICES,ENT-SUP-FBE5090586,VANGUARD POWER SERVICES,"UTTAR PRADESH, India",AWARDED,30.0,0,0,OPEN_TENDER,UP STATE HIGHWAY AUTHORITY,UTTAR_PRADESH,https://etender.up.nic.in/
UTT-UT-2021-01076,REF-UTT-UT-2021-01076,UTTAR PRADESH JAL NIGAM,UTTAR PRADESH State Government,UTTAR PRADESH,Central District,"UTTAR PRADESH, India",Medical Equipment & Consumables,Procurement of medical equipment & consumables for UTTAR PRADESH JAL NIGAM,Official public tender for supply of medical equipment & consumables under standard UTTAR PRADESH state procurement guidelines.,2021-04-23 00:00:00,2021-05-14 00:00:00,2021-05-15 00:00:00,2021-05-29,17192731.64,15129603.84,INR,1,DILIP BUILDCON LIMITED,ENT-SUP-55226FC7C8,DILIP BUILDCON LIMITED,"UTTAR PRADESH, India",AWARDED,21.0,1,0,OPEN_TENDER,UTTAR PRADESH JAL NIGAM,UTTAR_PRADESH,https://etender.up.nic.in/
UTT-UT-2021-01077,REF-UTT-UT-2021-01077,UTTAR PRADESH PUBLIC WORKS DEPARTMENT,UTTAR PRADESH State Government,UTTAR PRADESH,Central District,"UTTAR PRADESH, India",Medical Equipment & Consumables,Procurement of medical equipment & consumables for UTTAR PRADESH PUBLIC WORKS DEPARTMENT,Official public tender for supply of medical equipment & consumables under standard UTTAR PRADESH state procurement guidelines.,2019-10-15 00:00:00,2019-11-05 00:00:00,2019-11-06 00:00:00,2019-11-20,4974972.39,6716212.73,INR,1,BHARAT DIAGNOSTIC SYSTEMS,ENT-SUP-C6B6FCD7BC,BHARAT DIAGNOSTIC SYSTEMS,"UTTAR PRADESH, India",AWARDED,21.0,1,0,OPEN_TENDER,UTTAR PRADESH PUBLIC WORKS DEPARTMENT,UTTAR_PRADESH,https://etender.up.nic.in/
UTT-UT-2021-01078,REF-UTT-UT-2021-01078,UTTAR PRADESH PUBLIC WORKS DEPARTMENT,UTTAR PRADESH State Government,UTTAR PRADESH,Central District,"UTTAR PRADESH, India",Information Technology & Software,Procurement of information technology & software for UTTAR PRADESH PUBLIC WORKS DEPARTMENT,Official public tender for supply of information technology & software under standard UTTAR PRADESH state procurement guidelines.,2020-08-07 00:00:00,2020-08-13 00:00:00,2020-08-14 00:00:00,2020-08-28,3040214.32,4104289.34,INR,8,BHARAT DIAGNOSTIC SYSTEMS,ENT-SUP-C6B6FCD7BC,BHARAT DIAGNOSTIC SYSTEMS,"UTTAR PRADESH, India",AWARDED,6.0,1,0,OPEN_TENDER,UTTAR PRADESH PUBLIC WORKS DEPARTMENT,UTTAR_PRADESH,https://etender.up.nic.in/
UTT-UT-2021-01079,REF-UTT-UT-2021-01079,UTTAR PRADESH JAL NIGAM,UTTAR PRADESH State Government,UTTAR PRADESH,Central District,"UTTAR PRADESH, India",Civil Works & Infrastructure,Procurement of civil works & infrastructure for UTTAR PRADESH JAL NIGAM,Official public tender for supply of civil works & infrastructure under standard UTTAR PRADESH state procurement guidelines.,2021-01-31 00:00:00,2021-02-21 00:00:00,2021-02-22 00:00:00,2021-03-08,13986764.51,13287426.29,INR,5,DILIP BUILDCON LIMITED,ENT-SUP-55226FC7C8,DILIP BUILDCON LIMITED,"UTTAR PRADESH, India",AWARDED,21.0,2,0,OPEN_TENDER,UTTAR PRADESH JAL NIGAM,UTTAR_PRADESH,https://etender.up.nic.in/
UTT-UT-2021-01080,REF-UTT-UT-2021-01080,UTTAR PRADESH JAL NIGAM,UTTAR PRADESH State Government,UTTAR PRADESH,Central District,"UTTAR PRADESH, India",Electrical & Mechanical,Procurement of electrical & mechanical for UTTAR PRADESH JAL NIGAM,Official public tender for supply of electrical & mechanical under standard UTTAR PRADESH state procurement guidelines.,2020-06-05 00:00:00,2020-07-05 00:00:00,2020-07-06 00:00:00,2020-07-20,317957326.08,324316472.61,INR,4,NCC LIMITED INFRASTRUCTURE,ENT-SUP-0DFD916C8B,NCC LIMITED INFRASTRUCTURE,"UTTAR PRADESH, India",AWARDED,30.0,0,0,OPEN_TENDER,UTTAR PRADESH JAL NIGAM,UTTAR_PRADESH,https://etender.up.nic.in/
UTT-UT-2021-01081,REF-UTT-UT-2021-01081,UTTAR PRADESH JAL NIGAM,UTTAR PRADESH State Government,UTTAR PRADESH,Central District,"UTTAR PRADESH, India",Information Technology & Software,Procurement of information technology & software for UTTAR PRADESH JAL NIGAM,Official public tender for supply of information technology & software under standard UTTAR PRADESH state procurement guidelines.,2020-11-04 00:00:00,2020-11-08 00:00:00,2020-11-09 00:00:00,2020-11-23,18856377.57,21684834.2,INR,2,APEX MEDITECH SOLUTIONS,ENT-SUP-A750489DC1,APEX MEDITECH SOLUTIONS,"UTTAR PRADESH, India",AWARDED,4.0,0,0,OPEN_TENDER,UTTAR PRADESH JAL NIGAM,UTTAR_PRADESH,https://etender.up.nic.in/
UTT-UT-2021-01082,REF-UTT-UT-2021-01082,NOIDA INDUSTRIAL DEVELOPMENT AUTH,UTTAR PRADESH State Government,UTTAR PRADESH,Central District,"UTTAR PRADESH, India",Civil Works & Infrastructure,Procurement of civil works & infrastructure for NOIDA INDUSTRIAL DEVELOPMENT AUTH,Official public tender for supply of civil works & infrastructure under standard UTTAR PRADESH state procurement guidelines.,2020-02-04 00:00:00,2020-02-08 00:00:00,2020-02-09 00:00:00,2020-02-23,2244854.91,3030554.13,INR,3,APEX MEDITECH SOLUTIONS,ENT-SUP-A750489DC1,APEX MEDITECH SOLUTIONS,"UTTAR PRADESH, India",AWARDED,4.0,0,0,OPEN_TENDER,NOIDA INDUSTRIAL DEVELOPMENT AUTH,UTTAR_PRADESH,https://etender.up.nic.in/
UTT-UT-2021-01083,REF-UTT-UT-2021-01083,UTTAR PRADESH JAL NIGAM,UTTAR PRADESH State Government,UTTAR PRADESH,Central District,"UTTAR PRADESH, India",Information Technology & Software,Procurement of information technology & software for UTTAR PRADESH JAL NIGAM,Official public tender for supply of information technology & software under standard UTTAR PRADESH state procurement guidelines.,2019-07-31 00:00:00,2019-08-30 00:00:00,2019-08-31 00:00:00,2019-09-14,4906713.88,4661378.19,INR,4,KNR CONSTRUCTION,ENT-SUP-6A86A67807,KNR CONSTRUCTION,"UTTAR PRADESH, India",AWARDED,30.0,1,0,OPEN_TENDER,UTTAR PRADESH JAL NIGAM,UTTAR_PRADESH,https://etender.up.nic.in/
UTT-UT-2021-01084,REF-UTT-UT-2021-01084,NOIDA INDUSTRIAL DEVELOPMENT AUTH,UTTAR PRADESH State Government,UTTAR PRADESH,Central District,"UTTAR PRADESH, India",Civil Works & Infrastructure,Procurement of civil works & infrastructure for NOIDA INDUSTRIAL DEVELOPMENT AUTH,Official public tender for supply of civil works & infrastructure under standard UTTAR PRADESH state procurement guidelines.,2019-05-18 00:00:00,2019-05-22 00:00:00,2019-05-23 00:00:00,2019-06-06,4930801.39,4684261.32,INR,1,SHARMA ENGINEERING WORKS,ENT-SUP-9473B0CC3C,SHARMA ENGINEERING WORKS,"UTTAR PRADESH, India",AWARDED,4.0,1,0,OPEN_TENDER,NOIDA INDUSTRIAL DEVELOPMENT AUTH,UTTAR_PRADESH,https://etender.up.nic.in/
UTT-UT-2021-01085,REF-UTT-UT-2021-01085,NOIDA INDUSTRIAL DEVELOPMENT AUTH,UTTAR PRADESH State Government,UTTAR PRADESH,Central District,"UTTAR PRADESH, India",Electrical & Mechanical,Procurement of electrical & mechanical for NOIDA INDUSTRIAL DEVELOPMENT AUTH,Official public tender for supply of electrical & mechanical under standard UTTAR PRADESH state procurement guidelines.,2020-02-15 00:00:00,2020-02-19 00:00:00,2020-02-20 00:00:00,2020-03-05,231504990.37,312531737.0,INR,2,VANGUARD POWER SERVICES,ENT-SUP-FBE5090586,VANGUARD POWER SERVICES,"UTTAR PRADESH, India",AWARDED,4.0,0,0,OPEN_TENDER,NOIDA INDUSTRIAL DEVELOPMENT AUTH,UTTAR_PRADESH,https://etender.up.nic.in/
UTT-UT-2021-01086,REF-UTT-UT-2021-01086,UTTAR PRADESH JAL NIGAM,UTTAR PRADESH State Government,UTTAR PRADESH,Central District,"UTTAR PRADESH, India",Information Technology & Software,Procurement of information technology & software for UTTAR PRADESH JAL NIGAM,Official public tender for supply of information technology & software under standard UTTAR PRADESH state procurement guidelines.,2019-11-20 00:00:00,2019-12-04 00:00:00,2019-12-05 00:00:00,2019-12-19,8642563.94,7605456.27,INR,5,APEX MEDITECH SOLUTIONS,ENT-SUP-A750489DC1,APEX MEDITECH SOLUTIONS,"UTTAR PRADESH, India",AWARDED,14.0,0,0,OPEN_TENDER,UTTAR PRADESH JAL NIGAM,UTTAR_PRADESH,https://etender.up.nic.in/
UTT-UT-2021-01087,REF-UTT-UT-2021-01087,MEDICAL HEALTH FAMILY WELFARE LUCKNOW,UTTAR PRADESH State Government,UTTAR PRADESH,Central District,"UTTAR PRADESH, India",Civil Works & Infrastructure,Procurement of civil works & infrastructure for MEDICAL HEALTH FAMILY WELFARE LUCKNOW,Official public tender for supply of civil works & infrastructure under standard UTTAR PRADESH state procurement guidelines.,2020-09-05 00:00:00,2020-10-05 00:00:00,2020-10-06 00:00:00,2020-10-20,99398359.17,107350227.9,INR,2,GUPTA AND SONS CONTRACTOR,ENT-SUP-7A3AE215B9,GUPTA AND SONS CONTRACTOR,"UTTAR PRADESH, India",AWARDED,30.0,2,0,OPEN_TENDER,MEDICAL HEALTH FAMILY WELFARE LUCKNOW,UTTAR_PRADESH,https://etender.up.nic.in/
UTT-UT-2021-01088,REF-UTT-UT-2021-01088,UTTAR PRADESH PUBLIC WORKS DEPARTMENT,UTTAR PRADESH State Government,UTTAR PRADESH,Central District,"UTTAR PRADESH, India",Consultancy & Facility Management,Procurement of consultancy & facility management for UTTAR PRADESH PUBLIC WORKS DEPARTMENT,Official public tender for supply of consultancy & facility management under standard UTTAR PRADESH state procurement guidelines.,2019-11-02 00:00:00,2019-11-08 00:00:00,2019-11-09 00:00:00,2019-11-23,9341532.57,10088855.17,INR,3,BHARAT DIAGNOSTIC SYSTEMS,ENT-SUP-C6B6FCD7BC,BHARAT DIAGNOSTIC SYSTEMS,"UTTAR PRADESH, India",AWARDED,6.0,0,0,OPEN_TENDER,UTTAR PRADESH PUBLIC WORKS DEPARTMENT,UTTAR_PRADESH,https://etender.up.nic.in/
UTT-UT-2021-01089,REF-UTT-UT-2021-01089,UTTAR PRADESH PUBLIC WORKS DEPARTMENT,UTTAR PRADESH State Government,UTTAR PRADESH,Central District,"UTTAR PRADESH, India",Information Technology & Software,Procurement of information technology & software for UTTAR PRADESH PUBLIC WORKS DEPARTMENT,Official public tender for supply of information technology & software under standard UTTAR PRADESH state procurement guidelines.,2020-07-12 00:00:00,2020-07-16 00:00:00,2020-07-17 00:00:00,2020-07-31,89131823.98,90914460.46,INR,4,APEX MEDITECH SOLUTIONS,ENT-SUP-A750489DC1,APEX MEDITECH SOLUTIONS,"UTTAR PRADESH, India",AWARDED,4.0,0,0,OPEN_TENDER,UTTAR PRADESH PUBLIC WORKS DEPARTMENT,UTTAR_PRADESH,https://etender.up.nic.in/
UTT-UT-2021-01090,REF-UTT-UT-2021-01090,MEDICAL HEALTH FAMILY WELFARE LUCKNOW,UTTAR PRADESH State Government,UTTAR PRADESH,Central District,"UTTAR PRADESH, India",Consultancy & Facility Management,Procurement of consultancy & facility management for MEDICAL HEALTH FAMILY WELFARE LUCKNOW,Official public tender for supply of consultancy & facility management under standard UTTAR PRADESH state procurement guidelines.,2019-11-25 00:00:00,2019-11-29 00:00:00,2019-11-30 00:00:00,2019-12-14,1745046.11,2355812.25,INR,1,SHARMA ENGINEERING WORKS,ENT-SUP-9473B0CC3C,SHARMA ENGINEERING WORKS,"UTTAR PRADESH, India",AWARDED,4.0,0,0,OPEN_TENDER,MEDICAL HEALTH FAMILY WELFARE LUCKNOW,UTTAR_PRADESH,https://etender.up.nic.in/
UTT-UT-2021-01091,REF-UTT-UT-2021-01091,UTTAR PRADESH PUBLIC WORKS DEPARTMENT,UTTAR PRADESH State Government,UTTAR PRADESH,Central District,"UTTAR PRADESH, India",Electrical & Mechanical,Procurement of electrical & mechanical for UTTAR PRADESH PUBLIC WORKS DEPARTMENT,Official public tender for supply of electrical & mechanical under standard UTTAR PRADESH state procurement guidelines.,2020-06-17 00:00:00,2020-07-01 00:00:00,2020-07-02 00:00:00,2020-07-16,9929198.43,10127782.4,INR,5,BHARAT DIAGNOSTIC SYSTEMS,ENT-SUP-C6B6FCD7BC,BHARAT DIAGNOSTIC SYSTEMS,"UTTAR PRADESH, India",AWARDED,14.0,0,0,OPEN_TENDER,UTTAR PRADESH PUBLIC WORKS DEPARTMENT,UTTAR_PRADESH,https://etender.up.nic.in/
UTT-UT-2021-01092,REF-UTT-UT-2021-01092,NOIDA INDUSTRIAL DEVELOPMENT AUTH,UTTAR PRADESH State Government,UTTAR PRADESH,Central District,"UTTAR PRADESH, India",Medical Equipment & Consumables,Procurement of medical equipment & consumables for NOIDA INDUSTRIAL DEVELOPMENT AUTH,Official public tender for supply of medical equipment & consumables under standard UTTAR PRADESH state procurement guidelines.,2020-04-29 00:00:00,2020-05-20 00:00:00,2020-05-21 00:00:00,2020-06-04,332571191.3,315942631.73,INR,2,SHREE BALAJI ENTERPRISE,ENT-SUP-CA68E614E4,SHREE BALAJI ENTERPRISE,"UTTAR PRADESH, India",AWARDED,21.0,0,0,OPEN_TENDER,NOIDA INDUSTRIAL DEVELOPMENT AUTH,UTTAR_PRADESH,https://etender.up.nic.in/
UTT-UT-2021-01093,REF-UTT-UT-2021-01093,MEDICAL HEALTH FAMILY WELFARE LUCKNOW,UTTAR PRADESH State Government,UTTAR PRADESH,Central District,"UTTAR PRADESH, India",Electrical & Mechanical,Procurement of electrical & mechanical for MEDICAL HEALTH FAMILY WELFARE LUCKNOW,Official public tender for supply of electrical & mechanical under standard UTTAR PRADESH state procurement guidelines.,2021-06-03 00:00:00,2021-06-24 00:00:00,2021-06-25 00:00:00,2021-07-09,4931508.05,4339727.08,INR,1,PNC INFRATECH LIMITED,ENT-SUP-4B3E89D111,PNC INFRATECH LIMITED,"UTTAR PRADESH, India",AWARDED,21.0,2,0,OPEN_TENDER,MEDICAL HEALTH FAMILY WELFARE LUCKNOW,UTTAR_PRADESH,https://etender.up.nic.in/
UTT-UT-2021-01094,REF-UTT-UT-2021-01094,NOIDA INDUSTRIAL DEVELOPMENT AUTH,UTTAR PRADESH State Government,UTTAR PRADESH,Central District,"UTTAR PRADESH, India",Consultancy & Facility Management,Procurement of consultancy & facility management for NOIDA INDUSTRIAL DEVELOPMENT AUTH,Official public tender for supply of consultancy & facility management under standard UTTAR PRADESH state procurement guidelines.,2021-07-02 00:00:00,2021-07-16 00:00:00,2021-07-17 00:00:00,2021-07-31,293536390.63,299407118.45,INR,1,VANGUARD POWER SERVICES,ENT-SUP-FBE5090586,VANGUARD POWER SERVICES,"UTTAR PRADESH, India",AWARDED,14.0,0,0,OPEN_TENDER,NOIDA INDUSTRIAL DEVELOPMENT AUTH,UTTAR_PRADESH,https://etender.up.nic.in/
UTT-UT-2021-01095,REF-UTT-UT-2021-01095,UP STATE HIGHWAY AUTHORITY,UTTAR PRADESH State Government,UTTAR PRADESH,Central District,"UTTAR PRADESH, India",Consultancy & Facility Management,Procurement of consultancy & facility management for UP STATE HIGHWAY AUTHORITY,Official public tender for supply of consultancy & facility management under standard UTTAR PRADESH state procurement guidelines.,2021-09-08 00:00:00,2021-10-08 00:00:00,2021-10-09 00:00:00,2021-10-23,193524774.34,222553490.49,INR,2,SHARMA ENGINEERING WORKS,ENT-SUP-9473B0CC3C,SHARMA ENGINEERING WORKS,"UTTAR PRADESH, India",AWARDED,30.0,0,0,OPEN_TENDER,UP STATE HIGHWAY AUTHORITY,UTTAR_PRADESH,https://etender.up.nic.in/
UTT-UT-2021-01096,REF-UTT-UT-2021-01096,MEDICAL HEALTH FAMILY WELFARE LUCKNOW,UTTAR PRADESH State Government,UTTAR PRADESH,Central District,"UTTAR PRADESH, India",Information Technology & Software,Procurement of information technology & software for MEDICAL HEALTH FAMILY WELFARE LUCKNOW,Official public tender for supply of information technology & software under standard UTTAR PRADESH state procurement guidelines.,2021-01-14 00:00:00,2021-01-28 00:00:00,2021-01-29 00:00:00,2021-02-12,2428936.22,2793276.65,INR,3,GUPTA AND SONS CONTRACTOR,ENT-SUP-7A3AE215B9,GUPTA AND SONS CONTRACTOR,"UTTAR PRADESH, India",AWARDED,14.0,0,0,OPEN_TENDER,MEDICAL HEALTH FAMILY WELFARE LUCKNOW,UTTAR_PRADESH,https://etender.up.nic.in/
UTT-UT-2021-01097,REF-UTT-UT-2021-01097,UTTAR PRADESH JAL NIGAM,UTTAR PRADESH State Government,UTTAR PRADESH,Central District,"UTTAR PRADESH, India",Medical Equipment & Consumables,Procurement of medical equipment & consumables for UTTAR PRADESH JAL NIGAM,Official public tender for supply of medical equipment & consumables under standard UTTAR PRADESH state procurement guidelines.,2020-02-03 00:00:00,2020-02-24 00:00:00,2020-02-25 00:00:00,2020-03-10,273109608.52,278571800.69,INR,5,SHREE BALAJI ENTERPRISE,ENT-SUP-CA68E614E4,SHREE BALAJI ENTERPRISE,"UTTAR PRADESH, India",AWARDED,21.0,1,0,OPEN_TENDER,UTTAR PRADESH JAL NIGAM,UTTAR_PRADESH,https://etender.up.nic.in/
UTT-UT-2021-01098,REF-UTT-UT-2021-01098,UTTAR PRADESH JAL NIGAM,UTTAR PRADESH State Government,UTTAR PRADESH,Central District,"UTTAR PRADESH, India",Information Technology & Software,Procurement of information technology & software for UTTAR PRADESH JAL NIGAM,Official public tender for supply of information technology & software under standard UTTAR PRADESH state procurement guidelines.,2019-01-15 00:00:00,2019-01-19 00:00:00,2019-01-20 00:00:00,2019-02-03,332569141.13,359174672.42,INR,1,ZENITH INFRASTRUCTURE PROJECTS,ENT-SUP-4F350A4CA1,ZENITH INFRASTRUCTURE PROJECTS,"UTTAR PRADESH, India",AWARDED,4.0,0,0,OPEN_TENDER,UTTAR PRADESH JAL NIGAM,UTTAR_PRADESH,https://etender.up.nic.in/
UTT-UT-2021-01099,REF-UTT-UT-2021-01099,UP STATE HIGHWAY AUTHORITY,UTTAR PRADESH State Government,UTTAR PRADESH,Central District,"UTTAR PRADESH, India",Electrical & Mechanical,Procurement of electrical & mechanical for UP STATE HIGHWAY AUTHORITY,Official public tender for supply of electrical & mechanical under standard UTTAR PRADESH state procurement guidelines.,2019-06-16 00:00:00,2019-07-07 00:00:00,2019-07-08 00:00:00,2019-07-22,4933612.09,5032284.33,INR,1,SHREE BALAJI ENTERPRISE,ENT-SUP-CA68E614E4,SHREE BALAJI ENTERPRISE,"UTTAR PRADESH, India",AWARDED,21.0,0,0,OPEN_TENDER,UP STATE HIGHWAY AUTHORITY,UTTAR_PRADESH,https://etender.up.nic.in/
UTT-UT-2021-01100,REF-UTT-UT-2021-01100,NOIDA INDUSTRIAL DEVELOPMENT AUTH,UTTAR PRADESH State Government,UTTAR PRADESH,Central District,"UTTAR PRADESH, India",Information Technology & Software,Procurement of information technology & software for NOIDA INDUSTRIAL DEVELOPMENT AUTH,Official public tender for supply of information technology & software under standard UTTAR PRADESH state procurement guidelines.,2021-02-19 00:00:00,2021-02-25 00:00:00,2021-02-26 00:00:00,2021-03-12,4987216.04,4388750.12,INR,1,LARSEN AND TOUBRO CONSTRUCTION,ENT-SUP-6C6BEB7D6E,LARSEN AND TOUBRO CONSTRUCTION,"UTTAR PRADESH, India",AWARDED,6.0,0,0,OPEN_TENDER,NOIDA INDUSTRIAL DEVELOPMENT AUTH,UTTAR_PRADESH,https://etender.up.nic.in/
UTT-UT-2021-01101,REF-UTT-UT-2021-01101,MEDICAL HEALTH FAMILY WELFARE LUCKNOW,UTTAR PRADESH State Government,UTTAR PRADESH,Central District,"UTTAR PRADESH, India",Civil Works & Infrastructure,Procurement of civil works & infrastructure for MEDICAL HEALTH FAMILY WELFARE LUCKNOW,Official public tender for supply of civil works & infrastructure under standard UTTAR PRADESH state procurement guidelines.,2019-08-08 00:00:00,2019-09-07 00:00:00,2019-09-08 00:00:00,2019-09-22,2300821.84,2185780.75,INR,8,LARSEN AND TOUBRO CONSTRUCTION,ENT-SUP-6C6BEB7D6E,LARSEN AND TOUBRO CONSTRUCTION,"UTTAR PRADESH, India",AWARDED,30.0,1,0,OPEN_TENDER,MEDICAL HEALTH FAMILY WELFARE LUCKNOW,UTTAR_PRADESH,https://etender.up.nic.in/
UTT-UT-2021-01102,REF-UTT-UT-2021-01102,NOIDA INDUSTRIAL DEVELOPMENT AUTH,UTTAR PRADESH State Government,UTTAR PRADESH,Central District,"UTTAR PRADESH, India",Civil Works & Infrastructure,Procurement of civil works & infrastructure for NOIDA INDUSTRIAL DEVELOPMENT AUTH,Official public tender for supply of civil works & infrastructure under standard UTTAR PRADESH state procurement guidelines.,2020-07-31 00:00:00,2020-08-06 00:00:00,2020-08-07 00:00:00,2020-08-21,95590748.89,129047510.99,INR,3,VANGUARD POWER SERVICES,ENT-SUP-FBE5090586,VANGUARD POWER SERVICES,"UTTAR PRADESH, India",AWARDED,6.0,0,0,OPEN_TENDER,NOIDA INDUSTRIAL DEVELOPMENT AUTH,UTTAR_PRADESH,https://etender.up.nic.in/
UTT-UT-2021-01103,REF-UTT-UT-2021-01103,UTTAR PRADESH PUBLIC WORKS DEPARTMENT,UTTAR PRADESH State Government,UTTAR PRADESH,Central District,"UTTAR PRADESH, India",Consultancy & Facility Management,Procurement of consultancy & facility management for UTTAR PRADESH PUBLIC WORKS DEPARTMENT,Official public tender for supply of consultancy & facility management under standard UTTAR PRADESH state procurement guidelines.,2020-04-25 00:00:00,2020-05-16 00:00:00,2020-05-17 00:00:00,2020-05-31,282496909.53,268372064.05,INR,3,LARSEN AND TOUBRO CONSTRUCTION,ENT-SUP-6C6BEB7D6E,LARSEN AND TOUBRO CONSTRUCTION,"UTTAR PRADESH, India",AWARDED,21.0,0,0,OPEN_TENDER,UTTAR PRADESH PUBLIC WORKS DEPARTMENT,UTTAR_PRADESH,https://etender.up.nic.in/
UTT-UT-2021-01104,REF-UTT-UT-2021-01104,UP STATE HIGHWAY AUTHORITY,UTTAR PRADESH State Government,UTTAR PRADESH,Central District,"UTTAR PRADESH, India",Electrical & Mechanical,Procurement of electrical & mechanical for UP STATE HIGHWAY AUTHORITY,Official public tender for supply of electrical & mechanical under standard UTTAR PRADESH state procurement guidelines.,2021-08-17 00:00:00,2021-09-16 00:00:00,2021-09-17 00:00:00,2021-10-01,12392767.99,16730236.79,INR,1,TATA PROJECTS LIMITED,ENT-SUP-861D6E7011,TATA PROJECTS LIMITED,"UTTAR PRADESH, India",AWARDED,30.0,0,0,OPEN_TENDER,UP STATE HIGHWAY AUTHORITY,UTTAR_PRADESH,https://etender.up.nic.in/
UTT-UT-2021-01105,REF-UTT-UT-2021-01105,UP STATE HIGHWAY AUTHORITY,UTTAR PRADESH State Government,UTTAR PRADESH,Central District,"UTTAR PRADESH, India",Consultancy & Facility Management,Procurement of consultancy & facility management for UP STATE HIGHWAY AUTHORITY,Official public tender for supply of consultancy & facility management under standard UTTAR PRADESH state procurement guidelines.,2019-08-26 00:00:00,2019-09-25 00:00:00,2019-09-26 00:00:00,2019-10-10,24787220.3,25282964.71,INR,2,NCC LIMITED INFRASTRUCTURE,ENT-SUP-0DFD916C8B,NCC LIMITED INFRASTRUCTURE,"UTTAR PRADESH, India",AWARDED,30.0,2,0,OPEN_TENDER,UP STATE HIGHWAY AUTHORITY,UTTAR_PRADESH,https://etender.up.nic.in/
UTT-UT-2021-01106,REF-UTT-UT-2021-01106,NOIDA INDUSTRIAL DEVELOPMENT AUTH,UTTAR PRADESH State Government,UTTAR PRADESH,Central District,"UTTAR PRADESH, India",Information Technology & Software,Procurement of information technology & software for NOIDA INDUSTRIAL DEVELOPMENT AUTH,Official public tender for supply of information technology & software under standard UTTAR PRADESH state procurement guidelines.,2021-10-09 00:00:00,2021-11-08 00:00:00,2021-11-09 00:00:00,2021-11-23,24615847.49,21661945.79,INR,3,DILIP BUILDCON LIMITED,ENT-SUP-55226FC7C8,DILIP BUILDCON LIMITED,"UTTAR PRADESH, India",AWARDED,30.0,0,0,OPEN_TENDER,NOIDA INDUSTRIAL DEVELOPMENT AUTH,UTTAR_PRADESH,https://etender.up.nic.in/
UTT-UT-2021-01107,REF-UTT-UT-2021-01107,UTTAR PRADESH PUBLIC WORKS DEPARTMENT,UTTAR PRADESH State Government,UTTAR PRADESH,Central District,"UTTAR PRADESH, India",Consultancy & Facility Management,Procurement of consultancy & facility management for UTTAR PRADESH PUBLIC WORKS DEPARTMENT,Official public tender for supply of consultancy & facility management under standard UTTAR PRADESH state procurement guidelines.,2021-02-13 00:00:00,2021-02-19 00:00:00,2021-02-20 00:00:00,2021-03-06,4985240.3,6730074.41,INR,3,BHARAT DIAGNOSTIC SYSTEMS,ENT-SUP-C6B6FCD7BC,BHARAT DIAGNOSTIC SYSTEMS,"UTTAR PRADESH, India",AWARDED,6.0,2,0,OPEN_TENDER,UTTAR PRADESH PUBLIC WORKS DEPARTMENT,UTTAR_PRADESH,https://etender.up.nic.in/
UTT-UT-2021-01108,REF-UTT-UT-2021-01108,UTTAR PRADESH PUBLIC WORKS DEPARTMENT,UTTAR PRADESH State Government,UTTAR PRADESH,Central District,"UTTAR PRADESH, India",Medical Equipment & Consumables,Procurement of medical equipment & consumables for UTTAR PRADESH PUBLIC WORKS DEPARTMENT,Official public tender for supply of medical equipment & consumables under standard UTTAR PRADESH state procurement guidelines.,2019-03-16 00:00:00,2019-03-30 00:00:00,2019-03-31 00:00:00,2019-04-14,3762186.43,3574077.11,INR,4,SHREE BALAJI ENTERPRISE,ENT-SUP-CA68E614E4,SHREE BALAJI ENTERPRISE,"UTTAR PRADESH, India",AWARDED,14.0,0,0,OPEN_TENDER,UTTAR PRADESH PUBLIC WORKS DEPARTMENT,UTTAR_PRADESH,https://etender.up.nic.in/
UTT-UT-2021-01109,REF-UTT-UT-2021-01109,NOIDA INDUSTRIAL DEVELOPMENT AUTH,UTTAR PRADESH State Government,UTTAR PRADESH,Central District,"UTTAR PRADESH, India",Electrical & Mechanical,Procurement of electrical & mechanical for NOIDA INDUSTRIAL DEVELOPMENT AUTH,Official public tender for supply of electrical & mechanical under standard UTTAR PRADESH state procurement guidelines.,2019-10-08 00:00:00,2019-11-07 00:00:00,2019-11-08 00:00:00,2019-11-22,84215338.33,85899645.1,INR,3,AFCONS INFRASTRUCTURE LIMITED,ENT-SUP-AC3B9A87E5,AFCONS INFRASTRUCTURE LIMITED,"UTTAR PRADESH, India",AWARDED,30.0,0,0,OPEN_TENDER,NOIDA INDUSTRIAL DEVELOPMENT AUTH,UTTAR_PRADESH,https://etender.up.nic.in/
UTT-UT-2021-01110,REF-UTT-UT-2021-01110,UTTAR PRADESH PUBLIC WORKS DEPARTMENT,UTTAR PRADESH State Government,UTTAR PRADESH,Central District,"UTTAR PRADESH, India",Consultancy & Facility Management,Procurement of consultancy & facility management for UTTAR PRADESH PUBLIC WORKS DEPARTMENT,Official public tender for supply of consultancy & facility management under standard UTTAR PRADESH state procurement guidelines.,2020-03-31 00:00:00,2020-04-14 00:00:00,2020-04-15 00:00:00,2020-04-29,21491913.3,20417317.64,INR,2,SHARMA ENGINEERING WORKS,ENT-SUP-9473B0CC3C,SHARMA ENGINEERING WORKS,"UTTAR PRADESH, India",AWARDED,14.0,0,0,OPEN_TENDER,UTTAR PRADESH PUBLIC WORKS DEPARTMENT,UTTAR_PRADESH,https://etender.up.nic.in/
UTT-UT-2021-01111,REF-UTT-UT-2021-01111,MEDICAL HEALTH FAMILY WELFARE LUCKNOW,UTTAR PRADESH State Government,UTTAR PRADESH,Central District,"UTTAR PRADESH, India",Electrical & Mechanical,Procurement of electrical & mechanical for MEDICAL HEALTH FAMILY WELFARE LUCKNOW,Official public tender for supply of electrical & mechanical under standard UTTAR PRADESH state procurement guidelines.,2021-09-24 00:00:00,2021-09-28 00:00:00,2021-09-29 00:00:00,2021-10-13,4119175.41,3913216.64,INR,3,KNR CONSTRUCTION,ENT-SUP-6A86A67807,KNR CONSTRUCTION,"UTTAR PRADESH, India",AWARDED,4.0,0,0,OPEN_TENDER,MEDICAL HEALTH FAMILY WELFARE LUCKNOW,UTTAR_PRADESH,https://etender.up.nic.in/
UTT-UT-2021-01112,REF-UTT-UT-2021-01112,UP STATE HIGHWAY AUTHORITY,UTTAR PRADESH State Government,UTTAR PRADESH,Central District,"UTTAR PRADESH, India",Consultancy & Facility Management,Procurement of consultancy & facility management for UP STATE HIGHWAY AUTHORITY,Official public tender for supply of consultancy & facility management under standard UTTAR PRADESH state procurement guidelines.,2020-09-25 00:00:00,2020-10-25 00:00:00,2020-10-26 00:00:00,2020-11-09,16238031.2,14289467.45,INR,1,GUPTA AND SONS CONTRACTOR,ENT-SUP-7A3AE215B9,GUPTA AND SONS CONTRACTOR,"UTTAR PRADESH, India",AWARDED,30.0,0,0,OPEN_TENDER,UP STATE HIGHWAY AUTHORITY,UTTAR_PRADESH,https://etender.up.nic.in/
UTT-UT-2021-01113,REF-UTT-UT-2021-01113,NOIDA INDUSTRIAL DEVELOPMENT AUTH,UTTAR PRADESH State Government,UTTAR PRADESH,Central District,"UTTAR PRADESH, India",Medical Equipment & Consumables,Procurement of medical equipment & consumables for NOIDA INDUSTRIAL DEVELOPMENT AUTH,Official public tender for supply of medical equipment & consumables under standard UTTAR PRADESH state procurement guidelines.,2019-08-20 00:00:00,2019-08-26 00:00:00,2019-08-27 00:00:00,2019-09-10,4981218.79,4383472.54,INR,2,APEX MEDITECH SOLUTIONS,ENT-SUP-A750489DC1,APEX MEDITECH SOLUTIONS,"UTTAR PRADESH, India",AWARDED,6.0,2,0,OPEN_TENDER,NOIDA INDUSTRIAL DEVELOPMENT AUTH,UTTAR_PRADESH,https://etender.up.nic.in/
UTT-UT-2021-01114,REF-UTT-UT-2021-01114,NOIDA INDUSTRIAL DEVELOPMENT AUTH,UTTAR PRADESH State Government,UTTAR PRADESH,Central District,"UTTAR PRADESH, India",Medical Equipment & Consumables,Procurement of medical equipment & consumables for NOIDA INDUSTRIAL DEVELOPMENT AUTH,Official public tender for supply of medical equipment & consumables under standard UTTAR PRADESH state procurement guidelines.,2019-11-25 00:00:00,2019-11-29 00:00:00,2019-11-30 00:00:00,2019-12-14,14305792.2,19312819.47,INR,8,KNR CONSTRUCTION,ENT-SUP-6A86A67807,KNR CONSTRUCTION,"UTTAR PRADESH, India",AWARDED,4.0,1,0,OPEN_TENDER,NOIDA INDUSTRIAL DEVELOPMENT AUTH,UTTAR_PRADESH,https://etender.up.nic.in/
UTT-UT-2021-01115,REF-UTT-UT-2021-01115,UTTAR PRADESH PUBLIC WORKS DEPARTMENT,UTTAR PRADESH State Government,UTTAR PRADESH,Central District,"UTTAR PRADESH, India",Civil Works & Infrastructure,Procurement of civil works & infrastructure for UTTAR PRADESH PUBLIC WORKS DEPARTMENT,Official public tender for supply of civil works & infrastructure under standard UTTAR PRADESH state procurement guidelines.,2020-07-04 00:00:00,2020-07-18 00:00:00,2020-07-19 00:00:00,2020-08-02,206338584.88,237289372.62,INR,2,KNR CONSTRUCTION,ENT-SUP-6A86A67807,KNR CONSTRUCTION,"UTTAR PRADESH, India",AWARDED,14.0,2,0,OPEN_TENDER,UTTAR PRADESH PUBLIC WORKS DEPARTMENT,UTTAR_PRADESH,https://etender.up.nic.in/
UTT-UT-2021-01116,REF-UTT-UT-2021-01116,NOIDA INDUSTRIAL DEVELOPMENT AUTH,UTTAR PRADESH State Government,UTTAR PRADESH,Central District,"UTTAR PRADESH, India",Information Technology & Software,Procurement of information technology & software for NOIDA INDUSTRIAL DEVELOPMENT AUTH,Official public tender for supply of information technology & software under standard UTTAR PRADESH state procurement guidelines.,2021-07-13 00:00:00,2021-08-12 00:00:00,2021-08-13 00:00:00,2021-08-27,4951769.59,4704181.11,INR,5,DILIP BUILDCON LIMITED,ENT-SUP-55226FC7C8,DILIP BUILDCON LIMITED,"UTTAR PRADESH, India",AWARDED,30.0,2,0,OPEN_TENDER,NOIDA INDUSTRIAL DEVELOPMENT AUTH,UTTAR_PRADESH,https://etender.up.nic.in/
UTT-UT-2021-01117,REF-UTT-UT-2021-01117,UP STATE HIGHWAY AUTHORITY,UTTAR PRADESH State Government,UTTAR PRADESH,Central District,"UTTAR PRADESH, India",Medical Equipment & Consumables,Procurement of medical equipment & consumables for UP STATE HIGHWAY AUTHORITY,Official public tender for supply of medical equipment & consumables under standard UTTAR PRADESH state procurement guidelines.,2019-02-06 00:00:00,2019-03-08 00:00:00,2019-03-09 00:00:00,2019-03-23,13894911.61,15979148.35,INR,2,SHARMA ENGINEERING WORKS,ENT-SUP-9473B0CC3C,SHARMA ENGINEERING WORKS,"UTTAR PRADESH, India",AWARDED,30.0,0,0,OPEN_TENDER,UP STATE HIGHWAY AUTHORITY,UTTAR_PRADESH,https://etender.up.nic.in/
UTT-UT-2021-01118,REF-UTT-UT-2021-01118,MEDICAL HEALTH FAMILY WELFARE LUCKNOW,UTTAR PRADESH State Government,UTTAR PRADESH,Central District,"UTTAR PRADESH, India",Medical Equipment & Consumables,Procurement of medical equipment & consumables for MEDICAL HEALTH FAMILY WELFARE LUCKNOW,Official public tender for supply of medical equipment & consumables under standard UTTAR PRADESH state procurement guidelines.,2020-04-01 00:00:00,2020-04-05 00:00:00,2020-04-06 00:00:00,2020-04-20,21990387.8,20890868.41,INR,1,GUPTA AND SONS CONTRACTOR,ENT-SUP-7A3AE215B9,GUPTA AND SONS CONTRACTOR,"UTTAR PRADESH, India",AWARDED,4.0,2,0,OPEN_TENDER,MEDICAL HEALTH FAMILY WELFARE LUCKNOW,UTTAR_PRADESH,https://etender.up.nic.in/
UTT-UT-2021-01119,REF-UTT-UT-2021-01119,UP STATE HIGHWAY AUTHORITY,UTTAR PRADESH State Government,UTTAR PRADESH,Central District,"UTTAR PRADESH, India",Civil Works & Infrastructure,Procurement of civil works & infrastructure for UP STATE HIGHWAY AUTHORITY,Official public tender for supply of civil works & infrastructure under standard UTTAR PRADESH state procurement guidelines.,2021-09-25 00:00:00,2021-10-16 00:00:00,2021-10-17 00:00:00,2021-10-31,2162532.84,2054406.2,INR,3,LARSEN AND TOUBRO CONSTRUCTION,ENT-SUP-6C6BEB7D6E,LARSEN AND TOUBRO CONSTRUCTION,"UTTAR PRADESH, India",AWARDED,21.0,0,0,OPEN_TENDER,UP STATE HIGHWAY AUTHORITY,UTTAR_PRADESH,https://etender.up.nic.in/
UTT-UT-2021-01120,REF-UTT-UT-2021-01120,UTTAR PRADESH JAL NIGAM,UTTAR PRADESH State Government,UTTAR PRADESH,Central District,"UTTAR PRADESH, India",Civil Works & Infrastructure,Procurement of civil works & infrastructure for UTTAR PRADESH JAL NIGAM,Official public tender for supply of civil works & infrastructure under standard UTTAR PRADESH state procurement guidelines.,2019-10-05 00:00:00,2019-10-26 00:00:00,2019-10-27 00:00:00,2019-11-10,22275128.31,21161371.9,INR,3,LARSEN AND TOUBRO CONSTRUCTION,ENT-SUP-6C6BEB7D6E,LARSEN AND TOUBRO CONSTRUCTION,"UTTAR PRADESH, India",AWARDED,21.0,0,0,OPEN_TENDER,UTTAR PRADESH JAL NIGAM,UTTAR_PRADESH,https://etender.up.nic.in/
UTT-UT-2021-01121,REF-UTT-UT-2021-01121,UTTAR PRADESH PUBLIC WORKS DEPARTMENT,UTTAR PRADESH State Government,UTTAR PRADESH,Central District,"UTTAR PRADESH, India",Medical Equipment & Consumables,Procurement of medical equipment & consumables for UTTAR PRADESH PUBLIC WORKS DEPARTMENT,Official public tender for supply of medical equipment & consumables under standard UTTAR PRADESH state procurement guidelines.,2020-01-23 00:00:00,2020-01-27 00:00:00,2020-01-28 00:00:00,2020-02-11,300075527.22,306077037.76,INR,3,VANGUARD POWER SERVICES,ENT-SUP-FBE5090586,VANGUARD POWER SERVICES,"UTTAR PRADESH, India",AWARDED,4.0,1,0,OPEN_TENDER,UTTAR PRADESH PUBLIC WORKS DEPARTMENT,UTTAR_PRADESH,https://etender.up.nic.in/
UTT-UT-2021-01122,REF-UTT-UT-2021-01122,UP STATE HIGHWAY AUTHORITY,UTTAR PRADESH State Government,UTTAR PRADESH,Central District,"UTTAR PRADESH, India",Civil Works & Infrastructure,Procurement of civil works & infrastructure for UP STATE HIGHWAY AUTHORITY,Official public tender for supply of civil works & infrastructure under standard UTTAR PRADESH state procurement guidelines.,2020-04-11 00:00:00,2020-04-15 00:00:00,2020-04-16 00:00:00,2020-04-30,4929347.32,5668749.42,INR,2,PNC INFRATECH LIMITED,ENT-SUP-4B3E89D111,PNC INFRATECH LIMITED,"UTTAR PRADESH, India",AWARDED,4.0,0,0,OPEN_TENDER,UP STATE HIGHWAY AUTHORITY,UTTAR_PRADESH,https://etender.up.nic.in/
UTT-UT-2021-01123,REF-UTT-UT-2021-01123,UTTAR PRADESH JAL NIGAM,UTTAR PRADESH State Government,UTTAR PRADESH,Central District,"UTTAR PRADESH, India",Civil Works & Infrastructure,Procurement of civil works & infrastructure for UTTAR PRADESH JAL NIGAM,Official public tender for supply of civil works & infrastructure under standard UTTAR PRADESH state procurement guidelines.,2020-10-21 00:00:00,2020-11-11 00:00:00,2020-11-12 00:00:00,2020-11-26,2469251.51,2518636.54,INR,5,TATA PROJECTS LIMITED,ENT-SUP-861D6E7011,TATA PROJECTS LIMITED,"UTTAR PRADESH, India",AWARDED,21.0,0,0,OPEN_TENDER,UTTAR PRADESH JAL NIGAM,UTTAR_PRADESH,https://etender.up.nic.in/
UTT-UT-2021-01124,REF-UTT-UT-2021-01124,NOIDA INDUSTRIAL DEVELOPMENT AUTH,UTTAR PRADESH State Government,UTTAR PRADESH,Central District,"UTTAR PRADESH, India",Information Technology & Software,Procurement of information technology & software for NOIDA INDUSTRIAL DEVELOPMENT AUTH,Official public tender for supply of information technology & software under standard UTTAR PRADESH state procurement guidelines.,2020-10-15 00:00:00,2020-11-05 00:00:00,2020-11-06 00:00:00,2020-11-20,3645554.03,4921497.94,INR,3,SHARMA ENGINEERING WORKS,ENT-SUP-9473B0CC3C,SHARMA ENGINEERING WORKS,"UTTAR PRADESH, India",AWARDED,21.0,1,0,OPEN_TENDER,NOIDA INDUSTRIAL DEVELOPMENT AUTH,UTTAR_PRADESH,https://etender.up.nic.in/
UTT-UT-2021-01125,REF-UTT-UT-2021-01125,UTTAR PRADESH JAL NIGAM,UTTAR PRADESH State Government,UTTAR PRADESH,Central District,"UTTAR PRADESH, India",Medical Equipment & Consumables,Procurement of medical equipment & consumables for UTTAR PRADESH JAL NIGAM,Official public tender for supply of medical equipment & consumables under standard UTTAR PRADESH state procurement guidelines.,2020-10-18 00:00:00,2020-10-22 00:00:00,2020-10-23 00:00:00,2020-11-06,9779634.08,13202506.0,INR,4,APEX MEDITECH SOLUTIONS,ENT-SUP-A750489DC1,APEX MEDITECH SOLUTIONS,"UTTAR PRADESH, India",AWARDED,4.0,0,0,OPEN_TENDER,UTTAR PRADESH JAL NIGAM,UTTAR_PRADESH,https://etender.up.nic.in/
UTT-UT-2021-01126,REF-UTT-UT-2021-01126,MEDICAL HEALTH FAMILY WELFARE LUCKNOW,UTTAR PRADESH State Government,UTTAR PRADESH,Central District,"UTTAR PRADESH, India",Consultancy & Facility Management,Procurement of consultancy & facility management for MEDICAL HEALTH FAMILY WELFARE LUCKNOW,Official public tender for supply of consultancy & facility management under standard UTTAR PRADESH state procurement guidelines.,2020-10-01 00:00:00,2020-10-22 00:00:00,2020-10-23 00:00:00,2020-11-06,156181364.9,179608569.63,INR,3,BHARAT DIAGNOSTIC SYSTEMS,ENT-SUP-C6B6FCD7BC,BHARAT DIAGNOSTIC SYSTEMS,"UTTAR PRADESH, India",AWARDED,21.0,0,0,OPEN_TENDER,MEDICAL HEALTH FAMILY WELFARE LUCKNOW,UTTAR_PRADESH,https://etender.up.nic.in/
UTT-UT-2021-01127,REF-UTT-UT-2021-01127,UTTAR PRADESH JAL NIGAM,UTTAR PRADESH State Government,UTTAR PRADESH,Central District,"UTTAR PRADESH, India",Consultancy & Facility Management,Procurement of consultancy & facility management for UTTAR PRADESH JAL NIGAM,Official public tender for supply of consultancy & facility management under standard UTTAR PRADESH state procurement guidelines.,2019-12-26 00:00:00,2020-01-25 00:00:00,2020-01-26 00:00:00,2020-02-09,166306971.92,146350135.29,INR,2,KNR CONSTRUCTION,ENT-SUP-6A86A67807,KNR CONSTRUCTION,"UTTAR PRADESH, India",AWARDED,30.0,2,0,OPEN_TENDER,UTTAR PRADESH JAL NIGAM,UTTAR_PRADESH,https://etender.up.nic.in/
UTT-UT-2021-01128,REF-UTT-UT-2021-01128,MEDICAL HEALTH FAMILY WELFARE LUCKNOW,UTTAR PRADESH State Government,UTTAR PRADESH,Central District,"UTTAR PRADESH, India",Medical Equipment & Consumables,Procurement of medical equipment & consumables for MEDICAL HEALTH FAMILY WELFARE LUCKNOW,Official public tender for supply of medical equipment & consumables under standard UTTAR PRADESH state procurement guidelines.,2019-11-29 00:00:00,2019-12-03 00:00:00,2019-12-04 00:00:00,2019-12-18,95772165.15,129292422.95,INR,1,KNR CONSTRUCTION,ENT-SUP-6A86A67807,KNR CONSTRUCTION,"UTTAR PRADESH, India",AWARDED,4.0,1,0,OPEN_TENDER,MEDICAL HEALTH FAMILY WELFARE LUCKNOW,UTTAR_PRADESH,https://etender.up.nic.in/
UTT-UT-2021-01129,REF-UTT-UT-2021-01129,MEDICAL HEALTH FAMILY WELFARE LUCKNOW,UTTAR PRADESH State Government,UTTAR PRADESH,Central District,"UTTAR PRADESH, India",Consultancy & Facility Management,Procurement of consultancy & facility management for MEDICAL HEALTH FAMILY WELFARE LUCKNOW,Official public tender for supply of consultancy & facility management under standard UTTAR PRADESH state procurement guidelines.,2020-01-22 00:00:00,2020-02-21 00:00:00,2020-02-22 00:00:00,2020-03-07,3309965.05,3574762.25,INR,3,AFCONS INFRASTRUCTURE LIMITED,ENT-SUP-AC3B9A87E5,AFCONS INFRASTRUCTURE LIMITED,"UTTAR PRADESH, India",AWARDED,30.0,0,0,OPEN_TENDER,MEDICAL HEALTH FAMILY WELFARE LUCKNOW,UTTAR_PRADESH,https://etender.up.nic.in/
UTT-UT-2021-01130,REF-UTT-UT-2021-01130,MEDICAL HEALTH FAMILY WELFARE LUCKNOW,UTTAR PRADESH State Government,UTTAR PRADESH,Central District,"UTTAR PRADESH, India",Electrical & Mechanical,Procurement of electrical & mechanical for MEDICAL HEALTH FAMILY WELFARE LUCKNOW,Official public tender for supply of electrical & mechanical under standard UTTAR PRADESH state procurement guidelines.,2019-02-02 00:00:00,2019-02-16 00:00:00,2019-02-17 00:00:00,2019-03-03,190390615.61,257027331.07,INR,2,LARSEN AND TOUBRO CONSTRUCTION,ENT-SUP-6C6BEB7D6E,LARSEN AND TOUBRO CONSTRUCTION,"UTTAR PRADESH, India",AWARDED,14.0,0,0,OPEN_TENDER,MEDICAL HEALTH FAMILY WELFARE LUCKNOW,UTTAR_PRADESH,https://etender.up.nic.in/
UTT-UT-2021-01131,REF-UTT-UT-2021-01131,UTTAR PRADESH PUBLIC WORKS DEPARTMENT,UTTAR PRADESH State Government,UTTAR PRADESH,Central District,"UTTAR PRADESH, India",Medical Equipment & Consumables,Procurement of medical equipment & consumables for UTTAR PRADESH PUBLIC WORKS DEPARTMENT,Official public tender for supply of medical equipment & consumables under standard UTTAR PRADESH state procurement guidelines.,2019-12-22 00:00:00,2020-01-05 00:00:00,2020-01-06 00:00:00,2020-01-20,4997724.86,4397997.87,INR,1,LARSEN AND TOUBRO CONSTRUCTION,ENT-SUP-6C6BEB7D6E,LARSEN AND TOUBRO CONSTRUCTION,"UTTAR PRADESH, India",AWARDED,14.0,1,0,OPEN_TENDER,UTTAR PRADESH PUBLIC WORKS DEPARTMENT,UTTAR_PRADESH,https://etender.up.nic.in/
UTT-UT-2021-01132,REF-UTT-UT-2021-01132,UP STATE HIGHWAY AUTHORITY,UTTAR PRADESH State Government,UTTAR PRADESH,Central District,"UTTAR PRADESH, India",Information Technology & Software,Procurement of information technology & software for UP STATE HIGHWAY AUTHORITY,Official public tender for supply of information technology & software under standard UTTAR PRADESH state procurement guidelines.,2021-02-26 00:00:00,2021-03-04 00:00:00,2021-03-05 00:00:00,2021-03-19,290622432.14,296434880.79,INR,1,NCC LIMITED INFRASTRUCTURE,ENT-SUP-0DFD916C8B,NCC LIMITED INFRASTRUCTURE,"UTTAR PRADESH, India",AWARDED,6.0,0,0,OPEN_TENDER,UP STATE HIGHWAY AUTHORITY,UTTAR_PRADESH,https://etender.up.nic.in/
UTT-UT-2021-01133,REF-UTT-UT-2021-01133,UTTAR PRADESH JAL NIGAM,UTTAR PRADESH State Government,UTTAR PRADESH,Central District,"UTTAR PRADESH, India",Electrical & Mechanical,Procurement of electrical & mechanical for UTTAR PRADESH JAL NIGAM,Official public tender for supply of electrical & mechanical under standard UTTAR PRADESH state procurement guidelines.,2020-06-17 00:00:00,2020-07-17 00:00:00,2020-07-18 00:00:00,2020-08-01,4573176.13,4024394.99,INR,2,SHARMA ENGINEERING WORKS,ENT-SUP-9473B0CC3C,SHARMA ENGINEERING WORKS,"UTTAR PRADESH, India",AWARDED,30.0,1,0,OPEN_TENDER,UTTAR PRADESH JAL NIGAM,UTTAR_PRADESH,https://etender.up.nic.in/
UTT-UT-2021-01134,REF-UTT-UT-2021-01134,NOIDA INDUSTRIAL DEVELOPMENT AUTH,UTTAR PRADESH State Government,UTTAR PRADESH,Central District,"UTTAR PRADESH, India",Electrical & Mechanical,Procurement of electrical & mechanical for NOIDA INDUSTRIAL DEVELOPMENT AUTH,Official public tender for supply of electrical & mechanical under standard UTTAR PRADESH state procurement guidelines.,2019-01-19 00:00:00,2019-01-23 00:00:00,2019-01-24 00:00:00,2019-02-07,85204120.84,86908203.26,INR,1,LARSEN AND TOUBRO CONSTRUCTION,ENT-SUP-6C6BEB7D6E,LARSEN AND TOUBRO CONSTRUCTION,"UTTAR PRADESH, India",AWARDED,4.0,2,0,OPEN_TENDER,NOIDA INDUSTRIAL DEVELOPMENT AUTH,UTTAR_PRADESH,https://etender.up.nic.in/
UTT-UT-2021-01135,REF-UTT-UT-2021-01135,NOIDA INDUSTRIAL DEVELOPMENT AUTH,UTTAR PRADESH State Government,UTTAR PRADESH,Central District,"UTTAR PRADESH, India",Information Technology & Software,Procurement of information technology & software for NOIDA INDUSTRIAL DEVELOPMENT AUTH,Official public tender for supply of information technology & software under standard UTTAR PRADESH state procurement guidelines.,2019-08-26 00:00:00,2019-09-01 00:00:00,2019-09-02 00:00:00,2019-09-16,4997988.9,4748089.46,INR,1,AFCONS INFRASTRUCTURE LIMITED,ENT-SUP-AC3B9A87E5,AFCONS INFRASTRUCTURE LIMITED,"UTTAR PRADESH, India",AWARDED,6.0,0,0,OPEN_TENDER,NOIDA INDUSTRIAL DEVELOPMENT AUTH,UTTAR_PRADESH,https://etender.up.nic.in/
UTT-UT-2021-01136,REF-UTT-UT-2021-01136,UP STATE HIGHWAY AUTHORITY,UTTAR PRADESH State Government,UTTAR PRADESH,Central District,"UTTAR PRADESH, India",Civil Works & Infrastructure,Procurement of civil works & infrastructure for UP STATE HIGHWAY AUTHORITY,Official public tender for supply of civil works & infrastructure under standard UTTAR PRADESH state procurement guidelines.,2020-10-21 00:00:00,2020-10-25 00:00:00,2020-10-26 00:00:00,2020-11-09,2271152.76,2452844.98,INR,2,NCC LIMITED INFRASTRUCTURE,ENT-SUP-0DFD916C8B,NCC LIMITED INFRASTRUCTURE,"UTTAR PRADESH, India",AWARDED,4.0,2,0,OPEN_TENDER,UP STATE HIGHWAY AUTHORITY,UTTAR_PRADESH,https://etender.up.nic.in/
UTT-UT-2021-01137,REF-UTT-UT-2021-01137,UTTAR PRADESH JAL NIGAM,UTTAR PRADESH State Government,UTTAR PRADESH,Central District,"UTTAR PRADESH, India",Consultancy & Facility Management,Procurement of consultancy & facility management for UTTAR PRADESH JAL NIGAM,Official public tender for supply of consultancy & facility management under standard UTTAR PRADESH state procurement guidelines.,2019-03-22 00:00:00,2019-04-12 00:00:00,2019-04-13 00:00:00,2019-04-27,141464046.41,190976462.66,INR,3,VANGUARD POWER SERVICES,ENT-SUP-FBE5090586,VANGUARD POWER SERVICES,"UTTAR PRADESH, India",AWARDED,21.0,1,0,OPEN_TENDER,UTTAR PRADESH JAL NIGAM,UTTAR_PRADESH,https://etender.up.nic.in/
UTT-UT-2021-01138,REF-UTT-UT-2021-01138,MEDICAL HEALTH FAMILY WELFARE LUCKNOW,UTTAR PRADESH State Government,UTTAR PRADESH,Central District,"UTTAR PRADESH, India",Consultancy & Facility Management,Procurement of consultancy & facility management for MEDICAL HEALTH FAMILY WELFARE LUCKNOW,Official public tender for supply of consultancy & facility management under standard UTTAR PRADESH state procurement guidelines.,2019-02-19 00:00:00,2019-03-12 00:00:00,2019-03-13 00:00:00,2019-03-27,550997.11,743846.09,INR,2,TATA PROJECTS LIMITED,ENT-SUP-861D6E7011,TATA PROJECTS LIMITED,"UTTAR PRADESH, India",AWARDED,21.0,0,0,OPEN_TENDER,MEDICAL HEALTH FAMILY WELFARE LUCKNOW,UTTAR_PRADESH,https://etender.up.nic.in/
UTT-UT-2021-01139,REF-UTT-UT-2021-01139,NOIDA INDUSTRIAL DEVELOPMENT AUTH,UTTAR PRADESH State Government,UTTAR PRADESH,Central District,"UTTAR PRADESH, India",Consultancy & Facility Management,Procurement of consultancy & facility management for NOIDA INDUSTRIAL DEVELOPMENT AUTH,Official public tender for supply of consultancy & facility management under standard UTTAR PRADESH state procurement guidelines.,2019-03-04 00:00:00,2019-03-18 00:00:00,2019-03-19 00:00:00,2019-04-02,12285621.21,13268470.9,INR,1,SHREE BALAJI ENTERPRISE,ENT-SUP-CA68E614E4,SHREE BALAJI ENTERPRISE,"UTTAR PRADESH, India",AWARDED,14.0,0,0,OPEN_TENDER,NOIDA INDUSTRIAL DEVELOPMENT AUTH,UTTAR_PRADESH,https://etender.up.nic.in/
UTT-UT-2021-01140,REF-UTT-UT-2021-01140,NOIDA INDUSTRIAL DEVELOPMENT AUTH,UTTAR PRADESH State Government,UTTAR PRADESH,Central District,"UTTAR PRADESH, India",Electrical & Mechanical,Procurement of electrical & mechanical for NOIDA INDUSTRIAL DEVELOPMENT AUTH,Official public tender for supply of electrical & mechanical under standard UTTAR PRADESH state procurement guidelines.,2019-01-24 00:00:00,2019-02-07 00:00:00,2019-02-08 00:00:00,2019-02-22,18580309.89,25083418.35,INR,1,LARSEN AND TOUBRO CONSTRUCTION,ENT-SUP-6C6BEB7D6E,LARSEN AND TOUBRO CONSTRUCTION,"UTTAR PRADESH, India",AWARDED,14.0,0,0,OPEN_TENDER,NOIDA INDUSTRIAL DEVELOPMENT AUTH,UTTAR_PRADESH,https://etender.up.nic.in/
UTT-UT-2021-01141,REF-UTT-UT-2021-01141,NOIDA INDUSTRIAL DEVELOPMENT AUTH,UTTAR PRADESH State Government,UTTAR PRADESH,Central District,"UTTAR PRADESH, India",Consultancy & Facility Management,Procurement of consultancy & facility management for NOIDA INDUSTRIAL DEVELOPMENT AUTH,Official public tender for supply of consultancy & facility management under standard UTTAR PRADESH state procurement guidelines.,2020-05-04 00:00:00,2020-05-25 00:00:00,2020-05-26 00:00:00,2020-06-09,22879607.65,30887470.32,INR,4,LARSEN AND TOUBRO CONSTRUCTION,ENT-SUP-6C6BEB7D6E,LARSEN AND TOUBRO CONSTRUCTION,"UTTAR PRADESH, India",AWARDED,21.0,0,0,OPEN_TENDER,NOIDA INDUSTRIAL DEVELOPMENT AUTH,UTTAR_PRADESH,https://etender.up.nic.in/
UTT-UT-2021-01142,REF-UTT-UT-2021-01142,UTTAR PRADESH PUBLIC WORKS DEPARTMENT,UTTAR PRADESH State Government,UTTAR PRADESH,Central District,"UTTAR PRADESH, India",Consultancy & Facility Management,Procurement of consultancy & facility management for UTTAR PRADESH PUBLIC WORKS DEPARTMENT,Official public tender for supply of consultancy & facility management under standard UTTAR PRADESH state procurement guidelines.,2019-12-21 00:00:00,2020-01-04 00:00:00,2020-01-05 00:00:00,2020-01-19,15480718.09,17802825.8,INR,3,GUPTA AND SONS CONTRACTOR,ENT-SUP-7A3AE215B9,GUPTA AND SONS CONTRACTOR,"UTTAR PRADESH, India",AWARDED,14.0,0,0,OPEN_TENDER,UTTAR PRADESH PUBLIC WORKS DEPARTMENT,UTTAR_PRADESH,https://etender.up.nic.in/
UTT-UT-2021-01143,REF-UTT-UT-2021-01143,UP STATE HIGHWAY AUTHORITY,UTTAR PRADESH State Government,UTTAR PRADESH,Central District,"UTTAR PRADESH, India",Consultancy & Facility Management,Procurement of consultancy & facility management for UP STATE HIGHWAY AUTHORITY,Official public tender for supply of consultancy & facility management under standard UTTAR PRADESH state procurement guidelines.,2020-11-26 00:00:00,2020-12-02 00:00:00,2020-12-03 00:00:00,2020-12-17,107039402.88,115602555.11,INR,3,APEX MEDITECH SOLUTIONS,ENT-SUP-A750489DC1,APEX MEDITECH SOLUTIONS,"UTTAR PRADESH, India",AWARDED,6.0,1,0,OPEN_TENDER,UP STATE HIGHWAY AUTHORITY,UTTAR_PRADESH,https://etender.up.nic.in/
UTT-UT-2021-01144,REF-UTT-UT-2021-01144,NOIDA INDUSTRIAL DEVELOPMENT AUTH,UTTAR PRADESH State Government,UTTAR PRADESH,Central District,"UTTAR PRADESH, India",Electrical & Mechanical,Procurement of electrical & mechanical for NOIDA INDUSTRIAL DEVELOPMENT AUTH,Official public tender for supply of electrical & mechanical under standard UTTAR PRADESH state procurement guidelines.,2020-05-10 00:00:00,2020-06-09 00:00:00,2020-06-10 00:00:00,2020-06-24,4997614.6,5747256.79,INR,1,ZENITH INFRASTRUCTURE PROJECTS,ENT-SUP-4F350A4CA1,ZENITH INFRASTRUCTURE PROJECTS,"UTTAR PRADESH, India",AWARDED,30.0,0,0,OPEN_TENDER,NOIDA INDUSTRIAL DEVELOPMENT AUTH,UTTAR_PRADESH,https://etender.up.nic.in/
UTT-UT-2021-01145,REF-UTT-UT-2021-01145,UTTAR PRADESH PUBLIC WORKS DEPARTMENT,UTTAR PRADESH State Government,UTTAR PRADESH,Central District,"UTTAR PRADESH, India",Electrical & Mechanical,Procurement of electrical & mechanical for UTTAR PRADESH PUBLIC WORKS DEPARTMENT,Official public tender for supply of electrical & mechanical under standard UTTAR PRADESH state procurement guidelines.,2021-03-10 00:00:00,2021-03-16 00:00:00,2021-03-17 00:00:00,2021-03-31,19135095.73,16838884.24,INR,3,SHREE BALAJI ENTERPRISE,ENT-SUP-CA68E614E4,SHREE BALAJI ENTERPRISE,"UTTAR PRADESH, India",AWARDED,6.0,0,0,OPEN_TENDER,UTTAR PRADESH PUBLIC WORKS DEPARTMENT,UTTAR_PRADESH,https://etender.up.nic.in/
UTT-UT-2021-01146,REF-UTT-UT-2021-01146,UTTAR PRADESH PUBLIC WORKS DEPARTMENT,UTTAR PRADESH State Government,UTTAR PRADESH,Central District,"UTTAR PRADESH, India",Medical Equipment & Consumables,Procurement of medical equipment & consumables for UTTAR PRADESH PUBLIC WORKS DEPARTMENT,Official public tender for supply of medical equipment & consumables under standard UTTAR PRADESH state procurement guidelines.,2020-04-27 00:00:00,2020-05-27 00:00:00,2020-05-28 00:00:00,2020-06-11,1956271.6,1995397.03,INR,1,LARSEN AND TOUBRO CONSTRUCTION,ENT-SUP-6C6BEB7D6E,LARSEN AND TOUBRO CONSTRUCTION,"UTTAR PRADESH, India",AWARDED,30.0,1,0,OPEN_TENDER,UTTAR PRADESH PUBLIC WORKS DEPARTMENT,UTTAR_PRADESH,https://etender.up.nic.in/
UTT-UT-2021-01147,REF-UTT-UT-2021-01147,UTTAR PRADESH PUBLIC WORKS DEPARTMENT,UTTAR PRADESH State Government,UTTAR PRADESH,Central District,"UTTAR PRADESH, India",Medical Equipment & Consumables,Procurement of medical equipment & consumables for UTTAR PRADESH PUBLIC WORKS DEPARTMENT,Official public tender for supply of medical equipment & consumables under standard UTTAR PRADESH state procurement guidelines.,2019-11-06 00:00:00,2019-11-10 00:00:00,2019-11-11 00:00:00,2019-11-25,12132720.35,13952628.41,INR,2,ZENITH INFRASTRUCTURE PROJECTS,ENT-SUP-4F350A4CA1,ZENITH INFRASTRUCTURE PROJECTS,"UTTAR PRADESH, India",AWARDED,4.0,0,0,OPEN_TENDER,UTTAR PRADESH PUBLIC WORKS DEPARTMENT,UTTAR_PRADESH,https://etender.up.nic.in/
UTT-UT-2021-01148,REF-UTT-UT-2021-01148,UP STATE HIGHWAY AUTHORITY,UTTAR PRADESH State Government,UTTAR PRADESH,Central District,"UTTAR PRADESH, India",Electrical & Mechanical,Procurement of electrical & mechanical for UP STATE HIGHWAY AUTHORITY,Official public tender for supply of electrical & mechanical under standard UTTAR PRADESH state procurement guidelines.,2021-05-06 00:00:00,2021-05-12 00:00:00,2021-05-13 00:00:00,2021-05-27,4969660.39,4373301.15,INR,2,KNR CONSTRUCTION,ENT-SUP-6A86A67807,KNR CONSTRUCTION,"UTTAR PRADESH, India",AWARDED,6.0,1,0,OPEN_TENDER,UP STATE HIGHWAY AUTHORITY,UTTAR_PRADESH,https://etender.up.nic.in/
UTT-UT-2021-01149,REF-UTT-UT-2021-01149,NOIDA INDUSTRIAL DEVELOPMENT AUTH,UTTAR PRADESH State Government,UTTAR PRADESH,Central District,"UTTAR PRADESH, India",Consultancy & Facility Management,Procurement of consultancy & facility management for NOIDA INDUSTRIAL DEVELOPMENT AUTH,Official public tender for supply of consultancy & facility management under standard UTTAR PRADESH state procurement guidelines.,2021-10-06 00:00:00,2021-11-05 00:00:00,2021-11-06 00:00:00,2021-11-20,4973309.9,5371174.7,INR,5,SHREE BALAJI ENTERPRISE,ENT-SUP-CA68E614E4,SHREE BALAJI ENTERPRISE,"UTTAR PRADESH, India",AWARDED,30.0,1,0,OPEN_TENDER,NOIDA INDUSTRIAL DEVELOPMENT AUTH,UTTAR_PRADESH,https://etender.up.nic.in/
UTT-UT-2021-01150,REF-UTT-UT-2021-01150,UTTAR PRADESH JAL NIGAM,UTTAR PRADESH State Government,UTTAR PRADESH,Central District,"UTTAR PRADESH, India",Electrical & Mechanical,Procurement of electrical & mechanical for UTTAR PRADESH JAL NIGAM,Official public tender for supply of electrical & mechanical under standard UTTAR PRADESH state procurement guidelines.,2021-09-17 00:00:00,2021-10-08 00:00:00,2021-10-09 00:00:00,2021-10-23,4923167.6,5317021.01,INR,1,VANGUARD POWER SERVICES,ENT-SUP-FBE5090586,VANGUARD POWER SERVICES,"UTTAR PRADESH, India",AWARDED,21.0,0,0,OPEN_TENDER,UTTAR PRADESH JAL NIGAM,UTTAR_PRADESH,https://etender.up.nic.in/
UTT-UT-2021-01151,REF-UTT-UT-2021-01151,UP STATE HIGHWAY AUTHORITY,UTTAR PRADESH State Government,UTTAR PRADESH,Central District,"UTTAR PRADESH, India",Civil Works & Infrastructure,Procurement of civil works & infrastructure for UP STATE HIGHWAY AUTHORITY,Official public tender for supply of civil works & infrastructure under standard UTTAR PRADESH state procurement guidelines.,2021-04-13 00:00:00,2021-04-17 00:00:00,2021-04-18 00:00:00,2021-05-02,116923158.3,126277010.97,INR,4,ZENITH INFRASTRUCTURE PROJECTS,ENT-SUP-4F350A4CA1,ZENITH INFRASTRUCTURE PROJECTS,"UTTAR PRADESH, India",AWARDED,4.0,0,0,OPEN_TENDER,UP STATE HIGHWAY AUTHORITY,UTTAR_PRADESH,https://etender.up.nic.in/
UTT-UT-2021-01152,REF-UTT-UT-2021-01152,MEDICAL HEALTH FAMILY WELFARE LUCKNOW,UTTAR PRADESH State Government,UTTAR PRADESH,Central District,"UTTAR PRADESH, India",Medical Equipment & Consumables,Procurement of medical equipment & consumables for MEDICAL HEALTH FAMILY WELFARE LUCKNOW,Official public tender for supply of medical equipment & consumables under standard UTTAR PRADESH state procurement guidelines.,2019-06-25 00:00:00,2019-06-29 00:00:00,2019-06-30 00:00:00,2019-07-14,16754425.64,15916704.36,INR,3,DILIP BUILDCON LIMITED,ENT-SUP-55226FC7C8,DILIP BUILDCON LIMITED,"UTTAR PRADESH, India",AWARDED,4.0,0,0,OPEN_TENDER,MEDICAL HEALTH FAMILY WELFARE LUCKNOW,UTTAR_PRADESH,https://etender.up.nic.in/
UTT-UT-2021-01153,REF-UTT-UT-2021-01153,UTTAR PRADESH PUBLIC WORKS DEPARTMENT,UTTAR PRADESH State Government,UTTAR PRADESH,Central District,"UTTAR PRADESH, India",Medical Equipment & Consumables,Procurement of medical equipment & consumables for UTTAR PRADESH PUBLIC WORKS DEPARTMENT,Official public tender for supply of medical equipment & consumables under standard UTTAR PRADESH state procurement guidelines.,2021-01-21 00:00:00,2021-02-11 00:00:00,2021-02-12 00:00:00,2021-02-26,4218555.2,4556039.61,INR,3,NCC LIMITED INFRASTRUCTURE,ENT-SUP-0DFD916C8B,NCC LIMITED INFRASTRUCTURE,"UTTAR PRADESH, India",AWARDED,21.0,0,0,OPEN_TENDER,UTTAR PRADESH PUBLIC WORKS DEPARTMENT,UTTAR_PRADESH,https://etender.up.nic.in/
UTT-UT-2021-01154,REF-UTT-UT-2021-01154,MEDICAL HEALTH FAMILY WELFARE LUCKNOW,UTTAR PRADESH State Government,UTTAR PRADESH,Central District,"UTTAR PRADESH, India",Electrical & Mechanical,Procurement of electrical & mechanical for MEDICAL HEALTH FAMILY WELFARE LUCKNOW,Official public tender for supply of electrical & mechanical under standard UTTAR PRADESH state procurement guidelines.,2019-02-07 00:00:00,2019-02-11 00:00:00,2019-02-12 00:00:00,2019-02-26,13473140.64,11856363.76,INR,5,LARSEN AND TOUBRO CONSTRUCTION,ENT-SUP-6C6BEB7D6E,LARSEN AND TOUBRO CONSTRUCTION,"UTTAR PRADESH, India",AWARDED,4.0,0,0,OPEN_TENDER,MEDICAL HEALTH FAMILY WELFARE LUCKNOW,UTTAR_PRADESH,https://etender.up.nic.in/
UTT-UT-2021-01155,REF-UTT-UT-2021-01155,UTTAR PRADESH PUBLIC WORKS DEPARTMENT,UTTAR PRADESH State Government,UTTAR PRADESH,Central District,"UTTAR PRADESH, India",Consultancy & Facility Management,Procurement of consultancy & facility management for UTTAR PRADESH PUBLIC WORKS DEPARTMENT,Official public tender for supply of consultancy & facility management under standard UTTAR PRADESH state procurement guidelines.,2019-07-12 00:00:00,2019-08-11 00:00:00,2019-08-12 00:00:00,2019-08-26,20203331.73,23233831.49,INR,3,BHARAT DIAGNOSTIC SYSTEMS,ENT-SUP-C6B6FCD7BC,BHARAT DIAGNOSTIC SYSTEMS,"UTTAR PRADESH, India",AWARDED,30.0,0,0,OPEN_TENDER,UTTAR PRADESH PUBLIC WORKS DEPARTMENT,UTTAR_PRADESH,https://etender.up.nic.in/
UTT-UT-2021-01156,REF-UTT-UT-2021-01156,UTTAR PRADESH JAL NIGAM,UTTAR PRADESH State Government,UTTAR PRADESH,Central District,"UTTAR PRADESH, India",Medical Equipment & Consumables,Procurement of medical equipment & consumables for UTTAR PRADESH JAL NIGAM,Official public tender for supply of medical equipment & consumables under standard UTTAR PRADESH state procurement guidelines.,2019-11-28 00:00:00,2019-12-12 00:00:00,2019-12-13 00:00:00,2019-12-27,305740733.41,412749990.1,INR,4,VANGUARD POWER SERVICES,ENT-SUP-FBE5090586,VANGUARD POWER SERVICES,"UTTAR PRADESH, India",AWARDED,14.0,0,0,OPEN_TENDER,UTTAR PRADESH JAL NIGAM,UTTAR_PRADESH,https://etender.up.nic.in/
UTT-UT-2021-01157,REF-UTT-UT-2021-01157,UTTAR PRADESH PUBLIC WORKS DEPARTMENT,UTTAR PRADESH State Government,UTTAR PRADESH,Central District,"UTTAR PRADESH, India",Information Technology & Software,Procurement of information technology & software for UTTAR PRADESH PUBLIC WORKS DEPARTMENT,Official public tender for supply of information technology & software under standard UTTAR PRADESH state procurement guidelines.,2020-12-27 00:00:00,2020-12-31 00:00:00,2021-01-01 00:00:00,2021-01-15,1231817.71,1256454.06,INR,3,NCC LIMITED INFRASTRUCTURE,ENT-SUP-0DFD916C8B,NCC LIMITED INFRASTRUCTURE,"UTTAR PRADESH, India",AWARDED,4.0,0,0,OPEN_TENDER,UTTAR PRADESH PUBLIC WORKS DEPARTMENT,UTTAR_PRADESH,https://etender.up.nic.in/
UTT-UT-2021-01158,REF-UTT-UT-2021-01158,NOIDA INDUSTRIAL DEVELOPMENT AUTH,UTTAR PRADESH State Government,UTTAR PRADESH,Central District,"UTTAR PRADESH, India",Consultancy & Facility Management,Procurement of consultancy & facility management for NOIDA INDUSTRIAL DEVELOPMENT AUTH,Official public tender for supply of consultancy & facility management under standard UTTAR PRADESH state procurement guidelines.,2020-11-18 00:00:00,2020-12-09 00:00:00,2020-12-10 00:00:00,2020-12-24,4909892.83,5646376.75,INR,1,NCC LIMITED INFRASTRUCTURE,ENT-SUP-0DFD916C8B,NCC LIMITED INFRASTRUCTURE,"UTTAR PRADESH, India",AWARDED,21.0,0,0,OPEN_TENDER,NOIDA INDUSTRIAL DEVELOPMENT AUTH,UTTAR_PRADESH,https://etender.up.nic.in/
UTT-UT-2021-01159,REF-UTT-UT-2021-01159,UP STATE HIGHWAY AUTHORITY,UTTAR PRADESH State Government,UTTAR PRADESH,Central District,"UTTAR PRADESH, India",Consultancy & Facility Management,Procurement of consultancy & facility management for UP STATE HIGHWAY AUTHORITY,Official public tender for supply of consultancy & facility management under standard UTTAR PRADESH state procurement guidelines.,2021-05-08 00:00:00,2021-05-12 00:00:00,2021-05-13 00:00:00,2021-05-27,4989815.91,4391038.0,INR,1,GUPTA AND SONS CONTRACTOR,ENT-SUP-7A3AE215B9,GUPTA AND SONS CONTRACTOR,"UTTAR PRADESH, India",AWARDED,4.0,1,0,OPEN_TENDER,UP STATE HIGHWAY AUTHORITY,UTTAR_PRADESH,https://etender.up.nic.in/
UTT-UT-2021-01160,REF-UTT-UT-2021-01160,MEDICAL HEALTH FAMILY WELFARE LUCKNOW,UTTAR PRADESH State Government,UTTAR PRADESH,Central District,"UTTAR PRADESH, India",Civil Works & Infrastructure,Procurement of civil works & infrastructure for MEDICAL HEALTH FAMILY WELFARE LUCKNOW,Official public tender for supply of civil works & infrastructure under standard UTTAR PRADESH state procurement guidelines.,2019-11-26 00:00:00,2019-11-30 00:00:00,2019-12-01 00:00:00,2019-12-15,4908960.98,4663512.93,INR,1,VANGUARD POWER SERVICES,ENT-SUP-FBE5090586,VANGUARD POWER SERVICES,"UTTAR PRADESH, India",AWARDED,4.0,0,0,OPEN_TENDER,MEDICAL HEALTH FAMILY WELFARE LUCKNOW,UTTAR_PRADESH,https://etender.up.nic.in/
UTT-UT-2021-01161,REF-UTT-UT-2021-01161,UP STATE HIGHWAY AUTHORITY,UTTAR PRADESH State Government,UTTAR PRADESH,Central District,"UTTAR PRADESH, India",Consultancy & Facility Management,Procurement of consultancy & facility management for UP STATE HIGHWAY AUTHORITY,Official public tender for supply of consultancy & facility management under standard UTTAR PRADESH state procurement guidelines.,2019-10-21 00:00:00,2019-11-20 00:00:00,2019-11-21 00:00:00,2019-12-05,4950376.61,5346406.74,INR,2,AFCONS INFRASTRUCTURE LIMITED,ENT-SUP-AC3B9A87E5,AFCONS INFRASTRUCTURE LIMITED,"UTTAR PRADESH, India",AWARDED,30.0,1,0,OPEN_TENDER,UP STATE HIGHWAY AUTHORITY,UTTAR_PRADESH,https://etender.up.nic.in/
UTT-UT-2021-01162,REF-UTT-UT-2021-01162,UTTAR PRADESH JAL NIGAM,UTTAR PRADESH State Government,UTTAR PRADESH,Central District,"UTTAR PRADESH, India",Consultancy & Facility Management,Procurement of consultancy & facility management for UTTAR PRADESH JAL NIGAM,Official public tender for supply of consultancy & facility management under standard UTTAR PRADESH state procurement guidelines.,2021-07-19 00:00:00,2021-07-23 00:00:00,2021-07-24 00:00:00,2021-08-07,6792185.44,5977123.18,INR,1,SHARMA ENGINEERING WORKS,ENT-SUP-9473B0CC3C,SHARMA ENGINEERING WORKS,"UTTAR PRADESH, India",AWARDED,4.0,1,0,OPEN_TENDER,UTTAR PRADESH JAL NIGAM,UTTAR_PRADESH,https://etender.up.nic.in/
UTT-UT-2021-01163,REF-UTT-UT-2021-01163,UP STATE HIGHWAY AUTHORITY,UTTAR PRADESH State Government,UTTAR PRADESH,Central District,"UTTAR PRADESH, India",Information Technology & Software,Procurement of information technology & software for UP STATE HIGHWAY AUTHORITY,Official public tender for supply of information technology & software under standard UTTAR PRADESH state procurement guidelines.,2021-09-28 00:00:00,2021-10-04 00:00:00,2021-10-05 00:00:00,2021-10-19,3904157.65,4216490.26,INR,1,AHLUWALIA CONTRACTS INDIA LIMITED,ENT-SUP-28AFE50D95,AHLUWALIA CONTRACTS INDIA LIMITED,"UTTAR PRADESH, India",AWARDED,6.0,2,0,OPEN_TENDER,UP STATE HIGHWAY AUTHORITY,UTTAR_PRADESH,https://etender.up.nic.in/
UTT-UT-2021-01164,REF-UTT-UT-2021-01164,UP STATE HIGHWAY AUTHORITY,UTTAR PRADESH State Government,UTTAR PRADESH,Central District,"UTTAR PRADESH, India",Information Technology & Software,Procurement of information technology & software for UP STATE HIGHWAY AUTHORITY,Official public tender for supply of information technology & software under standard UTTAR PRADESH state procurement guidelines.,2020-12-30 00:00:00,2021-01-03 00:00:00,2021-01-04 00:00:00,2021-01-18,308909641.7,271840484.7,INR,3,DILIP BUILDCON LIMITED,ENT-SUP-55226FC7C8,DILIP BUILDCON LIMITED,"UTTAR PRADESH, India",AWARDED,4.0,0,0,OPEN_TENDER,UP STATE HIGHWAY AUTHORITY,UTTAR_PRADESH,https://etender.up.nic.in/
UTT-UT-2021-01165,REF-UTT-UT-2021-01165,NOIDA INDUSTRIAL DEVELOPMENT AUTH,UTTAR PRADESH State Government,UTTAR PRADESH,Central District,"UTTAR PRADESH, India",Medical Equipment & Consumables,Procurement of medical equipment & consumables for NOIDA INDUSTRIAL DEVELOPMENT AUTH,Official public tender for supply of medical equipment & consumables under standard UTTAR PRADESH state procurement guidelines.,2021-07-31 00:00:00,2021-08-06 00:00:00,2021-08-07 00:00:00,2021-08-21,17868219.13,16974808.17,INR,3,AHLUWALIA CONTRACTS INDIA LIMITED,ENT-SUP-28AFE50D95,AHLUWALIA CONTRACTS INDIA LIMITED,"UTTAR PRADESH, India",AWARDED,6.0,2,0,OPEN_TENDER,NOIDA INDUSTRIAL DEVELOPMENT AUTH,UTTAR_PRADESH,https://etender.up.nic.in/
UTT-UT-2021-01166,REF-UTT-UT-2021-01166,MEDICAL HEALTH FAMILY WELFARE LUCKNOW,UTTAR PRADESH State Government,UTTAR PRADESH,Central District,"UTTAR PRADESH, India",Consultancy & Facility Management,Procurement of consultancy & facility management for MEDICAL HEALTH FAMILY WELFARE LUCKNOW,Official public tender for supply of consultancy & facility management under standard UTTAR PRADESH state procurement guidelines.,2021-08-30 00:00:00,2021-09-03 00:00:00,2021-09-04 00:00:00,2021-09-18,20787205.63,18292740.95,INR,4,SHREE BALAJI ENTERPRISE,ENT-SUP-CA68E614E4,SHREE BALAJI ENTERPRISE,"UTTAR PRADESH, India",AWARDED,4.0,0,0,OPEN_TENDER,MEDICAL HEALTH FAMILY WELFARE LUCKNOW,UTTAR_PRADESH,https://etender.up.nic.in/
UTT-UT-2021-01167,REF-UTT-UT-2021-01167,NOIDA INDUSTRIAL DEVELOPMENT AUTH,UTTAR PRADESH State Government,UTTAR PRADESH,Central District,"UTTAR PRADESH, India",Civil Works & Infrastructure,Procurement of civil works & infrastructure for NOIDA INDUSTRIAL DEVELOPMENT AUTH,Official public tender for supply of civil works & infrastructure under standard UTTAR PRADESH state procurement guidelines.,2019-05-20 00:00:00,2019-06-03 00:00:00,2019-06-04 00:00:00,2019-06-18,3169334.65,3232721.34,INR,2,NCC LIMITED INFRASTRUCTURE,ENT-SUP-0DFD916C8B,NCC LIMITED INFRASTRUCTURE,"UTTAR PRADESH, India",AWARDED,14.0,0,0,OPEN_TENDER,NOIDA INDUSTRIAL DEVELOPMENT AUTH,UTTAR_PRADESH,https://etender.up.nic.in/
UTT-UT-2021-01168,REF-UTT-UT-2021-01168,MEDICAL HEALTH FAMILY WELFARE LUCKNOW,UTTAR PRADESH State Government,UTTAR PRADESH,Central District,"UTTAR PRADESH, India",Medical Equipment & Consumables,Procurement of medical equipment & consumables for MEDICAL HEALTH FAMILY WELFARE LUCKNOW,Official public tender for supply of medical equipment & consumables under standard UTTAR PRADESH state procurement guidelines.,2021-02-14 00:00:00,2021-02-18 00:00:00,2021-02-19 00:00:00,2021-03-05,327711885.24,376868668.02,INR,2,AFCONS INFRASTRUCTURE LIMITED,ENT-SUP-AC3B9A87E5,AFCONS INFRASTRUCTURE LIMITED,"UTTAR PRADESH, India",AWARDED,4.0,0,0,OPEN_TENDER,MEDICAL HEALTH FAMILY WELFARE LUCKNOW,UTTAR_PRADESH,https://etender.up.nic.in/
UTT-UT-2021-01169,REF-UTT-UT-2021-01169,UTTAR PRADESH PUBLIC WORKS DEPARTMENT,UTTAR PRADESH State Government,UTTAR PRADESH,Central District,"UTTAR PRADESH, India",Civil Works & Infrastructure,Procurement of civil works & infrastructure for UTTAR PRADESH PUBLIC WORKS DEPARTMENT,Official public tender for supply of civil works & infrastructure under standard UTTAR PRADESH state procurement guidelines.,2020-07-28 00:00:00,2020-08-01 00:00:00,2020-08-02 00:00:00,2020-08-16,75421734.46,71650647.74,INR,1,AHLUWALIA CONTRACTS INDIA LIMITED,ENT-SUP-28AFE50D95,AHLUWALIA CONTRACTS INDIA LIMITED,"UTTAR PRADESH, India",AWARDED,4.0,0,0,OPEN_TENDER,UTTAR PRADESH PUBLIC WORKS DEPARTMENT,UTTAR_PRADESH,https://etender.up.nic.in/
UTT-UT-2021-01170,REF-UTT-UT-2021-01170,UTTAR PRADESH PUBLIC WORKS DEPARTMENT,UTTAR PRADESH State Government,UTTAR PRADESH,Central District,"UTTAR PRADESH, India",Civil Works & Infrastructure,Procurement of civil works & infrastructure for UTTAR PRADESH PUBLIC WORKS DEPARTMENT,Official public tender for supply of civil works & infrastructure under standard UTTAR PRADESH state procurement guidelines.,2020-04-25 00:00:00,2020-05-01 00:00:00,2020-05-02 00:00:00,2020-05-16,4947232.36,5046177.01,INR,3,TATA PROJECTS LIMITED,ENT-SUP-861D6E7011,TATA PROJECTS LIMITED,"UTTAR PRADESH, India",AWARDED,6.0,0,0,OPEN_TENDER,UTTAR PRADESH PUBLIC WORKS DEPARTMENT,UTTAR_PRADESH,https://etender.up.nic.in/
UTT-UT-2021-01171,REF-UTT-UT-2021-01171,MEDICAL HEALTH FAMILY WELFARE LUCKNOW,UTTAR PRADESH State Government,UTTAR PRADESH,Central District,"UTTAR PRADESH, India",Civil Works & Infrastructure,Procurement of civil works & infrastructure for MEDICAL HEALTH FAMILY WELFARE LUCKNOW,Official public tender for supply of civil works & infrastructure under standard UTTAR PRADESH state procurement guidelines.,2021-07-10 00:00:00,2021-07-14 00:00:00,2021-07-15 00:00:00,2021-07-29,2607937.79,2660096.55,INR,2,NCC LIMITED INFRASTRUCTURE,ENT-SUP-0DFD916C8B,NCC LIMITED INFRASTRUCTURE,"UTTAR PRADESH, India",AWARDED,4.0,0,0,OPEN_TENDER,MEDICAL HEALTH FAMILY WELFARE LUCKNOW,UTTAR_PRADESH,https://etender.up.nic.in/
UTT-UT-2021-01172,REF-UTT-UT-2021-01172,UP STATE HIGHWAY AUTHORITY,UTTAR PRADESH State Government,UTTAR PRADESH,Central District,"UTTAR PRADESH, India",Medical Equipment & Consumables,Procurement of medical equipment & consumables for UP STATE HIGHWAY AUTHORITY,Official public tender for supply of medical equipment & consumables under standard UTTAR PRADESH state procurement guidelines.,2020-10-18 00:00:00,2020-11-17 00:00:00,2020-11-18 00:00:00,2020-12-02,21238915.65,24424752.99,INR,4,ZENITH INFRASTRUCTURE PROJECTS,ENT-SUP-4F350A4CA1,ZENITH INFRASTRUCTURE PROJECTS,"UTTAR PRADESH, India",AWARDED,30.0,0,0,OPEN_TENDER,UP STATE HIGHWAY AUTHORITY,UTTAR_PRADESH,https://etender.up.nic.in/
UTT-UT-2021-01173,REF-UTT-UT-2021-01173,UTTAR PRADESH PUBLIC WORKS DEPARTMENT,UTTAR PRADESH State Government,UTTAR PRADESH,Central District,"UTTAR PRADESH, India",Civil Works & Infrastructure,Procurement of civil works & infrastructure for UTTAR PRADESH PUBLIC WORKS DEPARTMENT,Official public tender for supply of civil works & infrastructure under standard UTTAR PRADESH state procurement guidelines.,2020-02-05 00:00:00,2020-03-06 00:00:00,2020-03-07 00:00:00,2020-03-21,4961337.1,5705537.66,INR,2,VANGUARD POWER SERVICES,ENT-SUP-FBE5090586,VANGUARD POWER SERVICES,"UTTAR PRADESH, India",AWARDED,30.0,2,0,OPEN_TENDER,UTTAR PRADESH PUBLIC WORKS DEPARTMENT,UTTAR_PRADESH,https://etender.up.nic.in/
UTT-UT-2021-01174,REF-UTT-UT-2021-01174,UTTAR PRADESH JAL NIGAM,UTTAR PRADESH State Government,UTTAR PRADESH,Central District,"UTTAR PRADESH, India",Civil Works & Infrastructure,Procurement of civil works & infrastructure for UTTAR PRADESH JAL NIGAM,Official public tender for supply of civil works & infrastructure under standard UTTAR PRADESH state procurement guidelines.,2020-11-10 00:00:00,2020-11-24 00:00:00,2020-11-25 00:00:00,2020-12-09,18099861.06,19547849.94,INR,4,AHLUWALIA CONTRACTS INDIA LIMITED,ENT-SUP-28AFE50D95,AHLUWALIA CONTRACTS INDIA LIMITED,"UTTAR PRADESH, India",AWARDED,14.0,0,0,OPEN_TENDER,UTTAR PRADESH JAL NIGAM,UTTAR_PRADESH,https://etender.up.nic.in/
UTT-UT-2021-01175,REF-UTT-UT-2021-01175,UTTAR PRADESH JAL NIGAM,UTTAR PRADESH State Government,UTTAR PRADESH,Central District,"UTTAR PRADESH, India",Information Technology & Software,Procurement of information technology & software for UTTAR PRADESH JAL NIGAM,Official public tender for supply of information technology & software under standard UTTAR PRADESH state procurement guidelines.,2021-07-21 00:00:00,2021-08-20 00:00:00,2021-08-21 00:00:00,2021-09-04,203570253.0,219855873.24,INR,2,NCC LIMITED INFRASTRUCTURE,ENT-SUP-0DFD916C8B,NCC LIMITED INFRASTRUCTURE,"UTTAR PRADESH, India",AWARDED,30.0,0,0,OPEN_TENDER,UTTAR PRADESH JAL NIGAM,UTTAR_PRADESH,https://etender.up.nic.in/
UTT-UT-2021-01176,REF-UTT-UT-2021-01176,UP STATE HIGHWAY AUTHORITY,UTTAR PRADESH State Government,UTTAR PRADESH,Central District,"UTTAR PRADESH, India",Consultancy & Facility Management,Procurement of consultancy & facility management for UP STATE HIGHWAY AUTHORITY,Official public tender for supply of consultancy & facility management under standard UTTAR PRADESH state procurement guidelines.,2020-05-07 00:00:00,2020-05-28 00:00:00,2020-05-29 00:00:00,2020-06-12,19368953.57,18400505.89,INR,3,PNC INFRATECH LIMITED,ENT-SUP-4B3E89D111,PNC INFRATECH LIMITED,"UTTAR PRADESH, India",AWARDED,21.0,2,0,OPEN_TENDER,UP STATE HIGHWAY AUTHORITY,UTTAR_PRADESH,https://etender.up.nic.in/
UTT-UT-2021-01177,REF-UTT-UT-2021-01177,UP STATE HIGHWAY AUTHORITY,UTTAR PRADESH State Government,UTTAR PRADESH,Central District,"UTTAR PRADESH, India",Information Technology & Software,Procurement of information technology & software for UP STATE HIGHWAY AUTHORITY,Official public tender for supply of information technology & software under standard UTTAR PRADESH state procurement guidelines.,2019-11-12 00:00:00,2019-11-18 00:00:00,2019-11-19 00:00:00,2019-12-03,60098920.31,64906833.93,INR,4,GUPTA AND SONS CONTRACTOR,ENT-SUP-7A3AE215B9,GUPTA AND SONS CONTRACTOR,"UTTAR PRADESH, India",AWARDED,6.0,1,0,OPEN_TENDER,UP STATE HIGHWAY AUTHORITY,UTTAR_PRADESH,https://etender.up.nic.in/
UTT-UT-2021-01178,REF-UTT-UT-2021-01178,MEDICAL HEALTH FAMILY WELFARE LUCKNOW,UTTAR PRADESH State Government,UTTAR PRADESH,Central District,"UTTAR PRADESH, India",Electrical & Mechanical,Procurement of electrical & mechanical for MEDICAL HEALTH FAMILY WELFARE LUCKNOW,Official public tender for supply of electrical & mechanical under standard UTTAR PRADESH state procurement guidelines.,2021-09-01 00:00:00,2021-09-15 00:00:00,2021-09-16 00:00:00,2021-09-30,4946332.08,4699015.47,INR,3,TATA PROJECTS LIMITED,ENT-SUP-861D6E7011,TATA PROJECTS LIMITED,"UTTAR PRADESH, India",AWARDED,14.0,0,0,OPEN_TENDER,MEDICAL HEALTH FAMILY WELFARE LUCKNOW,UTTAR_PRADESH,https://etender.up.nic.in/
UTT-UT-2021-01179,REF-UTT-UT-2021-01179,MEDICAL HEALTH FAMILY WELFARE LUCKNOW,UTTAR PRADESH State Government,UTTAR PRADESH,Central District,"UTTAR PRADESH, India",Civil Works & Infrastructure,Procurement of civil works & infrastructure for MEDICAL HEALTH FAMILY WELFARE LUCKNOW,Official public tender for supply of civil works & infrastructure under standard UTTAR PRADESH state procurement guidelines.,2020-11-27 00:00:00,2020-12-27 00:00:00,2020-12-28 00:00:00,2021-01-11,4975550.15,5721882.68,INR,3,SHREE BALAJI ENTERPRISE,ENT-SUP-CA68E614E4,SHREE BALAJI ENTERPRISE,"UTTAR PRADESH, India",AWARDED,30.0,0,0,OPEN_TENDER,MEDICAL HEALTH FAMILY WELFARE LUCKNOW,UTTAR_PRADESH,https://etender.up.nic.in/
UTT-UT-2021-01180,REF-UTT-UT-2021-01180,UTTAR PRADESH JAL NIGAM,UTTAR PRADESH State Government,UTTAR PRADESH,Central District,"UTTAR PRADESH, India",Medical Equipment & Consumables,Procurement of medical equipment & consumables for UTTAR PRADESH JAL NIGAM,Official public tender for supply of medical equipment & consumables under standard UTTAR PRADESH state procurement guidelines.,2020-10-16 00:00:00,2020-10-20 00:00:00,2020-10-21 00:00:00,2020-11-04,4953272.29,4705608.68,INR,3,AHLUWALIA CONTRACTS INDIA LIMITED,ENT-SUP-28AFE50D95,AHLUWALIA CONTRACTS INDIA LIMITED,"UTTAR PRADESH, India",AWARDED,4.0,0,0,OPEN_TENDER,UTTAR PRADESH JAL NIGAM,UTTAR_PRADESH,https://etender.up.nic.in/
UTT-UT-2021-01181,REF-UTT-UT-2021-01181,NOIDA INDUSTRIAL DEVELOPMENT AUTH,UTTAR PRADESH State Government,UTTAR PRADESH,Central District,"UTTAR PRADESH, India",Information Technology & Software,Procurement of information technology & software for NOIDA INDUSTRIAL DEVELOPMENT AUTH,Official public tender for supply of information technology & software under standard UTTAR PRADESH state procurement guidelines.,2020-12-28 00:00:00,2021-01-27 00:00:00,2021-01-28 00:00:00,2021-02-11,4986093.84,6731226.69,INR,3,DILIP BUILDCON LIMITED,ENT-SUP-55226FC7C8,DILIP BUILDCON LIMITED,"UTTAR PRADESH, India",AWARDED,30.0,0,0,OPEN_TENDER,NOIDA INDUSTRIAL DEVELOPMENT AUTH,UTTAR_PRADESH,https://etender.up.nic.in/
UTT-UT-2021-01182,REF-UTT-UT-2021-01182,NOIDA INDUSTRIAL DEVELOPMENT AUTH,UTTAR PRADESH State Government,UTTAR PRADESH,Central District,"UTTAR PRADESH, India",Civil Works & Infrastructure,Procurement of civil works & infrastructure for NOIDA INDUSTRIAL DEVELOPMENT AUTH,Official public tender for supply of civil works & infrastructure under standard UTTAR PRADESH state procurement guidelines.,2019-02-13 00:00:00,2019-03-15 00:00:00,2019-03-16 00:00:00,2019-03-30,23692665.57,20849545.7,INR,3,KNR CONSTRUCTION,ENT-SUP-6A86A67807,KNR CONSTRUCTION,"UTTAR PRADESH, India",AWARDED,30.0,0,0,OPEN_TENDER,NOIDA INDUSTRIAL DEVELOPMENT AUTH,UTTAR_PRADESH,https://etender.up.nic.in/
UTT-UT-2021-01183,REF-UTT-UT-2021-01183,UP STATE HIGHWAY AUTHORITY,UTTAR PRADESH State Government,UTTAR PRADESH,Central District,"UTTAR PRADESH, India",Medical Equipment & Consumables,Procurement of medical equipment & consumables for UP STATE HIGHWAY AUTHORITY,Official public tender for supply of medical equipment & consumables under standard UTTAR PRADESH state procurement guidelines.,2020-08-04 00:00:00,2020-08-18 00:00:00,2020-08-19 00:00:00,2020-09-02,2436747.81,2144338.07,INR,3,ZENITH INFRASTRUCTURE PROJECTS,ENT-SUP-4F350A4CA1,ZENITH INFRASTRUCTURE PROJECTS,"UTTAR PRADESH, India",AWARDED,14.0,0,0,OPEN_TENDER,UP STATE HIGHWAY AUTHORITY,UTTAR_PRADESH,https://etender.up.nic.in/
UTT-UT-2021-01184,REF-UTT-UT-2021-01184,MEDICAL HEALTH FAMILY WELFARE LUCKNOW,UTTAR PRADESH State Government,UTTAR PRADESH,Central District,"UTTAR PRADESH, India",Electrical & Mechanical,Procurement of electrical & mechanical for MEDICAL HEALTH FAMILY WELFARE LUCKNOW,Official public tender for supply of electrical & mechanical under standard UTTAR PRADESH state procurement guidelines.,2021-10-04 00:00:00,2021-10-08 00:00:00,2021-10-09 00:00:00,2021-10-23,2536376.84,2409558.0,INR,3,TATA PROJECTS LIMITED,ENT-SUP-861D6E7011,TATA PROJECTS LIMITED,"UTTAR PRADESH, India",AWARDED,4.0,1,0,OPEN_TENDER,MEDICAL HEALTH FAMILY WELFARE LUCKNOW,UTTAR_PRADESH,https://etender.up.nic.in/
UTT-UT-2021-01185,REF-UTT-UT-2021-01185,UTTAR PRADESH PUBLIC WORKS DEPARTMENT,UTTAR PRADESH State Government,UTTAR PRADESH,Central District,"UTTAR PRADESH, India",Civil Works & Infrastructure,Procurement of civil works & infrastructure for UTTAR PRADESH PUBLIC WORKS DEPARTMENT,Official public tender for supply of civil works & infrastructure under standard UTTAR PRADESH state procurement guidelines.,2020-07-24 00:00:00,2020-07-28 00:00:00,2020-07-29 00:00:00,2020-08-12,4997925.98,5097884.5,INR,2,LARSEN AND TOUBRO CONSTRUCTION,ENT-SUP-6C6BEB7D6E,LARSEN AND TOUBRO CONSTRUCTION,"UTTAR PRADESH, India",AWARDED,4.0,0,0,OPEN_TENDER,UTTAR PRADESH PUBLIC WORKS DEPARTMENT,UTTAR_PRADESH,https://etender.up.nic.in/
UTT-UT-2021-01186,REF-UTT-UT-2021-01186,NOIDA INDUSTRIAL DEVELOPMENT AUTH,UTTAR PRADESH State Government,UTTAR PRADESH,Central District,"UTTAR PRADESH, India",Medical Equipment & Consumables,Procurement of medical equipment & consumables for NOIDA INDUSTRIAL DEVELOPMENT AUTH,Official public tender for supply of medical equipment & consumables under standard UTTAR PRADESH state procurement guidelines.,2021-05-18 00:00:00,2021-06-17 00:00:00,2021-06-18 00:00:00,2021-07-02,741009.23,755829.41,INR,2,AHLUWALIA CONTRACTS INDIA LIMITED,ENT-SUP-28AFE50D95,AHLUWALIA CONTRACTS INDIA LIMITED,"UTTAR PRADESH, India",AWARDED,30.0,1,0,OPEN_TENDER,NOIDA INDUSTRIAL DEVELOPMENT AUTH,UTTAR_PRADESH,https://etender.up.nic.in/
UTT-UT-2021-01187,REF-UTT-UT-2021-01187,UTTAR PRADESH PUBLIC WORKS DEPARTMENT,UTTAR PRADESH State Government,UTTAR PRADESH,Central District,"UTTAR PRADESH, India",Medical Equipment & Consumables,Procurement of medical equipment & consumables for UTTAR PRADESH PUBLIC WORKS DEPARTMENT,Official public tender for supply of medical equipment & consumables under standard UTTAR PRADESH state procurement guidelines.,2019-09-30 00:00:00,2019-10-06 00:00:00,2019-10-07 00:00:00,2019-10-21,14978384.53,13180978.38,INR,2,ZENITH INFRASTRUCTURE PROJECTS,ENT-SUP-4F350A4CA1,ZENITH INFRASTRUCTURE PROJECTS,"UTTAR PRADESH, India",AWARDED,6.0,0,0,OPEN_TENDER,UTTAR PRADESH PUBLIC WORKS DEPARTMENT,UTTAR_PRADESH,https://etender.up.nic.in/
UTT-UT-2021-01188,REF-UTT-UT-2021-01188,UTTAR PRADESH PUBLIC WORKS DEPARTMENT,UTTAR PRADESH State Government,UTTAR PRADESH,Central District,"UTTAR PRADESH, India",Medical Equipment & Consumables,Procurement of medical equipment & consumables for UTTAR PRADESH PUBLIC WORKS DEPARTMENT,Official public tender for supply of medical equipment & consumables under standard UTTAR PRADESH state procurement guidelines.,2019-08-05 00:00:00,2019-08-09 00:00:00,2019-08-10 00:00:00,2019-08-24,18539570.04,18910361.44,INR,2,ZENITH INFRASTRUCTURE PROJECTS,ENT-SUP-4F350A4CA1,ZENITH INFRASTRUCTURE PROJECTS,"UTTAR PRADESH, India",AWARDED,4.0,0,0,OPEN_TENDER,UTTAR PRADESH PUBLIC WORKS DEPARTMENT,UTTAR_PRADESH,https://etender.up.nic.in/
UTT-UT-2021-01189,REF-UTT-UT-2021-01189,UTTAR PRADESH PUBLIC WORKS DEPARTMENT,UTTAR PRADESH State Government,UTTAR PRADESH,Central District,"UTTAR PRADESH, India",Civil Works & Infrastructure,Procurement of civil works & infrastructure for UTTAR PRADESH PUBLIC WORKS DEPARTMENT,Official public tender for supply of civil works & infrastructure under standard UTTAR PRADESH state procurement guidelines.,2020-07-07 00:00:00,2020-07-28 00:00:00,2020-07-29 00:00:00,2020-08-12,7990494.49,7031635.15,INR,4,DILIP BUILDCON LIMITED,ENT-SUP-55226FC7C8,DILIP BUILDCON LIMITED,"UTTAR PRADESH, India",AWARDED,21.0,1,0,OPEN_TENDER,UTTAR PRADESH PUBLIC WORKS DEPARTMENT,UTTAR_PRADESH,https://etender.up.nic.in/
UTT-UT-2021-01190,REF-UTT-UT-2021-01190,UTTAR PRADESH JAL NIGAM,UTTAR PRADESH State Government,UTTAR PRADESH,Central District,"UTTAR PRADESH, India",Medical Equipment & Consumables,Procurement of medical equipment & consumables for UTTAR PRADESH JAL NIGAM,Official public tender for supply of medical equipment & consumables under standard UTTAR PRADESH state procurement guidelines.,2019-02-25 00:00:00,2019-03-03 00:00:00,2019-03-04 00:00:00,2019-03-18,3795619.22,4364962.1,INR,4,NCC LIMITED INFRASTRUCTURE,ENT-SUP-0DFD916C8B,NCC LIMITED INFRASTRUCTURE,"UTTAR PRADESH, India",AWARDED,6.0,0,0,OPEN_TENDER,UTTAR PRADESH JAL NIGAM,UTTAR_PRADESH,https://etender.up.nic.in/
UTT-UT-2021-01191,REF-UTT-UT-2021-01191,UP STATE HIGHWAY AUTHORITY,UTTAR PRADESH State Government,UTTAR PRADESH,Central District,"UTTAR PRADESH, India",Civil Works & Infrastructure,Procurement of civil works & infrastructure for UP STATE HIGHWAY AUTHORITY,Official public tender for supply of civil works & infrastructure under standard UTTAR PRADESH state procurement guidelines.,2019-04-17 00:00:00,2019-05-01 00:00:00,2019-05-02 00:00:00,2019-05-16,10462798.31,9207262.52,INR,2,AHLUWALIA CONTRACTS INDIA LIMITED,ENT-SUP-28AFE50D95,AHLUWALIA CONTRACTS INDIA LIMITED,"UTTAR PRADESH, India",AWARDED,14.0,1,0,OPEN_TENDER,UP STATE HIGHWAY AUTHORITY,UTTAR_PRADESH,https://etender.up.nic.in/
UTT-UT-2021-01192,REF-UTT-UT-2021-01192,UTTAR PRADESH PUBLIC WORKS DEPARTMENT,UTTAR PRADESH State Government,UTTAR PRADESH,Central District,"UTTAR PRADESH, India",Medical Equipment & Consumables,Procurement of medical equipment & consumables for UTTAR PRADESH PUBLIC WORKS DEPARTMENT,Official public tender for supply of medical equipment & consumables under standard UTTAR PRADESH state procurement guidelines.,2021-01-10 00:00:00,2021-01-31 00:00:00,2021-02-01 00:00:00,2021-02-15,246789509.75,217174768.58,INR,4,LARSEN AND TOUBRO CONSTRUCTION,ENT-SUP-6C6BEB7D6E,LARSEN AND TOUBRO CONSTRUCTION,"UTTAR PRADESH, India",AWARDED,21.0,1,0,OPEN_TENDER,UTTAR PRADESH PUBLIC WORKS DEPARTMENT,UTTAR_PRADESH,https://etender.up.nic.in/
UTT-UT-2021-01193,REF-UTT-UT-2021-01193,UTTAR PRADESH PUBLIC WORKS DEPARTMENT,UTTAR PRADESH State Government,UTTAR PRADESH,Central District,"UTTAR PRADESH, India",Civil Works & Infrastructure,Procurement of civil works & infrastructure for UTTAR PRADESH PUBLIC WORKS DEPARTMENT,Official public tender for supply of civil works & infrastructure under standard UTTAR PRADESH state procurement guidelines.,2021-06-20 00:00:00,2021-06-24 00:00:00,2021-06-25 00:00:00,2021-07-09,792415.56,697325.69,INR,2,TATA PROJECTS LIMITED,ENT-SUP-861D6E7011,TATA PROJECTS LIMITED,"UTTAR PRADESH, India",AWARDED,4.0,0,0,OPEN_TENDER,UTTAR PRADESH PUBLIC WORKS DEPARTMENT,UTTAR_PRADESH,https://etender.up.nic.in/
UTT-UT-2021-01194,REF-UTT-UT-2021-01194,UTTAR PRADESH JAL NIGAM,UTTAR PRADESH State Government,UTTAR PRADESH,Central District,"UTTAR PRADESH, India",Civil Works & Infrastructure,Procurement of civil works & infrastructure for UTTAR PRADESH JAL NIGAM,Official public tender for supply of civil works & infrastructure under standard UTTAR PRADESH state procurement guidelines.,2021-09-25 00:00:00,2021-10-25 00:00:00,2021-10-26 00:00:00,2021-11-09,4389482.33,5047904.68,INR,3,TATA PROJECTS LIMITED,ENT-SUP-861D6E7011,TATA PROJECTS LIMITED,"UTTAR PRADESH, India",AWARDED,30.0,0,0,OPEN_TENDER,UTTAR PRADESH JAL NIGAM,UTTAR_PRADESH,https://etender.up.nic.in/
UTT-UT-2021-01195,REF-UTT-UT-2021-01195,NOIDA INDUSTRIAL DEVELOPMENT AUTH,UTTAR PRADESH State Government,UTTAR PRADESH,Central District,"UTTAR PRADESH, India",Consultancy & Facility Management,Procurement of consultancy & facility management for NOIDA INDUSTRIAL DEVELOPMENT AUTH,Official public tender for supply of consultancy & facility management under standard UTTAR PRADESH state procurement guidelines.,2019-11-17 00:00:00,2019-12-17 00:00:00,2019-12-18 00:00:00,2020-01-01,2519968.63,2897963.92,INR,4,GUPTA AND SONS CONTRACTOR,ENT-SUP-7A3AE215B9,GUPTA AND SONS CONTRACTOR,"UTTAR PRADESH, India",AWARDED,30.0,0,0,OPEN_TENDER,NOIDA INDUSTRIAL DEVELOPMENT AUTH,UTTAR_PRADESH,https://etender.up.nic.in/
UTT-UT-2021-01196,REF-UTT-UT-2021-01196,UTTAR PRADESH PUBLIC WORKS DEPARTMENT,UTTAR PRADESH State Government,UTTAR PRADESH,Central District,"UTTAR PRADESH, India",Civil Works & Infrastructure,Procurement of civil works & infrastructure for UTTAR PRADESH PUBLIC WORKS DEPARTMENT,Official public tender for supply of civil works & infrastructure under standard UTTAR PRADESH state procurement guidelines.,2019-06-18 00:00:00,2019-07-02 00:00:00,2019-07-03 00:00:00,2019-07-17,6701590.68,6835622.49,INR,2,VANGUARD POWER SERVICES,ENT-SUP-FBE5090586,VANGUARD POWER SERVICES,"UTTAR PRADESH, India",AWARDED,14.0,0,0,OPEN_TENDER,UTTAR PRADESH PUBLIC WORKS DEPARTMENT,UTTAR_PRADESH,https://etender.up.nic.in/
UTT-UT-2021-01197,REF-UTT-UT-2021-01197,UP STATE HIGHWAY AUTHORITY,UTTAR PRADESH State Government,UTTAR PRADESH,Central District,"UTTAR PRADESH, India",Medical Equipment & Consumables,Procurement of medical equipment & consumables for UP STATE HIGHWAY AUTHORITY,Official public tender for supply of medical equipment & consumables under standard UTTAR PRADESH state procurement guidelines.,2019-05-10 00:00:00,2019-06-09 00:00:00,2019-06-10 00:00:00,2019-06-24,2704957.37,3651692.45,INR,2,APEX MEDITECH SOLUTIONS,ENT-SUP-A750489DC1,APEX MEDITECH SOLUTIONS,"UTTAR PRADESH, India",AWARDED,30.0,0,0,OPEN_TENDER,UP STATE HIGHWAY AUTHORITY,UTTAR_PRADESH,https://etender.up.nic.in/
UTT-UT-2021-01198,REF-UTT-UT-2021-01198,NOIDA INDUSTRIAL DEVELOPMENT AUTH,UTTAR PRADESH State Government,UTTAR PRADESH,Central District,"UTTAR PRADESH, India",Medical Equipment & Consumables,Procurement of medical equipment & consumables for NOIDA INDUSTRIAL DEVELOPMENT AUTH,Official public tender for supply of medical equipment & consumables under standard UTTAR PRADESH state procurement guidelines.,2019-08-21 00:00:00,2019-09-11 00:00:00,2019-09-12 00:00:00,2019-09-26,2301330.94,2485437.42,INR,1,NCC LIMITED INFRASTRUCTURE,ENT-SUP-0DFD916C8B,NCC LIMITED INFRASTRUCTURE,"UTTAR PRADESH, India",AWARDED,21.0,0,0,OPEN_TENDER,NOIDA INDUSTRIAL DEVELOPMENT AUTH,UTTAR_PRADESH,https://etender.up.nic.in/
UTT-UT-2021-01199,REF-UTT-UT-2021-01199,UP STATE HIGHWAY AUTHORITY,UTTAR PRADESH State Government,UTTAR PRADESH,Central District,"UTTAR PRADESH, India",Consultancy & Facility Management,Procurement of consultancy & facility management for UP STATE HIGHWAY AUTHORITY,Official public tender for supply of consultancy & facility management under standard UTTAR PRADESH state procurement guidelines.,2020-03-29 00:00:00,2020-04-28 00:00:00,2020-04-29 00:00:00,2020-05-13,168602356.13,182090544.62,INR,1,PNC INFRATECH LIMITED,ENT-SUP-4B3E89D111,PNC INFRATECH LIMITED,"UTTAR PRADESH, India",AWARDED,30.0,2,0,OPEN_TENDER,UP STATE HIGHWAY AUTHORITY,UTTAR_PRADESH,https://etender.up.nic.in/
UTT-UT-2021-01200,REF-UTT-UT-2021-01200,UP STATE HIGHWAY AUTHORITY,UTTAR PRADESH State Government,UTTAR PRADESH,Central District,"UTTAR PRADESH, India",Consultancy & Facility Management,Procurement of consultancy & facility management for UP STATE HIGHWAY AUTHORITY,Official public tender for supply of consultancy & facility management under standard UTTAR PRADESH state procurement guidelines.,2019-05-07 00:00:00,2019-05-21 00:00:00,2019-05-22 00:00:00,2019-06-05,1601563.2,1633594.47,INR,3,AHLUWALIA CONTRACTS INDIA LIMITED,ENT-SUP-28AFE50D95,AHLUWALIA CONTRACTS INDIA LIMITED,"UTTAR PRADESH, India",AWARDED,14.0,2,0,OPEN_TENDER,UP STATE HIGHWAY AUTHORITY,UTTAR_PRADESH,https://etender.up.nic.in/
UTT-UT-2021-01201,REF-UTT-UT-2021-01201,UP STATE HIGHWAY AUTHORITY,UTTAR PRADESH State Government,UTTAR PRADESH,Central District,"UTTAR PRADESH, India",Information Technology & Software,Procurement of information technology & software for UP STATE HIGHWAY AUTHORITY,Official public tender for supply of information technology & software under standard UTTAR PRADESH state procurement guidelines.,2019-03-31 00:00:00,2019-04-21 00:00:00,2019-04-22 00:00:00,2019-05-06,281066221.02,303551518.7,INR,1,TATA PROJECTS LIMITED,ENT-SUP-861D6E7011,TATA PROJECTS LIMITED,"UTTAR PRADESH, India",AWARDED,21.0,2,0,OPEN_TENDER,UP STATE HIGHWAY AUTHORITY,UTTAR_PRADESH,https://etender.up.nic.in/
UTT-UT-2021-01202,REF-UTT-UT-2021-01202,MEDICAL HEALTH FAMILY WELFARE LUCKNOW,UTTAR PRADESH State Government,UTTAR PRADESH,Central District,"UTTAR PRADESH, India",Medical Equipment & Consumables,Procurement of medical equipment & consumables for MEDICAL HEALTH FAMILY WELFARE LUCKNOW,Official public tender for supply of medical equipment & consumables under standard UTTAR PRADESH state procurement guidelines.,2020-10-31 00:00:00,2020-11-14 00:00:00,2020-11-15 00:00:00,2020-11-29,221210512.2,254392089.04,INR,2,SHREE BALAJI ENTERPRISE,ENT-SUP-CA68E614E4,SHREE BALAJI ENTERPRISE,"UTTAR PRADESH, India",AWARDED,14.0,0,0,OPEN_TENDER,MEDICAL HEALTH FAMILY WELFARE LUCKNOW,UTTAR_PRADESH,https://etender.up.nic.in/
UTT-UT-2021-01203,REF-UTT-UT-2021-01203,NOIDA INDUSTRIAL DEVELOPMENT AUTH,UTTAR PRADESH State Government,UTTAR PRADESH,Central District,"UTTAR PRADESH, India",Medical Equipment & Consumables,Procurement of medical equipment & consumables for NOIDA INDUSTRIAL DEVELOPMENT AUTH,Official public tender for supply of medical equipment & consumables under standard UTTAR PRADESH state procurement guidelines.,2021-07-31 00:00:00,2021-08-04 00:00:00,2021-08-05 00:00:00,2021-08-19,101470381.37,109588011.88,INR,2,BHARAT DIAGNOSTIC SYSTEMS,ENT-SUP-C6B6FCD7BC,BHARAT DIAGNOSTIC SYSTEMS,"UTTAR PRADESH, India",AWARDED,4.0,0,0,OPEN_TENDER,NOIDA INDUSTRIAL DEVELOPMENT AUTH,UTTAR_PRADESH,https://etender.up.nic.in/
UTT-UT-2021-01204,REF-UTT-UT-2021-01204,UTTAR PRADESH JAL NIGAM,UTTAR PRADESH State Government,UTTAR PRADESH,Central District,"UTTAR PRADESH, India",Consultancy & Facility Management,Procurement of consultancy & facility management for UTTAR PRADESH JAL NIGAM,Official public tender for supply of consultancy & facility management under standard UTTAR PRADESH state procurement guidelines.,2020-05-08 00:00:00,2020-05-12 00:00:00,2020-05-13 00:00:00,2020-05-27,149655388.05,172103696.26,INR,2,TATA PROJECTS LIMITED,ENT-SUP-861D6E7011,TATA PROJECTS LIMITED,"UTTAR PRADESH, India",AWARDED,4.0,0,0,OPEN_TENDER,UTTAR PRADESH JAL NIGAM,UTTAR_PRADESH,https://etender.up.nic.in/
UTT-UT-2021-01205,REF-UTT-UT-2021-01205,MEDICAL HEALTH FAMILY WELFARE LUCKNOW,UTTAR PRADESH State Government,UTTAR PRADESH,Central District,"UTTAR PRADESH, India",Information Technology & Software,Procurement of information technology & software for MEDICAL HEALTH FAMILY WELFARE LUCKNOW,Official public tender for supply of information technology & software under standard UTTAR PRADESH state procurement guidelines.,2020-08-26 00:00:00,2020-08-30 00:00:00,2020-08-31 00:00:00,2020-09-14,3110218.47,3172422.84,INR,1,LARSEN AND TOUBRO CONSTRUCTION,ENT-SUP-6C6BEB7D6E,LARSEN AND TOUBRO CONSTRUCTION,"UTTAR PRADESH, India",AWARDED,4.0,0,0,OPEN_TENDER,MEDICAL HEALTH FAMILY WELFARE LUCKNOW,UTTAR_PRADESH,https://etender.up.nic.in/
UTT-UT-2021-01206,REF-UTT-UT-2021-01206,MEDICAL HEALTH FAMILY WELFARE LUCKNOW,UTTAR PRADESH State Government,UTTAR PRADESH,Central District,"UTTAR PRADESH, India",Civil Works & Infrastructure,Procurement of civil works & infrastructure for MEDICAL HEALTH FAMILY WELFARE LUCKNOW,Official public tender for supply of civil works & infrastructure under standard UTTAR PRADESH state procurement guidelines.,2019-02-05 00:00:00,2019-02-09 00:00:00,2019-02-10 00:00:00,2019-02-24,293651391.62,278968822.03,INR,3,SHARMA ENGINEERING WORKS,ENT-SUP-9473B0CC3C,SHARMA ENGINEERING WORKS,"UTTAR PRADESH, India",AWARDED,4.0,2,0,OPEN_TENDER,MEDICAL HEALTH FAMILY WELFARE LUCKNOW,UTTAR_PRADESH,https://etender.up.nic.in/
UTT-UT-2021-01207,REF-UTT-UT-2021-01207,NOIDA INDUSTRIAL DEVELOPMENT AUTH,UTTAR PRADESH State Government,UTTAR PRADESH,Central District,"UTTAR PRADESH, India",Electrical & Mechanical,Procurement of electrical & mechanical for NOIDA INDUSTRIAL DEVELOPMENT AUTH,Official public tender for supply of electrical & mechanical under standard UTTAR PRADESH state procurement guidelines.,2019-02-20 00:00:00,2019-03-13 00:00:00,2019-03-14 00:00:00,2019-03-28,3656025.26,4204429.05,INR,3,NCC LIMITED INFRASTRUCTURE,ENT-SUP-0DFD916C8B,NCC LIMITED INFRASTRUCTURE,"UTTAR PRADESH, India",AWARDED,21.0,0,0,OPEN_TENDER,NOIDA INDUSTRIAL DEVELOPMENT AUTH,UTTAR_PRADESH,https://etender.up.nic.in/
UTT-UT-2021-01208,REF-UTT-UT-2021-01208,MEDICAL HEALTH FAMILY WELFARE LUCKNOW,UTTAR PRADESH State Government,UTTAR PRADESH,Central District,"UTTAR PRADESH, India",Electrical & Mechanical,Procurement of electrical & mechanical for MEDICAL HEALTH FAMILY WELFARE LUCKNOW,Official public tender for supply of electrical & mechanical under standard UTTAR PRADESH state procurement guidelines.,2021-01-28 00:00:00,2021-02-01 00:00:00,2021-02-02 00:00:00,2021-02-16,4936092.13,5330979.5,INR,2,GUPTA AND SONS CONTRACTOR,ENT-SUP-7A3AE215B9,GUPTA AND SONS CONTRACTOR,"UTTAR PRADESH, India",AWARDED,4.0,0,0,OPEN_TENDER,MEDICAL HEALTH FAMILY WELFARE LUCKNOW,UTTAR_PRADESH,https://etender.up.nic.in/
UTT-UT-2021-01209,REF-UTT-UT-2021-01209,MEDICAL HEALTH FAMILY WELFARE LUCKNOW,UTTAR PRADESH State Government,UTTAR PRADESH,Central District,"UTTAR PRADESH, India",Information Technology & Software,Procurement of information technology & software for MEDICAL HEALTH FAMILY WELFARE LUCKNOW,Official public tender for supply of information technology & software under standard UTTAR PRADESH state procurement guidelines.,2020-08-25 00:00:00,2020-09-08 00:00:00,2020-09-09 00:00:00,2020-09-23,19396544.52,18426717.3,INR,1,NCC LIMITED INFRASTRUCTURE,ENT-SUP-0DFD916C8B,NCC LIMITED INFRASTRUCTURE,"UTTAR PRADESH, India",AWARDED,14.0,0,0,OPEN_TENDER,MEDICAL HEALTH FAMILY WELFARE LUCKNOW,UTTAR_PRADESH,https://etender.up.nic.in/
UTT-UT-2021-01210,REF-UTT-UT-2021-01210,UTTAR PRADESH PUBLIC WORKS DEPARTMENT,UTTAR PRADESH State Government,UTTAR PRADESH,Central District,"UTTAR PRADESH, India",Information Technology & Software,Procurement of information technology & software for UTTAR PRADESH PUBLIC WORKS DEPARTMENT,Official public tender for supply of information technology & software under standard UTTAR PRADESH state procurement guidelines.,2019-12-08 00:00:00,2019-12-12 00:00:00,2019-12-13 00:00:00,2019-12-27,2182381.4,2509738.61,INR,2,AHLUWALIA CONTRACTS INDIA LIMITED,ENT-SUP-28AFE50D95,AHLUWALIA CONTRACTS INDIA LIMITED,"UTTAR PRADESH, India",AWARDED,4.0,1,0,OPEN_TENDER,UTTAR PRADESH PUBLIC WORKS DEPARTMENT,UTTAR_PRADESH,https://etender.up.nic.in/
UTT-UT-2021-01211,REF-UTT-UT-2021-01211,MEDICAL HEALTH FAMILY WELFARE LUCKNOW,UTTAR PRADESH State Government,UTTAR PRADESH,Central District,"UTTAR PRADESH, India",Civil Works & Infrastructure,Procurement of civil works & infrastructure for MEDICAL HEALTH FAMILY WELFARE LUCKNOW,Official public tender for supply of civil works & infrastructure under standard UTTAR PRADESH state procurement guidelines.,2020-06-22 00:00:00,2020-06-28 00:00:00,2020-06-29 00:00:00,2020-07-13,21705787.47,23442250.47,INR,1,LARSEN AND TOUBRO CONSTRUCTION,ENT-SUP-6C6BEB7D6E,LARSEN AND TOUBRO CONSTRUCTION,"UTTAR PRADESH, India",AWARDED,6.0,0,0,OPEN_TENDER,MEDICAL HEALTH FAMILY WELFARE LUCKNOW,UTTAR_PRADESH,https://etender.up.nic.in/
UTT-UT-2021-01212,REF-UTT-UT-2021-01212,UTTAR PRADESH PUBLIC WORKS DEPARTMENT,UTTAR PRADESH State Government,UTTAR PRADESH,Central District,"UTTAR PRADESH, India",Medical Equipment & Consumables,Procurement of medical equipment & consumables for UTTAR PRADESH PUBLIC WORKS DEPARTMENT,Official public tender for supply of medical equipment & consumables under standard UTTAR PRADESH state procurement guidelines.,2019-05-31 00:00:00,2019-06-21 00:00:00,2019-06-22 00:00:00,2019-07-06,174912199.81,178410443.81,INR,3,KNR CONSTRUCTION,ENT-SUP-6A86A67807,KNR CONSTRUCTION,"UTTAR PRADESH, India",AWARDED,21.0,0,0,OPEN_TENDER,UTTAR PRADESH PUBLIC WORKS DEPARTMENT,UTTAR_PRADESH,https://etender.up.nic.in/
UTT-UT-2021-01213,REF-UTT-UT-2021-01213,UTTAR PRADESH PUBLIC WORKS DEPARTMENT,UTTAR PRADESH State Government,UTTAR PRADESH,Central District,"UTTAR PRADESH, India",Medical Equipment & Consumables,Procurement of medical equipment & consumables for UTTAR PRADESH PUBLIC WORKS DEPARTMENT,Official public tender for supply of medical equipment & consumables under standard UTTAR PRADESH state procurement guidelines.,2021-05-16 00:00:00,2021-05-30 00:00:00,2021-05-31 00:00:00,2021-06-14,767176.41,828550.52,INR,1,AHLUWALIA CONTRACTS INDIA LIMITED,ENT-SUP-28AFE50D95,AHLUWALIA CONTRACTS INDIA LIMITED,"UTTAR PRADESH, India",AWARDED,14.0,1,0,OPEN_TENDER,UTTAR PRADESH PUBLIC WORKS DEPARTMENT,UTTAR_PRADESH,https://etender.up.nic.in/
UTT-UT-2021-01214,REF-UTT-UT-2021-01214,NOIDA INDUSTRIAL DEVELOPMENT AUTH,UTTAR PRADESH State Government,UTTAR PRADESH,Central District,"UTTAR PRADESH, India",Medical Equipment & Consumables,Procurement of medical equipment & consumables for NOIDA INDUSTRIAL DEVELOPMENT AUTH,Official public tender for supply of medical equipment & consumables under standard UTTAR PRADESH state procurement guidelines.,2020-07-03 00:00:00,2020-07-07 00:00:00,2020-07-08 00:00:00,2020-07-22,90153383.08,85645713.92,INR,3,AFCONS INFRASTRUCTURE LIMITED,ENT-SUP-AC3B9A87E5,AFCONS INFRASTRUCTURE LIMITED,"UTTAR PRADESH, India",AWARDED,4.0,0,0,OPEN_TENDER,NOIDA INDUSTRIAL DEVELOPMENT AUTH,UTTAR_PRADESH,https://etender.up.nic.in/
UTT-UT-2021-01215,REF-UTT-UT-2021-01215,UTTAR PRADESH PUBLIC WORKS DEPARTMENT,UTTAR PRADESH State Government,UTTAR PRADESH,Central District,"UTTAR PRADESH, India",Consultancy & Facility Management,Procurement of consultancy & facility management for UTTAR PRADESH PUBLIC WORKS DEPARTMENT,Official public tender for supply of consultancy & facility management under standard UTTAR PRADESH state procurement guidelines.,2021-10-10 00:00:00,2021-10-14 00:00:00,2021-10-15 00:00:00,2021-10-29,3562922.85,3384776.71,INR,4,AFCONS INFRASTRUCTURE LIMITED,ENT-SUP-AC3B9A87E5,AFCONS INFRASTRUCTURE LIMITED,"UTTAR PRADESH, India",AWARDED,4.0,2,0,OPEN_TENDER,UTTAR PRADESH PUBLIC WORKS DEPARTMENT,UTTAR_PRADESH,https://etender.up.nic.in/
UTT-UT-2021-01216,REF-UTT-UT-2021-01216,UP STATE HIGHWAY AUTHORITY,UTTAR PRADESH State Government,UTTAR PRADESH,Central District,"UTTAR PRADESH, India",Consultancy & Facility Management,Procurement of consultancy & facility management for UP STATE HIGHWAY AUTHORITY,Official public tender for supply of consultancy & facility management under standard UTTAR PRADESH state procurement guidelines.,2020-07-18 00:00:00,2020-08-08 00:00:00,2020-08-09 00:00:00,2020-08-23,331596970.19,358124727.8,INR,1,KNR CONSTRUCTION,ENT-SUP-6A86A67807,KNR CONSTRUCTION,"UTTAR PRADESH, India",AWARDED,21.0,1,0,OPEN_TENDER,UP STATE HIGHWAY AUTHORITY,UTTAR_PRADESH,https://etender.up.nic.in/
UTT-UT-2021-01217,REF-UTT-UT-2021-01217,UTTAR PRADESH JAL NIGAM,UTTAR PRADESH State Government,UTTAR PRADESH,Central District,"UTTAR PRADESH, India",Consultancy & Facility Management,Procurement of consultancy & facility management for UTTAR PRADESH JAL NIGAM,Official public tender for supply of consultancy & facility management under standard UTTAR PRADESH state procurement guidelines.,2021-04-14 00:00:00,2021-04-18 00:00:00,2021-04-19 00:00:00,2021-05-03,4960503.56,4365243.13,INR,3,TATA PROJECTS LIMITED,ENT-SUP-861D6E7011,TATA PROJECTS LIMITED,"UTTAR PRADESH, India",AWARDED,4.0,2,0,OPEN_TENDER,UTTAR PRADESH JAL NIGAM,UTTAR_PRADESH,https://etender.up.nic.in/
UTT-UT-2021-01218,REF-UTT-UT-2021-01218,NOIDA INDUSTRIAL DEVELOPMENT AUTH,UTTAR PRADESH State Government,UTTAR PRADESH,Central District,"UTTAR PRADESH, India",Information Technology & Software,Procurement of information technology & software for NOIDA INDUSTRIAL DEVELOPMENT AUTH,Official public tender for supply of information technology & software under standard UTTAR PRADESH state procurement guidelines.,2021-04-10 00:00:00,2021-05-10 00:00:00,2021-05-11 00:00:00,2021-05-25,1716846.47,2317742.74,INR,1,VANGUARD POWER SERVICES,ENT-SUP-FBE5090586,VANGUARD POWER SERVICES,"UTTAR PRADESH, India",AWARDED,30.0,0,0,OPEN_TENDER,NOIDA INDUSTRIAL DEVELOPMENT AUTH,UTTAR_PRADESH,https://etender.up.nic.in/
UTT-UT-2021-01219,REF-UTT-UT-2021-01219,UTTAR PRADESH JAL NIGAM,UTTAR PRADESH State Government,UTTAR PRADESH,Central District,"UTTAR PRADESH, India",Consultancy & Facility Management,Procurement of consultancy & facility management for UTTAR PRADESH JAL NIGAM,Official public tender for supply of consultancy & facility management under standard UTTAR PRADESH state procurement guidelines.,2021-01-01 00:00:00,2021-01-31 00:00:00,2021-02-01 00:00:00,2021-02-15,4901953.64,6617637.41,INR,2,LARSEN AND TOUBRO CONSTRUCTION,ENT-SUP-6C6BEB7D6E,LARSEN AND TOUBRO CONSTRUCTION,"UTTAR PRADESH, India",AWARDED,30.0,2,0,OPEN_TENDER,UTTAR PRADESH JAL NIGAM,UTTAR_PRADESH,https://etender.up.nic.in/
UTT-UT-2021-01220,REF-UTT-UT-2021-01220,UTTAR PRADESH PUBLIC WORKS DEPARTMENT,UTTAR PRADESH State Government,UTTAR PRADESH,Central District,"UTTAR PRADESH, India",Consultancy & Facility Management,Procurement of consultancy & facility management for UTTAR PRADESH PUBLIC WORKS DEPARTMENT,Official public tender for supply of consultancy & facility management under standard UTTAR PRADESH state procurement guidelines.,2019-03-15 00:00:00,2019-04-05 00:00:00,2019-04-06 00:00:00,2019-04-20,13301733.73,12636647.04,INR,1,TATA PROJECTS LIMITED,ENT-SUP-861D6E7011,TATA PROJECTS LIMITED,"UTTAR PRADESH, India",AWARDED,21.0,2,0,OPEN_TENDER,UTTAR PRADESH PUBLIC WORKS DEPARTMENT,UTTAR_PRADESH,https://etender.up.nic.in/
UTT-UT-2021-01221,REF-UTT-UT-2021-01221,UTTAR PRADESH JAL NIGAM,UTTAR PRADESH State Government,UTTAR PRADESH,Central District,"UTTAR PRADESH, India",Civil Works & Infrastructure,Procurement of civil works & infrastructure for UTTAR PRADESH JAL NIGAM,Official public tender for supply of civil works & infrastructure under standard UTTAR PRADESH state procurement guidelines.,2020-03-14 00:00:00,2020-04-13 00:00:00,2020-04-14 00:00:00,2020-04-28,3341010.97,3608291.84,INR,3,NCC LIMITED INFRASTRUCTURE,ENT-SUP-0DFD916C8B,NCC LIMITED INFRASTRUCTURE,"UTTAR PRADESH, India",AWARDED,30.0,1,0,OPEN_TENDER,UTTAR PRADESH JAL NIGAM,UTTAR_PRADESH,https://etender.up.nic.in/
UTT-UT-2021-01222,REF-UTT-UT-2021-01222,UTTAR PRADESH PUBLIC WORKS DEPARTMENT,UTTAR PRADESH State Government,UTTAR PRADESH,Central District,"UTTAR PRADESH, India",Consultancy & Facility Management,Procurement of consultancy & facility management for UTTAR PRADESH PUBLIC WORKS DEPARTMENT,Official public tender for supply of consultancy & facility management under standard UTTAR PRADESH state procurement guidelines.,2019-10-01 00:00:00,2019-10-31 00:00:00,2019-11-01 00:00:00,2019-11-15,2175520.97,2349562.65,INR,1,BHARAT DIAGNOSTIC SYSTEMS,ENT-SUP-C6B6FCD7BC,BHARAT DIAGNOSTIC SYSTEMS,"UTTAR PRADESH, India",AWARDED,30.0,0,0,OPEN_TENDER,UTTAR PRADESH PUBLIC WORKS DEPARTMENT,UTTAR_PRADESH,https://etender.up.nic.in/
UTT-UT-2021-01223,REF-UTT-UT-2021-01223,UTTAR PRADESH JAL NIGAM,UTTAR PRADESH State Government,UTTAR PRADESH,Central District,"UTTAR PRADESH, India",Civil Works & Infrastructure,Procurement of civil works & infrastructure for UTTAR PRADESH JAL NIGAM,Official public tender for supply of civil works & infrastructure under standard UTTAR PRADESH state procurement guidelines.,2020-10-19 00:00:00,2020-10-25 00:00:00,2020-10-26 00:00:00,2020-11-09,6188481.63,6312251.27,INR,3,SHARMA ENGINEERING WORKS,ENT-SUP-9473B0CC3C,SHARMA ENGINEERING WORKS,"UTTAR PRADESH, India",AWARDED,6.0,0,0,OPEN_TENDER,UTTAR PRADESH JAL NIGAM,UTTAR_PRADESH,https://etender.up.nic.in/
UTT-UT-2021-01224,REF-UTT-UT-2021-01224,UTTAR PRADESH JAL NIGAM,UTTAR PRADESH State Government,UTTAR PRADESH,Central District,"UTTAR PRADESH, India",Consultancy & Facility Management,Procurement of consultancy & facility management for UTTAR PRADESH JAL NIGAM,Official public tender for supply of consultancy & facility management under standard UTTAR PRADESH state procurement guidelines.,2020-03-04 00:00:00,2020-04-03 00:00:00,2020-04-04 00:00:00,2020-04-18,4954474.91,6688541.13,INR,4,SHARMA ENGINEERING WORKS,ENT-SUP-9473B0CC3C,SHARMA ENGINEERING WORKS,"UTTAR PRADESH, India",AWARDED,30.0,0,0,OPEN_TENDER,UTTAR PRADESH JAL NIGAM,UTTAR_PRADESH,https://etender.up.nic.in/
UTT-UT-2021-01225,REF-UTT-UT-2021-01225,UTTAR PRADESH JAL NIGAM,UTTAR PRADESH State Government,UTTAR PRADESH,Central District,"UTTAR PRADESH, India",Consultancy & Facility Management,Procurement of consultancy & facility management for UTTAR PRADESH JAL NIGAM,Official public tender for supply of consultancy & facility management under standard UTTAR PRADESH state procurement guidelines.,2019-08-31 00:00:00,2019-09-14 00:00:00,2019-09-15 00:00:00,2019-09-29,172893778.95,164249090.01,INR,4,VANGUARD POWER SERVICES,ENT-SUP-FBE5090586,VANGUARD POWER SERVICES,"UTTAR PRADESH, India",AWARDED,14.0,2,0,OPEN_TENDER,UTTAR PRADESH JAL NIGAM,UTTAR_PRADESH,https://etender.up.nic.in/
UTT-UT-2021-01226,REF-UTT-UT-2021-01226,UTTAR PRADESH JAL NIGAM,UTTAR PRADESH State Government,UTTAR PRADESH,Central District,"UTTAR PRADESH, India",Consultancy & Facility Management,Procurement of consultancy & facility management for UTTAR PRADESH JAL NIGAM,Official public tender for supply of consultancy & facility management under standard UTTAR PRADESH state procurement guidelines.,2019-10-18 00:00:00,2019-10-24 00:00:00,2019-10-25 00:00:00,2019-11-08,243805723.65,280376582.19,INR,1,GUPTA AND SONS CONTRACTOR,ENT-SUP-7A3AE215B9,GUPTA AND SONS CONTRACTOR,"UTTAR PRADESH, India",AWARDED,6.0,1,0,OPEN_TENDER,UTTAR PRADESH JAL NIGAM,UTTAR_PRADESH,https://etender.up.nic.in/
UTT-UT-2021-01227,REF-UTT-UT-2021-01227,UTTAR PRADESH JAL NIGAM,UTTAR PRADESH State Government,UTTAR PRADESH,Central District,"UTTAR PRADESH, India",Medical Equipment & Consumables,Procurement of medical equipment & consumables for UTTAR PRADESH JAL NIGAM,Official public tender for supply of medical equipment & consumables under standard UTTAR PRADESH state procurement guidelines.,2021-05-08 00:00:00,2021-05-14 00:00:00,2021-05-15 00:00:00,2021-05-29,4566607.32,4338276.96,INR,2,AHLUWALIA CONTRACTS INDIA LIMITED,ENT-SUP-28AFE50D95,AHLUWALIA CONTRACTS INDIA LIMITED,"UTTAR PRADESH, India",AWARDED,6.0,0,0,OPEN_TENDER,UTTAR PRADESH JAL NIGAM,UTTAR_PRADESH,https://etender.up.nic.in/
UTT-UT-2021-01228,REF-UTT-UT-2021-01228,MEDICAL HEALTH FAMILY WELFARE LUCKNOW,UTTAR PRADESH State Government,UTTAR PRADESH,Central District,"UTTAR PRADESH, India",Medical Equipment & Consumables,Procurement of medical equipment & consumables for MEDICAL HEALTH FAMILY WELFARE LUCKNOW,Official public tender for supply of medical equipment & consumables under standard UTTAR PRADESH state procurement guidelines.,2019-03-19 00:00:00,2019-04-09 00:00:00,2019-04-10 00:00:00,2019-04-24,21724859.26,22159356.45,INR,1,SHARMA ENGINEERING WORKS,ENT-SUP-9473B0CC3C,SHARMA ENGINEERING WORKS,"UTTAR PRADESH, India",AWARDED,21.0,2,0,OPEN_TENDER,MEDICAL HEALTH FAMILY WELFARE LUCKNOW,UTTAR_PRADESH,https://etender.up.nic.in/
UTT-UT-2021-01229,REF-UTT-UT-2021-01229,UP STATE HIGHWAY AUTHORITY,UTTAR PRADESH State Government,UTTAR PRADESH,Central District,"UTTAR PRADESH, India",Medical Equipment & Consumables,Procurement of medical equipment & consumables for UP STATE HIGHWAY AUTHORITY,Official public tender for supply of medical equipment & consumables under standard UTTAR PRADESH state procurement guidelines.,2021-01-23 00:00:00,2021-02-13 00:00:00,2021-02-14 00:00:00,2021-02-28,4613648.47,4382966.04,INR,2,APEX MEDITECH SOLUTIONS,ENT-SUP-A750489DC1,APEX MEDITECH SOLUTIONS,"UTTAR PRADESH, India",AWARDED,21.0,0,0,OPEN_TENDER,UP STATE HIGHWAY AUTHORITY,UTTAR_PRADESH,https://etender.up.nic.in/
UTT-UT-2021-01230,REF-UTT-UT-2021-01230,MEDICAL HEALTH FAMILY WELFARE LUCKNOW,UTTAR PRADESH State Government,UTTAR PRADESH,Central District,"UTTAR PRADESH, India",Medical Equipment & Consumables,Procurement of medical equipment & consumables for MEDICAL HEALTH FAMILY WELFARE LUCKNOW,Official public tender for supply of medical equipment & consumables under standard UTTAR PRADESH state procurement guidelines.,2019-01-23 00:00:00,2019-02-22 00:00:00,2019-02-23 00:00:00,2019-03-09,4998155.18,4398376.56,INR,3,KNR CONSTRUCTION,ENT-SUP-6A86A67807,KNR CONSTRUCTION,"UTTAR PRADESH, India",AWARDED,30.0,0,0,OPEN_TENDER,MEDICAL HEALTH FAMILY WELFARE LUCKNOW,UTTAR_PRADESH,https://etender.up.nic.in/
UTT-UT-2021-01231,REF-UTT-UT-2021-01231,UP STATE HIGHWAY AUTHORITY,UTTAR PRADESH State Government,UTTAR PRADESH,Central District,"UTTAR PRADESH, India",Civil Works & Infrastructure,Procurement of civil works & infrastructure for UP STATE HIGHWAY AUTHORITY,Official public tender for supply of civil works & infrastructure under standard UTTAR PRADESH state procurement guidelines.,2020-06-17 00:00:00,2020-07-01 00:00:00,2020-07-02 00:00:00,2020-07-16,15842465.58,21387328.53,INR,1,PNC INFRATECH LIMITED,ENT-SUP-4B3E89D111,PNC INFRATECH LIMITED,"UTTAR PRADESH, India",AWARDED,14.0,0,0,OPEN_TENDER,UP STATE HIGHWAY AUTHORITY,UTTAR_PRADESH,https://etender.up.nic.in/
UTT-UT-2021-01232,REF-UTT-UT-2021-01232,UTTAR PRADESH JAL NIGAM,UTTAR PRADESH State Government,UTTAR PRADESH,Central District,"UTTAR PRADESH, India",Electrical & Mechanical,Procurement of electrical & mechanical for UTTAR PRADESH JAL NIGAM,Official public tender for supply of electrical & mechanical under standard UTTAR PRADESH state procurement guidelines.,2020-11-01 00:00:00,2020-11-07 00:00:00,2020-11-08 00:00:00,2020-11-22,4978027.76,5376269.98,INR,4,ZENITH INFRASTRUCTURE PROJECTS,ENT-SUP-4F350A4CA1,ZENITH INFRASTRUCTURE PROJECTS,"UTTAR PRADESH, India",AWARDED,6.0,0,0,OPEN_TENDER,UTTAR PRADESH JAL NIGAM,UTTAR_PRADESH,https://etender.up.nic.in/
UTT-UT-2021-01233,REF-UTT-UT-2021-01233,UP STATE HIGHWAY AUTHORITY,UTTAR PRADESH State Government,UTTAR PRADESH,Central District,"UTTAR PRADESH, India",Civil Works & Infrastructure,Procurement of civil works & infrastructure for UP STATE HIGHWAY AUTHORITY,Official public tender for supply of civil works & infrastructure under standard UTTAR PRADESH state procurement guidelines.,2020-06-28 00:00:00,2020-07-02 00:00:00,2020-07-03 00:00:00,2020-07-17,259020096.07,349677129.69,INR,3,AHLUWALIA CONTRACTS INDIA LIMITED,ENT-SUP-28AFE50D95,AHLUWALIA CONTRACTS INDIA LIMITED,"UTTAR PRADESH, India",AWARDED,4.0,0,0,OPEN_TENDER,UP STATE HIGHWAY AUTHORITY,UTTAR_PRADESH,https://etender.up.nic.in/
UTT-UT-2021-01234,REF-UTT-UT-2021-01234,UP STATE HIGHWAY AUTHORITY,UTTAR PRADESH State Government,UTTAR PRADESH,Central District,"UTTAR PRADESH, India",Information Technology & Software,Procurement of information technology & software for UP STATE HIGHWAY AUTHORITY,Official public tender for supply of information technology & software under standard UTTAR PRADESH state procurement guidelines.,2020-04-09 00:00:00,2020-04-13 00:00:00,2020-04-14 00:00:00,2020-04-28,22975302.24,21826537.13,INR,2,BHARAT DIAGNOSTIC SYSTEMS,ENT-SUP-C6B6FCD7BC,BHARAT DIAGNOSTIC SYSTEMS,"UTTAR PRADESH, India",AWARDED,4.0,0,0,OPEN_TENDER,UP STATE HIGHWAY AUTHORITY,UTTAR_PRADESH,https://etender.up.nic.in/
UTT-UT-2021-01235,REF-UTT-UT-2021-01235,NOIDA INDUSTRIAL DEVELOPMENT AUTH,UTTAR PRADESH State Government,UTTAR PRADESH,Central District,"UTTAR PRADESH, India",Civil Works & Infrastructure,Procurement of civil works & infrastructure for NOIDA INDUSTRIAL DEVELOPMENT AUTH,Official public tender for supply of civil works & infrastructure under standard UTTAR PRADESH state procurement guidelines.,2020-01-21 00:00:00,2020-02-11 00:00:00,2020-02-12 00:00:00,2020-02-26,288034318.25,311077063.71,INR,3,KNR CONSTRUCTION,ENT-SUP-6A86A67807,KNR CONSTRUCTION,"UTTAR PRADESH, India",AWARDED,21.0,0,0,OPEN_TENDER,NOIDA INDUSTRIAL DEVELOPMENT AUTH,UTTAR_PRADESH,https://etender.up.nic.in/
UTT-UT-2021-01236,REF-UTT-UT-2021-01236,UTTAR PRADESH JAL NIGAM,UTTAR PRADESH State Government,UTTAR PRADESH,Central District,"UTTAR PRADESH, India",Information Technology & Software,Procurement of information technology & software for UTTAR PRADESH JAL NIGAM,Official public tender for supply of information technology & software under standard UTTAR PRADESH state procurement guidelines.,2021-09-12 00:00:00,2021-10-03 00:00:00,2021-10-04 00:00:00,2021-10-18,8811433.31,11895434.97,INR,5,AHLUWALIA CONTRACTS INDIA LIMITED,ENT-SUP-28AFE50D95,AHLUWALIA CONTRACTS INDIA LIMITED,"UTTAR PRADESH, India",AWARDED,21.0,2,0,OPEN_TENDER,UTTAR PRADESH JAL NIGAM,UTTAR_PRADESH,https://etender.up.nic.in/
UTT-UT-2021-01237,REF-UTT-UT-2021-01237,UTTAR PRADESH PUBLIC WORKS DEPARTMENT,UTTAR PRADESH State Government,UTTAR PRADESH,Central District,"UTTAR PRADESH, India",Civil Works & Infrastructure,Procurement of civil works & infrastructure for UTTAR PRADESH PUBLIC WORKS DEPARTMENT,Official public tender for supply of civil works & infrastructure under standard UTTAR PRADESH state procurement guidelines.,2019-12-12 00:00:00,2020-01-11 00:00:00,2020-01-12 00:00:00,2020-01-26,6585592.96,6717304.82,INR,4,AHLUWALIA CONTRACTS INDIA LIMITED,ENT-SUP-28AFE50D95,AHLUWALIA CONTRACTS INDIA LIMITED,"UTTAR PRADESH, India",AWARDED,30.0,0,0,OPEN_TENDER,UTTAR PRADESH PUBLIC WORKS DEPARTMENT,UTTAR_PRADESH,https://etender.up.nic.in/
UTT-UT-2021-01238,REF-UTT-UT-2021-01238,UTTAR PRADESH JAL NIGAM,UTTAR PRADESH State Government,UTTAR PRADESH,Central District,"UTTAR PRADESH, India",Electrical & Mechanical,Procurement of electrical & mechanical for UTTAR PRADESH JAL NIGAM,Official public tender for supply of electrical & mechanical under standard UTTAR PRADESH state procurement guidelines.,2019-11-03 00:00:00,2019-11-17 00:00:00,2019-11-18 00:00:00,2019-12-02,223405057.79,196596450.85,INR,2,NCC LIMITED INFRASTRUCTURE,ENT-SUP-0DFD916C8B,NCC LIMITED INFRASTRUCTURE,"UTTAR PRADESH, India",AWARDED,14.0,2,0,OPEN_TENDER,UTTAR PRADESH JAL NIGAM,UTTAR_PRADESH,https://etender.up.nic.in/
UTT-UT-2021-01239,REF-UTT-UT-2021-01239,MEDICAL HEALTH FAMILY WELFARE LUCKNOW,UTTAR PRADESH State Government,UTTAR PRADESH,Central District,"UTTAR PRADESH, India",Civil Works & Infrastructure,Procurement of civil works & infrastructure for MEDICAL HEALTH FAMILY WELFARE LUCKNOW,Official public tender for supply of civil works & infrastructure under standard UTTAR PRADESH state procurement guidelines.,2019-11-17 00:00:00,2019-12-01 00:00:00,2019-12-02 00:00:00,2019-12-16,4918118.49,4327944.27,INR,3,ZENITH INFRASTRUCTURE PROJECTS,ENT-SUP-4F350A4CA1,ZENITH INFRASTRUCTURE PROJECTS,"UTTAR PRADESH, India",AWARDED,14.0,2,0,OPEN_TENDER,MEDICAL HEALTH FAMILY WELFARE LUCKNOW,UTTAR_PRADESH,https://etender.up.nic.in/
UTT-UT-2021-01240,REF-UTT-UT-2021-01240,UTTAR PRADESH PUBLIC WORKS DEPARTMENT,UTTAR PRADESH State Government,UTTAR PRADESH,Central District,"UTTAR PRADESH, India",Consultancy & Facility Management,Procurement of consultancy & facility management for UTTAR PRADESH PUBLIC WORKS DEPARTMENT,Official public tender for supply of consultancy & facility management under standard UTTAR PRADESH state procurement guidelines.,2021-08-12 00:00:00,2021-09-11 00:00:00,2021-09-12 00:00:00,2021-09-26,11393901.32,10824206.26,INR,2,PNC INFRATECH LIMITED,ENT-SUP-4B3E89D111,PNC INFRATECH LIMITED,"UTTAR PRADESH, India",AWARDED,30.0,0,0,OPEN_TENDER,UTTAR PRADESH PUBLIC WORKS DEPARTMENT,UTTAR_PRADESH,https://etender.up.nic.in/
UTT-UT-2021-01241,REF-UTT-UT-2021-01241,UTTAR PRADESH PUBLIC WORKS DEPARTMENT,UTTAR PRADESH State Government,UTTAR PRADESH,Central District,"UTTAR PRADESH, India",Consultancy & Facility Management,Procurement of consultancy & facility management for UTTAR PRADESH PUBLIC WORKS DEPARTMENT,Official public tender for supply of consultancy & facility management under standard UTTAR PRADESH state procurement guidelines.,2020-08-13 00:00:00,2020-08-17 00:00:00,2020-08-18 00:00:00,2020-09-01,1220044.67,1073639.31,INR,2,TATA PROJECTS LIMITED,ENT-SUP-861D6E7011,TATA PROJECTS LIMITED,"UTTAR PRADESH, India",AWARDED,4.0,0,0,OPEN_TENDER,UTTAR PRADESH PUBLIC WORKS DEPARTMENT,UTTAR_PRADESH,https://etender.up.nic.in/
UTT-UT-2021-01242,REF-UTT-UT-2021-01242,NOIDA INDUSTRIAL DEVELOPMENT AUTH,UTTAR PRADESH State Government,UTTAR PRADESH,Central District,"UTTAR PRADESH, India",Information Technology & Software,Procurement of information technology & software for NOIDA INDUSTRIAL DEVELOPMENT AUTH,Official public tender for supply of information technology & software under standard UTTAR PRADESH state procurement guidelines.,2019-11-24 00:00:00,2019-12-24 00:00:00,2019-12-25 00:00:00,2020-01-08,4939491.61,4692517.03,INR,2,BHARAT DIAGNOSTIC SYSTEMS,ENT-SUP-C6B6FCD7BC,BHARAT DIAGNOSTIC SYSTEMS,"UTTAR PRADESH, India",AWARDED,30.0,2,0,OPEN_TENDER,NOIDA INDUSTRIAL DEVELOPMENT AUTH,UTTAR_PRADESH,https://etender.up.nic.in/
UTT-UT-2021-01243,REF-UTT-UT-2021-01243,UTTAR PRADESH PUBLIC WORKS DEPARTMENT,UTTAR PRADESH State Government,UTTAR PRADESH,Central District,"UTTAR PRADESH, India",Medical Equipment & Consumables,Procurement of medical equipment & consumables for UTTAR PRADESH PUBLIC WORKS DEPARTMENT,Official public tender for supply of medical equipment & consumables under standard UTTAR PRADESH state procurement guidelines.,2019-11-20 00:00:00,2019-12-04 00:00:00,2019-12-05 00:00:00,2019-12-19,8706810.29,8271469.77,INR,1,DILIP BUILDCON LIMITED,ENT-SUP-55226FC7C8,DILIP BUILDCON LIMITED,"UTTAR PRADESH, India",AWARDED,14.0,0,0,OPEN_TENDER,UTTAR PRADESH PUBLIC WORKS DEPARTMENT,UTTAR_PRADESH,https://etender.up.nic.in/
UTT-UT-2021-01244,REF-UTT-UT-2021-01244,UP STATE HIGHWAY AUTHORITY,UTTAR PRADESH State Government,UTTAR PRADESH,Central District,"UTTAR PRADESH, India",Medical Equipment & Consumables,Procurement of medical equipment & consumables for UP STATE HIGHWAY AUTHORITY,Official public tender for supply of medical equipment & consumables under standard UTTAR PRADESH state procurement guidelines.,2021-06-16 00:00:00,2021-07-07 00:00:00,2021-07-08 00:00:00,2021-07-22,4988014.58,5387055.74,INR,3,NCC LIMITED INFRASTRUCTURE,ENT-SUP-0DFD916C8B,NCC LIMITED INFRASTRUCTURE,"UTTAR PRADESH, India",AWARDED,21.0,0,0,OPEN_TENDER,UP STATE HIGHWAY AUTHORITY,UTTAR_PRADESH,https://etender.up.nic.in/
UTT-UT-2021-01245,REF-UTT-UT-2021-01245,NOIDA INDUSTRIAL DEVELOPMENT AUTH,UTTAR PRADESH State Government,UTTAR PRADESH,Central District,"UTTAR PRADESH, India",Medical Equipment & Consumables,Procurement of medical equipment & consumables for NOIDA INDUSTRIAL DEVELOPMENT AUTH,Official public tender for supply of medical equipment & consumables under standard UTTAR PRADESH state procurement guidelines.,2021-09-08 00:00:00,2021-10-08 00:00:00,2021-10-09 00:00:00,2021-10-23,4916607.44,5309936.03,INR,1,DILIP BUILDCON LIMITED,ENT-SUP-55226FC7C8,DILIP BUILDCON LIMITED,"UTTAR PRADESH, India",AWARDED,30.0,1,0,OPEN_TENDER,NOIDA INDUSTRIAL DEVELOPMENT AUTH,UTTAR_PRADESH,https://etender.up.nic.in/
UTT-UT-2021-01246,REF-UTT-UT-2021-01246,UTTAR PRADESH JAL NIGAM,UTTAR PRADESH State Government,UTTAR PRADESH,Central District,"UTTAR PRADESH, India",Medical Equipment & Consumables,Procurement of medical equipment & consumables for UTTAR PRADESH JAL NIGAM,Official public tender for supply of medical equipment & consumables under standard UTTAR PRADESH state procurement guidelines.,2020-02-07 00:00:00,2020-02-11 00:00:00,2020-02-12 00:00:00,2020-02-26,4973717.59,5073191.95,INR,2,LARSEN AND TOUBRO CONSTRUCTION,ENT-SUP-6C6BEB7D6E,LARSEN AND TOUBRO CONSTRUCTION,"UTTAR PRADESH, India",AWARDED,4.0,0,0,OPEN_TENDER,UTTAR PRADESH JAL NIGAM,UTTAR_PRADESH,https://etender.up.nic.in/
UTT-UT-2021-01247,REF-UTT-UT-2021-01247,UTTAR PRADESH JAL NIGAM,UTTAR PRADESH State Government,UTTAR PRADESH,Central District,"UTTAR PRADESH, India",Medical Equipment & Consumables,Procurement of medical equipment & consumables for UTTAR PRADESH JAL NIGAM,Official public tender for supply of medical equipment & consumables under standard UTTAR PRADESH state procurement guidelines.,2019-08-07 00:00:00,2019-08-11 00:00:00,2019-08-12 00:00:00,2019-08-26,4948133.15,4700726.49,INR,2,PNC INFRATECH LIMITED,ENT-SUP-4B3E89D111,PNC INFRATECH LIMITED,"UTTAR PRADESH, India",AWARDED,4.0,0,0,OPEN_TENDER,UTTAR PRADESH JAL NIGAM,UTTAR_PRADESH,https://etender.up.nic.in/
UTT-UT-2021-01248,REF-UTT-UT-2021-01248,MEDICAL HEALTH FAMILY WELFARE LUCKNOW,UTTAR PRADESH State Government,UTTAR PRADESH,Central District,"UTTAR PRADESH, India",Civil Works & Infrastructure,Procurement of civil works & infrastructure for MEDICAL HEALTH FAMILY WELFARE LUCKNOW,Official public tender for supply of civil works & infrastructure under standard UTTAR PRADESH state procurement guidelines.,2021-02-15 00:00:00,2021-03-08 00:00:00,2021-03-09 00:00:00,2021-03-23,22572693.44,19863970.23,INR,4,DILIP BUILDCON LIMITED,ENT-SUP-55226FC7C8,DILIP BUILDCON LIMITED,"UTTAR PRADESH, India",AWARDED,21.0,0,0,OPEN_TENDER,MEDICAL HEALTH FAMILY WELFARE LUCKNOW,UTTAR_PRADESH,https://etender.up.nic.in/
UTT-UT-2021-01249,REF-UTT-UT-2021-01249,UP STATE HIGHWAY AUTHORITY,UTTAR PRADESH State Government,UTTAR PRADESH,Central District,"UTTAR PRADESH, India",Civil Works & Infrastructure,Procurement of civil works & infrastructure for UP STATE HIGHWAY AUTHORITY,Official public tender for supply of civil works & infrastructure under standard UTTAR PRADESH state procurement guidelines.,2021-08-08 00:00:00,2021-08-29 00:00:00,2021-08-30 00:00:00,2021-09-13,13526900.68,11903672.6,INR,3,APEX MEDITECH SOLUTIONS,ENT-SUP-A750489DC1,APEX MEDITECH SOLUTIONS,"UTTAR PRADESH, India",AWARDED,21.0,1,0,OPEN_TENDER,UP STATE HIGHWAY AUTHORITY,UTTAR_PRADESH,https://etender.up.nic.in/
UTT-UT-2021-01250,REF-UTT-UT-2021-01250,UTTAR PRADESH JAL NIGAM,UTTAR PRADESH State Government,UTTAR PRADESH,Central District,"UTTAR PRADESH, India",Civil Works & Infrastructure,Procurement of civil works & infrastructure for UTTAR PRADESH JAL NIGAM,Official public tender for supply of civil works & infrastructure under standard UTTAR PRADESH state procurement guidelines.,2021-06-05 00:00:00,2021-06-19 00:00:00,2021-06-20 00:00:00,2021-07-04,3487150.98,3068692.86,INR,4,NCC LIMITED INFRASTRUCTURE,ENT-SUP-0DFD916C8B,NCC LIMITED INFRASTRUCTURE,"UTTAR PRADESH, India",AWARDED,14.0,1,0,OPEN_TENDER,UTTAR PRADESH JAL NIGAM,UTTAR_PRADESH,https://etender.up.nic.in/
