tender_id,tender_reference,department,organization,state,district,location,procurement_category,tender_title,description,published_date,submission_deadline,opening_date,contract_date,estimated_value,award_value,currency,number_of_bidders,winning_supplier,supplier_id,supplier_name,supplier_address,tender_status,contract_duration,extension_count,extension_days,procurement_method,buyer,source_dataset,source_url,synthetic_ground_truth,injection_id,technical_specifications,product_catalog
2017_HPIPH_16980_1,2017_HPIPH_16980_1,EXECUTIVE ENGINEER IRRIGATION AND PUBLIC HEALTH DIVISION DALHOUSIE,Himachal Pradesh State Government,HIMACHAL PRADESH,Banikhet,Banikhet,works,Providing Water Supply Scheme to Govt. Polytechnic College Banikhet (At Kanda) in Tehsil Dalhousie District Chamba Himachal Pradesh,Providing Water Supply Scheme to Govt. Polytechnic College Banikhet (At Kanda) in Tehsil Dalhousie District Chamba Himachal Pradesh,2017-06-24 10:00:00,2017-07-10 17:00:00,2017-07-10 17:00:00,2017-06-24,1207800.0,1942240.0,INR,6,TILAK RAJ SHARMA,ENT-SUP-86392C38BE,TILAK RAJ SHARMA,"Himachal Pradesh, India",AWARDED,16.291666666666668,0,0,OPEN_TENDER,EXECUTIVE ENGINEER IRRIGATION AND PUBLIC HEALTH DIVISION DALHOUSIE,HIMACHAL_PRADESH,https://hptenders.gov.in/,0,SYNTH-CTRL-00000,,
2017_PWD_16549_1,2017_PWD_16549_1,E E SUNDER NAGAR DIVISION HIMACHAL PRADESH PUBLIC WORKS DEPARTMENT,Himachal Pradesh State Government,HIMACHAL PRADESH,Sunder Nagar,Sunder Nagar,works,Annual Surfacing on Salwana to Jeor road PMGSY,SH Providing and Laying 25mm thick bituminous concrete including profile correction in KM 3/0 to 4/0 and 6/300 to 6/600,2017-05-26 11:00:00,2017-05-30 11:00:00,2017-06-05 10:00:00,2017-05-26,927363.0,1046464.0,INR,3,ANOOP KUMAR,ENT-SUP-8DCF1EF819,ANOOP KUMAR,"Himachal Pradesh, India",AWARDED,4.0,0,0,OPEN_TENDER,E E SUNDER NAGAR DIVISION HIMACHAL PRADESH PUBLIC WORKS DEPARTMENT,HIMACHAL_PRADESH,https://hptenders.gov.in/,1,SYNTH-INJ-00001,,
2017_PWD_15635_1,2017_PWD_15635_1,EXECUTIVE ENGINEER,Himachal Pradesh State Government,HIMACHAL PRADESH,Dharampur,Dharampur,works,Periodical maintenance of Balyali to Takrer road (Lower Ghanala) KM 0/0 to 2/0(VR-0021) Other than PMGSY Rural Road under AMP for the year 2017-18,Providing and laying built up spray grout bituminous concrete in Km 0/0 to 2/0,2017-04-01 16:00:00,2017-04-10 11:00:00,2017-04-10 11:00:00,2017-04-01,1333964.0,1695111.0,INR,1,ASHIT THAKUR,ENT-SUP-7B34F50800,ASHIT THAKUR,"Himachal Pradesh, India",AWARDED,8.791666666666666,0,0,OPEN_TENDER,EXECUTIVE ENGINEER,HIMACHAL_PRADESH,https://hptenders.gov.in/,0,SYNTH-CTRL-00002,,
2019_HPIPH_32234_1,2019_HPIPH_32234_1,EXECUTIVE ENGINEER,Himachal Pradesh State Government,HIMACHAL PRADESH,Sandhole,Sandhole,works,Providing drinking water supply facility to Village Lashrana and Datwar from LWSS Lashrana Datwar in GP Datwar in Tehsil Sandhole District Mandi (HP) under Jal Jeevan Mission (Har Ghar Nal se Jal),"Construction of percolation well, laying jointing and testing of Rising main, supply and errection of pumping machinery laying, jointing of GMS pipe LC of various dia for distribution system and providing and fixing functional house tap connections",2019-10-22 17:00:00,2019-11-07 17:00:00,2019-11-07 17:00:00,2019-10-22,4419634.0,7374677.29,INR,2,VINAY KUMAR GOVT CONT,ENT-SUP-53C67FFFFF,VINAY KUMAR GOVT CONT,"Himachal Pradesh, India",AWARDED,16.0,0,0,OPEN_TENDER,EXECUTIVE ENGINEER,HIMACHAL_PRADESH,https://hptenders.gov.in/,1,SYNTH-INJ-00003,,
2017_PWD_16725_1,2017_PWD_16725_1,EXECUTIVE ENGINEER,Himachal Pradesh State Government,HIMACHAL PRADESH,Salooni,Salooni,works,Construction of PWD Rest House at Bhalei,"Building civil work including site development, water supply and sanitary installation and rain water harvesting system",2017-06-06 10:00:00,2017-06-27 11:00:00,2017-06-27 11:00:00,2017-06-06,13129986.0,20042633.0,INR,2,KAMAL THAKUR,ENT-SUP-D36A15E71A,KAMAL THAKUR,"Himachal Pradesh, India",AWARDED,21.041666666666668,0,0,OPEN_TENDER,EXECUTIVE ENGINEER,HIMACHAL_PRADESH,https://hptenders.gov.in/,0,SYNTH-CTRL-00004,,
UTT-UT-2021-01227,REF-UTT-UT-2021-01227,UTTAR PRADESH JAL NIGAM,UTTAR PRADESH State Government,UTTAR PRADESH,Central District,"UTTAR PRADESH, India",Medical Equipment & Consumables,Procurement of medical equipment & consumables for UTTAR PRADESH JAL NIGAM,Official public tender for supply of medical equipment & consumables under standard UTTAR PRADESH state procurement guidelines.,2021-05-08 00:00:00,2021-05-14 00:00:00,2021-05-15 00:00:00,2021-05-29,4566607.32,4338276.96,INR,2,AHLUWALIA CONTRACTS INDIA LIMITED,ENT-SUP-28AFE50D95,AHLUWALIA CONTRACTS INDIA LIMITED,"UTTAR PRADESH, India",AWARDED,6.0,0,0,OPEN_TENDER,UTTAR PRADESH JAL NIGAM,UTTAR_PRADESH,https://etender.up.nic.in/,1,SYNTH-INJ-00005,Proprietary Model APEX-X900 patented optical sensor system with custom firmware 4.2.1 exclusive to Apex Systems.,Apex Systems APEX-X900 patented optical sensor system with custom firmware 4.2.1.
MAH-MA-2021-01091,REF-MAH-MA-2021-01091,MAHARASHTRA PUBLIC WORKS DEPARTMENT,MAHARASHTRA State Government,MAHARASHTRA,Central District,"MAHARASHTRA, India",Electrical & Mechanical,Procurement of electrical & mechanical for MAHARASHTRA PUBLIC WORKS DEPARTMENT,Official public tender for supply of electrical & mechanical under standard MAHARASHTRA state procurement guidelines.,2019-07-20 00:00:00,2019-07-26 00:00:00,2019-07-27 00:00:00,2019-08-10,4974490.1,4725765.6,INR,2,ZENITH INFRASTRUCTURE PROJECTS,ENT-SUP-4F350A4CA1,ZENITH INFRASTRUCTURE PROJECTS,"MAHARASHTRA, India",AWARDED,6.0,0,0,OPEN_TENDER,MAHARASHTRA PUBLIC WORKS DEPARTMENT,MAHARASHTRA,https://mahatenders.gov.in/,0,SYNTH-CTRL-00006,,
2018_PWD_19783_1,2018_PWD_19783_1,EXECUTIVE ENGINEER MANDI DIVISION NO II HIMACHAL PRADESH PUBLIC WORKS DEPARTMENT MANDI,Himachal Pradesh State Government,HIMACHAL PRADESH,EE MANDI DIVISION NO-II HPPWD MANDI,EE MANDI DIVISION NO-II HPPWD MANDI,works,A.M.P for the year 2018-19 on Bindrabani to Majhwar road DRRP No. HP0805MRL0077.,Providing and Laying Bituminous Concrete in km 4/0 to 5/0 AND 7/0 to 8/0),2018-02-28 17:00:00,2018-03-07 10:00:00,2018-03-07 10:00:00,2018-02-28,1708889.0,1747007.75,INR,1,SANJAY SHARMA,ENT-SUP-F6F831C124,SANJAY SHARMA,"Himachal Pradesh, India",AWARDED,6.708333333333333,0,0,OPEN_TENDER,EXECUTIVE ENGINEER MANDI DIVISION NO II HIMACHAL PRADESH PUBLIC WORKS DEPARTMENT MANDI,HIMACHAL_PRADESH,https://hptenders.gov.in/,1,SYNTH-INJ-00007,,
2018_MC_21514_2,2018_MC_21514_2,EXECUTIVE ENGINEER ROADS AND BUILDINGS MUNICIPAL CORPORATION SHIMLA,Himachal Pradesh State Government,HIMACHAL PRADESH,Shimla,Shimla,works,Provision and Repair of Strom Water drains along the roads Microwave Tower to forest road,Provision and Repair of Strom Water drains along the roads Microwave Tower to forest road,2018-06-08 17:00:00,2018-06-20 10:30:00,2018-06-20 10:30:00,2018-06-08,2280000.0,3274242.0,INR,5,DINESH,ENT-SUP-E8762007BA,DINESH,"Himachal Pradesh, India",AWARDED,11.729166666666666,0,0,OPEN_TENDER,EXECUTIVE ENGINEER ROADS AND BUILDINGS MUNICIPAL CORPORATION SHIMLA,HIMACHAL_PRADESH,https://hptenders.gov.in/,0,SYNTH-CTRL-00008,,
2017_PWD_15221_1,2017_PWD_15221_1,EXECUTIVE ENGINEER NH DIVISION HIMACHAL PRADESH PUBLIC WORKS DEPARTMENT SOLAN,Himachal Pradesh State Government,HIMACHAL PRADESH,NH22 (3),NH22 (3),works,"Widening of identified sites on Kalka Shimla Wangtoo road on NH 22 New NH 05 from Kms 67.150 to 165.0 SH C.O R.Wall at Rds 0.180 to 0.205, 0.210 to 0.220 and slab culvert at Rds 0.208 and hume pipe culvert at Rds 0.215 on Shimla Bye Pass","Widening of identified sites on Kalka Shimla Wangtoo road on NH 22 New NH 05 from Kms 67.150 to 165.0 SH C.O R.Wall at Rds 0.180 to 0.205, 0.210 to 0.220 and slab culvert at Rds 0.208 and hume pipe culvert at Rds 0.215 on Shimla Bye Pass",2017-03-06 09:10:00,2017-03-20 10:00:00,2017-03-20 10:00:00,2017-03-06,4887098.28,4791272.83,INR,9,ER ANKUSH DEWAN,ENT-SUP-6BFC60BB71,ER ANKUSH DEWAN,"Himachal Pradesh, India",AWARDED,14.03472222222222,0,0,OPEN_TENDER,EXECUTIVE ENGINEER NH DIVISION HIMACHAL PRADESH PUBLIC WORKS DEPARTMENT SOLAN,HIMACHAL_PRADESH,https://hptenders.gov.in/,1,SYNTH-INJ-00009,,
CEN-CE-2021-01028,REF-CEN-CE-2021-01028,CENTRAL PUBLIC WORKS DEPARTMENT,Government of India,CENTRAL,Central District,"CENTRAL, India",Electrical & Mechanical,Procurement of electrical & mechanical for CENTRAL PUBLIC WORKS DEPARTMENT,Official public tender for supply of electrical & mechanical under standard CENTRAL state procurement guidelines.,2019-07-16 00:00:00,2019-07-20 00:00:00,2019-07-21 00:00:00,2019-08-04,4968641.38,5366132.69,INR,3,GUPTA AND SONS CONTRACTOR,ENT-SUP-7A3AE215B9,GUPTA AND SONS CONTRACTOR,"CENTRAL, India",AWARDED,4.0,1,0,OPEN_TENDER,CENTRAL PUBLIC WORKS DEPARTMENT,CENTRAL_CPPP,https://eprocure.gov.in/cppp/,0,SYNTH-CTRL-00010,,
2017_MC_15003_11,2017_MC_15003_11,EXECUTIVE ENGINEER,Himachal Pradesh State Government,HIMACHAL PRADESH,Shimla,Shimla,works,Periodical renewal coat on various roads paths in ward No.19 Chamyana of M.C. Shimla for the year 2017-18,Periodical renewal coat on various roads paths in ward No.19 Chamyana of M.C. Shimla for the year 2017-18,2017-02-25 17:00:00,2017-03-06 10:30:00,2017-03-06 10:30:00,2017-02-25,1175227.0,1762200.0,INR,2,COLLUSIVE_FAVORITE_ENTERPRISE,ENT-SUP-COLLUSIVE-999,COLLUSIVE_FAVORITE_ENTERPRISE,"Himachal Pradesh, India",AWARDED,8.729166666666666,0,0,OPEN_TENDER,EXECUTIVE ENGINEER,HIMACHAL_PRADESH,https://hptenders.gov.in/,1,SYNTH-INJ-00011,,
2017_PWD_18933_1,2017_PWD_18933_1,EXECUTIVE ENGINEER,Himachal Pradesh State Government,HIMACHAL PRADESH,Kolang,Kolang,works,Construction of balance work including metalling and tarring of Ahju Khajoor Traimbli Basahi road Km.12/0 to 33/0 under NABARD Project RIDF-XVII,Construction of 10.37 mtr span RCC slab bridge over Kolang Khad-I at km.22/670 and Construction of 16.75 mtr span RCC T-Beam bridge over Kolang Khad-II at Km.23/140 along with both side approaches of both bridges,2017-12-28 13:00:00,2018-01-20 17:00:00,2018-01-20 17:00:00,2017-12-28,10376220.0,16161001.0,INR,5,INDER SINGH THAKUR,ENT-SUP-4A06544DBF,INDER SINGH THAKUR,"Himachal Pradesh, India",AWARDED,23.166666666666668,0,0,OPEN_TENDER,EXECUTIVE ENGINEER,HIMACHAL_PRADESH,https://hptenders.gov.in/,0,SYNTH-CTRL-00012,,
2017_PWD_16157_6,2017_PWD_16157_6,EXECUTIVE ENGINEER HP PUBLIC WORKS DEPARTMENT DIVISION KANGRA,Himachal Pradesh State Government,HIMACHAL PRADESH,Items,Items,works,C/O Daulatpur to Kulthi road km. 0/0 to 5/080 (SH- P/L Bituminous Concrete in km. 2/0 to 4/0 under PMGSY financial incentive),C/O Daulatpur to Kulthi road km. 0/0 to 5/080 (SH- P/L Bituminous Concrete in km. 2/0 to 4/0 under PMGSY financial incentive),2017-05-11 10:00:00,2017-06-05 11:00:00,2017-06-05 11:00:00,2017-05-11,1370528.0,1700800.0,INR,2,VIRENDER PRASHAD SHARMA,ENT-SUP-6CB260B7D2,VIRENDER PRASHAD SHARMA,"Himachal Pradesh, India",AWARDED,25.041666666666668,3,180,OPEN_TENDER,EXECUTIVE ENGINEER HP PUBLIC WORKS DEPARTMENT DIVISION KANGRA,HIMACHAL_PRADESH,https://hptenders.gov.in/,1,SYNTH-INJ-00013,,
2017_PWD_16770_1,2017_PWD_16770_1,EXECUTIVE ENGINEER,Himachal Pradesh State Government,HIMACHAL PRADESH,Rajgarh Division HPPWD Rajgarh,Rajgarh Division HPPWD Rajgarh,works,C/O Link road village Kazar Sagathan Km. 0/0 to 3/0(SH Formation in Km. 1/720 to 2/255).,C/O Link road village Kazar Sagathan Km. 0/0 to 3/0(SH Formation in Km. 1/720 to 2/255).,2017-06-08 09:00:00,2017-06-22 17:00:00,2017-06-22 17:00:00,2017-06-08,778325.0,1282701.0,INR,11,PANKAJ,ENT-SUP-B2102E8D32,PANKAJ,"Himachal Pradesh, India",AWARDED,14.333333333333334,0,0,OPEN_TENDER,EXECUTIVE ENGINEER,HIMACHAL_PRADESH,https://hptenders.gov.in/,0,SYNTH-CTRL-00014,,
2018_PWD_20211_1,2018_PWD_20211_1,EXECUTIVE ENGINEE,Himachal Pradesh State Government,HIMACHAL PRADESH,Bangana,Bangana,works,Periodical maintenance of Jogipanga Balh Chhaproh Busal road SH Providing and laying 25mm thick semi dense bituminous concrete including profile correction in Km 000 to 2500 and 5000 to 5900,Periodical maintenance of Jogipanga Balh Chhaproh Busal road SH Providing and laying 25mm thick semi dense bituminous concrete including profile correction in Km 000 to 2500 and 5000 to 5900,2018-03-19 11:30:00,2018-03-21 11:30:00,2018-03-24 17:00:00,2018-03-19,2141050.0,2241647.0,INR,1,M S SATISH KUMAR SHARMA,ENT-SUP-B6F3C32846,M S SATISH KUMAR SHARMA,"Himachal Pradesh, India",AWARDED,2.0,0,0,OPEN_TENDER,EXECUTIVE ENGINEE,HIMACHAL_PRADESH,https://hptenders.gov.in/,1,SYNTH-INJ-00015,,
2017_HPIPH_17650_1,2017_HPIPH_17650_1,EXECUTIVE ENGINEER IRRIGATION AND PUBLIC HEALTH DIVISION BARSAR,Himachal Pradesh State Government,HIMACHAL PRADESH,IPH Sub Division Bhoranj,IPH Sub Division Bhoranj,works,Running Operation of LWSS Markanda Tatapani and LWSS Aman Kachoti under IPH Section Bhoranj in Tehsil Bhoranj Distt. Hamirpur SH Deployment of labour for one year,Running Operation of LWSS Markanda Tatapani and LWSS Aman Kachoti under IPH Section Bhoranj in Tehsil Bhoranj Distt. Hamirpur SH Deployment of labour for one year,2017-08-11 14:30:00,2017-08-18 16:00:00,2017-08-18 16:00:00,2017-08-11,925549.0,1150000.0,INR,3,VINAY KUMAR SHARDA,ENT-SUP-6F1DC4381F,VINAY KUMAR SHARDA,"Himachal Pradesh, India",AWARDED,7.0625,0,0,OPEN_TENDER,EXECUTIVE ENGINEER IRRIGATION AND PUBLIC HEALTH DIVISION BARSAR,HIMACHAL_PRADESH,https://hptenders.gov.in/,0,SYNTH-CTRL-00016,,
2019_HPIPH_31234_1,2019_HPIPH_31234_1,EXECUTIVE ENGINEER,Himachal Pradesh State Government,HIMACHAL PRADESH,Huen,Huen,works,GWSS Huen in Tehsil Sarkaghat District Mandi HP,Construction of Filter Bed 2 unit of 13.50 sqm construction of sedimentation tank 32000 litres capacity and construction of RCC clear water tank 12000 litres capacity under water quality,2019-09-02 17:00:00,2019-09-21 11:00:00,2019-09-21 11:00:00,2019-09-02,759828.0,1207169.18,INR,2,SAMBHU RAM,ENT-SUP-85A8C702DB,SAMBHU RAM,"Himachal Pradesh, India",AWARDED,18.75,0,0,OPEN_TENDER,EXECUTIVE ENGINEER,HIMACHAL_PRADESH,https://hptenders.gov.in/,1,SYNTH-INJ-00017,,
2019_PWD_30934_10,2019_PWD_30934_10,EXECUTIVE ENGINEER,Himachal Pradesh State Government,HIMACHAL PRADESH,Nahan,Nahan,works,Construction of Additional Study Lab cum News Reading Room in existing Building of Mahima Library at Nahan,Construction of Additional Study Lab cum News Reading Room in existing Building of Mahima Library at Nahan,2019-08-17 17:00:00,2019-08-23 10:00:00,2019-08-23 10:00:00,2019-08-17,683992.0,706183.0,INR,2,SHAKUN KUMAR GUPTA,ENT-SUP-3D78927077,SHAKUN KUMAR GUPTA,"Himachal Pradesh, India",AWARDED,5.708333333333333,0,0,OPEN_TENDER,EXECUTIVE ENGINEER,HIMACHAL_PRADESH,https://hptenders.gov.in/,0,SYNTH-CTRL-00018,,
MAH-MA-2021-01209,REF-MAH-MA-2021-01209,WATER RESOURCES DEPARTMENT MAHARASHTRA,MAHARASHTRA State Government,MAHARASHTRA,Central District,"MAHARASHTRA, India",Consultancy & Facility Management,Procurement of consultancy & facility management for WATER RESOURCES DEPARTMENT MAHARASHTRA,Official public tender for supply of consultancy & facility management under standard MAHARASHTRA state procurement guidelines.,2020-01-24 00:00:00,2020-02-07 00:00:00,2020-02-08 00:00:00,2020-02-22,4924657.16,4333698.3,INR,2,SHARMA ENGINEERING WORKS,ENT-SUP-9473B0CC3C,SHARMA ENGINEERING WORKS,"MAHARASHTRA, India",AWARDED,14.0,1,0,OPEN_TENDER,WATER RESOURCES DEPARTMENT MAHARASHTRA,MAHARASHTRA,https://mahatenders.gov.in/,1,SYNTH-INJ-00019,Proprietary Model APEX-X900 patented optical sensor system with custom firmware 4.2.1 exclusive to Apex Systems.,Apex Systems APEX-X900 patented optical sensor system with custom firmware 4.2.1.
UTT-UT-2021-01087,REF-UTT-UT-2021-01087,MEDICAL HEALTH FAMILY WELFARE LUCKNOW,UTTAR PRADESH State Government,UTTAR PRADESH,Central District,"UTTAR PRADESH, India",Civil Works & Infrastructure,Procurement of civil works & infrastructure for MEDICAL HEALTH FAMILY WELFARE LUCKNOW,Official public tender for supply of civil works & infrastructure under standard UTTAR PRADESH state procurement guidelines.,2020-09-05 00:00:00,2020-10-05 00:00:00,2020-10-06 00:00:00,2020-10-20,99398359.17,107350227.9,INR,2,GUPTA AND SONS CONTRACTOR,ENT-SUP-7A3AE215B9,GUPTA AND SONS CONTRACTOR,"UTTAR PRADESH, India",AWARDED,30.0,2,0,OPEN_TENDER,MEDICAL HEALTH FAMILY WELFARE LUCKNOW,UTTAR_PRADESH,https://etender.up.nic.in/,0,SYNTH-CTRL-00020,,
2017_PWD_17799_3,2017_PWD_17799_3,EXECUTIVE ENGINEER,Himachal Pradesh State Government,HIMACHAL PRADESH,Dharamshala,Dharamshala,works,C/O Balance work of Bus Stand at Nagrota Bagwan in Distt. Kangra HP,"C/O Balance work of Bus Stand at Nagrota Bagwan in Distt. Kangra HP Sub Head Balance work of lift, partitions and sanitary installation",2017-08-23 18:00:00,2017-09-08 11:00:00,2017-09-08 11:00:00,2017-08-23,1614110.0,2082247.0,INR,1,PAWAN KUMAR,ENT-SUP-91ED9F4F04,PAWAN KUMAR,"Himachal Pradesh, India",AWARDED,15.708333333333334,0,0,OPEN_TENDER,EXECUTIVE ENGINEER,HIMACHAL_PRADESH,https://hptenders.gov.in/,1,SYNTH-INJ-00021,,
2019_HPIPH_29540_1,2019_HPIPH_29540_1,EXECUTIVE ENGINEER,Himachal Pradesh State Government,HIMACHAL PRADESH,Nohradhar,Nohradhar,works,Providing LWSS to village Shalamoo and Badrik Ashram in Tehsil Rajgarh Distt Sirmour,SH CO Raw water tank sedimentation tank filter bed Sump Well storage tank pump house providing and laying of GMS pipe in RMain and distribution system supplying and Erection of pumping machinery with allied accessories,2019-06-21 17:00:00,2019-07-05 11:00:00,2019-07-05 11:00:00,2019-06-21,1980853.0,2650598.0,INR,2,HYDRAULIC ENGINEERING COMPANY,ENT-SUP-FD46BE7066,HYDRAULIC ENGINEERING COMPANY,"Himachal Pradesh, India",AWARDED,13.75,0,0,OPEN_TENDER,EXECUTIVE ENGINEER,HIMACHAL_PRADESH,https://hptenders.gov.in/,0,SYNTH-CTRL-00022,,
2017_PWD_18257_1,2017_PWD_18257_1,EXECUTIVE ENGINEER,Himachal Pradesh State Government,HIMACHAL PRADESH,RAJGARH DIVISION HPPPWD RAJAGRH,RAJGARH DIVISION HPPPWD RAJAGRH,works,M/T on Fagu Bathaudhar road km. 0/0 to 10/0 (SH P/L wearing Tarring in Km. 0/0 to 3/0) Under MMGPY,M/T on Fagu Bathaudhar road km. 0/0 to 10/0 (SH P/L wearing Tarring in Km. 0/0 to 3/0) Under MMGPY,2017-09-20 14:00:00,2017-09-28 17:00:00,2017-09-28 17:00:00,2017-09-20,4947318.62,4850312.37,INR,29,DEEPAK ATTRI,ENT-SUP-3E587100F1,DEEPAK ATTRI,"Himachal Pradesh, India",AWARDED,8.125,0,0,OPEN_TENDER,EXECUTIVE ENGINEER,HIMACHAL_PRADESH,https://hptenders.gov.in/,1,SYNTH-INJ-00023,,
2017_PWD_14683_1,2017_PWD_14683_1,STORE PURCHASE OFFICER,Himachal Pradesh State Government,HIMACHAL PRADESH,Shimla,Shimla,goods,Supply of Skid Steer Loader with snow cutter and blower,"Supply of Skid Steer Loader with snow cutter and blower for HP.PWD., B and R Kumarsain Division and B and R CV Division Udaipur during the year 2016-17.",2017-02-06 17:00:00,2017-03-06 09:00:00,2017-03-06 09:00:00,2017-02-06,4300000.0,3681713.0,INR,2,JCB INDIA LIMITED,ENT-SUP-15A56F0F3F,JCB INDIA LIMITED,"Himachal Pradesh, India",AWARDED,27.666666666666668,0,0,OPEN_TENDER,STORE PURCHASE OFFICER,HIMACHAL_PRADESH,https://hptenders.gov.in/,0,SYNTH-CTRL-00024,,
KAR-KA-2021-01095,REF-KAR-KA-2021-01095,KARNATAKA PUBLIC WORKS PORTS INLAND WATER,KARNATAKA State Government,KARNATAKA,Central District,"KARNATAKA, India",Electrical & Mechanical,Procurement of electrical & mechanical for KARNATAKA PUBLIC WORKS PORTS INLAND WATER,Official public tender for supply of electrical & mechanical under standard KARNATAKA state procurement guidelines.,2021-02-20 00:00:00,2021-03-22 00:00:00,2021-03-23 00:00:00,2021-04-06,4983394.68,5382066.26,INR,4,COLLUSIVE_FAVORITE_ENTERPRISE,ENT-SUP-COLLUSIVE-999,COLLUSIVE_FAVORITE_ENTERPRISE,"KARNATAKA, India",AWARDED,30.0,0,0,OPEN_TENDER,KARNATAKA PUBLIC WORKS PORTS INLAND WATER,KARNATAKA,https://kppp.karnataka.gov.in/,1,SYNTH-INJ-00025,,
2017_HPIPH_17858_1,2017_HPIPH_17858_1,EXECUTIVE ENGINEER,Himachal Pradesh State Government,HIMACHAL PRADESH,Joginder Nagar,Joginder Nagar,works,AR and MO LWSS under IPH Section Makriri in Tehsil Joginder Nagar Distt Mandi HP,Repair and maintenance of pumping machinery with allied accessories for 3 years,2017-08-28 12:30:00,2017-09-13 11:00:00,2017-09-13 11:00:00,2017-08-28,1049625.0,344277.0,INR,3,SHARMA ELECTRICAL WORKS,ENT-SUP-B472FA3E5D,SHARMA ELECTRICAL WORKS,"Himachal Pradesh, India",AWARDED,15.9375,0,0,OPEN_TENDER,EXECUTIVE ENGINEER,HIMACHAL_PRADESH,https://hptenders.gov.in/,0,SYNTH-CTRL-00026,,
MAH-MA-2021-01176,REF-MAH-MA-2021-01176,MMRDA URBAN TRANSPORT,MAHARASHTRA State Government,MAHARASHTRA,Central District,"MAHARASHTRA, India",Consultancy & Facility Management,Procurement of consultancy & facility management for MMRDA URBAN TRANSPORT,Official public tender for supply of consultancy & facility management under standard MAHARASHTRA state procurement guidelines.,2020-10-11 00:00:00,2020-11-10 00:00:00,2020-11-11 00:00:00,2020-11-25,4991554.47,4741976.75,INR,4,AHLUWALIA CONTRACTS INDIA LIMITED,ENT-SUP-28AFE50D95,AHLUWALIA CONTRACTS INDIA LIMITED,"MAHARASHTRA, India",AWARDED,30.0,3,180,OPEN_TENDER,MMRDA URBAN TRANSPORT,MAHARASHTRA,https://mahatenders.gov.in/,1,SYNTH-INJ-00027,,
2017_HPIPH_17611_1-1908,2017_HPIPH_17611_1-1908,EXECUTIVE ENGINEER IRRIGATION AND PUBLIC HEALTH DIVISION BARSAR,Himachal Pradesh State Government,HIMACHAL PRADESH,IPH Sub Division Bhoranj,IPH Sub Division Bhoranj,works,Improvement of LWSS Aman for H Basties in Tehsil Bhoranj Distt. Hamirpur H.P. SH Construction of,Improvement of LWSS Aman for H Basties in Tehsil Bhoranj Distt. Hamirpur H.P. SH Construction of boundary wall protection wall to main storage tank,2017-08-09 09:00:00,2017-08-16 16:00:00,2017-08-16 16:00:00,2017-08-09,248869.0,520107.0,INR,6,AMIT KUMAR GOVERNMENT CONTRACTOR,ENT-SUP-2096473ABE,AMIT KUMAR GOVERNMENT CONTRACTOR,"Himachal Pradesh, India",AWARDED,7.291666666666667,0,0,OPEN_TENDER,EXECUTIVE ENGINEER IRRIGATION AND PUBLIC HEALTH DIVISION BARSAR,HIMACHAL_PRADESH,https://hptenders.gov.in/,0,SYNTH-CTRL-00028,,
2018_MC_19440_4,2018_MC_19440_4,EXECUTIVE ENGINEER,Himachal Pradesh State Government,HIMACHAL PRADESH,Shimla,Shimla,works,Construction of Parking near Police Station with improvement in grade of existing in ward No 32 Under AMRUT,Construction of Parking near Police Station with improvement in grade of existing in ward No 32 Under AMRUT,2018-02-03 17:00:00,2018-02-07 17:00:00,2018-02-17 10:30:00,2018-02-03,1920000.0,2290090.0,INR,3,AKSHAY DHILLON,ENT-SUP-F60F51E7C7,AKSHAY DHILLON,"Himachal Pradesh, India",AWARDED,4.0,0,0,OPEN_TENDER,EXECUTIVE ENGINEER,HIMACHAL_PRADESH,https://hptenders.gov.in/,1,SYNTH-INJ-00029,,
2017_HO_16631_1-168,2017_HO_16631_1-168,MD HPSCSC,Himachal Pradesh State Government,HIMACHAL PRADESH,KINDLY REFER TO TENDER DOCUMENT,KINDLY REFER TO TENDER DOCUMENT,goods,PROCUREMENT OF PULSES,PROCUREMENT OF PULSES,2017-05-31 13:05:00,2017-06-21 17:00:00,2017-06-21 17:00:00,2017-05-31,217801875.0,217801875.0,INR,8,GOPAL DAL MILL,ENT-SUP-E829E6B9DF,GOPAL DAL MILL,"Himachal Pradesh, India",AWARDED,21.163194444444443,0,0,OPEN_TENDER,MD HPSCSC,HIMACHAL_PRADESH,https://hptenders.gov.in/,0,SYNTH-CTRL-00030,,
2018_HPIPH_20813_1,2018_HPIPH_20813_1,EXECUTIVE ENGINEER IRRIGATION AND PUBLIC HEALTH DIVISION NAHAN,Himachal Pradesh State Government,HIMACHAL PRADESH,Sarahan,Sarahan,works,Providing LWSS to LOH Harizan Basti Ghirad Sandrol and its adjoining habitation under GP Tikkari Kuthad in Tehsil Pachhad Distt Sirmour HP,"Providing Laying Jointing and testing of MSERW/GMS pipe of 65mm dia in rising main for booster stage and main stage, Providing and installation of submersible pumping machinery of 2 HP with allied accessories for Booster stage and S E of etc",2018-04-23 17:00:00,2018-05-02 11:00:00,2018-05-02 11:00:00,2018-04-23,2236325.0,3070996.28,INR,4,M S SHARMA ENTERPIRSES,ENT-SUP-40F4C066BF,M S SHARMA ENTERPIRSES,"Himachal Pradesh, India",AWARDED,8.75,0,0,OPEN_TENDER,EXECUTIVE ENGINEER IRRIGATION AND PUBLIC HEALTH DIVISION NAHAN,HIMACHAL_PRADESH,https://hptenders.gov.in/,1,SYNTH-INJ-00031,,
CEN-CE-2021-01173,REF-CEN-CE-2021-01173,INDIAN RAILWAYS,Government of India,CENTRAL,Central District,"CENTRAL, India",Electrical & Mechanical,Procurement of electrical & mechanical for INDIAN RAILWAYS,Official public tender for supply of electrical & mechanical under standard CENTRAL state procurement guidelines.,2019-03-08 00:00:00,2019-03-29 00:00:00,2019-03-30 00:00:00,2019-04-13,19621228.5,20013653.07,INR,2,LARSEN AND TOUBRO CONSTRUCTION,ENT-SUP-6C6BEB7D6E,LARSEN AND TOUBRO CONSTRUCTION,"CENTRAL, India",AWARDED,21.0,2,0,OPEN_TENDER,INDIAN RAILWAYS,CENTRAL_CPPP,https://eprocure.gov.in/cppp/,0,SYNTH-CTRL-00032,,
2017_PWD_15702_5,2017_PWD_15702_5,EXECUTIVE ENGINEER CHAMBA DIVISION HIMACHAL PRADESH PUBLIC WORKS DEPARTMENT CHAMBA,Himachal Pradesh State Government,HIMACHAL PRADESH,Chamba,Chamba,works,Periodic Maintenance of Parel Kohlari road Km. 0/0 to 2/0 under PMGSY for the year 2017-18 Providing and Laying Premix carpet with seal coat,Periodic Maintenance of Parel Kohlari road Km. 0/0 to 2/0 under PMGSY for the year 2017-18 Providing and Laying Premix carpet with seal coat,2017-04-05 17:00:00,2017-04-26 11:00:00,2017-04-26 11:00:00,2017-04-05,1296576.0,1698356.0,INR,2,MANESH MEHTA,ENT-SUP-D7ACE0431C,MANESH MEHTA,"Himachal Pradesh, India",AWARDED,20.75,0,0,OPEN_TENDER,EXECUTIVE ENGINEER CHAMBA DIVISION HIMACHAL PRADESH PUBLIC WORKS DEPARTMENT CHAMBA,HIMACHAL_PRADESH,https://hptenders.gov.in/,1,SYNTH-INJ-00033,Proprietary Model APEX-X900 patented optical sensor system with custom firmware 4.2.1 exclusive to Apex Systems.,Apex Systems APEX-X900 patented optical sensor system with custom firmware 4.2.1.
2018_SIDC_22319_1,2018_SIDC_22319_1,AE,Himachal Pradesh State Government,HIMACHAL PRADESH,"Kala Amb, Nahan (HP)","Kala Amb, Nahan (HP)",works,"Construction of road at Industrial Area Kala Amb, Distt. Sirmour (HP). SH. C/o Road and road side RCC drains, pipe culvert and dressing of berms from M/s Sheela to M/s Blue Star (Unit-II) leading from Kala Amb, Nahan Road.","Construction of road at Industrial Area Kala Amb, Distt. Sirmour (HP). SH. C/o Road and road side RCC drains, pipe culvert and dressing of berms from M/s Sheela to M/s Blue Star (Unit-II) leading from Kala-Amb, Nahan Road.",2018-07-16 11:00:00,2018-08-06 17:00:00,2018-08-06 17:00:00,2018-07-16,3684877.0,3637144.0,INR,3,YOGESH KUMAR,ENT-SUP-2560F35EEB,YOGESH KUMAR,"Himachal Pradesh, India",AWARDED,21.25,0,0,OPEN_TENDER,AE,HIMACHAL_PRADESH,https://hptenders.gov.in/,0,SYNTH-CTRL-00034,,
2020_HPIPH_35658_1,2020_HPIPH_35658_1,EXECUTIVE ENGINEER,Himachal Pradesh State Government,HIMACHAL PRADESH,Under IPH Sub Division Bilaspur,Under IPH Sub Division Bilaspur,works,Providing sewerage facility for New Bilaspur town in Tehsil Sadar District Bilaspur (SH Providing laying jointing and testing of DI poipe 200mmd ia and construction of RCC pillars and brick masonry manhole chamber from Puranam Mall to Septic tank Mea,Providing sewerage facility for New Bilaspur town in Tehsil Sadar District Bilaspur (SH Providing laying jointing and testing of DI poipe 200mmd ia and construction of RCC pillars and brick masonry manhole chamber from Puranam Mall to Septic tank Mea,2020-02-26 17:00:00,2020-03-12 11:00:00,2020-03-12 11:00:00,2020-02-26,948548.0,948548.0,INR,1,PRAKUL SHARMA CONTRACTOR,ENT-SUP-2B2888C3ED,PRAKUL SHARMA CONTRACTOR,"Himachal Pradesh, India",AWARDED,14.75,0,0,OPEN_TENDER,EXECUTIVE ENGINEER,HIMACHAL_PRADESH,https://hptenders.gov.in/,1,SYNTH-INJ-00035,,
2018_HPIPH_20605_1,2018_HPIPH_20605_1,EXECUTIVE ENGINEER,Himachal Pradesh State Government,HIMACHAL PRADESH,IPH DIVISION PADHAR,IPH DIVISION PADHAR,works,Augmentation Improvement of WSS for Village Kahra of Uttersal Area in GP Kamand in Tehsil Sadar Distt Mandi HP SH CO Site Development CO Retaining Wall to protect Storage Tank at Point B CO RCC Sump Well of 13000 Lit Capacity at Point A CO Main S,Augmentation Improvement of WSS for Village Kahra of Uttersal Area in GP Kamand in Tehsil Sadar Distt Mandi HP SH CO Site Development CO Retaining Wall to protect Storage Tank at Point B CO RCC Sump Well of 13000 Lit Capacity at Point A CO Main S,2018-04-07 17:00:00,2018-04-27 17:00:00,2018-04-27 17:00:00,2018-04-07,1438418.0,1438587.0,INR,3,GAURAV THAKUR,ENT-SUP-607EEDD72B,GAURAV THAKUR,"Himachal Pradesh, India",AWARDED,20.0,0,0,OPEN_TENDER,EXECUTIVE ENGINEER,HIMACHAL_PRADESH,https://hptenders.gov.in/,0,SYNTH-CTRL-00036,,
2013_HPIPH_1761_1,2013_HPIPH_1761_1,EXECUTIVE ENGINEER IRRIGATION AND PUBLIC HEALTH DIVISION NO I KULLU,Himachal Pradesh State Government,HIMACHAL PRADESH,Manali,Manali,works,"CO F.I.S. Suninsa Rangri in Tehsil Manali District Kullu SH CO Head weir, CO Main Channel 1730 Rmt. CO Main out lets, CO Sub out lets 5 Nos., CO Road X ing 2 Nos. Foot Path X ing 4 Nos. Co Retaining wall 60 Mtrs. at RD 660 to 720 Laying Jointing o","CO F.I.S. Suninsa Rangri in Tehsil Manali District Kullu SH CO Head weir, CO Main Channel 1730 Rmt. CO Main out lets, CO Sub out lets 5 Nos., CO Road X ing 2 Nos. Foot Path X ing 4 Nos. Co Retaining wall 60 Mtrs. at RD 660 to 720 Laying Jointing o",2013-03-18 18:00:00,2013-04-10 18:30:00,2013-04-10 18:30:00,2013-03-18,5043787.43,4944889.63,INR,1,YASH PAL YASH PAL,ENT-SUP-EDDE8242BA,YASH PAL YASH PAL,"Himachal Pradesh, India",AWARDED,23.02083333333333,0,0,OPEN_TENDER,EXECUTIVE ENGINEER IRRIGATION AND PUBLIC HEALTH DIVISION NO I KULLU,HIMACHAL_PRADESH,https://hptenders.gov.in/,1,SYNTH-INJ-00037,,
KAR-KA-2021-01237,REF-KAR-KA-2021-01237,KARNATAKA PUBLIC WORKS PORTS INLAND WATER,KARNATAKA State Government,KARNATAKA,Central District,"KARNATAKA, India",Electrical & Mechanical,Procurement of electrical & mechanical for KARNATAKA PUBLIC WORKS PORTS INLAND WATER,Official public tender for supply of electrical & mechanical under standard KARNATAKA state procurement guidelines.,2020-07-09 00:00:00,2020-07-23 00:00:00,2020-07-24 00:00:00,2020-08-07,92974376.93,88325658.09,INR,2,LARSEN AND TOUBRO CONSTRUCTION,ENT-SUP-6C6BEB7D6E,LARSEN AND TOUBRO CONSTRUCTION,"KARNATAKA, India",AWARDED,14.0,0,0,OPEN_TENDER,KARNATAKA PUBLIC WORKS PORTS INLAND WATER,KARNATAKA,https://kppp.karnataka.gov.in/,0,SYNTH-CTRL-00038,,
2018_PWD_19257_1,2018_PWD_19257_1,EXECUTIVE ENGINEER CHOPAL,Himachal Pradesh State Government,HIMACHAL PRADESH,Chopal,Chopal,works,Widening and strengthening of Sainj Chopal Nerwa Shallu Fedej Road Km 0/00 to 90/00.(Portion from km 20/00 to 30/00),"SH Formation cutting in extended width , Retaining structure , extention of existing CD, P/L GSB , WBM -Grade -II,III, Bitumen Macadam , Bitumen Concrete , essential drain and parapets in km 20/00 to 30/00) Under CRF Job no . CRF - HP- 2017-18-120.",2018-01-22 10:00:00,2018-02-27 17:30:00,2018-02-27 17:30:00,2018-01-22,101852373.0,81505048.0,INR,2,COLLUSIVE_FAVORITE_ENTERPRISE,ENT-SUP-COLLUSIVE-999,COLLUSIVE_FAVORITE_ENTERPRISE,"Himachal Pradesh, India",AWARDED,36.3125,0,0,OPEN_TENDER,EXECUTIVE ENGINEER CHOPAL,HIMACHAL_PRADESH,https://hptenders.gov.in/,1,SYNTH-INJ-00039,,
2017_PWD_15938_4,2017_PWD_15938_4,EXECUTIVE ENGINEER,Himachal Pradesh State Government,HIMACHAL PRADESH,Dharamshala,Dharamshala,works,Annual maintenance of PMGSY roads for the year 2017-18 in respect of HP PWD Division Dharamshala Distt. Kangra H.P,SUB HEAD Periodic maintenance of (i) Yol Dhaloon road Km 0/00 to to 1/00 (ii) Nagrota Buner road Km 5/00 to 6/00),2017-04-20 15:30:00,2017-05-08 11:00:00,2017-05-08 11:00:00,2017-04-20,713494.0,895950.0,INR,2,NAVNEET THAKUR,ENT-SUP-FDD64EBAE6,NAVNEET THAKUR,"Himachal Pradesh, India",AWARDED,17.8125,0,0,OPEN_TENDER,EXECUTIVE ENGINEER,HIMACHAL_PRADESH,https://hptenders.gov.in/,0,SYNTH-CTRL-00040,,
2019_HPIPH_27950_1,2019_HPIPH_27950_1,EXECUTIVE ENGINEER,Himachal Pradesh State Government,HIMACHAL PRADESH,STP,STP,works,RM of Sewerage System to Jubbal Town in Tehsil Jubbal Distt Shimla HP,RM of Sewerage System to Jubbal Town in Tehsil Jubbal Distt Shimla HP,2019-03-01 10:00:00,2019-03-06 11:00:00,2019-03-06 11:00:00,2019-03-01,1330654.0,2116617.0,INR,4,OMKAR CHAND,ENT-SUP-8033690BB8,OMKAR CHAND,"Himachal Pradesh, India",AWARDED,5.041666666666667,3,180,OPEN_TENDER,EXECUTIVE ENGINEER,HIMACHAL_PRADESH,https://hptenders.gov.in/,1,SYNTH-INJ-00041,,
2019_PWD_32167_2,2019_PWD_32167_2,EXECUIVE ENGINEER DALHOUSIE,Himachal Pradesh State Government,HIMACHAL PRADESH,Dalhousie,Dalhousie,works,Restoration of rain damage on Bounkhari Mour to Nagali road Km. 0/0 to 12/0,"SH- Const. of Retaining wall in wire crate at RD. 9/756 to 9/771, Breast wall in wire crate at RD. 9/752 to 9/762 and C/O Trapezoidal shape drain at RD. 9/625 to 9/780",2019-11-20 10:00:00,2019-11-27 11:00:00,2019-11-27 11:00:00,2019-11-20,654826.0,794907.0,INR,4,BHAWINDER SINGH,ENT-SUP-51A6AA4196,BHAWINDER SINGH,"Himachal Pradesh, India",AWARDED,7.041666666666667,0,0,OPEN_TENDER,EXECUIVE ENGINEER DALHOUSIE,HIMACHAL_PRADESH,https://hptenders.gov.in/,0,SYNTH-CTRL-00042,,
RAJ-RA-2021-01040,REF-RAJ-RA-2021-01040,PUBLIC HEALTH ENGINEERING DEPT RAJASTHAN,RAJASTHAN State Government,RAJASTHAN,Central District,"RAJASTHAN, India",Consultancy & Facility Management,Procurement of consultancy & facility management for PUBLIC HEALTH ENGINEERING DEPT RAJASTHAN,Official public tender for supply of consultancy & facility management under standard RAJASTHAN state procurement guidelines.,2021-06-01 00:00:00,2021-06-05 00:00:00,2021-06-23 00:00:00,2021-07-07,149435637.6,152424350.36,INR,1,TATA PROJECTS LIMITED,ENT-SUP-861D6E7011,TATA PROJECTS LIMITED,"RAJASTHAN, India",AWARDED,4.0,2,0,OPEN_TENDER,PUBLIC HEALTH ENGINEERING DEPT RAJASTHAN,RAJASTHAN,https://eproc.rajasthan.gov.in/,1,SYNTH-INJ-00043,,
2018_PWD_23920_1,2018_PWD_23920_1,EXECUTIVE ENGINEER UNA DIVISION HIMACHAL PRADESH PUBLIC WORKS DEPARTMENT UNA,Himachal Pradesh State Government,HIMACHAL PRADESH,Una,Una,works,"Job 1 Construction of C.H.C. Building at Santokhgarh, Tehsil and District Una HP Sub Head C.O Building portion water supply and sanitary installation Rain Water Harvesting Tank Septic Tank soak Pit and Solar Water Heating System","Job 1 Construction of C.H.C. Building at Santokhgarh, Tehsil and District Una HP Sub Head C.O Building portion water supply and sanitary installation Rain Water Harvesting Tank Septic Tank soak Pit and Solar Water Heating System",2018-10-03 10:30:00,2018-10-08 17:00:00,2018-10-08 17:00:00,2018-10-03,27962881.0,29949000.0,INR,2,M S KATHURIA CONSTRUTION COMPANY,ENT-SUP-46D60602C4,M S KATHURIA CONSTRUTION COMPANY,"Himachal Pradesh, India",AWARDED,5.270833333333333,0,0,OPEN_TENDER,EXECUTIVE ENGINEER UNA DIVISION HIMACHAL PRADESH PUBLIC WORKS DEPARTMENT UNA,HIMACHAL_PRADESH,https://hptenders.gov.in/,0,SYNTH-CTRL-00044,,
RAJ-RA-2021-01187,REF-RAJ-RA-2021-01187,RAJASTHAN RAJYA VIDYUT PRASARAN,RAJASTHAN State Government,RAJASTHAN,Central District,"RAJASTHAN, India",Civil Works & Infrastructure,Procurement of civil works & infrastructure for RAJASTHAN RAJYA VIDYUT PRASARAN,Official public tender for supply of civil works & infrastructure under standard RAJASTHAN state procurement guidelines.,2021-01-28 00:00:00,2021-02-03 00:00:00,2021-02-04 00:00:00,2021-02-18,328205450.7,445779735.74,INR,4,AHLUWALIA CONTRACTS INDIA LIMITED,ENT-SUP-28AFE50D95,AHLUWALIA CONTRACTS INDIA LIMITED,"RAJASTHAN, India",AWARDED,6.0,2,0,OPEN_TENDER,RAJASTHAN RAJYA VIDYUT PRASARAN,RAJASTHAN,https://eproc.rajasthan.gov.in/,1,SYNTH-INJ-00045,,
2017_UDDHP_16127_1,2017_UDDHP_16127_1,EXECUTIVE OFFICER MC SOLAN,Himachal Pradesh State Government,HIMACHAL PRADESH,MC Solan,MC Solan,works,Repair and maint. of path Pushpa house near Railway track and road near CR Thakur house Ward No 4,Repair and maint. of path Pushpa house near Railway track and road near CR Thakur house Ward No 4,2017-05-03 14:00:00,2017-05-08 18:00:00,2017-05-08 18:00:00,2017-05-03,126376.0,231754.0,INR,3,SUBHASH CHAND RANA,ENT-SUP-5472BB687E,SUBHASH CHAND RANA,"Himachal Pradesh, India",AWARDED,5.166666666666667,0,0,OPEN_TENDER,EXECUTIVE OFFICER MC SOLAN,HIMACHAL_PRADESH,https://hptenders.gov.in/,0,SYNTH-CTRL-00046,,
2017_PWD_16358_1,2017_PWD_16358_1,EXECUTIVE ENGINEER BILASPUR DIVISION NO 2 HIMACHAL PRADESH PUBLIC WORKS DEPARTMENT BILASPUR,Himachal Pradesh State Government,HIMACHAL PRADESH,Bilaspur,Bilaspur,works,"Annual Maintenance Plan for the year 2017-18 for Rural road on link road to Mayoth Km. 0/0 to 6/930 (SH-Providing and laying, 20mm thick premix carpet, Seal Coat Type-B) in Km. 0/0 to 3/0 (Under PMGSY) (Package No. HP01-62).","Annual Maintenance Plan for the year 2017-18 for Rural road on link road to Mayoth Km. 0/0 to 6/930 (SH-Providing and laying, 20mm thick premix carpet, Seal Coat Type-B) in Km. 0/0 to 3/0 (Under PMGSY) (Package No. HP01-62).",2017-05-15 17:00:00,2017-05-22 10:30:00,2017-05-22 10:30:00,2017-05-15,1740908.0,1950308.0,INR,3,RAVINDER KUMAR GUPTA,ENT-SUP-458EE59D42,RAVINDER KUMAR GUPTA,"Himachal Pradesh, India",AWARDED,6.729166666666667,0,0,OPEN_TENDER,EXECUTIVE ENGINEER BILASPUR DIVISION NO 2 HIMACHAL PRADESH PUBLIC WORKS DEPARTMENT BILASPUR,HIMACHAL_PRADESH,https://hptenders.gov.in/,1,SYNTH-INJ-00047,Proprietary Model APEX-X900 patented optical sensor system with custom firmware 4.2.1 exclusive to Apex Systems.,Apex Systems APEX-X900 patented optical sensor system with custom firmware 4.2.1.
2019_HPIPH_27900_1,2019_HPIPH_27900_1,EXECUTIVE ENGINEER,Himachal Pradesh State Government,HIMACHAL PRADESH,Dehra,Dehra,works,Providing sewerage system Dehra Town,sewerage treatment plant plateform,2019-02-26 17:00:00,2019-03-12 11:00:00,2019-03-12 11:00:00,2019-02-26,716152.0,684657.0,INR,2,SANJEEV KUMAR,ENT-SUP-82B7B90E66,SANJEEV KUMAR,"Himachal Pradesh, India",AWARDED,13.75,0,0,OPEN_TENDER,EXECUTIVE ENGINEER,HIMACHAL_PRADESH,https://hptenders.gov.in/,0,SYNTH-CTRL-00048,,
2018_PWD_20256_1,2018_PWD_20256_1,EXECUTIVE ENGINEER,Himachal Pradesh State Government,HIMACHAL PRADESH,Lad Bharol,Lad Bharol,works,Periodical Maintenance of Km.T-03 to Tullah road (VR-0067) (PMGSY road) under Annual Maintenance Plan for the year 2018-19,"Providing and laying built up spray grout, 25mm thick bituminous concrete in Km.0 to 1015",2018-03-19 14:00:00,2018-03-31 17:00:00,2018-03-31 17:00:00,2018-03-19,656483.0,894759.0,INR,1,YUDHVIR SINGH,ENT-SUP-CDC3A020CD,YUDHVIR SINGH,"Himachal Pradesh, India",AWARDED,12.125,0,0,OPEN_TENDER,EXECUTIVE ENGINEER,HIMACHAL_PRADESH,https://hptenders.gov.in/,1,SYNTH-INJ-00049,,
2017_PWD_17065_7,2017_PWD_17065_7,EXECUTIVE ENGINEER,Himachal Pradesh State Government,HIMACHAL PRADESH,Salooni,Salooni,works,Construction of link road from B.S.L. J and K boundary road to village Lamni K.M. 0/0 to 0/065,Construction of PCC retaining wall at R.D. 2/0 to 2/030,2017-07-01 10:00:00,2017-07-22 11:00:00,2017-07-22 11:00:00,2017-07-01,420060.0,446659.0,INR,2,SANDEEP SINGH,ENT-SUP-3EF0182834,SANDEEP SINGH,"Himachal Pradesh, India",AWARDED,21.041666666666668,0,0,OPEN_TENDER,EXECUTIVE ENGINEER,HIMACHAL_PRADESH,https://hptenders.gov.in/,0,SYNTH-CTRL-00050,,
2017_HPIPH_17964_1,2017_HPIPH_17964_1,EXECUTIVE ENGINEER IRRIGATION AND PUBLIC HEALTH DIVISION,Himachal Pradesh State Government,HIMACHAL PRADESH,NAGROTA BAGWAN,NAGROTA BAGWAN,works,Operation and Maintenance of scheme for 3 years,Operation and Maintenance of scheme for 3 years,2017-09-04 17:00:00,2017-09-21 11:00:00,2017-09-21 11:00:00,2017-09-04,5067594.31,4968229.72,INR,7,JATINDER PAUL DUTT,ENT-SUP-346D35B194,JATINDER PAUL DUTT,"Himachal Pradesh, India",AWARDED,16.75,0,0,OPEN_TENDER,EXECUTIVE ENGINEER IRRIGATION AND PUBLIC HEALTH DIVISION,HIMACHAL_PRADESH,https://hptenders.gov.in/,1,SYNTH-INJ-00051,,
2017_PWD_15575_1,2017_PWD_15575_1,EXECUTIVE ENGINEER DIVISION NO I HIMACHAL PRADESH PUBLIC WORKS DEPARTMENT SHIMLA 3,Himachal Pradesh State Government,HIMACHAL PRADESH,Shimla,Shimla,works,Construction of storage tank at GAD Colony Kasumpti Shimla -9 (SH - Providing and fixing P VC Water Storage Tank and Steel stand for Type-I set N. I to 16 and type-II set No1 to 16 at Mehli,Construction of storage tank at GAD Colony Kasumpti Shimla -9 (SH - Providing and fixing P VC Water Storage Tank and Steel stand for Type-I set N. I to 16 and type-II set No1 to 16 at Mehli,2017-04-01 18:00:00,2017-04-21 16:00:00,2017-04-21 16:00:00,2017-04-01,1075420.0,1042454.0,INR,2,BHUPINDER VERMA,ENT-SUP-28CE7A3E1E,BHUPINDER VERMA,"Himachal Pradesh, India",AWARDED,19.916666666666668,0,0,OPEN_TENDER,EXECUTIVE ENGINEER DIVISION NO I HIMACHAL PRADESH PUBLIC WORKS DEPARTMENT SHIMLA 3,HIMACHAL_PRADESH,https://hptenders.gov.in/,0,SYNTH-CTRL-00052,,
2017_PWD_18174_3,2017_PWD_18174_3,E E PALAMPUR DIVISION,Himachal Pradesh State Government,HIMACHAL PRADESH,Palampur,Palampur,works,C/O Link road from Patbag Garh Basti road to Chaudhary Basti in G.P. Garh Km. 0/00 to 1/400 ( Under NABARD RIDF-XXIII),"Imp of road , Passing places, R/Walls, C.D.work G.S.B., WBM-II, WBM-III, Tarring, CC Pavement, side drain and Parapets",2017-09-16 10:00:00,2017-10-06 11:00:00,2017-10-06 11:00:00,2017-09-16,5092312.0,5321320.0,INR,6,COLLUSIVE_FAVORITE_ENTERPRISE,ENT-SUP-COLLUSIVE-999,COLLUSIVE_FAVORITE_ENTERPRISE,"Himachal Pradesh, India",AWARDED,20.041666666666668,0,0,OPEN_TENDER,E E PALAMPUR DIVISION,HIMACHAL_PRADESH,https://hptenders.gov.in/,1,SYNTH-INJ-00053,,
2017_PWD_15436_1,2017_PWD_15436_1,EXECUTIVE ENGINEER,Himachal Pradesh State Government,HIMACHAL PRADESH,Hamirpur Division,Hamirpur Division,works,Periodical Renewal on (i) Manyana to Kothi km 3/0 to 4/0. (ii) Masyana Kaswar road km 1/0 to 2/0. (iii) Kaswar to Bhatwara road km 1/0 to 3/500. (iv) Link road to village Karast 4/0 to 5/0 under AMP for the year 2017-18.,Periodical Renewal on (i) Manyana to Kothi km 3/0 to 4/0. (ii) Masyana Kaswar road km 1/0 to 2/0. (iii) Kaswar to Bhatwara road km 1/0 to 3/500. (iv) Link road to village Karast 4/0 to 5/0 under AMP for the year 2017-18.,2017-03-18 18:00:00,2017-03-27 10:30:00,2017-03-27 10:30:00,2017-03-18,3890731.0,4206561.59,INR,5,BRAHAM DASS SHARMA,ENT-SUP-8FF93B0444,BRAHAM DASS SHARMA,"Himachal Pradesh, India",AWARDED,8.6875,0,0,OPEN_TENDER,EXECUTIVE ENGINEER,HIMACHAL_PRADESH,https://hptenders.gov.in/,0,SYNTH-CTRL-00054,,
2020_SIDC_34023_1,2020_SIDC_34023_1,EXECUTIVE ENGINEER,Himachal Pradesh State Government,HIMACHAL PRADESH,Sunder Nagar (Mandi),Sunder Nagar (Mandi),works,"Construction of plant health clinic building (Horticultural Deptt.) at Sunder Nagar, Distt. Mandi (HP)","Construction of plant health clinic building (Horticultural Deptt.) at Sunder Nagar, Distt. Mandi (HP)",2020-01-13 17:00:00,2020-01-31 17:00:00,2020-01-31 17:00:00,2020-01-13,1541070.0,1864762.0,INR,3,SHANKAR DASS,ENT-SUP-C566FE4003,SHANKAR DASS,"Himachal Pradesh, India",AWARDED,18.0,3,180,OPEN_TENDER,EXECUTIVE ENGINEER,HIMACHAL_PRADESH,https://hptenders.gov.in/,1,SYNTH-INJ-00055,,
2018_HPIPH_19209_1-1161,2018_HPIPH_19209_1-1161,EXECUTIVE ENGINEER IRRIGATION AND PUBLIC HEALTH DIVISION BARSAR,Himachal Pradesh State Government,HIMACHAL PRADESH,IPH Sub Division Bhoranj,IPH Sub Division Bhoranj,works,Running Operation of LWSS Dhirar Paplah Phase 2nd LWSS Neri Bhukkar LWSS Mera Kakrol under IPH Section Awah Devi in Tehsil Bhoranj Distt. Hamirpur SH Deployment of labour for one year,Running Operation of LWSS Dhirar Paplah Phase 2nd LWSS Neri Bhukkar LWSS Mera Kakrol under IPH Section Awah Devi in Tehsil Bhoranj Distt. Hamirpur SH Deployment of labour for one year,2018-01-17 15:00:00,2018-01-23 16:00:00,2018-01-23 16:00:00,2018-01-17,894698.0,1450000.0,INR,2,SS ENGINEERING WORKS,ENT-SUP-0501DED2A6,SS ENGINEERING WORKS,"Himachal Pradesh, India",AWARDED,6.041666666666667,0,0,OPEN_TENDER,EXECUTIVE ENGINEER IRRIGATION AND PUBLIC HEALTH DIVISION BARSAR,HIMACHAL_PRADESH,https://hptenders.gov.in/,0,SYNTH-CTRL-00056,,
2018_PWD_20228_8,2018_PWD_20228_8,EXECUTIVE ENGINEER,Himachal Pradesh State Government,HIMACHAL PRADESH,Dharamshala,Dharamshala,works,Periodic Maintenance of road from Tang Uthragran Ramehar Baldhar Jassour road km 0/00 to 6/00 under AMP- 2018-19 Rural road in Distt. Kangra H.P,Periodic Maintenance of road from Tang Uthragran Ramehar Baldhar Jassour road km 0/00 to 6/00 under AMP- 2018-19 Rural road in Distt. Kangra H.P S/H- P/L 25mm thick bitumen concrete laying with Paver finisher in Km 5/00 to 6/00,2018-03-19 13:00:00,2018-03-22 13:00:00,2018-04-09 11:00:00,2018-03-19,794551.0,1019790.0,INR,2,NAVNEET THAKUR,ENT-SUP-FDD64EBAE6,NAVNEET THAKUR,"Himachal Pradesh, India",AWARDED,3.0,0,0,OPEN_TENDER,EXECUTIVE ENGINEER,HIMACHAL_PRADESH,https://hptenders.gov.in/,1,SYNTH-INJ-00057,,
2018_PWD_20136_1,2018_PWD_20136_1,EXECUTIVE ENGINEER,Himachal Pradesh State Government,HIMACHAL PRADESH,Jaisinghpur Division,Jaisinghpur Division,works,Periodical maintenance of road from Har Balakrupi to Dhaniara Duhak road under AMP 2018-19 (PMGSY road),Providing and laying 25mm thick bitumen concrete including profile correction laying with paver finisher in km 3/0 to 4/0 and 4/0 to 5/0 VR No. HP0407VR0076,2018-03-15 17:00:00,2018-03-27 17:00:00,2018-03-27 17:00:00,2018-03-15,1381494.0,2288874.0,INR,2,KULVINDER,ENT-SUP-F5F238DA42,KULVINDER,"Himachal Pradesh, India",AWARDED,12.0,0,0,OPEN_TENDER,EXECUTIVE ENGINEER,HIMACHAL_PRADESH,https://hptenders.gov.in/,0,SYNTH-CTRL-00058,,
CEN-CE-2021-01106,REF-CEN-CE-2021-01106,CENTRAL PUBLIC WORKS DEPARTMENT,Government of India,CENTRAL,Central District,"CENTRAL, India",Information Technology & Software,Procurement of information technology & software for CENTRAL PUBLIC WORKS DEPARTMENT,Official public tender for supply of information technology & software under standard CENTRAL state procurement guidelines.,2020-08-04 00:00:00,2020-08-08 00:00:00,2020-08-09 00:00:00,2020-08-23,2851117.07,4091169.51,INR,3,APEX MEDITECH SOLUTIONS,ENT-SUP-A750489DC1,APEX MEDITECH SOLUTIONS,"CENTRAL, India",AWARDED,4.0,0,0,OPEN_TENDER,CENTRAL PUBLIC WORKS DEPARTMENT,CENTRAL_CPPP,https://eprocure.gov.in/cppp/,1,SYNTH-INJ-00059,,
2019_PWD_26814_1,2019_PWD_26814_1,EXECUTIVE ENGINEER,Himachal Pradesh State Government,HIMACHAL PRADESH,Nahan,Nahan,works,Construction of Type-IV Quarter of District Planning Officer at Nahan,"C/o Building Portion including Water Supply and Sanitary Fitting, Septic Tank with Soak Pit, Rain Water Harvesting Tank, Site Development and C/o Retaining Walls",2019-02-06 17:00:00,2019-02-14 10:00:00,2019-02-14 10:00:00,2019-02-06,3450565.0,4018254.0,INR,1,ASHWANI KUMAR,ENT-SUP-7F389D8482,ASHWANI KUMAR,"Himachal Pradesh, India",AWARDED,7.708333333333333,0,0,OPEN_TENDER,EXECUTIVE ENGINEER,HIMACHAL_PRADESH,https://hptenders.gov.in/,0,SYNTH-CTRL-00060,,
2018_HPIPH_24670_1,2018_HPIPH_24670_1,EXECUTIVE ENGINEER IRRIGATION AND PUBLIC HEALTH DIVISION BARSAR,Himachal Pradesh State Government,HIMACHAL PRADESH,IPH Sub division Bhoranj,IPH Sub division Bhoranj,works,Channelization of Chainth Khad in Tehsil Bhoranj Distt. Hamirpur,Channelization of Chainth Khad in Tehsil Bhoranj Distt. Hamirpur SH Construction of wire crates embankment from Left bank RD 150 to 330 -180 mtrs RD 1890 to 2040 -150 mtrs Right bank from RD 2890 to 2970 - 80 mtrs RD 6030 to 6180-150 mtrs RD 7,2018-11-19 10:00:00,2018-11-29 13:00:00,2018-11-29 13:00:00,2018-11-19,9536418.0,12486140.0,INR,3,SANJEEV KUMAR GOVERNMENT CONTRACTOR,ENT-SUP-82B7B90E66,SANJEEV KUMAR GOVERNMENT CONTRACTOR,"Himachal Pradesh, India",AWARDED,10.125,0,0,OPEN_TENDER,EXECUTIVE ENGINEER IRRIGATION AND PUBLIC HEALTH DIVISION BARSAR,HIMACHAL_PRADESH,https://hptenders.gov.in/,1,SYNTH-INJ-00061,Proprietary Model APEX-X900 patented optical sensor system with custom firmware 4.2.1 exclusive to Apex Systems.,Apex Systems APEX-X900 patented optical sensor system with custom firmware 4.2.1.
2017_HIMUD_16035_1,2017_HIMUD_16035_1,EXECUTIVE ENGINEER HIMUDA DIV DHARAMSHALA,Himachal Pradesh State Government,HIMACHAL PRADESH,Sidhpur Dharamshala,Sidhpur Dharamshala,works,"Construction of Dinning Hall, Kitchen and Toilet Block in Basement of Framed Structure and Hall on GF Prefebricated Technology including internal Ws SI and Electrification for Board of School Education at Sidhpur Dharamshala Distt Kangra H P","Construction of Dinning Hall, Kitchen and Toilet Block in Basement of Framed Structure and Hall on GF Prefebricated Technology including internal Ws SI and Electrification for Board of School Education at Sidhpur Dharmshala Distt Kangra H P",2017-04-25 17:00:00,2017-05-03 17:00:00,2017-05-03 17:00:00,2017-04-25,5971129.0,6361282.95,INR,3,LEVEL 9 BIZ PRIVATE LIMITED,ENT-SUP-54EF9BC7ED,LEVEL 9 BIZ PRIVATE LIMITED,"Himachal Pradesh, India",AWARDED,8.0,0,0,OPEN_TENDER,EXECUTIVE ENGINEER HIMUDA DIV DHARAMSHALA,HIMACHAL_PRADESH,https://hptenders.gov.in/,0,SYNTH-CTRL-00062,,
2017_PWD_17553_1,2017_PWD_17553_1,EXECUTIVE ENGINEER,Himachal Pradesh State Government,HIMACHAL PRADESH,Dehra,Dehra,works,C/O Prestressed concrete box girder bridge over Naker Khad at RD 0/630 between Talli and Jandrah Road,C/O Sub Structure for 60.837mtr span RCC box girder bridge),2017-08-04 17:00:00,2017-08-25 18:00:00,2017-08-25 18:00:00,2017-08-04,7733577.0,8632257.0,INR,1,ATUL RANA GOVERNMENT CONTRACTOR,ENT-SUP-C9698DA52F,ATUL RANA GOVERNMENT CONTRACTOR,"Himachal Pradesh, India",AWARDED,21.041666666666668,0,0,OPEN_TENDER,EXECUTIVE ENGINEER,HIMACHAL_PRADESH,https://hptenders.gov.in/,1,SYNTH-INJ-00063,,
2019_HPIPH_33197_1,2019_HPIPH_33197_1,EXECUTIVE ENGINEER,Himachal Pradesh State Government,HIMACHAL PRADESH,Dharampur/Kandapattan,Dharampur/Kandapattan,works,"Providing LWSS to PC habitation of Kot Dhawali and Bahri, Rathoun and Chakyana in Tehsil Dharampur District Mandi HP under Jal Jeevan Mission (Har Ghar Nal se Jal)","Laying jointing and testing of GMS pipe 65mm dia (Heavy Class) in Rising main for Booster and 1st stage, supply and errection of submersible and centrifugal pumping machinery alongwith allied accessories and construction of thrust block at various RD",2019-12-07 17:00:00,2019-12-23 17:00:00,2019-12-23 17:00:00,2019-12-07,1374347.0,1802470.0,INR,9,SS ENGINEERING WORKS,ENT-SUP-0501DED2A6,SS ENGINEERING WORKS,"Himachal Pradesh, India",AWARDED,16.0,0,0,OPEN_TENDER,EXECUTIVE ENGINEER,HIMACHAL_PRADESH,https://hptenders.gov.in/,0,SYNTH-CTRL-00064,,
2019_HPIPH_32007_1-24,2019_HPIPH_32007_1-24,EXECUTIVE ENGINEER,Himachal Pradesh State Government,HIMACHAL PRADESH,IPH Sub Division Bilaspur,IPH Sub Division Bilaspur,works,Operation and maintenance of sewerage scheme New Bilaspur Town in Tehsil Sadar District Bilaspur (H.P.) for two years).,Operation and maintenance of sewerage scheme New Bilaspur Town in Tehsil Sadar District Bilaspur (H.P.) for two years).,2019-10-07 17:00:00,2019-10-16 11:00:00,2019-10-16 11:00:00,2019-10-07,4886728.83,4790910.62,INR,6,RATTAN LAL,ENT-SUP-A4570EA2EF,RATTAN LAL,"Himachal Pradesh, India",AWARDED,8.75,0,0,OPEN_TENDER,EXECUTIVE ENGINEER,HIMACHAL_PRADESH,https://hptenders.gov.in/,1,SYNTH-INJ-00065,,
2017_PWD_15817_1,2017_PWD_15817_1,EXECUTIVE ENGINEER PUBLIC WORKS DEPARTMENT PAONTA SAHIB,Himachal Pradesh State Government,HIMACHAL PRADESH,Paonta Sahib,Paonta Sahib,works,S.R to Paonta Rampurghat Nawada road km 0/0 to 1/0 Paonta Bazar portion from Y-Point to Vishwakarma chowk,SH Providing and laying periodical renewal with 25 mm thick bitumenous concrete in km 0/0 to 1/0,2017-04-12 18:30:00,2017-05-03 17:00:00,2017-05-03 17:00:00,2017-04-12,2028715.0,2493757.0,INR,2,S S ASSOCIATES,ENT-SUP-33255918FA,S S ASSOCIATES,"Himachal Pradesh, India",AWARDED,20.9375,0,0,OPEN_TENDER,EXECUTIVE ENGINEER PUBLIC WORKS DEPARTMENT PAONTA SAHIB,HIMACHAL_PRADESH,https://hptenders.gov.in/,0,SYNTH-CTRL-00066,,
2017_PWD_17092_3,2017_PWD_17092_3,EXECUTIVE ENGINEER HIMACHAL PRADESH PUBLIC WORKS DEPARTMENT DIVISION SANGRAH,Himachal Pradesh State Government,HIMACHAL PRADESH,Sangrah,Sangrah,works,C/O link road to village kalam in G.P. Ghandoori km 0/0 to 1/255,"C/O Cross drainage work at Rd 0/066, 0/217 and retaining structures at RD 0/0 to 0/010, 0/075 to 0/081 and 0/240 to 0/243)",2017-07-03 17:00:00,2017-07-24 17:00:00,2017-07-24 17:00:00,2017-07-03,1035632.0,807544.0,INR,3,COLLUSIVE_FAVORITE_ENTERPRISE,ENT-SUP-COLLUSIVE-999,COLLUSIVE_FAVORITE_ENTERPRISE,"Himachal Pradesh, India",AWARDED,21.0,0,0,OPEN_TENDER,EXECUTIVE ENGINEER HIMACHAL PRADESH PUBLIC WORKS DEPARTMENT DIVISION SANGRAH,HIMACHAL_PRADESH,https://hptenders.gov.in/,1,SYNTH-INJ-00067,,
2018_HPIPH_25214_1,2018_HPIPH_25214_1,EXECUTIVE ENGINEER,Himachal Pradesh State Government,HIMACHAL PRADESH,Nagrota Bagwan,Nagrota Bagwan,works,C_O FIS GABLI KUHl in GP Kaled and Rin in GP Dhalloon (SH-C_O RCC lining in GABLI Kuhl,C_O FIS Gabli Kuhl in GP Kaled and Rin in GP Dhalloon in Tehsil Nagrota Bagwan Distt.Kangra HP (SH-C_O RCC lining in main Kuhl Gabli Kuhl,2018-12-07 17:00:00,2018-12-21 11:00:00,2018-12-21 11:00:00,2018-12-07,2893157.0,2263992.0,INR,5,SUDESH KUMAR,ENT-SUP-278DB6ED8D,SUDESH KUMAR,"Himachal Pradesh, India",AWARDED,13.75,0,0,OPEN_TENDER,EXECUTIVE ENGINEER,HIMACHAL_PRADESH,https://hptenders.gov.in/,0,SYNTH-CTRL-00068,,
2017_HPIPH_14596_1,2017_HPIPH_14596_1,EXECUTIVE EMNGINEER IRRIGATION AND PUBLIC HEALTH DIVISION,Himachal Pradesh State Government,HIMACHAL PRADESH,Dharamshala,Dharamshala,works,Providing and installation of India MarkIII 65mm dia India MarkII50mm dia India MarkII 32mm dia deep well hand pump under IPH Division Dharamshala in Dharamshala Constituency 10 Nos hand pumps with ODEX method,Providing and installation of India MarkIII 65mm dia India MarkII50mm dia India MarkII 32mm dia deep well hand pump under IPH Division Dharamshala in Dharamshala Constituency 10 Nos hand pumps with ODEX method,2017-01-31 17:00:00,2017-02-22 11:00:00,2017-02-22 11:00:00,2017-01-31,1492430.0,1351000.0,INR,6,R B SALES INDIA,ENT-SUP-7E545595AE,R B SALES INDIA,"Himachal Pradesh, India",AWARDED,21.75,3,180,OPEN_TENDER,EXECUTIVE EMNGINEER IRRIGATION AND PUBLIC HEALTH DIVISION,HIMACHAL_PRADESH,https://hptenders.gov.in/,1,SYNTH-INJ-00069,,
2020_HPIPH_35637_1-178,2020_HPIPH_35637_1-178,EXECUTIVE ENGINEER,Himachal Pradesh State Government,HIMACHAL PRADESH,Under IPH Sub Division Kandrour,Under IPH Sub Division Kandrour,works,Construction of storage tanks of various LWSS / WSS in various habitation under Sadar Constituency District Bilaspur (SH Construction of 6 Nos over head storage tank with fencing (Job NO.3).,Construction of storage tanks of various LWSS / WSS in various habitation under Sadar Constituency District Bilaspur (SH Construction of 6 Nos over head storage tank with fencing (Job NO.3).,2020-02-26 17:00:00,2020-03-12 11:00:00,2020-03-12 11:00:00,2020-02-26,2837977.0,2837977.0,INR,3,MS KAMAL DEV SHARMA,ENT-SUP-54AD15690F,MS KAMAL DEV SHARMA,"Himachal Pradesh, India",AWARDED,14.75,0,0,OPEN_TENDER,EXECUTIVE ENGINEER,HIMACHAL_PRADESH,https://hptenders.gov.in/,0,SYNTH-CTRL-00070,,
2017_PWD_17350_2,2017_PWD_17350_2,EXECUTIVE ENGINEER HIMACHAL PRADESH PUBLIC WORKS DEPARTMENT DIVISION SANGRAH,Himachal Pradesh State Government,HIMACHAL PRADESH,Sangrah,Sangrah,works,C/O Kiarta Piplty road km. 0/0 to 5/645,5/7 mtr wide formation cutting from km. 5/075 to 5/450,2017-07-20 14:00:00,2017-07-22 14:00:00,2017-08-09 12:00:00,2017-07-20,635940.0,269348.0,INR,2,RATI RAM,ENT-SUP-3EE1DEBF6F,RATI RAM,"Himachal Pradesh, India",AWARDED,2.0,0,0,OPEN_TENDER,EXECUTIVE ENGINEER HIMACHAL PRADESH PUBLIC WORKS DEPARTMENT DIVISION SANGRAH,HIMACHAL_PRADESH,https://hptenders.gov.in/,1,SYNTH-INJ-00071,,
2017_PWD_15612_2,2017_PWD_15612_2,EXECUTIVE ENGINEER DHAMI,Himachal Pradesh State Government,HIMACHAL PRADESH,Dhami,Dhami,works,Restoration of Rain damages Slapper Tatapanni Sunni Luhri road km 72/000 to 86/000,SH- Tarring /Patch work in the various damages reaches,2017-03-30 16:20:00,2017-04-18 17:00:00,2017-04-18 17:00:00,2017-03-30,2920501.0,3132202.0,INR,4,PRAMOD KUMAR SHARMA,ENT-SUP-DED49E682A,PRAMOD KUMAR SHARMA,"Himachal Pradesh, India",AWARDED,19.02777777777778,0,0,OPEN_TENDER,EXECUTIVE ENGINEER DHAMI,HIMACHAL_PRADESH,https://hptenders.gov.in/,0,SYNTH-CTRL-00072,,
2017_PWD_17824_3,2017_PWD_17824_3,EXECUTIVE ENGINEER PUBLIC WORKS DEPARTMENT PAONTA SAHIB,Himachal Pradesh State Government,HIMACHAL PRADESH,Paonta Sahib,Paonta Sahib,works,Construction of Yamuna path (Walking way) from Gurudwara Sahib to Yamuna Bridge,"SH C/O balance work of R/wall, Breast wall, wire fencing, crate work , providing and laying factory made kerb stones and providing and fixing sitting benches etc).",2017-08-24 17:00:00,2017-09-13 17:00:00,2017-09-13 17:00:00,2017-08-24,2159456.0,3448635.26,INR,5,SHAMSHAD ALI CONTRACTOR,ENT-SUP-3B05D30E11,SHAMSHAD ALI CONTRACTOR,"Himachal Pradesh, India",AWARDED,20.0,0,0,OPEN_TENDER,EXECUTIVE ENGINEER PUBLIC WORKS DEPARTMENT PAONTA SAHIB,HIMACHAL_PRADESH,https://hptenders.gov.in/,1,SYNTH-INJ-00073,,
2019_PWD_31092_1,2019_PWD_31092_1,E E SHIMLA DIVISION NO III HIMACHAL PRADESH PUBLIC WORKS DEPARTMENT SHIMLA 3,Himachal Pradesh State Government,HIMACHAL PRADESH,Boileauganj Shimla,Boileauganj Shimla,works,"Construction of Type-II, Type-III and Type-IV Qtrs. 4No each for staff of Hospital of Mental Health and rehabilitation at Boileauganj Shimla-5. (SH- Civil work including site development, WS and SI works and rain harvesting tank etc.)","Construction of Type-II, Type-III and Type-IV Qtrs. 4No each for staff of Hospital of Mental Health and rehabilitation at Boileauganj Shimla-5. (SH- Civil work including site development, WS and SI works and rain harvesting tank etc.)",2019-08-26 17:00:00,2019-09-06 17:00:00,2019-09-06 17:00:00,2019-08-26,25945499.0,30323761.0,INR,4,SAT DEV VIJ,ENT-SUP-C35ACB92D3,SAT DEV VIJ,"Himachal Pradesh, India",AWARDED,11.0,0,0,OPEN_TENDER,E E SHIMLA DIVISION NO III HIMACHAL PRADESH PUBLIC WORKS DEPARTMENT SHIMLA 3,HIMACHAL_PRADESH,https://hptenders.gov.in/,0,SYNTH-CTRL-00074,,
2017_HPIPH_15994_1,2017_HPIPH_15994_1,EXECUTIVE ENGINEER,Himachal Pradesh State Government,HIMACHAL PRADESH,Banikhet,Banikhet,works,"Providing Water Supply Scheme to PC habitations of Census village Banikhet Jarai, Bagota, Dharad, Banikhet, Urgal in G.P. Banikhet in Tehsil Dalhousie District Chamba ( H.P)","Providing Water Supply Scheme to PC habitations of Census village Banikhet Jarai, Bagota, Dharad, Banikhet, Urgal in G.P. Banikhet in Tehsil Dalhousie District Chamba ( H.P)",2017-04-24 10:00:00,2017-05-15 17:00:00,2017-05-15 17:00:00,2017-04-24,2380197.0,2807621.0,INR,2,MAOHAR KUMAR SHARMA,ENT-SUP-8264775082,MAOHAR KUMAR SHARMA,"Himachal Pradesh, India",AWARDED,21.291666666666668,0,0,OPEN_TENDER,EXECUTIVE ENGINEER,HIMACHAL_PRADESH,https://hptenders.gov.in/,1,SYNTH-INJ-00075,Proprietary Model APEX-X900 patented optical sensor system with custom firmware 4.2.1 exclusive to Apex Systems.,Apex Systems APEX-X900 patented optical sensor system with custom firmware 4.2.1.
2019_HPIPH_31012_1,2019_HPIPH_31012_1,ER K K KAPOORK,Himachal Pradesh State Government,HIMACHAL PRADESH,Khanni,Khanni,works,"Aug.Remodeling of LIS Khanni in Tehsil Nurpur Distt. Kangra SH Providing and installation of Raw water KRTU Submersible Pumping Machinery with allied accessories and laying,jointing,testing of MSERW pipe (Zinc coated) 300mm dia in Rising Main)","Aug.Remodeling of LIS Khanni in Tehsil Nurpur Distt. Kangra SH Providing and installation of Raw water KRTU Submersible Pumping Machinery with allied accessories and laying,jointing,testing of MSERW pipe (Zinc coated) 300mm dia in Rising Main)",2019-08-22 17:00:00,2019-09-12 11:00:00,2019-09-12 11:00:00,2019-08-22,1004966.0,1122744.0,INR,3,A K TRADERS,ENT-SUP-CC75FDE446,A K TRADERS,"Himachal Pradesh, India",AWARDED,20.75,0,0,OPEN_TENDER,ER K K KAPOORK,HIMACHAL_PRADESH,https://hptenders.gov.in/,0,SYNTH-CTRL-00076,,
2017_PWD_18888_1,2017_PWD_18888_1,EEHAMIRPUR,Himachal Pradesh State Government,HIMACHAL PRADESH,Hamirpur,Hamirpur,works,Special Repair to Bal Ashram Sujanpur Tihra,Repair of building and C O Toilet in 1st Floor,2017-12-25 10:00:00,2018-01-02 10:30:00,2018-01-02 10:30:00,2017-12-25,745528.0,671549.0,INR,1,DINESH THAKUR,ENT-SUP-34B6A38E21,DINESH THAKUR,"Himachal Pradesh, India",AWARDED,8.020833333333334,0,0,OPEN_TENDER,EEHAMIRPUR,HIMACHAL_PRADESH,https://hptenders.gov.in/,1,SYNTH-INJ-00077,,
2018_HPIPH_24016_1,2018_HPIPH_24016_1,EXECUTIVE ENGINEER,Himachal Pradesh State Government,HIMACHAL PRADESH,BAGGI,BAGGI,works,PLWSS KAREHRI SOYARA AND JAJROUT,AS PER BOQ,2018-10-10 10:00:00,2018-10-25 17:00:00,2018-10-25 17:00:00,2018-10-10,1263237.0,1457606.0,INR,2,COMPETENT ASSOCIATES,ENT-SUP-F1E7A31591,COMPETENT ASSOCIATES,"Himachal Pradesh, India",AWARDED,15.291666666666666,0,0,OPEN_TENDER,EXECUTIVE ENGINEER,HIMACHAL_PRADESH,https://hptenders.gov.in/,0,SYNTH-CTRL-00078,,
2018_PWD_19915_1,2018_PWD_19915_1,EXECUTIVE ENGINEER,Himachal Pradesh State Government,HIMACHAL PRADESH,Barsar,Barsar,works,AMP on link road to village Hanoh,P/L BC 25mm thick km. 2/0 to 3/700,2018-03-05 10:30:00,2018-03-17 10:30:00,2018-03-17 10:30:00,2018-03-05,4985374.4,4887621.96,INR,2,S S CHAUHANS CONSTRUCTION PRIVATE LIMTED,ENT-SUP-0E57EBE006,S S CHAUHANS CONSTRUCTION PRIVATE LIMTED,"Himachal Pradesh, India",AWARDED,12.0,0,0,OPEN_TENDER,EXECUTIVE ENGINEER,HIMACHAL_PRADESH,https://hptenders.gov.in/,1,SYNTH-INJ-00079,,
CEN-CE-2021-01011,REF-CEN-CE-2021-01011,DEFENCE RESEARCH DEVELOPMENT ORG,Government of India,CENTRAL,Central District,"CENTRAL, India",Consultancy & Facility Management,Procurement of consultancy & facility management for DEFENCE RESEARCH DEVELOPMENT ORG,Official public tender for supply of consultancy & facility management under standard CENTRAL state procurement guidelines.,2019-06-02 00:00:00,2019-06-16 00:00:00,2019-06-17 00:00:00,2019-07-01,10150055.57,10962060.01,INR,3,VANGUARD POWER SERVICES,ENT-SUP-FBE5090586,VANGUARD POWER SERVICES,"CENTRAL, India",AWARDED,14.0,0,0,OPEN_TENDER,DEFENCE RESEARCH DEVELOPMENT ORG,CENTRAL_CPPP,https://eprocure.gov.in/cppp/,0,SYNTH-CTRL-00080,,
KAR-KA-2021-01093,REF-KAR-KA-2021-01093,BANGALORE METRO RAIL CORP,KARNATAKA State Government,KARNATAKA,Central District,"KARNATAKA, India",Civil Works & Infrastructure,Procurement of civil works & infrastructure for BANGALORE METRO RAIL CORP,Official public tender for supply of civil works & infrastructure under standard KARNATAKA state procurement guidelines.,2019-10-06 00:00:00,2019-10-12 00:00:00,2019-10-13 00:00:00,2019-10-27,281745299.77,287380205.77,INR,3,COLLUSIVE_FAVORITE_ENTERPRISE,ENT-SUP-COLLUSIVE-999,COLLUSIVE_FAVORITE_ENTERPRISE,"KARNATAKA, India",AWARDED,6.0,0,0,OPEN_TENDER,BANGALORE METRO RAIL CORP,KARNATAKA,https://kppp.karnataka.gov.in/,1,SYNTH-INJ-00081,,
CEN-CE-2021-01112,REF-CEN-CE-2021-01112,DEFENCE RESEARCH DEVELOPMENT ORG,Government of India,CENTRAL,Central District,"CENTRAL, India",Electrical & Mechanical,Procurement of electrical & mechanical for DEFENCE RESEARCH DEVELOPMENT ORG,Official public tender for supply of electrical & mechanical under standard CENTRAL state procurement guidelines.,2019-11-18 00:00:00,2019-11-22 00:00:00,2019-11-23 00:00:00,2019-12-07,9267144.07,10657215.68,INR,4,AHLUWALIA CONTRACTS INDIA LIMITED,ENT-SUP-28AFE50D95,AHLUWALIA CONTRACTS INDIA LIMITED,"CENTRAL, India",AWARDED,4.0,1,0,OPEN_TENDER,DEFENCE RESEARCH DEVELOPMENT ORG,CENTRAL_CPPP,https://eprocure.gov.in/cppp/,0,SYNTH-CTRL-00082,,
2017_PWD_16098_1,2017_PWD_16098_1,EXECUTIVE ENGINEER ELECTRICAL DIVISION HIMACHAL PRADESH PUBLIC WORKS DEPARTMENT MAND,Himachal Pradesh State Government,HIMACHAL PRADESH,Kullu HP,Kullu HP,works,Construction of Indoor Auditorium for Cultural Programme at Kullu District Kullu HP SH Providing Stage lighting and Motorized front and back curtains frills Cyciorama screen and side wings for stage therein,Construction of Indoor Auditorium for Cultural Programme at Kullu District Kullu HP SH Providing Stage lighting and Motorized front and back curtains frills Cyciorama screen and side wings for stage therein,2017-05-01 15:00:00,2017-05-15 10:00:00,2017-05-15 10:00:00,2017-05-01,5783031.0,3084060.0,INR,3,MATRIX INTEGRATIONS,ENT-SUP-B31B11565C,MATRIX INTEGRATIONS,"Himachal Pradesh, India",AWARDED,13.791666666666666,3,180,OPEN_TENDER,EXECUTIVE ENGINEER ELECTRICAL DIVISION HIMACHAL PRADESH PUBLIC WORKS DEPARTMENT MAND,HIMACHAL_PRADESH,https://hptenders.gov.in/,1,SYNTH-INJ-00083,,
UTT-UT-2021-01098,REF-UTT-UT-2021-01098,UTTAR PRADESH JAL NIGAM,UTTAR PRADESH State Government,UTTAR PRADESH,Central District,"UTTAR PRADESH, India",Information Technology & Software,Procurement of information technology & software for UTTAR PRADESH JAL NIGAM,Official public tender for supply of information technology & software under standard UTTAR PRADESH state procurement guidelines.,2019-01-15 00:00:00,2019-01-19 00:00:00,2019-01-20 00:00:00,2019-02-03,332569141.13,359174672.42,INR,1,ZENITH INFRASTRUCTURE PROJECTS,ENT-SUP-4F350A4CA1,ZENITH INFRASTRUCTURE PROJECTS,"UTTAR PRADESH, India",AWARDED,4.0,0,0,OPEN_TENDER,UTTAR PRADESH JAL NIGAM,UTTAR_PRADESH,https://etender.up.nic.in/,0,SYNTH-CTRL-00084,,
2017_PWD_16753_3,2017_PWD_16753_3,EXECUTIVE ENGINEER CHAMBA DIVISION HIMACHAL PRADESH PUBLIC WORKS DEPARTMENT CHAMBA,Himachal Pradesh State Government,HIMACHAL PRADESH,Chamba,Chamba,works,"Improvement of Black spot on Sandhi Mani Sirh Sarol road Formation cutting in Km. 11/420 to 11/470 and construction of retaining wall at Km. 11/522 to 11/535, 12/513 to 12/525 and 14/100 to 14/110 including fixing of Crash Barrier","Improvement of Black spot on Sandhi Mani Sirh Sarol road Formation cutting in Km. 11/420 to 11/470 and construction of retaining wall at Km. 11/522 to 11/535, 12/513 to 12/525 and 14/100 to 14/110 including fixing of Crash Barrier",2017-06-08 17:00:00,2017-06-10 17:00:00,2017-06-28 11:00:00,2017-06-08,761610.0,1008761.0,INR,4,PANKAJ KUMAR,ENT-SUP-8FCA7C33DE,PANKAJ KUMAR,"Himachal Pradesh, India",AWARDED,2.0,0,0,OPEN_TENDER,EXECUTIVE ENGINEER CHAMBA DIVISION HIMACHAL PRADESH PUBLIC WORKS DEPARTMENT CHAMBA,HIMACHAL_PRADESH,https://hptenders.gov.in/,1,SYNTH-INJ-00085,,
KAR-KA-2021-01172,REF-KAR-KA-2021-01172,BANGALORE METRO RAIL CORP,KARNATAKA State Government,KARNATAKA,Central District,"KARNATAKA, India",Consultancy & Facility Management,Procurement of consultancy & facility management for BANGALORE METRO RAIL CORP,Official public tender for supply of consultancy & facility management under standard KARNATAKA state procurement guidelines.,2020-03-16 00:00:00,2020-04-06 00:00:00,2020-04-07 00:00:00,2020-04-21,166746247.55,180085947.36,INR,2,VANGUARD POWER SERVICES,ENT-SUP-FBE5090586,VANGUARD POWER SERVICES,"KARNATAKA, India",AWARDED,21.0,0,0,OPEN_TENDER,BANGALORE METRO RAIL CORP,KARNATAKA,https://kppp.karnataka.gov.in/,0,SYNTH-CTRL-00086,,
2018_PWD_20582_1,2018_PWD_20582_1,EXECUTIVE ENGINEER,Himachal Pradesh State Government,HIMACHAL PRADESH,Kasauli,Kasauli,works,C/o link road from Shilora Khurd to Shilora kalan Tipra Muhal naryal road,C/O link road from Shilora Khurd to Shilora kalan Tipra Muhal Naryal road in km 0/0 to 6/800 SH F/D I/e Retaining Wall B/Wall CD work road side U shape drain Vshape drain and Kharanja Stone soling,2018-04-12 11:00:00,2018-05-03 16:00:00,2018-05-03 16:00:00,2018-04-12,14562226.0,22175037.49,INR,2,MOHAN LAL THAKUR,ENT-SUP-4964BFBA89,MOHAN LAL THAKUR,"Himachal Pradesh, India",AWARDED,21.20833333333333,0,0,OPEN_TENDER,EXECUTIVE ENGINEER,HIMACHAL_PRADESH,https://hptenders.gov.in/,1,SYNTH-INJ-00087,,
MAH-MA-2021-01049,REF-MAH-MA-2021-01049,MSEDCL POWER DISTRIBUTION,MAHARASHTRA State Government,MAHARASHTRA,Central District,"MAHARASHTRA, India",Civil Works & Infrastructure,Procurement of civil works & infrastructure for MSEDCL POWER DISTRIBUTION,Official public tender for supply of civil works & infrastructure under standard MAHARASHTRA state procurement guidelines.,2020-05-07 00:00:00,2020-05-13 00:00:00,2020-05-14 00:00:00,2020-05-28,12499474.32,14374395.47,INR,3,SHREE BALAJI ENTERPRISE,ENT-SUP-CA68E614E4,SHREE BALAJI ENTERPRISE,"MAHARASHTRA, India",AWARDED,6.0,0,0,OPEN_TENDER,MSEDCL POWER DISTRIBUTION,MAHARASHTRA,https://mahatenders.gov.in/,0,SYNTH-CTRL-00088,,
2017_PWD_16987_1,2017_PWD_16987_1,EXECUTIVE ENGINEER,Himachal Pradesh State Government,HIMACHAL PRADESH,RJAGARH DIVISION HPPWD RAJGARH,RJAGARH DIVISION HPPWD RAJGARH,works,Construction of Fagu Bathudhar road Km. 0/0 to 10/0 (SH Providing and laying soling in Km. 6/0 to 6/500).,Construction of Fagu Bathudhar road Km. 0/0 to 10/0 (SH Providing and laying soling in Km. 6/0 to 6/500).,2017-06-27 10:30:00,2017-07-22 10:30:00,2017-07-22 10:30:00,2017-06-27,158720.0,238063.0,INR,27,JIYA LAL,ENT-SUP-8B73A1F389,JIYA LAL,"Himachal Pradesh, India",AWARDED,25.0,0,0,OPEN_TENDER,EXECUTIVE ENGINEER,HIMACHAL_PRADESH,https://hptenders.gov.in/,1,SYNTH-INJ-00089,Proprietary Model APEX-X900 patented optical sensor system with custom firmware 4.2.1 exclusive to Apex Systems.,Apex Systems APEX-X900 patented optical sensor system with custom firmware 4.2.1.
RAJ-RA-2021-01127,REF-RAJ-RA-2021-01127,RAJASTHAN PUBLIC WORKS DEPARTMENT,RAJASTHAN State Government,RAJASTHAN,Central District,"RAJASTHAN, India",Civil Works & Infrastructure,Procurement of civil works & infrastructure for RAJASTHAN PUBLIC WORKS DEPARTMENT,Official public tender for supply of civil works & infrastructure under standard RAJASTHAN state procurement guidelines.,2019-08-25 00:00:00,2019-08-29 00:00:00,2019-08-30 00:00:00,2019-09-13,13293106.19,15287072.12,INR,4,APEX MEDITECH SOLUTIONS,ENT-SUP-A750489DC1,APEX MEDITECH SOLUTIONS,"RAJASTHAN, India",AWARDED,4.0,0,0,OPEN_TENDER,RAJASTHAN PUBLIC WORKS DEPARTMENT,RAJASTHAN,https://eproc.rajasthan.gov.in/,0,SYNTH-CTRL-00090,,
2017_PWD_17092_4,2017_PWD_17092_4,EXECUTIVE ENGINEER HIMACHAL PRADESH PUBLIC WORKS DEPARTMENT DIVISION SANGRAH,Himachal Pradesh State Government,HIMACHAL PRADESH,Sangrah,Sangrah,works,C/O road from Bhawai to Balich km 0/0 to 2/0,cutting in earth work in km 0/494 to 0/870,2017-07-03 17:00:00,2017-07-24 17:00:00,2017-07-24 17:00:00,2017-07-03,721199.0,377807.0,INR,1,ANIL THAKUR GOVERNMENT CONTRACTOR,ENT-SUP-27135939CE,ANIL THAKUR GOVERNMENT CONTRACTOR,"Himachal Pradesh, India",AWARDED,21.0,0,0,OPEN_TENDER,EXECUTIVE ENGINEER HIMACHAL PRADESH PUBLIC WORKS DEPARTMENT DIVISION SANGRAH,HIMACHAL_PRADESH,https://hptenders.gov.in/,1,SYNTH-INJ-00091,,
RAJ-RA-2021-01092,REF-RAJ-RA-2021-01092,RAJASTHAN PUBLIC WORKS DEPARTMENT,RAJASTHAN State Government,RAJASTHAN,Central District,"RAJASTHAN, India",Consultancy & Facility Management,Procurement of consultancy & facility management for RAJASTHAN PUBLIC WORKS DEPARTMENT,Official public tender for supply of consultancy & facility management under standard RAJASTHAN state procurement guidelines.,2019-10-04 00:00:00,2019-11-03 00:00:00,2019-11-04 00:00:00,2019-11-18,4957736.74,4709849.9,INR,3,KNR CONSTRUCTION,ENT-SUP-6A86A67807,KNR CONSTRUCTION,"RAJASTHAN, India",AWARDED,30.0,0,0,OPEN_TENDER,RAJASTHAN PUBLIC WORKS DEPARTMENT,RAJASTHAN,https://eproc.rajasthan.gov.in/,0,SYNTH-CTRL-00092,,
UTT-UT-2021-01137,REF-UTT-UT-2021-01137,UTTAR PRADESH JAL NIGAM,UTTAR PRADESH State Government,UTTAR PRADESH,Central District,"UTTAR PRADESH, India",Consultancy & Facility Management,Procurement of consultancy & facility management for UTTAR PRADESH JAL NIGAM,Official public tender for supply of consultancy & facility management under standard UTTAR PRADESH state procurement guidelines.,2019-03-22 00:00:00,2019-04-12 00:00:00,2019-04-13 00:00:00,2019-04-27,4911837.09,4815526.56,INR,3,VANGUARD POWER SERVICES,ENT-SUP-FBE5090586,VANGUARD POWER SERVICES,"UTTAR PRADESH, India",AWARDED,21.0,1,0,OPEN_TENDER,UTTAR PRADESH JAL NIGAM,UTTAR_PRADESH,https://etender.up.nic.in/,1,SYNTH-INJ-00093,,
2019_PWD_28145_1,2019_PWD_28145_1,EXECUTIVE ENGNEER,Himachal Pradesh State Government,HIMACHAL PRADESH,Bharwain,Bharwain,works,AR MO Non Residential building HPPWD Rest House Daulatpur Chowk SH Providing fixing sanitary fitting floor tiles aluminium shutter polishing work sanitary etc,AR MO Non Residential building HPPWD Rest House Daulatpur Chowk SH Providing fixing sanitary fitting floor tiles aluminium shutter polishing work sanitary etc,2019-03-05 17:00:00,2019-03-11 09:00:00,2019-03-11 09:00:00,2019-03-05,1021776.0,1362069.0,INR,3,SANJAY KUMAR,ENT-SUP-8DC5F400DB,SANJAY KUMAR,"Himachal Pradesh, India",AWARDED,5.666666666666667,0,0,OPEN_TENDER,EXECUTIVE ENGNEER,HIMACHAL_PRADESH,https://hptenders.gov.in/,0,SYNTH-CTRL-00094,,
2018_PWD_19650_2,2018_PWD_19650_2,EXECUTIVE ENGINEER DHAMI,Himachal Pradesh State Government,HIMACHAL PRADESH,Dhami,Dhami,works,Annual Surfacing on Shoghi Salana Seri Road.,SH Providing renewal coat in km 1/00 to 3/00) Under PMGSY incentive roads for the year 2017-18.(Under Shimla Rural Division HP.PWD Dhami,2018-02-21 17:00:00,2018-03-13 17:00:00,2018-03-13 17:00:00,2018-02-21,1374273.0,1642871.0,INR,3,COLLUSIVE_FAVORITE_ENTERPRISE,ENT-SUP-COLLUSIVE-999,COLLUSIVE_FAVORITE_ENTERPRISE,"Himachal Pradesh, India",AWARDED,20.0,0,0,OPEN_TENDER,EXECUTIVE ENGINEER DHAMI,HIMACHAL_PRADESH,https://hptenders.gov.in/,1,SYNTH-INJ-00095,,
2017_PWD_17116_1,2017_PWD_17116_1,EXECUTIVE ENGINEER,Himachal Pradesh State Government,HIMACHAL PRADESH,HP.PWD Division Jaisinghpur,HP.PWD Division Jaisinghpur,works,Periodical maintenance of road from Duhak Kalan (Tamber) to Kona road under AMP 2017-18 (Rural Road),SH- Providing and laying 25mm thick bitumen concrete laying with paver finisher in km 0/0 to 2/0,2017-07-06 10:00:00,2017-07-17 11:00:00,2017-07-17 11:00:00,2017-07-06,1321794.0,1700350.0,INR,2,KULVINDER,ENT-SUP-F5F238DA42,KULVINDER,"Himachal Pradesh, India",AWARDED,11.041666666666666,0,0,OPEN_TENDER,EXECUTIVE ENGINEER,HIMACHAL_PRADESH,https://hptenders.gov.in/,0,SYNTH-CTRL-00096,,
2018_HPIPH_22854_1,2018_HPIPH_22854_1,EXECUTIVE ENGINEER,Himachal Pradesh State Government,HIMACHAL PRADESH,Works,Works,works,Swan River Flood Management Project from Daulatpur Bridge to Gagret Bridge in Main Swan River and all tributaries joining main Swan River from Daulatpur Bridge to Santokhgarh Bridge in Distt. Una (HP) Phase-4th,"C/o earthen embankment including wire crated apron, stone pitching etc. from RD 53390/0 to 1650 and RD 53390/1950 to RD 4000 on Left Bank from RD 53390/0 to 135 and RD 53390/750 to RD 4000 on Right side of Ghanari-II Khad on Right Bank of Swan River",2018-08-10 18:00:00,2018-08-31 11:00:00,2018-08-31 11:00:00,2018-08-10,113513707.0,161470193.0,INR,2,NATIONAL INDIA CONSTRUCTION COMPANY,ENT-SUP-85D1495B11,NATIONAL INDIA CONSTRUCTION COMPANY,"Himachal Pradesh, India",AWARDED,20.70833333333333,3,180,OPEN_TENDER,EXECUTIVE ENGINEER,HIMACHAL_PRADESH,https://hptenders.gov.in/,1,SYNTH-INJ-00097,,
2016_PWD_12779_2,2016_PWD_12779_2,EXECUTIVE ENGINEER HP PUBLIC WORKS DEPARTMENT DIVISION KANGRA,Himachal Pradesh State Government,HIMACHAL PRADESH,Items,Items,works,Periodic Maintenance of Harnera to Uperla Branj road km. 0/0 to 3/00 (HP0413VR0065) Additional kms. of PMGSY Roads for the year 2016-17 (SH- Providing and laying Renewal Coat).,Periodic Maintenance of Harnera to Uperla Branj road km. 0/0 to 3/00 (HP0413VR0065) Additional kms. of PMGSY Roads for the year 2016-17 (SH- Providing and laying Renewal Coat).,2016-09-01 10:00:00,2016-09-26 11:00:00,2016-09-26 11:00:00,2016-09-01,1699275.0,2086316.0,INR,3,P SINGH,ENT-SUP-30FA012CEE,P SINGH,"Himachal Pradesh, India",AWARDED,25.041666666666668,0,0,OPEN_TENDER,EXECUTIVE ENGINEER HP PUBLIC WORKS DEPARTMENT DIVISION KANGRA,HIMACHAL_PRADESH,https://hptenders.gov.in/,0,SYNTH-CTRL-00098,,
2018_HPIPH_23042_1,2018_HPIPH_23042_1,EXECUTIVE ENGINEER,Himachal Pradesh State Government,HIMACHAL PRADESH,Palampur,Palampur,works,Improvement of source to provide drinking water facility to schedule caste population under LWSS Kosari Thachru in Tehsil Jaisinghpur Distt. Kangra,Construction of Infiltration gallery 45.00 metre long,2018-08-23 17:00:00,2018-08-27 17:00:00,2018-09-14 11:00:00,2018-08-23,2113629.0,2346127.0,INR,6,AJAY KUMAR,ENT-SUP-33BF79EBE0,AJAY KUMAR,"Himachal Pradesh, India",AWARDED,4.0,0,0,OPEN_TENDER,EXECUTIVE ENGINEER,HIMACHAL_PRADESH,https://hptenders.gov.in/,1,SYNTH-INJ-00099,,
2017_HPIPH_16539_1,2017_HPIPH_16539_1,EXECUTIVE ENGINEER MANDI,Himachal Pradesh State Government,HIMACHAL PRADESH,Tarna HILL MANDI,Tarna HILL MANDI,works,"PW S Facility to Left out SC population in GP Kathyari S Teh Aut Distt.Mandi HP. SH Development of site, C o R wall 6.00Rmt, Co Intake Chamber, Co RCC Circular Sector Storage Tank 10,000ltr Cap, at Point D15 and Laying, Jointing and testing of G","PW S Facility to Left out SC population in GP Kathyari S Teh Aut Distt.Mandi HP. SH Development of site, C o R wall 6.00Rmt, Co Intake Chamber, Co RCC Circular Sector Storage Tank 10,000ltr Cap, at Point D15 and Laying, Jointing and testing of G",2017-05-24 17:50:00,2017-06-14 17:00:00,2017-06-14 17:00:00,2017-05-24,1041471.0,648724.0,INR,6,KAPIL DEV,ENT-SUP-0ED0D726A5,KAPIL DEV,"Himachal Pradesh, India",AWARDED,20.96527777777778,0,0,OPEN_TENDER,EXECUTIVE ENGINEER MANDI,HIMACHAL_PRADESH,https://hptenders.gov.in/,0,SYNTH-CTRL-00100,,
2018_PWD_20138_1,2018_PWD_20138_1,EXECUTIVE ENGINEER,Himachal Pradesh State Government,HIMACHAL PRADESH,Jaisinghpur Division,Jaisinghpur Division,works,Periodical maintenance of road from Lahru to Dhar Lahar Langa road under AMP 2018-19 (PMGSY road),Providing and laying 25mm thick bitumen concrete including profile correction laying with paver finisher in km 2/0 to 3/0 and 3/0 to 4/0 VR No. HP07407VR0078,2018-03-15 17:00:00,2018-03-27 17:00:00,2018-03-27 17:00:00,2018-03-15,1389385.0,2097894.08,INR,2,KULVINDER,ENT-SUP-F5F238DA42,KULVINDER,"Himachal Pradesh, India",AWARDED,12.0,0,0,OPEN_TENDER,EXECUTIVE ENGINEER,HIMACHAL_PRADESH,https://hptenders.gov.in/,1,SYNTH-INJ-00101,,
2014_PWD_5727_1,2014_PWD_5727_1,EXECUTIVE ENGINEER,Himachal Pradesh State Government,HIMACHAL PRADESH,Mandap Sub Division,Mandap Sub Division,works,C/O Science Lab. in GSSS Hawani in Tehsil Sarkaghat Distt Mandi,C/o Building portion i/c Water Supply and Sanitary Installation,2014-11-22 18:00:00,2014-12-22 11:00:00,2014-12-22 11:00:00,2014-11-22,5879454.0,7429260.0,INR,2,YUDHVIR SINGH,ENT-SUP-CDC3A020CD,YUDHVIR SINGH,"Himachal Pradesh, India",AWARDED,29.70833333333333,0,0,OPEN_TENDER,EXECUTIVE ENGINEER,HIMACHAL_PRADESH,https://hptenders.gov.in/,0,SYNTH-CTRL-00102,,
RAJ-RA-2021-01218,REF-RAJ-RA-2021-01218,PUBLIC HEALTH ENGINEERING DEPT RAJASTHAN,RAJASTHAN State Government,RAJASTHAN,Central District,"RAJASTHAN, India",Medical Equipment & Consumables,Procurement of medical equipment & consumables for PUBLIC HEALTH ENGINEERING DEPT RAJASTHAN,Official public tender for supply of medical equipment & consumables under standard RAJASTHAN state procurement guidelines.,2019-07-10 00:00:00,2019-07-24 00:00:00,2019-07-25 00:00:00,2019-08-08,4922106.51,5020548.64,INR,2,NCC LIMITED INFRASTRUCTURE,ENT-SUP-0DFD916C8B,NCC LIMITED INFRASTRUCTURE,"RAJASTHAN, India",AWARDED,14.0,0,0,OPEN_TENDER,PUBLIC HEALTH ENGINEERING DEPT RAJASTHAN,RAJASTHAN,https://eproc.rajasthan.gov.in/,1,SYNTH-INJ-00103,Proprietary Model APEX-X900 patented optical sensor system with custom firmware 4.2.1 exclusive to Apex Systems.,Apex Systems APEX-X900 patented optical sensor system with custom firmware 4.2.1.
2020_HPIPH_36963_1,2020_HPIPH_36963_1,EXECUTIVE ENGINEER,Himachal Pradesh State Government,HIMACHAL PRADESH,Rohru Town,Rohru Town,works,Prov LIS Horticulture Land from Pabber to Village Kulgaon area of G P Jangla Tehsil Chirgaon Distt Shimla HP,SH RCC Storage tank 17 Nos Providing laying jointing of GI pipe of gravity main and various dia P F wheel box M S chamber 14 nos With common header distribution system C O Collection chambers 22 Nos,2020-05-04 17:00:00,2020-05-18 10:30:00,2020-05-18 10:30:00,2020-05-04,16417394.0,13477468.0,INR,4,KISHORI LAL GOVERNMENT CONTRACTOR,ENT-SUP-64D6CE4EA5,KISHORI LAL GOVERNMENT CONTRACTOR,"Himachal Pradesh, India",AWARDED,13.729166666666666,0,0,OPEN_TENDER,EXECUTIVE ENGINEER,HIMACHAL_PRADESH,https://hptenders.gov.in/,0,SYNTH-CTRL-00104,,
2017_HRTC_16860_3,2017_HRTC_16860_3,MANAGING DIRECTOR,Himachal Pradesh State Government,HIMACHAL PRADESH,Divisional Manager Tech. HRTC Taradevi,Divisional Manager Tech. HRTC Taradevi,goods,Winter Uniform Cloth for the year 2017-2018,Winter Uniform Cloth for the year 2017-2018,2017-06-19 12:00:00,2017-07-10 15:00:00,2017-07-10 15:00:00,2017-06-19,7500000.0,9092695.5,INR,1,REID AND TAYLOR INDIA LIMITED,ENT-SUP-8ED79C1A36,REID AND TAYLOR INDIA LIMITED,"Himachal Pradesh, India",AWARDED,21.125,0,0,OPEN_TENDER,MANAGING DIRECTOR,HIMACHAL_PRADESH,https://hptenders.gov.in/,1,SYNTH-INJ-00105,,
2018_HPIPH_23268_1,2018_HPIPH_23268_1,EXECUTIVE ENGINEER,Himachal Pradesh State Government,HIMACHAL PRADESH,Kullu,Kullu,works,"Improvement of WSS Talogi, Matarna and Trakda in C V Kharahal Tehsil and Distt. Kullu HP",SH C O Pump house protection work boundary wall Sump well 33100 Ltrs Capacity main storage tank 132500 ltrs capacity Anchor block for rising main Laying jointing testing of GMS tube 100mm dia providing laying jointing MSERW pipe 100 mm and 65mm d,2018-09-01 18:00:00,2018-09-17 17:00:00,2018-09-17 17:00:00,2018-09-01,6119335.0,9672676.0,INR,4,VINEET SHARMA,ENT-SUP-16B7A9EF50,VINEET SHARMA,"Himachal Pradesh, India",AWARDED,15.958333333333334,0,0,OPEN_TENDER,EXECUTIVE ENGINEER,HIMACHAL_PRADESH,https://hptenders.gov.in/,0,SYNTH-CTRL-00106,,
2017_PWD_14269_1,2017_PWD_14269_1,EXECUTIVE ENGINEER DHAMI,Himachal Pradesh State Government,HIMACHAL PRADESH,Dhami,Dhami,works,Construction of Govt. Senior Secondary School building at Neen Tehsil- Sunni District-Shimla H.P.,"SH-Construction of civil portion, W.S. and S.I. installation, Rain water harvesting tank, Septic tank and Site development etc.",2017-01-13 13:00:00,2017-01-27 17:00:00,2017-01-27 17:00:00,2017-01-13,4855709.77,4760499.77,INR,4,PRADEEP VERMA,ENT-SUP-0398CC7F9E,PRADEEP VERMA,"Himachal Pradesh, India",AWARDED,14.166666666666666,0,0,OPEN_TENDER,EXECUTIVE ENGINEER DHAMI,HIMACHAL_PRADESH,https://hptenders.gov.in/,1,SYNTH-INJ-00107,,
KAR-KA-2021-01245,REF-KAR-KA-2021-01245,KARNATAKA PUBLIC WORKS PORTS INLAND WATER,KARNATAKA State Government,KARNATAKA,Central District,"KARNATAKA, India",Electrical & Mechanical,Procurement of electrical & mechanical for KARNATAKA PUBLIC WORKS PORTS INLAND WATER,Official public tender for supply of electrical & mechanical under standard KARNATAKA state procurement guidelines.,2019-03-17 00:00:00,2019-03-31 00:00:00,2019-04-01 00:00:00,2019-04-15,202732398.71,218950990.61,INR,1,SHARMA ENGINEERING WORKS,ENT-SUP-9473B0CC3C,SHARMA ENGINEERING WORKS,"KARNATAKA, India",AWARDED,14.0,2,0,OPEN_TENDER,KARNATAKA PUBLIC WORKS PORTS INLAND WATER,KARNATAKA,https://kppp.karnataka.gov.in/,0,SYNTH-CTRL-00108,,
2017_PWD_16283_1,2017_PWD_16283_1,EXECUTIVE ENGINEER,Himachal Pradesh State Government,HIMACHAL PRADESH,JAWALI,JAWALI,works,Periodical Renewal of roads for the year 2017-18 Under PMGSY ( I ) Bhali to Bhorka road km. 0/0 to 4/200. ( Package No. HP-04-18) (II) Durana to Dhewa road km. 0/0 to 6/500. ( Package No. HP-04-98),( I ) Bhali to Bhorka road (SH Providing and laying 25mm thick bitumenous concrete in km. 0/0 to 0/750) (II) Durana to Dhewa road (SH Providing and laying 25mm thick bitumenous concrete in km. 0/500 to 1/0),2017-05-10 11:00:00,2017-05-31 10:00:00,2017-05-31 10:00:00,2017-05-10,942214.0,921936.0,INR,2,COLLUSIVE_FAVORITE_ENTERPRISE,ENT-SUP-COLLUSIVE-999,COLLUSIVE_FAVORITE_ENTERPRISE,"Himachal Pradesh, India",AWARDED,20.95833333333333,0,0,OPEN_TENDER,EXECUTIVE ENGINEER,HIMACHAL_PRADESH,https://hptenders.gov.in/,1,SYNTH-INJ-00109,,
2018_HPIPH_23054_1,2018_HPIPH_23054_1,EXECUTIVE ENGINEER,Himachal Pradesh State Government,HIMACHAL PRADESH,DHARAMSHALA,DHARAMSHALA,works,Construction of Decentralised Sewage treatment plants based on Root Zone treatment technology in the shape of constructed wetland at various locations in M C Dharamshala of 165 KLD near Cricket Stadium 52 KLD at Bhagsu laying and jointing sewer,Construction of Decentralised Sewage treatment plants based on Root Zone treatment technology in the shape of constructed wetland at various locations in M C Dharamshala of 165 KLD near Cricket Stadium 52 KLD at Bhagsu laying and jointing sewer,2018-08-23 17:00:00,2018-09-20 11:00:00,2018-09-20 11:00:00,2018-08-23,8893575.0,14988117.0,INR,3,REBOUND ENVIRO TECHNOLOGY PRIVATE LIMITED,ENT-SUP-BEBBFEE3D8,REBOUND ENVIRO TECHNOLOGY PRIVATE LIMITED,"Himachal Pradesh, India",AWARDED,27.75,0,0,OPEN_TENDER,EXECUTIVE ENGINEER,HIMACHAL_PRADESH,https://hptenders.gov.in/,0,SYNTH-CTRL-00110,,
2017_PWD_15938_5,2017_PWD_15938_5,EXECUTIVE ENGINEER,Himachal Pradesh State Government,HIMACHAL PRADESH,Dharamshala,Dharamshala,works,Annual maintenance of PMGSY roads for the year 2017-18 in respect of HP PWD Division Dharamshala Distt. Kangra H.P,SUB HEAD Periodic maintenance of (i) Link road from Baroi Chowk to Suvidha complex to Chamunda Mata temple Km 0/00 to to 0/575 (ii) Link road to village Tangroti Km 0/00 to 0/500 (iii) Link road from Bagiara to Kand Km 1/00 to 1/880),2017-04-20 15:30:00,2017-05-08 11:00:00,2017-05-08 11:00:00,2017-04-20,1695087.0,2128500.0,INR,2,NAVNEET THAKUR,ENT-SUP-FDD64EBAE6,NAVNEET THAKUR,"Himachal Pradesh, India",AWARDED,17.8125,3,180,OPEN_TENDER,EXECUTIVE ENGINEER,HIMACHAL_PRADESH,https://hptenders.gov.in/,1,SYNTH-INJ-00111,,
MAH-MA-2021-01172,REF-MAH-MA-2021-01172,PUBLIC HEALTH DEPT MUMBAI,MAHARASHTRA State Government,MAHARASHTRA,Central District,"MAHARASHTRA, India",Consultancy & Facility Management,Procurement of consultancy & facility management for PUBLIC HEALTH DEPT MUMBAI,Official public tender for supply of consultancy & facility management under standard MAHARASHTRA state procurement guidelines.,2019-10-25 00:00:00,2019-10-29 00:00:00,2019-10-30 00:00:00,2019-11-13,14613392.88,14905660.74,INR,4,DILIP BUILDCON LIMITED,ENT-SUP-55226FC7C8,DILIP BUILDCON LIMITED,"MAHARASHTRA, India",AWARDED,4.0,0,0,OPEN_TENDER,PUBLIC HEALTH DEPT MUMBAI,MAHARASHTRA,https://mahatenders.gov.in/,0,SYNTH-CTRL-00112,,
2017_HPIPH_17890_1,2017_HPIPH_17890_1,EXECUTIVE ENGINEER,Himachal Pradesh State Government,HIMACHAL PRADESH,Rohru,Rohru,works,Providing LWSS to Kandrora and its Surrounding area in G P Khangteri Tehsil Rohru Distt Shimla H P,SH Construction of Pump House cum attendant quarter above 55 BHP for Stage 1st and 2nd only,2017-08-29 17:45:00,2017-09-02 17:45:00,2017-09-18 10:00:00,2017-08-29,1349728.0,2310579.0,INR,3,BALRAJ,ENT-SUP-F934FB104A,BALRAJ,"Himachal Pradesh, India",AWARDED,4.0,0,0,OPEN_TENDER,EXECUTIVE ENGINEER,HIMACHAL_PRADESH,https://hptenders.gov.in/,1,SYNTH-INJ-00113,,
2018_HPIPH_19007_1,2018_HPIPH_19007_1,EXECUTIVE ENGINEER,Himachal Pradesh State Government,HIMACHAL PRADESH,Nalagarh,Nalagarh,works,Providing Lift Water Supply Scheme Haripur Sandholi Khabrian in Tehsil Baddi District Solan HP,Sub Head Laying Jointing testing and Commissioning of GMS Pipe Light Grade of various dia Construction of stand posts as per standard design and drawing in Distribution system Construction of Elevated Main Storage Tank 300000 liters capacity with 20,2018-01-04 11:00:00,2018-01-24 11:00:00,2018-01-24 11:00:00,2018-01-04,8191403.0,9493542.0,INR,4,RATTAN LAL CONTRACTOR,ENT-SUP-A4570EA2EF,RATTAN LAL CONTRACTOR,"Himachal Pradesh, India",AWARDED,20.0,0,0,OPEN_TENDER,EXECUTIVE ENGINEER,HIMACHAL_PRADESH,https://hptenders.gov.in/,0,SYNTH-CTRL-00114,,
2018_HPIPH_20943_1,2018_HPIPH_20943_1,EXECUTIVE ENGINEER IRRIGATION AND PUBLIC HEALTH DIVN NO 1 UNA HP,Himachal Pradesh State Government,HIMACHAL PRADESH,TWell No 43 Bhadsali Twell No 45 Bhadsali,TWell No 43 Bhadsali Twell No 45 Bhadsali,works,Replacement of 17 Nos Old Defunct Twells and Improvement of Irrigation system Bhadsali Ispur Saloh Bathree BatKalan Bathu Kungrath Lalehri Nangal Kalan etc in Distt Una HP,SH Working estimate for PL of Rising Mains Supply Errection of Pumping Machinery PL of Distribution system ic CO Out Lets Dtanks CO Pump House CO Boundary wall around the pump house and internal wiring for TWell No 43 Bhadsali,2018-05-01 10:00:00,2018-05-21 17:00:00,2018-05-21 17:00:00,2018-05-01,3968785.0,6081877.23,INR,3,HARVINDER SINGH MAAN,ENT-SUP-69BD3B91E1,HARVINDER SINGH MAAN,"Himachal Pradesh, India",AWARDED,20.291666666666668,0,0,OPEN_TENDER,EXECUTIVE ENGINEER IRRIGATION AND PUBLIC HEALTH DIVN NO 1 UNA HP,HIMACHAL_PRADESH,https://hptenders.gov.in/,1,SYNTH-INJ-00115,,
2017_HPCDP_14505_1,2017_HPCDP_14505_1,DISTRICT PROJECT MANAGER HPCDP JICA ODA HAMIRPUR,Himachal Pradesh State Government,HIMACHAL PRADESH,"G.P. Dalcheda, Teh. Barsar Distt. Hamirpur","G.P. Dalcheda, Teh. Barsar Distt. Hamirpur",works,"C/o LIS Balh Thakru G.P. Dalcheda, Teh. Barsar Distt. Hamirpur",Main Delivery Tank Rising Main Dsystem Chamber,2017-01-24 17:00:00,2017-02-07 10:30:00,2017-02-07 10:30:00,2017-01-24,1555400.0,1497310.0,INR,4,SHIV KANT PRASHAR,ENT-SUP-4843928187,SHIV KANT PRASHAR,"Himachal Pradesh, India",AWARDED,13.729166666666666,0,0,OPEN_TENDER,DISTRICT PROJECT MANAGER HPCDP JICA ODA HAMIRPUR,HIMACHAL_PRADESH,https://hptenders.gov.in/,0,SYNTH-CTRL-00116,,
2018_HPIPH_25267_1,2018_HPIPH_25267_1,EXECTIVE ENGINEER IRRIGATION AND PUBLIC HEALTH DIVISION NO II UNA,Himachal Pradesh State Government,HIMACHAL PRADESH,Una,Una,works,Repalcement of Tuble No. 1 Nari in Kutlehar constituency Distt Una HP,"SH-Drilling, lowering of assembly and development of 1 No. T/well 140 meter deep)",2018-12-10 17:00:00,2018-12-20 17:00:00,2018-12-20 17:00:00,2018-12-10,1165799.0,988610.0,INR,5,M S MAST RAM JASWAL AND COMPANY,ENT-SUP-272D23A7EE,M S MAST RAM JASWAL AND COMPANY,"Himachal Pradesh, India",AWARDED,10.0,0,0,OPEN_TENDER,EXECTIVE ENGINEER IRRIGATION AND PUBLIC HEALTH DIVISION NO II UNA,HIMACHAL_PRADESH,https://hptenders.gov.in/,1,SYNTH-INJ-00117,Proprietary Model APEX-X900 patented optical sensor system with custom firmware 4.2.1 exclusive to Apex Systems.,Apex Systems APEX-X900 patented optical sensor system with custom firmware 4.2.1.
2017_HPIPH_16695_1,2017_HPIPH_16695_1,EXECUTIVE ENGINEER IRRIGATION AND PUBLIC HEALTH DIVISION BARSAR,Himachal Pradesh State Government,HIMACHAL PRADESH,IPH Sub Division Bhota,IPH Sub Division Bhota,works,Improvement of water supply to village,Improvement of water supply to village Makkar Karer Beri in Tehsil Barsar Distt. Hamirpur SH Supply erection of submersible pumping Machinery for energisation of bore well at Beri side Makkar side and Karer side with allied accessories,2017-06-03 16:00:00,2017-06-16 16:00:00,2017-06-16 16:00:00,2017-06-03,605430.0,1295250.0,INR,4,OASIS ENTERPRISE,ENT-SUP-5806D08834,OASIS ENTERPRISE,"Himachal Pradesh, India",AWARDED,13.0,0,0,OPEN_TENDER,EXECUTIVE ENGINEER IRRIGATION AND PUBLIC HEALTH DIVISION BARSAR,HIMACHAL_PRADESH,https://hptenders.gov.in/,0,SYNTH-CTRL-00118,,
CEN-CE-2021-01157,REF-CEN-CE-2021-01157,NHAI HIGHWAYS,Government of India,CENTRAL,Central District,"CENTRAL, India",Medical Equipment & Consumables,Procurement of medical equipment & consumables for NHAI HIGHWAYS,Official public tender for supply of medical equipment & consumables under standard CENTRAL state procurement guidelines.,2021-07-18 00:00:00,2021-08-01 00:00:00,2021-08-02 00:00:00,2021-08-16,14845180.19,15142083.8,INR,1,NCC LIMITED INFRASTRUCTURE,ENT-SUP-0DFD916C8B,NCC LIMITED INFRASTRUCTURE,"CENTRAL, India",AWARDED,14.0,1,0,OPEN_TENDER,NHAI HIGHWAYS,CENTRAL_CPPP,https://eprocure.gov.in/cppp/,1,SYNTH-INJ-00119,,
2018_HPIPH_24602_2,2018_HPIPH_24602_2,EXECUTIVE ENGINEER,Himachal Pradesh State Government,HIMACHAL PRADESH,Kotkhai,Kotkhai,works,Providing LIS for HL of various panchayats under tehsil Jubbal Rohru and Kothai Phase 3rd Distt Shimla HP SH Laying of GI Pipes for linking of tanks at various points from local source and joints at missing routes,Providing LIS for HL of various panchayats under tehsil Jubbal Rohru and Kothai Phase 3rd Distt Shimla HP SH Laying of GI Pipes for linking of tanks at various points from local source and joints at missing routes,2018-11-14 17:00:00,2018-11-26 18:00:00,2018-11-26 18:00:00,2018-11-14,2648699.0,2648699.0,INR,3,RUPINDER JUSTA GOVERNMENT CONTRACTOR,ENT-SUP-7B3ED0D3AB,RUPINDER JUSTA GOVERNMENT CONTRACTOR,"Himachal Pradesh, India",AWARDED,12.041666666666666,0,0,OPEN_TENDER,EXECUTIVE ENGINEER,HIMACHAL_PRADESH,https://hptenders.gov.in/,0,SYNTH-CTRL-00120,,
2019_HPIPH_25819_1,2019_HPIPH_25819_1,EXECUTIVE ENGINEER,Himachal Pradesh State Government,HIMACHAL PRADESH,Tehsil Fatehpur,Tehsil Fatehpur,works,"Providing LWSS to PC habitation of Census Village Mangdial, Bassa, Chatter Jhikla etc. in Tehsil Fatehpur District Kangra (HP)",Construction of Over Head Storage Tank of 60000 Ltr. Capacity with 10 mtr. Staging height at Node No. 55a and Over Head Storage Tank of 70000 Liter capacity with 10 Metres Staging height at Node No 55b,2019-01-08 17:00:00,2019-01-21 11:00:00,2019-01-21 11:00:00,2019-01-08,5025197.88,4926664.59,INR,6,SARABJIT SINGH KATOCH,ENT-SUP-753BA2FD59,SARABJIT SINGH KATOCH,"Himachal Pradesh, India",AWARDED,12.75,0,0,OPEN_TENDER,EXECUTIVE ENGINEER,HIMACHAL_PRADESH,https://hptenders.gov.in/,1,SYNTH-INJ-00121,,
MAH-MA-2021-01071,REF-MAH-MA-2021-01071,MMRDA URBAN TRANSPORT,MAHARASHTRA State Government,MAHARASHTRA,Central District,"MAHARASHTRA, India",Electrical & Mechanical,Procurement of electrical & mechanical for MMRDA URBAN TRANSPORT,Official public tender for supply of electrical & mechanical under standard MAHARASHTRA state procurement guidelines.,2019-08-21 00:00:00,2019-09-20 00:00:00,2019-09-21 00:00:00,2019-10-05,2020053.52,1919050.85,INR,2,VANGUARD POWER SERVICES,ENT-SUP-FBE5090586,VANGUARD POWER SERVICES,"MAHARASHTRA, India",AWARDED,30.0,0,0,OPEN_TENDER,MMRDA URBAN TRANSPORT,MAHARASHTRA,https://mahatenders.gov.in/,0,SYNTH-CTRL-00122,,
2018_PWD_22502_1,2018_PWD_22502_1,EXECUTIVE ENGINEER ELECTRICAL DIVISION HIMACHAL PRADESH PUBLIC WORKS DEPARTMENT MAND,Himachal Pradesh State Government,HIMACHAL PRADESH,Nagwain,Nagwain,works,Construction of CHC Building at Nagwain District Mandi HP SH Providing EI therein,Construction of CHC Building at Nagwain District Mandi HP SH Providing EI therein,2018-07-28 10:00:00,2018-08-10 10:00:00,2018-08-10 10:00:00,2018-07-28,1708447.0,1586105.0,INR,6,COLLUSIVE_FAVORITE_ENTERPRISE,ENT-SUP-COLLUSIVE-999,COLLUSIVE_FAVORITE_ENTERPRISE,"Himachal Pradesh, India",AWARDED,13.0,0,0,OPEN_TENDER,EXECUTIVE ENGINEER ELECTRICAL DIVISION HIMACHAL PRADESH PUBLIC WORKS DEPARTMENT MAND,HIMACHAL_PRADESH,https://hptenders.gov.in/,1,SYNTH-INJ-00123,,
2018_HPIPH_24670_1-2480,2018_HPIPH_24670_1-2480,EXECUTIVE ENGINEER IRRIGATION AND PUBLIC HEALTH DIVISION BARSAR,Himachal Pradesh State Government,HIMACHAL PRADESH,IPH Sub division Bhoranj,IPH Sub division Bhoranj,works,Channelization of Chainth Khad in Tehsil Bhoranj Distt. Hamirpur,Channelization of Chainth Khad in Tehsil Bhoranj Distt. Hamirpur SH Construction of wire crates embankment from Left bank RD 150 to 330 -180 mtrs RD 1890 to 2040 -150 mtrs Right bank from RD 2890 to 2970 - 80 mtrs RD 6030 to 6180-150 mtrs RD 7,2018-11-19 10:00:00,2018-11-29 13:00:00,2018-11-29 13:00:00,2018-11-19,9536418.0,14145134.0,INR,3,MALKIAT SINGH GOVT CONT,ENT-SUP-06F6EBDCA7,MALKIAT SINGH GOVT CONT,"Himachal Pradesh, India",AWARDED,10.125,0,0,OPEN_TENDER,EXECUTIVE ENGINEER IRRIGATION AND PUBLIC HEALTH DIVISION BARSAR,HIMACHAL_PRADESH,https://hptenders.gov.in/,0,SYNTH-CTRL-00124,,
CEN-CE-2021-01146,REF-CEN-CE-2021-01146,MINISTRY OF HEALTH FAMILY WELFARE,Government of India,CENTRAL,Central District,"CENTRAL, India",Consultancy & Facility Management,Procurement of consultancy & facility management for MINISTRY OF HEALTH FAMILY WELFARE,Official public tender for supply of consultancy & facility management under standard CENTRAL state procurement guidelines.,2021-07-07 00:00:00,2021-08-06 00:00:00,2021-08-07 00:00:00,2021-08-21,4900138.45,5635159.21,INR,3,GUPTA AND SONS CONTRACTOR,ENT-SUP-7A3AE215B9,GUPTA AND SONS CONTRACTOR,"CENTRAL, India",AWARDED,30.0,3,180,OPEN_TENDER,MINISTRY OF HEALTH FAMILY WELFARE,CENTRAL_CPPP,https://eprocure.gov.in/cppp/,1,SYNTH-INJ-00125,,
2017_UDDHP_17954_1,2017_UDDHP_17954_1,EXECUTIVE ENGINEER DMC,Himachal Pradesh State Government,HIMACHAL PRADESH,DHARAMHSALA,DHARAMHSALA,works,Construction of smart street from Jawahar nagar to cricket stadium in ward no8,Construction of smart street from Jawahar nagar to cricket stadium in ward no8,2017-09-01 17:00:00,2017-09-18 11:00:00,2017-09-18 11:00:00,2017-09-01,1745440.0,5398630.0,INR,4,VIKAS,ENT-SUP-4F0586E985,VIKAS,"Himachal Pradesh, India",AWARDED,16.75,0,0,OPEN_TENDER,EXECUTIVE ENGINEER DMC,HIMACHAL_PRADESH,https://hptenders.gov.in/,0,SYNTH-CTRL-00126,,
2017_MC_14894_1,2017_MC_14894_1,EXECUTIVE ENGINEER RB,Himachal Pradesh State Government,HIMACHAL PRADESH,Shimla,Shimla,works,Providing and fixing playing instruments cum equipments for existing parks in 25 wards,Providing and fixing playing instruments cum equipments for existing parks in 25 wards,2017-02-17 17:00:00,2017-02-21 17:00:00,2017-02-25 10:30:00,2017-02-17,3783000.0,4289000.0,INR,2,HARMANJOT SINGH,ENT-SUP-D0DE1DC50C,HARMANJOT SINGH,"Himachal Pradesh, India",AWARDED,4.0,0,0,OPEN_TENDER,EXECUTIVE ENGINEER RB,HIMACHAL_PRADESH,https://hptenders.gov.in/,1,SYNTH-INJ-00127,,
2017_PWD_16666_1,2017_PWD_16666_1,EXECUTIVE ENGINEER BILASPUR DIVISION NO 2 HIMACHAL PRADESH PUBLIC WORKS DEPARTMENT BILASPUR,Himachal Pradesh State Government,HIMACHAL PRADESH,Bilaspur,Bilaspur,works,"Annual Maintenance plan for Rural road(VR and MRL) on (i) Noa to Rajpura Km. 0/0 to 0/800 (HP0101VR0062) (ii) Rajpura to Chilla Km. 2/0 to 3/0 (HP0101VR0065) (SH- Providing and laying 20mm thick premix carpet and Seal coat Type-B, Cold mix Bitumen).","Annual Maintenance plan for Rural road(VR and MRL) on (i) Noa to Rajpura Km. 0/0 to 0/800 (HP0101VR0062) (ii) Rajpura to Chilla Km. 2/0 to 3/0 (HP0101VR0065) (SH- Providing and laying 20mm thick premix carpet and Seal coat Type-B, Cold mix Bitumen).",2017-06-01 17:45:00,2017-06-12 10:30:00,2017-06-12 10:30:00,2017-06-01,1055628.0,1446362.0,INR,3,SARWAN SINGH,ENT-SUP-A55FEDAAE9,SARWAN SINGH,"Himachal Pradesh, India",AWARDED,10.697916666666666,0,0,OPEN_TENDER,EXECUTIVE ENGINEER BILASPUR DIVISION NO 2 HIMACHAL PRADESH PUBLIC WORKS DEPARTMENT BILASPUR,HIMACHAL_PRADESH,https://hptenders.gov.in/,0,SYNTH-CTRL-00128,,
2017_PWD_15718_1,2017_PWD_15718_1,EXECUTIVE ENGINEER ELECT DIVN NO II HIMACHAL PRADESH PUBLIC WORKS DEPARTMENT SHIMLA 2,Himachal Pradesh State Government,HIMACHAL PRADESH,Shimla,Shimla,works,Construction of new block for Kamla Nehru hospital for mother and child at Shimla (SH Pproviding 1No.160KVA DG set therein,Providing 160KVA DG set,2017-04-06 17:30:00,2017-05-30 17:00:00,2017-05-30 17:00:00,2017-04-06,2157078.0,3242055.44,INR,3,KALRA HARDWARE AND ELECTRIC STORE,ENT-SUP-6D8D71512C,KALRA HARDWARE AND ELECTRIC STORE,"Himachal Pradesh, India",AWARDED,53.97916666666666,0,0,OPEN_TENDER,EXECUTIVE ENGINEER ELECT DIVN NO II HIMACHAL PRADESH PUBLIC WORKS DEPARTMENT SHIMLA 2,HIMACHAL_PRADESH,https://hptenders.gov.in/,1,SYNTH-INJ-00129,,
2018_HPIPH_22256_1,2018_HPIPH_22256_1,EXECUTIVE ENGINEER IRRIGATION AND PUBLIC HEALTH DIVN NO 1 UNA HP,Himachal Pradesh State Government,HIMACHAL PRADESH,Raipur Shoran Tehsil and Distt Una HP,Raipur Shoran Tehsil and Distt Una HP,works,"Construction of LIS to village Khanpur, Behdala, Raipur Sahoran Tobba Raipur Near Railway Station, Dehlan Shokran and Sasan tehsil and Distt. Una HP","SH C O Pump house cum chowkidar Qtr C O Boundary wall and Internal wiring to Pump house cum chowkidar Qtr for LIS to village Khanpur, Raipur Sahoran (Tobba), Raipur Near Railway Station, Dehlan Shokran) (Under NABARD-RIDF- XXIII).",2018-07-11 15:00:00,2018-08-01 17:00:00,2018-08-01 17:00:00,2018-07-11,1812151.0,1537803.0,INR,7,ABHISHEK DHIMAN,ENT-SUP-36032606B8,ABHISHEK DHIMAN,"Himachal Pradesh, India",AWARDED,21.08333333333333,0,0,OPEN_TENDER,EXECUTIVE ENGINEER IRRIGATION AND PUBLIC HEALTH DIVN NO 1 UNA HP,HIMACHAL_PRADESH,https://hptenders.gov.in/,0,SYNTH-CTRL-00130,,
2019_HPIPH_29577_1,2019_HPIPH_29577_1,EXECUTIVE ENGINEER,Himachal Pradesh State Government,HIMACHAL PRADESH,Palampur,Palampur,works,Construction of flow irrigation scheme Chhatral _Chhatrul_ kuhl in Tehsil Palampur District Kangra HP.,"SH Construction of reinforcement cement concrete channel at RD 5625 to 6695_ 1070 runningmetre, 4 Number Foot Path crossing and plum concrete retaining wall at RD 6060 to 6063 _ 3 runningmetre 2_50 metre height and at RD 6505 to 6510 _ 5 runningmetr",2019-06-22 18:00:00,2019-07-06 11:00:00,2019-07-06 11:00:00,2019-06-22,2508370.0,2470232.0,INR,5,KULDEEP SOOD GOVT CONTR,ENT-SUP-B7EE6BB45D,KULDEEP SOOD GOVT CONTR,"Himachal Pradesh, India",AWARDED,13.708333333333334,0,0,OPEN_TENDER,EXECUTIVE ENGINEER,HIMACHAL_PRADESH,https://hptenders.gov.in/,1,SYNTH-INJ-00131,Proprietary Model APEX-X900 patented optical sensor system with custom firmware 4.2.1 exclusive to Apex Systems.,Apex Systems APEX-X900 patented optical sensor system with custom firmware 4.2.1.
2019_HPIPH_26132_1,2019_HPIPH_26132_1,EXECUTIVE ENGINEER IRRIGATION AND PUBLIC HEALTH DIVISION MANDI,Himachal Pradesh State Government,HIMACHAL PRADESH,MANDI,MANDI,works,"Aug. of WSS Thalkandhar in GP Gharan, WSS to NC PC Habitation","Aug. of WSS Thalkandhar in GP Gharan, WSS to NC PC Habitation in CV Rehan, Bandhi Halag in GP Bandhi, Aug of WSS Palnidhar, Bandal and WSS Saran, Badeni, Khablas, Surath, Sehgal Sansoi, Rahari in GP Kotadhar in Tehsil Sadar Distt Mandi HP SH Supp",2019-01-21 18:50:00,2019-02-04 17:00:00,2019-02-04 17:00:00,2019-01-21,6650375.0,13262179.0,INR,3,SB TRADING COMPANY,ENT-SUP-466B639240,SB TRADING COMPANY,"Himachal Pradesh, India",AWARDED,13.92361111111111,0,0,OPEN_TENDER,EXECUTIVE ENGINEER IRRIGATION AND PUBLIC HEALTH DIVISION MANDI,HIMACHAL_PRADESH,https://hptenders.gov.in/,0,SYNTH-CTRL-00132,,
2017_PWD_15604_1,2017_PWD_15604_1,EXECUTIVE ENGINEER,Himachal Pradesh State Government,HIMACHAL PRADESH,Rajgarh Division,Rajgarh Division,works,Restoration of rain damages on Banethi Bagthan Rajgarh Chandol road Km. 87/0 to 127/300,C/O Wire create B/wall at RD 127/100 to 127/200,2017-03-30 11:00:00,2017-04-12 17:00:00,2017-04-12 17:00:00,2017-03-30,565316.0,842623.0,INR,1,SURENDER KUMAR,ENT-SUP-C4AA365E5F,SURENDER KUMAR,"Himachal Pradesh, India",AWARDED,13.25,0,0,OPEN_TENDER,EXECUTIVE ENGINEER,HIMACHAL_PRADESH,https://hptenders.gov.in/,1,SYNTH-INJ-00133,,
2016_PWD_13355_1,2016_PWD_13355_1,EXECUTIVE ENGINEER HIMACHAL PRADESH PUBLIC WORKS DEPARTMENT DIVISION BAIJH,Himachal Pradesh State Government,HIMACHAL PRADESH,Nawalia Basti,Nawalia Basti,works,Construction of Culvert on Link road from NH-20 to Nawalia Basti at Km 0/045 with approaches,C/O 6.00 Mtr span RCC Slab culvert at RD 0/045 under Nabard RIDF XIX,2016-10-21 17:00:00,2016-11-19 10:30:00,2016-11-19 10:30:00,2016-10-21,2494867.0,1912698.0,INR,4,TANUJ KUMAR,ENT-SUP-7F4BD4010F,TANUJ KUMAR,"Himachal Pradesh, India",AWARDED,28.729166666666668,0,0,OPEN_TENDER,EXECUTIVE ENGINEER HIMACHAL PRADESH PUBLIC WORKS DEPARTMENT DIVISION BAIJH,HIMACHAL_PRADESH,https://hptenders.gov.in/,0,SYNTH-CTRL-00134,,
2018_HPIPH_19456_1-34,2018_HPIPH_19456_1-34,EXECUTIVE ENGINEER,Himachal Pradesh State Government,HIMACHAL PRADESH,Bassi,Bassi,works,Running operation and Maintenance of the Project,Running operation and Maintenance of the Project,2018-02-05 17:00:00,2018-03-05 11:15:00,2018-03-05 11:15:00,2018-02-05,5070651.49,4971226.95,INR,3,KISHORILAL,ENT-SUP-A50031EF30,KISHORILAL,"Himachal Pradesh, India",AWARDED,27.760416666666668,0,0,OPEN_TENDER,EXECUTIVE ENGINEER,HIMACHAL_PRADESH,https://hptenders.gov.in/,1,SYNTH-INJ-00135,,
RAJ-RA-2021-01089,REF-RAJ-RA-2021-01089,MEDICAL HEALTH SERVICES JAIPUR,RAJASTHAN State Government,RAJASTHAN,Central District,"RAJASTHAN, India",Information Technology & Software,Procurement of information technology & software for MEDICAL HEALTH SERVICES JAIPUR,Official public tender for supply of information technology & software under standard RAJASTHAN state procurement guidelines.,2020-06-13 00:00:00,2020-06-17 00:00:00,2020-06-18 00:00:00,2020-07-02,187787857.29,165253314.41,INR,4,TATA PROJECTS LIMITED,ENT-SUP-861D6E7011,TATA PROJECTS LIMITED,"RAJASTHAN, India",AWARDED,4.0,1,0,OPEN_TENDER,MEDICAL HEALTH SERVICES JAIPUR,RAJASTHAN,https://eproc.rajasthan.gov.in/,0,SYNTH-CTRL-00136,,
2017_PWD_17849_14,2017_PWD_17849_14,EXECUTIVE ENGINEER PUBLIC WORKS DEPARTMENT SHILLAI,Himachal Pradesh State Government,HIMACHAL PRADESH,Shillai,Shillai,works,A/R and M/O link road to village Koti Uttrou km 0/0 to 6/0 (SH Construction of slab culvert at RD 4/900 along with both side wing walls).,A/R and M/O link road to village Koti Uttrou km 0/0 to 6/0 (SH Construction of slab culvert at RD 4/900 along with both side wing walls).,2017-08-29 15:00:00,2017-09-11 17:00:00,2017-09-11 17:00:00,2017-08-29,673169.0,962556.0,INR,2,COLLUSIVE_FAVORITE_ENTERPRISE,ENT-SUP-COLLUSIVE-999,COLLUSIVE_FAVORITE_ENTERPRISE,"Himachal Pradesh, India",AWARDED,13.083333333333334,0,0,OPEN_TENDER,EXECUTIVE ENGINEER PUBLIC WORKS DEPARTMENT SHILLAI,HIMACHAL_PRADESH,https://hptenders.gov.in/,1,SYNTH-INJ-00137,,
2018_PWD_25354_1,2018_PWD_25354_1,EXECUTIVE ENGINEER KASAULI,Himachal Pradesh State Government,HIMACHAL PRADESH,Kasauli,Kasauli,works,C/O Leprosy hospital at lohanji Distt Solan HP,C/O Leprosy Hospital at Lohanji Distt solan HP SH Balance work of site development and C/o approach road in km 0/0 to 0/110,2018-12-14 14:30:00,2018-12-27 16:00:00,2018-12-27 16:00:00,2018-12-14,5782822.0,7196291.0,INR,2,SUNIL THAKUR,ENT-SUP-E118A23622,SUNIL THAKUR,"Himachal Pradesh, India",AWARDED,13.0625,0,0,OPEN_TENDER,EXECUTIVE ENGINEER KASAULI,HIMACHAL_PRADESH,https://hptenders.gov.in/,0,SYNTH-CTRL-00138,,
2018_HIMUD_24555_1,2018_HIMUD_24555_1,EXECUTIVE ENGINEER HIMUDA DIVISION MANDI,Himachal Pradesh State Government,HIMACHAL PRADESH,Ratocha Kullu,Ratocha Kullu,works,Construction of Health Sub Centre Health Institutions at various places in HP SH Construction of Health Sub Centre building including internal water supply sanitary installation at RATOCHA Distt Kullu HP,Construction of Health Sub Centre Health Institutions at various places in HP SH Construction of Health Sub Centre building including internal water supply sanitary installation at RATOCHA Distt Kullu HP,2018-11-13 10:30:00,2018-11-26 17:00:00,2018-11-26 17:00:00,2018-11-13,1231239.0,1456355.25,INR,5,ATUL KUMAR,ENT-SUP-05828E5ADA,ATUL KUMAR,"Himachal Pradesh, India",AWARDED,13.270833333333334,3,180,OPEN_TENDER,EXECUTIVE ENGINEER HIMUDA DIVISION MANDI,HIMACHAL_PRADESH,https://hptenders.gov.in/,1,SYNTH-INJ-00139,,
2018_PWD_19105_1,2018_PWD_19105_1,EXECUTIVE ENGINEER PUBLIC WORKS DEPARTMENT DIVISION FATEHPUR,Himachal Pradesh State Government,HIMACHAL PRADESH,Near Fatehpur,Near Fatehpur,works,Construction of Sunhara Khadlow Nangal road km. 0/0 to 8/860 (UNDER SCSP),"Providing and laying Granular Sub-Base, Cement concrete pavement in km. 3/0 to 3/500",2018-01-10 14:30:00,2018-02-01 17:00:00,2018-02-01 17:00:00,2018-01-10,2070995.0,1739941.0,INR,10,MASTAN ALI,ENT-SUP-AAD0C5DC06,MASTAN ALI,"Himachal Pradesh, India",AWARDED,22.104166666666668,0,0,OPEN_TENDER,EXECUTIVE ENGINEER PUBLIC WORKS DEPARTMENT DIVISION FATEHPUR,HIMACHAL_PRADESH,https://hptenders.gov.in/,0,SYNTH-CTRL-00140,,
UTT-UT-2021-01054,REF-UTT-UT-2021-01054,UTTAR PRADESH JAL NIGAM,UTTAR PRADESH State Government,UTTAR PRADESH,Central District,"UTTAR PRADESH, India",Electrical & Mechanical,Procurement of electrical & mechanical for UTTAR PRADESH JAL NIGAM,Official public tender for supply of electrical & mechanical under standard UTTAR PRADESH state procurement guidelines.,2020-06-24 00:00:00,2020-06-26 00:00:00,2020-07-01 00:00:00,2020-07-15,21214259.79,24396398.76,INR,1,SHREE BALAJI ENTERPRISE,ENT-SUP-CA68E614E4,SHREE BALAJI ENTERPRISE,"UTTAR PRADESH, India",AWARDED,2.0,1,0,OPEN_TENDER,UTTAR PRADESH JAL NIGAM,UTTAR_PRADESH,https://etender.up.nic.in/,1,SYNTH-INJ-00141,,
2016_HPIPH_10398_1,2016_HPIPH_10398_1,EXECUTIVE ENGINEER,Himachal Pradesh State Government,HIMACHAL PRADESH,Paonta Sahib,Paonta Sahib,works,Providing Improvement of LWSS to various habitations of CV Basog Chambiyara Chowki etc in Tehsil Paonta Sahib District Sirmour HP,Supplying and Erection of Centrifugal Pumping Machinery with allied accessories for Part I II III and IV and Providing Laying Jointing of Rising Main for Part I and II,2016-01-27 09:00:00,2016-02-08 11:00:00,2016-02-08 11:00:00,2016-01-27,3910732.0,6639493.0,INR,4,SURJEET SINGH THAKUR,ENT-SUP-AC3DA51E94,SURJEET SINGH THAKUR,"Himachal Pradesh, India",AWARDED,12.083333333333334,0,0,OPEN_TENDER,EXECUTIVE ENGINEER,HIMACHAL_PRADESH,https://hptenders.gov.in/,0,SYNTH-CTRL-00142,,
2018_PWD_19653_3,2018_PWD_19653_3,EXECUTIVE ENGINEER DHAMI,Himachal Pradesh State Government,HIMACHAL PRADESH,Dhami,Dhami,works,Annual Surfacing on Galog Nehra Okharoo Chanog road Km 0/000 to 12/00,SH Providing Renewal Coat in between km 6/00 to 7/00 and 9/00 to 11/00 i/c V-shape drain) for the year 2018-19,2018-02-21 17:00:00,2018-03-13 17:00:00,2018-03-13 17:00:00,2018-02-21,2230996.0,3053296.87,INR,3,ATUL SHARMA,ENT-SUP-1A1A0EF844,ATUL SHARMA,"Himachal Pradesh, India",AWARDED,20.0,0,0,OPEN_TENDER,EXECUTIVE ENGINEER DHAMI,HIMACHAL_PRADESH,https://hptenders.gov.in/,1,SYNTH-INJ-00143,,
2017_PWD_14661_8,2017_PWD_14661_8,EXECUTIVE ENGINEER CHAMBA DIVISION HIMACHAL PRADESH PUBLIC WORKS DEPARTMENT CHAMBA,Himachal Pradesh State Government,HIMACHAL PRADESH,Chamba,Chamba,works,"Annual Maintenance of Chamba Khajjiar road Km 14/0 to 17/0 for the year 2017-18 P/L Bitumenous concrete, construction of Drain and profile correction","Annual Maintenance of Chamba Khajjiar road Km 14/0 to 17/0 for the year 2017-18 P/L Bitumenous concrete, construction of Drain and profile correction",2017-02-07 10:00:00,2017-02-27 11:00:00,2017-02-27 11:00:00,2017-02-07,2162991.0,2883290.0,INR,3,SAHAB SINGH THAKUR,ENT-SUP-3751B5B299,SAHAB SINGH THAKUR,"Himachal Pradesh, India",AWARDED,20.041666666666668,0,0,OPEN_TENDER,EXECUTIVE ENGINEER CHAMBA DIVISION HIMACHAL PRADESH PUBLIC WORKS DEPARTMENT CHAMBA,HIMACHAL_PRADESH,https://hptenders.gov.in/,0,SYNTH-CTRL-00144,,
2018_PWD_25484_1,2018_PWD_25484_1,EXECUTIVE ENGINEER,Himachal Pradesh State Government,HIMACHAL PRADESH,Nahan,Nahan,works,M/T on Road from NH-07 Gurudwara Sahib to Bankala Rakhni Km 0/0 to 5/795 under NABARD RIDF-XXIV,"P/L GSB G-1 and WBM, G-II, G-III and 2 cm thick PC Surfacing, C/o Retaining Structure, V-Shape Drain, U-Shape Drain and providing essential Parapets in Km 0/0 to 5/795",2018-12-21 17:00:00,2018-12-27 10:00:00,2018-12-27 10:00:00,2018-12-21,16283085.0,29249240.0,INR,4,RASHID ALI CIVIL CONTRACTOR,ENT-SUP-6C26D335D0,RASHID ALI CIVIL CONTRACTOR,"Himachal Pradesh, India",AWARDED,5.708333333333333,0,0,OPEN_TENDER,EXECUTIVE ENGINEER,HIMACHAL_PRADESH,https://hptenders.gov.in/,1,SYNTH-INJ-00145,Proprietary Model APEX-X900 patented optical sensor system with custom firmware 4.2.1 exclusive to Apex Systems.,Apex Systems APEX-X900 patented optical sensor system with custom firmware 4.2.1.
2019_HPIPH_29428_1,2019_HPIPH_29428_1,EXECUTIVE ENGINEER,Himachal Pradesh State Government,HIMACHAL PRADESH,Mani Khad under IPH Sub Division Kandrour,Mani Khad under IPH Sub Division Kandrour,works,Construction of 2 Nos Check dam at Mani Khad Node- A and B and 2 Nos wire crates at RD 0/105 and 0/930,Construction of 2 Nos Check dam at Mani Khad Node- A and B and 2 Nos wire crates at RD 0/105 and 0/930,2019-06-18 17:00:00,2019-07-22 11:00:00,2019-07-22 11:00:00,2019-06-18,3427950.0,5668121.0,INR,5,VINOD KUMAR,ENT-SUP-7E1AACB353,VINOD KUMAR,"Himachal Pradesh, India",AWARDED,33.75,0,0,OPEN_TENDER,EXECUTIVE ENGINEER,HIMACHAL_PRADESH,https://hptenders.gov.in/,0,SYNTH-CTRL-00146,,
2016_MC_10913_6,2016_MC_10913_6,EXECUTIVE ENGINEEER,Himachal Pradesh State Government,HIMACHAL PRADESH,Shimla,Shimla,works,Re-surfacing of M.C. road from Chotta Shimla to Boileauganj RD,Re-surfacing of M.C. road from Chotta Shimla to Boileauganj RD 0/0 to 6/420 (SHRe-surfacing of road 5/460 to 6/420,2016-03-09 13:30:00,2016-03-28 10:30:00,2016-03-28 10:30:00,2016-03-09,1138576.0,1940977.0,INR,1,NARESH VIJ GOVERNMENT CONTRACTOR,ENT-SUP-15B2E2405A,NARESH VIJ GOVERNMENT CONTRACTOR,"Himachal Pradesh, India",AWARDED,18.875,0,0,OPEN_TENDER,EXECUTIVE ENGINEEER,HIMACHAL_PRADESH,https://hptenders.gov.in/,1,SYNTH-INJ-00147,,
2019_HIMUD_30009_1,2019_HIMUD_30009_1,EXECUTIVE ENGINEER HIMUDA DIVISION MANDI,Himachal Pradesh State Government,HIMACHAL PRADESH,Sarkaghat,Sarkaghat,works,Construction of car parking at Sarkaghat Distt Mandi HP under Rajeev Gandhi Urban Renewal Facility Scheme and development of stie,Construction of car parking at Sarkaghat Distt Mandi HP under Rajeev Gandhi Urban Renewal Facility Scheme and development of stie,2019-07-09 10:30:00,2019-07-20 17:00:00,2019-07-20 17:00:00,2019-07-09,8167346.0,9693682.11,INR,2,AJAY KUMAR THAKUR,ENT-SUP-7D7C720FFD,AJAY KUMAR THAKUR,"Himachal Pradesh, India",AWARDED,11.270833333333334,0,0,OPEN_TENDER,EXECUTIVE ENGINEER HIMUDA DIVISION MANDI,HIMACHAL_PRADESH,https://hptenders.gov.in/,0,SYNTH-CTRL-00148,,
2018_PWD_24410_1,2018_PWD_24410_1,EXECUTIVE ENGINEER,Himachal Pradesh State Government,HIMACHAL PRADESH,Barsar,Barsar,works,C/O link road from Vety Hospital to Amroh via Fakruhi Hanoh Garli Bunga road Km. 0/0 to 2/420,"C/O Balance work i.e. F.C. ROFD for 5/7 mtrs. Wide road C.D.,soling,wearing and tarring drain and parapets in between km. 0/0 to 2/420) Under Nabard RIDF-XXC/O Balance work i.e. F.C. ROFD for 5/7 mtrs. Wide road C.D.,soling,wearing and tarring drain",2018-11-01 13:25:00,2018-11-13 10:30:00,2018-11-13 10:30:00,2018-11-01,4984431.54,4886697.59,INR,3,VIJAY KUMAR,ENT-SUP-350ABE7526,VIJAY KUMAR,"Himachal Pradesh, India",AWARDED,11.87847222222222,0,0,OPEN_TENDER,EXECUTIVE ENGINEER,HIMACHAL_PRADESH,https://hptenders.gov.in/,1,SYNTH-INJ-00149,,
CEN-CE-2021-01253,REF-CEN-CE-2021-01253,DEFENCE RESEARCH DEVELOPMENT ORG,Government of India,CENTRAL,Central District,"CENTRAL, India",Electrical & Mechanical,Procurement of electrical & mechanical for DEFENCE RESEARCH DEVELOPMENT ORG,Official public tender for supply of electrical & mechanical under standard CENTRAL state procurement guidelines.,2021-08-15 00:00:00,2021-08-19 00:00:00,2021-08-20 00:00:00,2021-09-03,111392082.43,120303449.02,INR,4,SHREE BALAJI ENTERPRISE,ENT-SUP-CA68E614E4,SHREE BALAJI ENTERPRISE,"CENTRAL, India",AWARDED,4.0,0,0,OPEN_TENDER,DEFENCE RESEARCH DEVELOPMENT ORG,CENTRAL_CPPP,https://eprocure.gov.in/cppp/,0,SYNTH-CTRL-00150,,
2019_PWD_33183_1,2019_PWD_33183_1,EXECUTIVE ENGINEER ELECTRICAL DIVISION NO II,Himachal Pradesh State Government,HIMACHAL PRADESH,Shimla,Shimla,works,Construction of new OPD block at IGMC Shimla SH Providing fire fighting in trauma block therein,Providing fire fighting system,2019-12-09 17:30:00,2019-12-30 17:00:00,2019-12-30 17:00:00,2019-12-09,2181004.0,2085547.0,INR,5,COLLUSIVE_FAVORITE_ENTERPRISE,ENT-SUP-COLLUSIVE-999,COLLUSIVE_FAVORITE_ENTERPRISE,"Himachal Pradesh, India",AWARDED,20.979166666666668,0,0,OPEN_TENDER,EXECUTIVE ENGINEER ELECTRICAL DIVISION NO II,HIMACHAL_PRADESH,https://hptenders.gov.in/,1,SYNTH-INJ-00151,,
2017_PWD_16243_1,2017_PWD_16243_1,EXECUTIVE ENGINEER CHAMBA DIVISION HIMACHAL PRADESH PUBLIC WORKS DEPARTMENT CHAMBA,Himachal Pradesh State Government,HIMACHAL PRADESH,Chamba,Chamba,works,Special repair to Distt. Treasury office building at Chamba Replacement of flooring laying of paver ceiling repair of plaster replacement of sanitary installation etc,Special repair to Distt. Treasury office building at Chamba Replacement of flooring laying of paver ceiling repair of plaster replacement of sanitary installation etc,2017-05-09 10:00:00,2017-05-30 11:00:00,2017-05-30 11:00:00,2017-05-09,1480754.0,1562064.0,INR,5,DES RAJ THAKUR,ENT-SUP-DC961C3ED2,DES RAJ THAKUR,"Himachal Pradesh, India",AWARDED,21.041666666666668,0,0,OPEN_TENDER,EXECUTIVE ENGINEER CHAMBA DIVISION HIMACHAL PRADESH PUBLIC WORKS DEPARTMENT CHAMBA,HIMACHAL_PRADESH,https://hptenders.gov.in/,0,SYNTH-CTRL-00152,,
CEN-CE-2021-01190,REF-CEN-CE-2021-01190,INDIAN RAILWAYS,Government of India,CENTRAL,Central District,"CENTRAL, India",Electrical & Mechanical,Procurement of electrical & mechanical for INDIAN RAILWAYS,Official public tender for supply of electrical & mechanical under standard CENTRAL state procurement guidelines.,2019-05-30 00:00:00,2019-06-13 00:00:00,2019-06-14 00:00:00,2019-06-28,4985896.33,4387588.77,INR,3,NCC LIMITED INFRASTRUCTURE,ENT-SUP-0DFD916C8B,NCC LIMITED INFRASTRUCTURE,"CENTRAL, India",AWARDED,14.0,3,180,OPEN_TENDER,INDIAN RAILWAYS,CENTRAL_CPPP,https://eprocure.gov.in/cppp/,1,SYNTH-INJ-00153,,
2017_UDDHP_17263_1,2017_UDDHP_17263_1,EXECUTIVE ENGINEER,Himachal Pradesh State Government,HIMACHAL PRADESH,dharamshala,dharamshala,works,"Construction of path from Gagan Chand Kabir Panth House towards Hanuman Mandir,ward 9","Construction of path from Gagan Chand Kabir Panth House towards Hanuman Mandir,ward 9",2017-07-15 17:00:00,2017-07-27 11:00:00,2017-07-27 11:00:00,2017-07-15,750778.0,1159950.0,INR,2,VIKAS,ENT-SUP-4F0586E985,VIKAS,"Himachal Pradesh, India",AWARDED,11.75,0,0,OPEN_TENDER,EXECUTIVE ENGINEER,HIMACHAL_PRADESH,https://hptenders.gov.in/,0,SYNTH-CTRL-00154,,
MAH-MA-2021-01122,REF-MAH-MA-2021-01122,PUBLIC HEALTH DEPT MUMBAI,MAHARASHTRA State Government,MAHARASHTRA,Central District,"MAHARASHTRA, India",Civil Works & Infrastructure,Procurement of civil works & infrastructure for PUBLIC HEALTH DEPT MUMBAI,Official public tender for supply of civil works & infrastructure under standard MAHARASHTRA state procurement guidelines.,2019-03-30 00:00:00,2019-04-01 00:00:00,2019-04-14 00:00:00,2019-04-28,4914343.9,5651495.49,INR,4,DILIP BUILDCON LIMITED,ENT-SUP-55226FC7C8,DILIP BUILDCON LIMITED,"MAHARASHTRA, India",AWARDED,2.0,0,0,OPEN_TENDER,PUBLIC HEALTH DEPT MUMBAI,MAHARASHTRA,https://mahatenders.gov.in/,1,SYNTH-INJ-00155,,
2017_HPIPH_15976_1,2017_HPIPH_15976_1,EXECUTIVE ENGINEER IRRIGATION AND PUBLIC HEALTH DIVN NO 1 UNA HP,Himachal Pradesh State Government,HIMACHAL PRADESH,Upper Khad Mohalla Panehra,Upper Khad Mohalla Panehra,works,"CO T/well at village Bidherwal Kante Sainsowal Panjawar Lower Pandoga, Upper Khad and Nangal Kalan in Distt Una HP CO Twell at Panjwar and Upper khad",Sub Head Laying Jointing and testing of HDPE pipe in Dsystem including C O 1No DTanks 17 No RCC outlets Pucca field channels etc for CO Twell at UPPER KHAD Mohalla Panehra NABARD RIDF XX,2017-04-22 15:00:00,2017-05-11 17:00:00,2017-05-11 17:00:00,2017-04-22,1350934.0,1310171.0,INR,3,KKSARMAI,ENT-SUP-78360B4C7B,KKSARMAI,"Himachal Pradesh, India",AWARDED,19.08333333333333,0,0,OPEN_TENDER,EXECUTIVE ENGINEER IRRIGATION AND PUBLIC HEALTH DIVN NO 1 UNA HP,HIMACHAL_PRADESH,https://hptenders.gov.in/,0,SYNTH-CTRL-00156,,
2018_PWD_20151_1,2018_PWD_20151_1,E E SUNDER NAGAR DIVISION HIMACHAL PRADESH PUBLIC WORKS DEPARTMENT,Himachal Pradesh State Government,HIMACHAL PRADESH,Sunder Nagar,Sunder Nagar,works,Annual surfacing on Bharari Shered and Link road to village Bharari state,SH Providing and laying 25mm thick bituminous concrete including profile correction in Bharari Shered km 0/0 to 1/0 and Link road to village Bharari 0/0 to 1/0,2018-03-16 11:00:00,2018-04-06 10:00:00,2018-04-06 10:00:00,2018-03-16,1542423.0,2360215.21,INR,2,S A ASSOCIATE,ENT-SUP-B003D02CF5,S A ASSOCIATE,"Himachal Pradesh, India",AWARDED,20.95833333333333,0,0,OPEN_TENDER,E E SUNDER NAGAR DIVISION HIMACHAL PRADESH PUBLIC WORKS DEPARTMENT,HIMACHAL_PRADESH,https://hptenders.gov.in/,1,SYNTH-INJ-00157,,
2017_HPIPH_16578_1,2017_HPIPH_16578_1,EXECUTIVE ENGINEER,Himachal Pradesh State Government,HIMACHAL PRADESH,Una,Una,works,Augmentation and Improvement of LWSS Amboa Saloh Beri Raipur Marwari and Dangoh Khurd in Tehsil Amb Ghanari in Distt Una HP,Drilling Lowering Assembly and Development of 4Nos Twell 150 mtrs deep each in Village Amboa Saloh Beri Raipur Marwari and Dangoh Khurd,2017-05-27 17:05:00,2017-06-16 17:00:00,2017-06-16 17:00:00,2017-05-27,4532069.0,4589964.0,INR,4,H N SINGH AND COMPANY,ENT-SUP-FF5CBEFF6E,H N SINGH AND COMPANY,"Himachal Pradesh, India",AWARDED,19.99652777777778,0,0,OPEN_TENDER,EXECUTIVE ENGINEER,HIMACHAL_PRADESH,https://hptenders.gov.in/,0,SYNTH-CTRL-00158,,
UTT-UT-2021-01197,REF-UTT-UT-2021-01197,UP STATE HIGHWAY AUTHORITY,UTTAR PRADESH State Government,UTTAR PRADESH,Central District,"UTTAR PRADESH, India",Medical Equipment & Consumables,Procurement of medical equipment & consumables for UP STATE HIGHWAY AUTHORITY,Official public tender for supply of medical equipment & consumables under standard UTTAR PRADESH state procurement guidelines.,2019-05-10 00:00:00,2019-06-09 00:00:00,2019-06-10 00:00:00,2019-06-24,2704957.37,3651692.45,INR,2,APEX MEDITECH SOLUTIONS,ENT-SUP-A750489DC1,APEX MEDITECH SOLUTIONS,"UTTAR PRADESH, India",AWARDED,30.0,0,0,OPEN_TENDER,UP STATE HIGHWAY AUTHORITY,UTTAR_PRADESH,https://etender.up.nic.in/,1,SYNTH-INJ-00159,Proprietary Model APEX-X900 patented optical sensor system with custom firmware 4.2.1 exclusive to Apex Systems.,Apex Systems APEX-X900 patented optical sensor system with custom firmware 4.2.1.
2020_HPIPH_34730_2,2020_HPIPH_34730_2,EXECUTIVE ENGINEER,Himachal Pradesh State Government,HIMACHAL PRADESH,Anti,Anti,works,Providing FHTC to left out house hold for Nal Se Jal under Jal Jeevan Mission under Jubbal Kotkhai Constituency in IPH Division jubbal Tehsil Jubbal and Kotkhai Distt Shimla HP Phase 2nd Anti,Providing FHTC to left out house hold for Nal Se Jal under Jal Jeevan Mission under Jubbal Kotkhai Constituency in IPH Division jubbal Tehsil Jubbal and Kotkhai Distt Shimla HP Phase 2nd Anti,2020-02-08 10:00:00,2020-02-22 11:00:00,2020-02-22 11:00:00,2020-02-08,5614860.0,4332356.0,INR,5,M S PARDEEP SUBLAIK,ENT-SUP-10D167FBED,M S PARDEEP SUBLAIK,"Himachal Pradesh, India",AWARDED,14.041666666666666,0,0,OPEN_TENDER,EXECUTIVE ENGINEER,HIMACHAL_PRADESH,https://hptenders.gov.in/,0,SYNTH-CTRL-00160,,
2019_HPIPH_26967_1,2019_HPIPH_26967_1,EXECUTIVE ENGINEER,Himachal Pradesh State Government,HIMACHAL PRADESH,Nagrota Bagwan,Nagrota Bagwan,works,Annual Repair maintenance of Sew.Scheme to Dr.RPMC Tanda(SH-Supply and Errection of DG set 82.50 KVA for STP at Tanda,Annual Repair maintenance of Sew.Scheme to Dr.RPMC Tanda(SH-Supply and Errection of DG set 82.50 KVA for STP at Tanda,2019-02-07 18:15:00,2019-02-21 11:00:00,2019-02-21 11:00:00,2019-02-07,947555.0,1081950.0,INR,1,REBOUND ENVIRO TECHNOLOGY PRIVATE LIMITED,ENT-SUP-BEBBFEE3D8,REBOUND ENVIRO TECHNOLOGY PRIVATE LIMITED,"Himachal Pradesh, India",AWARDED,13.697916666666666,0,0,OPEN_TENDER,EXECUTIVE ENGINEER,HIMACHAL_PRADESH,https://hptenders.gov.in/,1,SYNTH-INJ-00161,,
2017_PWD_15451_1,2017_PWD_15451_1,EXECUTIVE ENGINEER,Himachal Pradesh State Government,HIMACHAL PRADESH,Sujanpur,Sujanpur,works,Special repair to Govt. Degree College at Nadaun Distt. Hamirpur (H.P.).,Providing and laying interlocking concrete block pavement and providing and fixing CGI sheet roofing shed along building,2017-03-18 18:00:00,2017-03-27 10:30:00,2017-03-27 10:30:00,2017-03-18,1840792.0,1499230.0,INR,4,RAJNEESH THSKUR,ENT-SUP-887114F81C,RAJNEESH THSKUR,"Himachal Pradesh, India",AWARDED,8.6875,0,0,OPEN_TENDER,EXECUTIVE ENGINEER,HIMACHAL_PRADESH,https://hptenders.gov.in/,0,SYNTH-CTRL-00162,,
MAH-MA-2021-01106,REF-MAH-MA-2021-01106,PUBLIC HEALTH DEPT MUMBAI,MAHARASHTRA State Government,MAHARASHTRA,Central District,"MAHARASHTRA, India",Medical Equipment & Consumables,Procurement of medical equipment & consumables for PUBLIC HEALTH DEPT MUMBAI,Official public tender for supply of medical equipment & consumables under standard MAHARASHTRA state procurement guidelines.,2021-08-17 00:00:00,2021-08-31 00:00:00,2021-09-01 00:00:00,2021-09-15,4848044.31,4752984.62,INR,2,VANGUARD POWER SERVICES,ENT-SUP-FBE5090586,VANGUARD POWER SERVICES,"MAHARASHTRA, India",AWARDED,14.0,0,0,OPEN_TENDER,PUBLIC HEALTH DEPT MUMBAI,MAHARASHTRA,https://mahatenders.gov.in/,1,SYNTH-INJ-00163,,
2017_PWD_14473_1,2017_PWD_14473_1,EXECUTIVE ENGINEER BILASPUR DIVISION NO 2 HIMACHAL PRADESH PUBLIC WORKS DEPARTMENT BILASPUR,Himachal Pradesh State Government,HIMACHAL PRADESH,Bilaspur,Bilaspur,works,"Strengthening of existing school Infra Structure under RMSA in Govt. Senior Secondary School Nange Thakur in Distt. Bilaspur (HP)(SH- C/o Science Lab, Computer Room in Ground Floor, Library and Art/Craft room at first Floor)","Strengthening of existing school Infra Structure under RMSA in Govt. Senior Secondary School Nange Thakur in Distt. Bilaspur (HP)(SH- C/o Science Lab, Computer Room in Ground Floor, Library and Art/Craft room at first Floor)",2017-01-21 11:05:00,2017-02-02 10:30:00,2017-02-02 10:30:00,2017-01-21,2338056.0,2665399.0,INR,5,SHYAM LAL CHAUHAN,ENT-SUP-A16810026C,SHYAM LAL CHAUHAN,"Himachal Pradesh, India",AWARDED,11.975694444444445,0,0,OPEN_TENDER,EXECUTIVE ENGINEER BILASPUR DIVISION NO 2 HIMACHAL PRADESH PUBLIC WORKS DEPARTMENT BILASPUR,HIMACHAL_PRADESH,https://hptenders.gov.in/,0,SYNTH-CTRL-00164,,
RAJ-RA-2021-01104,REF-RAJ-RA-2021-01104,RAJASTHAN RAJYA VIDYUT PRASARAN,RAJASTHAN State Government,RAJASTHAN,Central District,"RAJASTHAN, India",Civil Works & Infrastructure,Procurement of civil works & infrastructure for RAJASTHAN RAJYA VIDYUT PRASARAN,Official public tender for supply of civil works & infrastructure under standard RAJASTHAN state procurement guidelines.,2021-10-01 00:00:00,2021-10-07 00:00:00,2021-10-08 00:00:00,2021-10-22,2112462.84,2154712.1,INR,1,COLLUSIVE_FAVORITE_ENTERPRISE,ENT-SUP-COLLUSIVE-999,COLLUSIVE_FAVORITE_ENTERPRISE,"RAJASTHAN, India",AWARDED,6.0,0,0,OPEN_TENDER,RAJASTHAN RAJYA VIDYUT PRASARAN,RAJASTHAN,https://eproc.rajasthan.gov.in/,1,SYNTH-INJ-00165,,
2019_HPIPH_28090_1-556,2019_HPIPH_28090_1-556,EXECUTIVE ENGINEER HAMIRPUR,Himachal Pradesh State Government,HIMACHAL PRADESH,Hamirpur District,Hamirpur District,works,Improvement of water facility to village Kohla khas and Gurer Harizen Basti under LWSS Kohla Kaloor in Tehsil Nadaun Distt Hamirpur,Improvement of water facility to village Kohla khas and Gurer Harizen Basti under LWSS Kohla Kaloor in Tehsil Nadaun Distt Hamirpur,2019-03-04 09:00:00,2019-03-12 11:00:00,2019-03-12 11:00:00,2019-03-04,912998.0,944289.0,INR,4,AKHILESH CHAUDHARY,ENT-SUP-1DB4556760,AKHILESH CHAUDHARY,"Himachal Pradesh, India",AWARDED,8.083333333333334,0,0,OPEN_TENDER,EXECUTIVE ENGINEER HAMIRPUR,HIMACHAL_PRADESH,https://hptenders.gov.in/,0,SYNTH-CTRL-00166,,
CEN-CE-2021-01197,REF-CEN-CE-2021-01197,DEFENCE RESEARCH DEVELOPMENT ORG,Government of India,CENTRAL,Central District,"CENTRAL, India",Electrical & Mechanical,Procurement of electrical & mechanical for DEFENCE RESEARCH DEVELOPMENT ORG,Official public tender for supply of electrical & mechanical under standard CENTRAL state procurement guidelines.,2021-04-29 00:00:00,2021-05-20 00:00:00,2021-05-21 00:00:00,2021-06-04,11714733.87,10308965.81,INR,5,KNR CONSTRUCTION,ENT-SUP-6A86A67807,KNR CONSTRUCTION,"CENTRAL, India",AWARDED,21.0,3,180,OPEN_TENDER,DEFENCE RESEARCH DEVELOPMENT ORG,CENTRAL_CPPP,https://eprocure.gov.in/cppp/,1,SYNTH-INJ-00167,,
UTT-UT-2021-01141,REF-UTT-UT-2021-01141,NOIDA INDUSTRIAL DEVELOPMENT AUTH,UTTAR PRADESH State Government,UTTAR PRADESH,Central District,"UTTAR PRADESH, India",Consultancy & Facility Management,Procurement of consultancy & facility management for NOIDA INDUSTRIAL DEVELOPMENT AUTH,Official public tender for supply of consultancy & facility management under standard UTTAR PRADESH state procurement guidelines.,2020-05-04 00:00:00,2020-05-25 00:00:00,2020-05-26 00:00:00,2020-06-09,22879607.65,30887470.32,INR,4,LARSEN AND TOUBRO CONSTRUCTION,ENT-SUP-6C6BEB7D6E,LARSEN AND TOUBRO CONSTRUCTION,"UTTAR PRADESH, India",AWARDED,21.0,0,0,OPEN_TENDER,NOIDA INDUSTRIAL DEVELOPMENT AUTH,UTTAR_PRADESH,https://etender.up.nic.in/,0,SYNTH-CTRL-00168,,
2017_PWD_16937_1,2017_PWD_16937_1,EXECUTIVE ENGINEER B AND R SOLAN,Himachal Pradesh State Government,HIMACHAL PRADESH,Solan,Solan,works,Construciton of Gaura Reh ka Katal via Dhar road Km0/00 to 5/00 SH Formation cutting in protion Km5/00 to 5/500,Construciton of Gaura Reh ka Katal via Dhar road Km0/00 to 5/00 SH Formation cutting in protion Km5/00 to 5/500,2017-06-21 18:10:00,2017-06-23 18:10:00,2017-07-06 10:00:00,2017-06-21,1330878.0,859736.46,INR,11,SATISH THAKUR,ENT-SUP-DDCC6AC79F,SATISH THAKUR,"Himachal Pradesh, India",AWARDED,2.0,0,0,OPEN_TENDER,EXECUTIVE ENGINEER B AND R SOLAN,HIMACHAL_PRADESH,https://hptenders.gov.in/,1,SYNTH-INJ-00169,,
2017_PWD_16268_1,2017_PWD_16268_1,EXECUTIVE ENGINEER,Himachal Pradesh State Government,HIMACHAL PRADESH,Rajgarh Division HPPWD Rajagrh,Rajgarh Division HPPWD Rajagrh,works,C/O Habban Dhamoon road km 0/0 to 4/0 under SCSP (SH C/O PCC R/wall at RD 2/400 to 2/412),C/O Habban Dhamoon road km 0/0 to 4/0 under SCSP (SH C/O PCC R/wall at RD 2/400 to 2/412),2017-05-10 10:00:00,2017-05-19 17:00:00,2017-05-19 17:00:00,2017-05-10,111400.0,142874.0,INR,17,VIRENDER THAKUR,ENT-SUP-CFF4CFF513,VIRENDER THAKUR,"Himachal Pradesh, India",AWARDED,9.291666666666666,0,0,OPEN_TENDER,EXECUTIVE ENGINEER,HIMACHAL_PRADESH,https://hptenders.gov.in/,0,SYNTH-CTRL-00170,,
2018_HPIPH_23132_1,2018_HPIPH_23132_1,EXECUTIVE ENGINEER,Himachal Pradesh State Government,HIMACHAL PRADESH,Thunag,Thunag,works,Rejuveion of FIS Chandrotdhar in GP Majhothi Tehsil Chachiot Distt. Mandi HP,Construction of site development head weir desilting tank outlets Chamber for hydrant and laying jointing and testing of HDPE pipe,2018-09-01 17:00:00,2018-09-25 11:00:00,2018-09-25 11:00:00,2018-09-01,2007586.0,3485676.84,INR,6,GAURAV SEN,ENT-SUP-63A848D1F7,GAURAV SEN,"Himachal Pradesh, India",AWARDED,23.75,0,0,OPEN_TENDER,EXECUTIVE ENGINEER,HIMACHAL_PRADESH,https://hptenders.gov.in/,1,SYNTH-INJ-00171,,
2019_PWD_26372_1,2019_PWD_26372_1,EEHPPWD GOHAR,Himachal Pradesh State Government,HIMACHAL PRADESH,Gohar,Gohar,works,Periodical Maintenance of Kot Devidarh road km. 0/0 to 19/0 SH Providing and laying Bituminious concrete 25 mm. thick in single layer in km. 6/0 to 8/0,SH Providing and laying Bituminious concrete 25 mm. thick in single layer in km. 6/0 to 8/0,2019-01-30 17:30:00,2019-02-14 17:00:00,2019-02-14 17:00:00,2019-01-30,1582339.0,2012375.0,INR,2,A A ENTREPRENEURS,ENT-SUP-E081331007,A A ENTREPRENEURS,"Himachal Pradesh, India",AWARDED,14.979166666666666,0,0,OPEN_TENDER,EEHPPWD GOHAR,HIMACHAL_PRADESH,https://hptenders.gov.in/,0,SYNTH-CTRL-00172,,
RAJ-RA-2021-01007,REF-RAJ-RA-2021-01007,PUBLIC HEALTH ENGINEERING DEPT RAJASTHAN,RAJASTHAN State Government,RAJASTHAN,Central District,"RAJASTHAN, India",Medical Equipment & Consumables,Procurement of medical equipment & consumables for PUBLIC HEALTH ENGINEERING DEPT RAJASTHAN,Official public tender for supply of medical equipment & consumables under standard RAJASTHAN state procurement guidelines.,2020-12-13 00:00:00,2021-01-12 00:00:00,2021-01-13 00:00:00,2021-01-27,11543806.84,12467311.39,INR,4,AFCONS INFRASTRUCTURE LIMITED,ENT-SUP-AC3B9A87E5,AFCONS INFRASTRUCTURE LIMITED,"RAJASTHAN, India",AWARDED,30.0,0,0,OPEN_TENDER,PUBLIC HEALTH ENGINEERING DEPT RAJASTHAN,RAJASTHAN,https://eproc.rajasthan.gov.in/,1,SYNTH-INJ-00173,Proprietary Model APEX-X900 patented optical sensor system with custom firmware 4.2.1 exclusive to Apex Systems.,Apex Systems APEX-X900 patented optical sensor system with custom firmware 4.2.1.
2017_PWD_16157_1,2017_PWD_16157_1,EXECUTIVE ENGINEER HP PUBLIC WORKS DEPARTMENT DIVISION KANGRA,Himachal Pradesh State Government,HIMACHAL PRADESH,Items,Items,works,C/O Kalera to Tatwani road km. 0/0 to 2/813 (SH- P/L Bituminous Concrete in km. 0/0 to 2/813 under PMGSY financial incentive),C/O Kalera to Tatwani road km. 0/0 to 2/813 (SH- P/L Bituminous Concrete in km. 0/0 to 2/813 under PMGSY financial incentive),2017-05-11 10:00:00,2017-06-05 11:00:00,2017-06-05 11:00:00,2017-05-11,1870986.0,2282305.0,INR,2,RAJAT THAKUR,ENT-SUP-B5EE7DE115,RAJAT THAKUR,"Himachal Pradesh, India",AWARDED,25.041666666666668,0,0,OPEN_TENDER,EXECUTIVE ENGINEER HP PUBLIC WORKS DEPARTMENT DIVISION KANGRA,HIMACHAL_PRADESH,https://hptenders.gov.in/,0,SYNTH-CTRL-00174,,
2017_HPIPH_15980_1,2017_HPIPH_15980_1,ER KESHAV RAM KULVI,Himachal Pradesh State Government,HIMACHAL PRADESH,Kullu,Kullu,works,Up gradation of existing Sewage treatment plant Kullu Town SH Providing coverage to sludge drying bed with transparent polycarboe multiwall sheet for STP Lanka Bekar,Up gradation of existing Sewage treatment plant Kullu Town SH Providing coverage to sludge drying bed with transparent polycarboe multiwall sheet for STP Lanka Bekar,2017-04-22 18:00:00,2017-05-15 17:00:00,2017-05-15 17:00:00,2017-04-22,2140128.0,1992843.75,INR,1,MOHAR SINGH THAKUR,ENT-SUP-83B04CA16C,MOHAR SINGH THAKUR,"Himachal Pradesh, India",AWARDED,22.95833333333333,0,0,OPEN_TENDER,ER KESHAV RAM KULVI,HIMACHAL_PRADESH,https://hptenders.gov.in/,1,SYNTH-INJ-00175,,
2017_PWD_18080_1,2017_PWD_18080_1,EXECUTIVE ENGINEER,Himachal Pradesh State Government,HIMACHAL PRADESH,Chalehli,Chalehli,works,Construction of additional accommodation to GSSS Chalehli.,Construction of additional accommodation to GSSS Chalehli,2017-09-11 16:35:00,2017-09-18 10:30:00,2017-09-18 10:30:00,2017-09-11,1294012.0,2039573.0,INR,3,RAM LAL CHAUDHARY,ENT-SUP-DAF1840DC3,RAM LAL CHAUDHARY,"Himachal Pradesh, India",AWARDED,6.746527777777778,0,0,OPEN_TENDER,EXECUTIVE ENGINEER,HIMACHAL_PRADESH,https://hptenders.gov.in/,0,SYNTH-CTRL-00176,,
2017_PWD_16530_1,2017_PWD_16530_1,EXECUTIVE ENGINEER,Himachal Pradesh State Government,HIMACHAL PRADESH,Theog,Theog,works,C/O Approach road from NH-5 Air Force Station at Gallu Kalan Tehsil Theog,C/O Approach road from NH-5 Air Force Station at Gallu Kalan Tehsil Theog,2017-05-24 17:00:00,2017-06-10 18:00:00,2017-06-10 18:00:00,2017-05-24,5030527.19,4931889.4,INR,4,DIXIT KEPRATE,ENT-SUP-569FEAD20C,DIXIT KEPRATE,"Himachal Pradesh, India",AWARDED,17.041666666666668,0,0,OPEN_TENDER,EXECUTIVE ENGINEER,HIMACHAL_PRADESH,https://hptenders.gov.in/,1,SYNTH-INJ-00177,,
2017_PWD_17767_1,2017_PWD_17767_1,EXECUTIVE ENGINEER,Himachal Pradesh State Government,HIMACHAL PRADESH,Theog,Theog,works,C.O Govt. Sr. Sec. School Building at Tiyali SH C.O Building portion W.s and S.I Site Development Septic tank and rain water Harvesting tank etc.,C.O Govt. Sr. Sec. School Building at Tiyali SH C.O Building portion W.s and S.I Site Development Septic tank and rain water Harvesting tank etc.,2017-08-21 18:00:00,2017-09-08 18:00:00,2017-09-08 18:00:00,2017-08-21,15424964.0,18762535.0,INR,2,KULDEEP VERMA,ENT-SUP-F3CCDC39F3,KULDEEP VERMA,"Himachal Pradesh, India",AWARDED,18.0,0,0,OPEN_TENDER,EXECUTIVE ENGINEER,HIMACHAL_PRADESH,https://hptenders.gov.in/,0,SYNTH-CTRL-00178,,
UTT-UT-2021-01210,REF-UTT-UT-2021-01210,UTTAR PRADESH PUBLIC WORKS DEPARTMENT,UTTAR PRADESH State Government,UTTAR PRADESH,Central District,"UTTAR PRADESH, India",Information Technology & Software,Procurement of information technology & software for UTTAR PRADESH PUBLIC WORKS DEPARTMENT,Official public tender for supply of information technology & software under standard UTTAR PRADESH state procurement guidelines.,2019-12-08 00:00:00,2019-12-12 00:00:00,2019-12-13 00:00:00,2019-12-27,2182381.4,2509738.61,INR,2,COLLUSIVE_FAVORITE_ENTERPRISE,ENT-SUP-COLLUSIVE-999,COLLUSIVE_FAVORITE_ENTERPRISE,"UTTAR PRADESH, India",AWARDED,4.0,1,0,OPEN_TENDER,UTTAR PRADESH PUBLIC WORKS DEPARTMENT,UTTAR_PRADESH,https://etender.up.nic.in/,1,SYNTH-INJ-00179,,
2017_PWD_15011_1-3579,2017_PWD_15011_1-3579,EXECUTIVE ENGINEER MANDI DIVISION NO 2 HIMACHAL PRADESH PUBLIC WORKS DEPARTMENT MANDI,Himachal Pradesh State Government,HIMACHAL PRADESH,EE MANDI DIVISION NO 2 HPPWD MANDI,EE MANDI DIVISION NO 2 HPPWD MANDI,works,A.M.P for the year 2017-18 on Ganpati Ki road road DRRP No. HP08050MRL007,Providing and Laying 25mm thick Bituminous Concrete in km 0/0 to 1/0 and 3/0 to 4/0) PMGSY,2017-02-21 17:00:00,2017-02-28 10:30:00,2017-02-28 10:30:00,2017-02-21,1426768.0,1426768.0,INR,4,M S NAWAL KISHORE AND SONS,ENT-SUP-7BDF171947,M S NAWAL KISHORE AND SONS,"Himachal Pradesh, India",AWARDED,6.729166666666667,0,0,OPEN_TENDER,EXECUTIVE ENGINEER MANDI DIVISION NO 2 HIMACHAL PRADESH PUBLIC WORKS DEPARTMENT MANDI,HIMACHAL_PRADESH,https://hptenders.gov.in/,0,SYNTH-CTRL-00180,,
2018_HPIPH_22862_1,2018_HPIPH_22862_1,EXECUTIVE ENGINEER IRRIGATION AND PUBLIC HEALTH DIVISION PADHAR,Himachal Pradesh State Government,HIMACHAL PRADESH,EE IPH Division Padhar,EE IPH Division Padhar,works,Aug Improvement of WSS Baggi Kataula in GP Segli Tehsil Sadar Distt Mandi HP PHASE 2 Kataula phase SH Co Site development including pattra cutting retaining wall from RD 18 50 to 31 50 13 00 Rmt CO RCC intake collection chamber CO RCC Sedimentat,Aug Improvement of WSS Baggi Kataula in GP Segli Tehsil Sadar Distt Mandi HP PHASE 2 Kataula phase SH Co Site development including pattra cutting retaining wall from RD 18 50 to 31 50 13 00 Rmt CO RCC intake collection chamber CO RCC Sedimentat,2018-08-25 14:00:00,2018-08-30 17:00:00,2018-08-30 17:00:00,2018-08-25,992078.0,892694.0,INR,8,CHAINE RAM,ENT-SUP-A4AAEF3BEF,CHAINE RAM,"Himachal Pradesh, India",AWARDED,5.125,3,180,OPEN_TENDER,EXECUTIVE ENGINEER IRRIGATION AND PUBLIC HEALTH DIVISION PADHAR,HIMACHAL_PRADESH,https://hptenders.gov.in/,1,SYNTH-INJ-00181,,
CEN-CE-2021-01178,REF-CEN-CE-2021-01178,DEFENCE RESEARCH DEVELOPMENT ORG,Government of India,CENTRAL,Central District,"CENTRAL, India",Electrical & Mechanical,Procurement of electrical & mechanical for DEFENCE RESEARCH DEVELOPMENT ORG,Official public tender for supply of electrical & mechanical under standard CENTRAL state procurement guidelines.,2021-01-01 00:00:00,2021-01-31 00:00:00,2021-02-01 00:00:00,2021-02-15,23591623.76,25478953.66,INR,8,NCC LIMITED INFRASTRUCTURE,ENT-SUP-0DFD916C8B,NCC LIMITED INFRASTRUCTURE,"CENTRAL, India",AWARDED,30.0,0,0,OPEN_TENDER,DEFENCE RESEARCH DEVELOPMENT ORG,CENTRAL_CPPP,https://eprocure.gov.in/cppp/,0,SYNTH-CTRL-00182,,
2018_PWD_20589_1,2018_PWD_20589_1,EXECUTIVE ENGINEER,Himachal Pradesh State Government,HIMACHAL PRADESH,Kasauli,Kasauli,works,C/O Drug Store in TB Santorium Hospital Dharampur,C/O Drug store in TB Saorium Hospital Dharampur Distt. Solan HP SH C/O building portion rain harvesting tank septic tank including W/S and S/I and site development etc,2018-04-12 11:00:00,2018-04-14 11:00:00,2018-05-03 16:00:00,2018-04-12,9007516.0,10602951.0,INR,6,VICKY KUMAR,ENT-SUP-2B2600F154,VICKY KUMAR,"Himachal Pradesh, India",AWARDED,2.0,0,0,OPEN_TENDER,EXECUTIVE ENGINEER,HIMACHAL_PRADESH,https://hptenders.gov.in/,1,SYNTH-INJ-00183,,
2017_MC_15003_10,2017_MC_15003_10,EXECUTIVE ENGINEER,Himachal Pradesh State Government,HIMACHAL PRADESH,Shimla,Shimla,works,Periodical renewal coat on various roads paths in ward No.17 Sanjauli of M.C. Shimla for the year 2017-18,Periodical renewal coat on various roads paths in ward No.17 Sanjauli of M.C. Shimla for the year 2017-18,2017-02-25 17:00:00,2017-03-06 10:30:00,2017-03-06 10:30:00,2017-02-25,1927901.0,2890800.0,INR,2,NARESH VIJ GOVERNMENT CONTRACTOR,ENT-SUP-15B2E2405A,NARESH VIJ GOVERNMENT CONTRACTOR,"Himachal Pradesh, India",AWARDED,8.729166666666666,0,0,OPEN_TENDER,EXECUTIVE ENGINEER,HIMACHAL_PRADESH,https://hptenders.gov.in/,0,SYNTH-CTRL-00184,,
2018_PWD_19627_2,2018_PWD_19627_2,EXECUTIVE ENGINEER NH DIVISION HIMACHAL PRADESH PUBLIC WORKS DEPARTMENT NAHAN,Himachal Pradesh State Government,HIMACHAL PRADESH,Nahan,Nahan,works,Ordinary repair to Paonta Sahib Meenus Hatkoti Road NH-72B (New NH - 707) KM 0/0 to 161/715 (SH C/o PCC retaining wall at RD 159/515 to 159/535),Ordinary repair to Paonta Sahib Meenus Hatkoti Road NH-72B (New NH - 707) KM 0/0 to 161/715 (SH C/o PCC retaining wall at RD 159/515 to 159/535),2018-02-21 11:30:00,2018-03-15 10:30:00,2018-03-15 10:30:00,2018-02-21,640185.0,868338.29,INR,11,BALDEV SINGH S O JALAM SINGH R O GUNDAH P O KIYARI GUNDAH TEHSIL SHILLAI DISTT SIRMOUR H P,ENT-SUP-84D72BD6E8,BALDEV SINGH S O JALAM SINGH R O GUNDAH P O KIYARI GUNDAH TEHSIL SHILLAI DISTT SIRMOUR H P,"Himachal Pradesh, India",AWARDED,21.95833333333333,0,0,OPEN_TENDER,EXECUTIVE ENGINEER NH DIVISION HIMACHAL PRADESH PUBLIC WORKS DEPARTMENT NAHAN,HIMACHAL_PRADESH,https://hptenders.gov.in/,1,SYNTH-INJ-00185,,
UTT-UT-2021-01219,REF-UTT-UT-2021-01219,UTTAR PRADESH JAL NIGAM,UTTAR PRADESH State Government,UTTAR PRADESH,Central District,"UTTAR PRADESH, India",Consultancy & Facility Management,Procurement of consultancy & facility management for UTTAR PRADESH JAL NIGAM,Official public tender for supply of consultancy & facility management under standard UTTAR PRADESH state procurement guidelines.,2021-01-01 00:00:00,2021-01-31 00:00:00,2021-02-01 00:00:00,2021-02-15,4901953.64,6617637.41,INR,2,LARSEN AND TOUBRO CONSTRUCTION,ENT-SUP-6C6BEB7D6E,LARSEN AND TOUBRO CONSTRUCTION,"UTTAR PRADESH, India",AWARDED,30.0,2,0,OPEN_TENDER,UTTAR PRADESH JAL NIGAM,UTTAR_PRADESH,https://etender.up.nic.in/,0,SYNTH-CTRL-00186,,
2017_PWD_17015_1,2017_PWD_17015_1,EXECUTIVE ENGINEER HP PUBLIC WORKS DEPARTMENT DIVISION KANGRA,Himachal Pradesh State Government,HIMACHAL PRADESH,Items,Items,works,Improvement and M/T of Charri to Ghera Road,Improvement and M/T of Charri to Ghera Road,2017-06-29 10:00:00,2017-07-21 11:00:00,2017-07-21 11:00:00,2017-06-29,3316492.0,3828421.0,INR,6,P SINGH,ENT-SUP-30FA012CEE,P SINGH,"Himachal Pradesh, India",AWARDED,22.041666666666668,0,0,OPEN_TENDER,EXECUTIVE ENGINEER HP PUBLIC WORKS DEPARTMENT DIVISION KANGRA,HIMACHAL_PRADESH,https://hptenders.gov.in/,1,SYNTH-INJ-00187,Proprietary Model APEX-X900 patented optical sensor system with custom firmware 4.2.1 exclusive to Apex Systems.,Apex Systems APEX-X900 patented optical sensor system with custom firmware 4.2.1.
2019_HPIPH_31250_1,2019_HPIPH_31250_1,EXECUTIVE ENGINEER IRRIGATION AND PUBLIC HEALTH DIVISION BARSAR,Himachal Pradesh State Government,HIMACHAL PRADESH,IPH Sub Division Galore,IPH Sub Division Galore,works,Improvement of distribution system of LWSS Panyali Sareri in Tehsil Nadaun Distt. Hamirpur SH Constructing 4 Nos over head storage tank,Improvement of distribution system of LWSS Panyali Sareri in Tehsil Nadaun Distt. Hamirpur SH Constructing 4 Nos over head storage tank at village Panyali Jattan -Baloh-Ropa and Hatli,2019-09-03 14:00:00,2019-09-20 11:00:00,2019-09-20 11:00:00,2019-09-03,3194000.0,3480000.0,INR,12,SURJEET SINGH,ENT-SUP-B817EB07E4,SURJEET SINGH,"Himachal Pradesh, India",AWARDED,16.875,0,0,OPEN_TENDER,EXECUTIVE ENGINEER IRRIGATION AND PUBLIC HEALTH DIVISION BARSAR,HIMACHAL_PRADESH,https://hptenders.gov.in/,0,SYNTH-CTRL-00188,,
MAH-MA-2021-01047,REF-MAH-MA-2021-01047,MSEDCL POWER DISTRIBUTION,MAHARASHTRA State Government,MAHARASHTRA,Central District,"MAHARASHTRA, India",Electrical & Mechanical,Procurement of electrical & mechanical for MSEDCL POWER DISTRIBUTION,Official public tender for supply of electrical & mechanical under standard MAHARASHTRA state procurement guidelines.,2019-09-17 00:00:00,2019-10-08 00:00:00,2019-10-09 00:00:00,2019-10-23,4938706.02,6667253.12,INR,1,GUPTA AND SONS CONTRACTOR,ENT-SUP-7A3AE215B9,GUPTA AND SONS CONTRACTOR,"MAHARASHTRA, India",AWARDED,21.0,0,0,OPEN_TENDER,MSEDCL POWER DISTRIBUTION,MAHARASHTRA,https://mahatenders.gov.in/,1,SYNTH-INJ-00189,,
2017_PWD_15571_1,2017_PWD_15571_1,EXECUTIVE ENGINEER KASAULI DVISION,Himachal Pradesh State Government,HIMACHAL PRADESH,kasauli,kasauli,works,Periodical maintenacne of Patta Goela Chachhi road in km 0/0 to 20/0,periodical Maintenance of Patta Goela Chachhi road in km 0/0 to 20/0 SH P/L renewal coat by providing premix carpeting with seal coat in km 5/0 to 6/0 8/0 to 9/0 and 11/0 to 15/0 C/o PCC V shape drain under AMP 201718,2017-03-28 16:30:00,2017-04-17 09:00:00,2017-04-17 09:00:00,2017-03-28,4459193.0,5160544.0,INR,6,ASPHALT CARPET CONSTRUCTION COMPANY,ENT-SUP-F5B0F6AA42,ASPHALT CARPET CONSTRUCTION COMPANY,"Himachal Pradesh, India",AWARDED,19.6875,0,0,OPEN_TENDER,EXECUTIVE ENGINEER KASAULI DVISION,HIMACHAL_PRADESH,https://hptenders.gov.in/,0,SYNTH-CTRL-00190,,
2020_HPIPH_36895_1-3760,2020_HPIPH_36895_1-3760,EXECUTIVE ENGINEER JSV DIVISION BARSAR,Himachal Pradesh State Government,HIMACHAL PRADESH,JSV Sub Division Galore,JSV Sub Division Galore,works,Providing house hold connection by ministry of Jal Shakti Har Ghar Nal Se Jal under C O LWSS from River Beas for Aug. of Various Sources in Barsar area in Tehsil Barsar Distt. Hamirpur,"SH Providing house hold connection including laying jointing testing and commission of GMS pipe of various dia, providing and fixing of Gaseous Chloriion Plants",2020-05-02 15:00:00,2020-05-15 11:00:00,2020-05-15 11:00:00,2020-05-02,4897990.13,4801951.11,INR,5,KATIANI CONSTRUCTION,ENT-SUP-0C1DFA976C,KATIANI CONSTRUCTION,"Himachal Pradesh, India",AWARDED,12.833333333333334,0,0,OPEN_TENDER,EXECUTIVE ENGINEER JSV DIVISION BARSAR,HIMACHAL_PRADESH,https://hptenders.gov.in/,1,SYNTH-INJ-00191,,
MAH-MA-2021-01021,REF-MAH-MA-2021-01021,PUBLIC HEALTH DEPT MUMBAI,MAHARASHTRA State Government,MAHARASHTRA,Central District,"MAHARASHTRA, India",Information Technology & Software,Procurement of information technology & software for PUBLIC HEALTH DEPT MUMBAI,Official public tender for supply of information technology & software under standard MAHARASHTRA state procurement guidelines.,2021-03-18 00:00:00,2021-03-24 00:00:00,2021-03-25 00:00:00,2021-04-08,21163514.23,20105338.51,INR,2,AFCONS INFRASTRUCTURE LIMITED,ENT-SUP-AC3B9A87E5,AFCONS INFRASTRUCTURE LIMITED,"MAHARASHTRA, India",AWARDED,6.0,1,0,OPEN_TENDER,PUBLIC HEALTH DEPT MUMBAI,MAHARASHTRA,https://mahatenders.gov.in/,0,SYNTH-CTRL-00192,,
2018_HPIPH_24330_1,2018_HPIPH_24330_1,EXECUTIVE ENGINEER IRRIGATION AND PUBLIC HEALTH DIVISION BARSAR,Himachal Pradesh State Government,HIMACHAL PRADESH,IPH Sub Division Bhoranj,IPH Sub Division Bhoranj,works,Augmentation of LIS Dera Parol in Tehsil Bhoranj Distt. Hamirpur SH CO Delivery tank construction of outlets Providing water measuring devices Katcha and Pucca filed channel Providing and laying of HDPE Pipe in distribution system const. of barbed w,Augmentation of LIS Dera Parol in Tehsil Bhoranj Distt. Hamirpur SH CO Delivery tank construction of outlets Providing water measuring devices Katcha and Pucca filed channel Providing and laying of HDPE Pipe in distribution system const. of barbed w,2018-10-27 16:00:00,2018-11-06 14:00:00,2018-11-06 14:00:00,2018-10-27,2029579.0,2614243.0,INR,4,COLLUSIVE_FAVORITE_ENTERPRISE,ENT-SUP-COLLUSIVE-999,COLLUSIVE_FAVORITE_ENTERPRISE,"Himachal Pradesh, India",AWARDED,9.916666666666666,0,0,OPEN_TENDER,EXECUTIVE ENGINEER IRRIGATION AND PUBLIC HEALTH DIVISION BARSAR,HIMACHAL_PRADESH,https://hptenders.gov.in/,1,SYNTH-INJ-00193,,
2019_DRDPR_25930_1,2019_DRDPR_25930_1,EXECUTIVE ENGINEER RDD,Himachal Pradesh State Government,HIMACHAL PRADESH,chanol sundernagar,chanol sundernagar,works,CONSTRUCTION of Panchayat Ghar at Chanol in GP Chanol under Development Block SundernagarDistt. Mandi HP,CONSTRUCTION OF BUILDING PORTION INCLUDING WATER SUPPLY and SANITARY INSTALLATION,2019-01-15 17:00:00,2019-01-28 17:00:00,2019-01-28 17:00:00,2019-01-15,1176827.0,1403167.0,INR,17,KAMAL KUMAR,ENT-SUP-3CA95A9821,KAMAL KUMAR,"Himachal Pradesh, India",AWARDED,13.0,0,0,OPEN_TENDER,EXECUTIVE ENGINEER RDD,HIMACHAL_PRADESH,https://hptenders.gov.in/,0,SYNTH-CTRL-00194,,
2017_PWD_18958_1,2017_PWD_18958_1,EXECUTIVE ENGINEER PUBLIC WORKS DEPARTMENT PAONTA SAHIB,Himachal Pradesh State Government,HIMACHAL PRADESH,Paonta Sahib,Paonta Sahib,works,Re-construction of damaged link road to village Patlion Shiv Mandir (SH Providing and laying cement concrete pavement at various RDs and tarring in km 0/0 to 0/155) Under MMGSY,Re-construction of damaged link road to village Patlion Shiv Mandir (SH Providing and laying cement concrete pavement at various RDs and tarring in km 0/0 to 0/155) Under MMGSY,2017-12-29 16:00:00,2018-01-18 17:00:00,2018-01-18 17:00:00,2017-12-29,1620951.0,1425113.0,INR,5,NAZAR ALI,ENT-SUP-F26F3C69ED,NAZAR ALI,"Himachal Pradesh, India",AWARDED,20.041666666666668,3,180,OPEN_TENDER,EXECUTIVE ENGINEER PUBLIC WORKS DEPARTMENT PAONTA SAHIB,HIMACHAL_PRADESH,https://hptenders.gov.in/,1,SYNTH-INJ-00195,,
2017_HRTC_18709_1,2017_HRTC_18709_1,MANAGING DIRECTOR,Himachal Pradesh State Government,HIMACHAL PRADESH,Dy. Divisional Manager Tech. HRTC Taradevi,Dy. Divisional Manager Tech. HRTC Taradevi,goods,Summer Uniform Cloth,Summer Uniform Cloth for the year 2018-19,2017-10-25 14:00:00,2017-11-15 15:00:00,2017-11-15 15:00:00,2017-10-25,3200000.0,3831240.0,INR,8,PUJA SYNTHETICS PRIVATE LIMITED,ENT-SUP-92F2C38C60,PUJA SYNTHETICS PRIVATE LIMITED,"Himachal Pradesh, India",AWARDED,21.041666666666668,0,0,OPEN_TENDER,MANAGING DIRECTOR,HIMACHAL_PRADESH,https://hptenders.gov.in/,0,SYNTH-CTRL-00196,,
KAR-KA-2021-01117,REF-KAR-KA-2021-01117,HEALTH FAMILY WELFARE KARNATAKA,KARNATAKA State Government,KARNATAKA,Central District,"KARNATAKA, India",Electrical & Mechanical,Procurement of electrical & mechanical for HEALTH FAMILY WELFARE KARNATAKA,Official public tender for supply of electrical & mechanical under standard KARNATAKA state procurement guidelines.,2020-06-16 00:00:00,2020-06-20 00:00:00,2020-07-17 00:00:00,2020-07-31,13341351.52,12674283.94,INR,5,GUPTA AND SONS CONTRACTOR,ENT-SUP-7A3AE215B9,GUPTA AND SONS CONTRACTOR,"KARNATAKA, India",AWARDED,4.0,2,0,OPEN_TENDER,HEALTH FAMILY WELFARE KARNATAKA,KARNATAKA,https://kppp.karnataka.gov.in/,1,SYNTH-INJ-00197,,
2019_HPIPH_28304_1-2462,2019_HPIPH_28304_1-2462,EXECUTIVE ENGINEER IRRIGATION AND PUBLIC HEALTH DIVISION BARSAR,Himachal Pradesh State Government,HIMACHAL PRADESH,IPH sub division Bhoranj,IPH sub division Bhoranj,works,Improvement of drinking water facilities to Harizen Bastie in village Manoh Upper village Bhebal under LWSS Karohta in Tehsil Bhoranj Distt. Hamirpur SH C O Percolation well 6 meters dia and 9 meters deep,Improvement of drinking water facilities to Harizen Bastie in village Manoh Upper village Bhebal under LWSS Karohta in Tehsil Bhoranj Distt. Hamirpur SH C O Percolation well 6 meters dia and 9 meters deep,2019-03-08 10:00:00,2019-03-16 11:00:00,2019-03-16 11:00:00,2019-03-08,2384515.0,2734836.7,INR,4,SANJEEV KUMAR GOVERNMENT CONTRACTOR,ENT-SUP-82B7B90E66,SANJEEV KUMAR GOVERNMENT CONTRACTOR,"Himachal Pradesh, India",AWARDED,8.041666666666666,0,0,OPEN_TENDER,EXECUTIVE ENGINEER IRRIGATION AND PUBLIC HEALTH DIVISION BARSAR,HIMACHAL_PRADESH,https://hptenders.gov.in/,0,SYNTH-CTRL-00198,,
2018_PWD_19816_2,2018_PWD_19816_2,EXECUTIVE ENGINEER,Himachal Pradesh State Government,HIMACHAL PRADESH,Dharamshala,Dharamshala,works,Repair of type-II Qtrs. in the complex of excise and taxation office building at Dharamshala in Distt. Kangra HP,"Repair of type-II Qtrs. in the complex of excise and taxation office building at Dharamshala in Distt. Kangra HP Deposit work SH - Repair of toilets, roofing, flooring, painting work and R/wall etc",2018-02-28 17:15:00,2018-03-21 11:00:00,2018-03-21 11:00:00,2018-02-28,930699.0,1510808.72,INR,5,ANIL CHANDEL,ENT-SUP-00892B467B,ANIL CHANDEL,"Himachal Pradesh, India",AWARDED,20.73958333333333,0,0,OPEN_TENDER,EXECUTIVE ENGINEER,HIMACHAL_PRADESH,https://hptenders.gov.in/,1,SYNTH-INJ-00199,,
KAR-KA-2021-01022,REF-KAR-KA-2021-01022,KARNATAKA RURAL INFRASTRUCTURE,KARNATAKA State Government,KARNATAKA,Central District,"KARNATAKA, India",Information Technology & Software,Procurement of information technology & software for KARNATAKA RURAL INFRASTRUCTURE,Official public tender for supply of information technology & software under standard KARNATAKA state procurement guidelines.,2019-02-10 00:00:00,2019-02-24 00:00:00,2019-02-25 00:00:00,2019-03-11,24397786.38,26349609.29,INR,2,DILIP BUILDCON LIMITED,ENT-SUP-55226FC7C8,DILIP BUILDCON LIMITED,"KARNATAKA, India",AWARDED,14.0,0,0,OPEN_TENDER,KARNATAKA RURAL INFRASTRUCTURE,KARNATAKA,https://kppp.karnataka.gov.in/,0,SYNTH-CTRL-00200,,
2019_PWD_26367_1,2019_PWD_26367_1,EXECUTIVE ENGINEER HIMACHAL PRADESH PUBLIC WORKS DEPARTMENT DIVISION GOHAR,Himachal Pradesh State Government,HIMACHAL PRADESH,Gohar,Gohar,works,Periodical Maintenance of Kot Devidarh road km. 0/0 to 19/0 SH Providing and laying Bituminous concrete 25 mm. thick in single layer in km 3/0 to 4/0,SH Providing and SH Providing and laying Bituminous concrete 25 mm. thick in single layer in km 3/0 to 4/0,2019-01-30 17:30:00,2019-02-14 17:00:00,2019-02-14 17:00:00,2019-01-30,791170.0,1004188.0,INR,4,A A ENTREPRENEURS,ENT-SUP-E081331007,A A ENTREPRENEURS,"Himachal Pradesh, India",AWARDED,14.979166666666666,0,0,OPEN_TENDER,EXECUTIVE ENGINEER HIMACHAL PRADESH PUBLIC WORKS DEPARTMENT DIVISION GOHAR,HIMACHAL_PRADESH,https://hptenders.gov.in/,1,SYNTH-INJ-00201,Proprietary Model APEX-X900 patented optical sensor system with custom firmware 4.2.1 exclusive to Apex Systems.,Apex Systems APEX-X900 patented optical sensor system with custom firmware 4.2.1.
2016_MC_10913_10,2016_MC_10913_10,EXECUTIVE ENGINEEER,Himachal Pradesh State Government,HIMACHAL PRADESH,Shimla,Shimla,works,Development of dumping site at Darni Ka Bagicha,SH Providing wire crate steps 13th to 17th stage-II) IN Ward No.25,2016-03-09 13:35:00,2016-03-28 10:30:00,2016-03-28 10:30:00,2016-03-09,1271413.0,1986310.0,INR,5,SANJEEV KUMAR,ENT-SUP-82B7B90E66,SANJEEV KUMAR,"Himachal Pradesh, India",AWARDED,18.87152777777778,0,0,OPEN_TENDER,EXECUTIVE ENGINEEER,HIMACHAL_PRADESH,https://hptenders.gov.in/,0,SYNTH-CTRL-00202,,
2017_HPIPH_17976_1,2017_HPIPH_17976_1,EXECUTIVE ENGINEER,Himachal Pradesh State Government,HIMACHAL PRADESH,Devgarh,Devgarh,works,Providing LWSS to PC Hab under GP Devgarh Tehsil Kotkhai Distt Shimla HP SH CO RCC Filter bed 23 sqmt area RCC Sedimentation Tank 3 sqmt area RCC Sump well 2 Nos and Raw water tank 1 No of 4000 ltrs capacity at node 2,Providing LWSS to PC Hab under GP Devgarh Tehsil Kotkhai Distt Shimla HP SH CO RCC Filter bed 23 sqmt area RCC Sedimentation Tank 3 sqmt area RCC Sump well 2 Nos and Raw water tank 1 No of 4000 ltrs capacity at node 2,2017-09-05 17:00:00,2017-09-20 17:00:00,2017-09-20 17:00:00,2017-09-05,1066247.0,1497376.0,INR,1,AMIN CHAND DOGRA,ENT-SUP-8E5878ABF2,AMIN CHAND DOGRA,"Himachal Pradesh, India",AWARDED,15.0,0,0,OPEN_TENDER,EXECUTIVE ENGINEER,HIMACHAL_PRADESH,https://hptenders.gov.in/,1,SYNTH-INJ-00203,,
2017_PWD_15742_11-16,2017_PWD_15742_11-16,EXECUTIVE ENGINEER,Himachal Pradesh State Government,HIMACHAL PRADESH,Nahan,Nahan,works,Periodical Maintenance of Palion to Majri Road under AMP for the year 2017-2018,Providing and Laying 25 mm thick Bituminous Concrete in Km 6/0 to 7/0 including construction of 100 meter PCC Side Drain,2017-04-07 14:00:00,2017-04-21 10:00:00,2017-04-21 10:00:00,2017-04-07,715884.0,908348.0,INR,2,NEW INDIA CONTRACTOR AND DEVELOPERS PRIVATE LIMITED,ENT-SUP-95F9A70703,NEW INDIA CONTRACTOR AND DEVELOPERS PRIVATE LIMITED,"Himachal Pradesh, India",AWARDED,13.833333333333334,0,0,OPEN_TENDER,EXECUTIVE ENGINEER,HIMACHAL_PRADESH,https://hptenders.gov.in/,0,SYNTH-CTRL-00204,,
2018_PWD_19736_4,2018_PWD_19736_4,EXECUTIVE ENGINEER,Himachal Pradesh State Government,HIMACHAL PRADESH,Dehra,Dehra,works,Construction of 40.00mtr Prestressed box girder bridge over Tahal Khad at RD 0/023 on vagdela Thada Nahlian road in Km 0/0 to 1/255,"Construction of Formation Deficiency, R/walls, Cross drainage works, P/L GSB, Metalling and Tarring, Road side drain and Parapets in Km 0/0 to 1/255 and Construction of 40.00mtr Span PSC Box Girder Bridge at RD 0/023) (Under NABARD RIDF-XXIII)",2018-02-27 18:30:00,2018-03-20 18:00:00,2018-03-20 18:00:00,2018-02-27,4984994.23,4887249.25,INR,3,RAJINDER RANA,ENT-SUP-49D1A11A90,RAJINDER RANA,"Himachal Pradesh, India",AWARDED,20.979166666666668,0,0,OPEN_TENDER,EXECUTIVE ENGINEER,HIMACHAL_PRADESH,https://hptenders.gov.in/,1,SYNTH-INJ-00205,,
2018_PWD_19407_2,2018_PWD_19407_2,EXECUTIVE ENGINEER TISSA DIVISION HIMACHAL PRADESH PUBLIC WORKS DEPARTMENT TISSA,Himachal Pradesh State Government,HIMACHAL PRADESH,TISSA,TISSA,works,PROVIDING PROTECTION WORK TO VILLAGE JUNAS TO TRELLA BUNDERI MANGLI ROAD/TRELLA GUILA ROAD TEHSIL CHURAH DISTRICT CHAMBA,CONSTRUCTION OF BREAST WALL/RETAINING WALL,2018-02-01 18:30:00,2018-02-21 11:00:00,2018-02-21 11:00:00,2018-02-01,2849876.0,3870924.0,INR,3,BATT HYDRO POWER AND CONSTRUCTION PRIVATE LIMITED,ENT-SUP-9985BA24D8,BATT HYDRO POWER AND CONSTRUCTION PRIVATE LIMITED,"Himachal Pradesh, India",AWARDED,19.6875,0,0,OPEN_TENDER,EXECUTIVE ENGINEER TISSA DIVISION HIMACHAL PRADESH PUBLIC WORKS DEPARTMENT TISSA,HIMACHAL_PRADESH,https://hptenders.gov.in/,0,SYNTH-CTRL-00206,,
2017_UDDHP_18179_1,2017_UDDHP_18179_1,EXECUTIVE OFFICER MC SOLAN,Himachal Pradesh State Government,HIMACHAL PRADESH,MC Solan,MC Solan,works,Repair and Maint of Nallah Bimla house to Dharam Singh house and various points ward No.13,Repair and Maint of Nallah Bimla house to Dharam Singh house and various points ward No.13,2017-09-19 09:00:00,2017-09-25 17:00:00,2017-09-25 17:00:00,2017-09-19,190126.0,398124.0,INR,5,COLLUSIVE_FAVORITE_ENTERPRISE,ENT-SUP-COLLUSIVE-999,COLLUSIVE_FAVORITE_ENTERPRISE,"Himachal Pradesh, India",AWARDED,6.333333333333333,0,0,OPEN_TENDER,EXECUTIVE OFFICER MC SOLAN,HIMACHAL_PRADESH,https://hptenders.gov.in/,1,SYNTH-INJ-00207,,
2017_PWD_14798_13,2017_PWD_14798_13,EXECUTIVE ENGINEER,Himachal Pradesh State Government,HIMACHAL PRADESH,Pragpur,Pragpur,works,Periodic Renewal on Kaloha Pragpur road for the year 2017-18 under SH MDR,P/L 25mm thick Bituminous concrete with paver finisher in Km 8/0 to 11/0,2017-02-13 16:00:00,2017-03-09 18:00:00,2017-03-09 18:00:00,2017-02-13,4716005.0,4987269.0,INR,1,VIRENDER PRASHAD SHARMA,ENT-SUP-6CB260B7D2,VIRENDER PRASHAD SHARMA,"Himachal Pradesh, India",AWARDED,24.08333333333333,0,0,OPEN_TENDER,EXECUTIVE ENGINEER,HIMACHAL_PRADESH,https://hptenders.gov.in/,0,SYNTH-CTRL-00208,,
2019_HPIPH_31864_1,2019_HPIPH_31864_1,EXECUTIVE ENGINEER IRRIGATION AND PUBLIC HEALTH DIVN NO 1 UNA HP,Himachal Pradesh State Government,HIMACHAL PRADESH,T/well No.41 at Ispur,T/well No.41 at Ispur,works,"Improvement of Distribution system Lower Rora, Lower Dharampur, Lower Nangal Khurd, Kante, Badehra ( Lawana Basti) Ispur (Moh bahti) Beetan Distt Una H P","( SH C/O OHSR 50,000 litrs capacity with 15.00 mtrs staging height above G.L near T/well No.41 at Ispur)",2019-09-30 13:00:00,2019-10-14 17:00:00,2019-10-14 17:00:00,2019-09-30,835449.0,1000562.0,INR,5,OM PARKASH GOVT CONTRATOR,ENT-SUP-728C702A5C,OM PARKASH GOVT CONTRATOR,"Himachal Pradesh, India",AWARDED,14.166666666666666,3,180,OPEN_TENDER,EXECUTIVE ENGINEER IRRIGATION AND PUBLIC HEALTH DIVN NO 1 UNA HP,HIMACHAL_PRADESH,https://hptenders.gov.in/,1,SYNTH-INJ-00209,,
CEN-CE-2021-01167,REF-CEN-CE-2021-01167,MINISTRY OF HEALTH FAMILY WELFARE,Government of India,CENTRAL,Central District,"CENTRAL, India",Information Technology & Software,Procurement of information technology & software for MINISTRY OF HEALTH FAMILY WELFARE,Official public tender for supply of information technology & software under standard CENTRAL state procurement guidelines.,2020-08-26 00:00:00,2020-09-16 00:00:00,2020-09-17 00:00:00,2020-10-01,23413660.53,26925709.61,INR,2,BHARAT DIAGNOSTIC SYSTEMS,ENT-SUP-C6B6FCD7BC,BHARAT DIAGNOSTIC SYSTEMS,"CENTRAL, India",AWARDED,21.0,0,0,OPEN_TENDER,MINISTRY OF HEALTH FAMILY WELFARE,CENTRAL_CPPP,https://eprocure.gov.in/cppp/,0,SYNTH-CTRL-00210,,
2017_UDDHP_17922_1-2574,2017_UDDHP_17922_1-2574,EXECUTIVE ENGINEER DMC,Himachal Pradesh State Government,HIMACHAL PRADESH,DHARAMSHALA,DHARAMSHALA,works,Construction of smart street from Dharamkot to Gandhi Paradise in ward no 2,Construction of smart street from Dharamkot to Gandhi Paradise in ward no 2,2017-08-31 17:00:00,2017-09-04 17:00:00,2017-09-16 11:00:00,2017-08-31,999042.0,1544707.0,INR,5,BALRAJ PARIHAR,ENT-SUP-F5809F6016,BALRAJ PARIHAR,"Himachal Pradesh, India",AWARDED,4.0,0,0,OPEN_TENDER,EXECUTIVE ENGINEER DMC,HIMACHAL_PRADESH,https://hptenders.gov.in/,1,SYNTH-INJ-00211,,
2018_PWD_19772_13,2018_PWD_19772_13,EXECUTIVE ENGINEER SHILLAI,Himachal Pradesh State Government,HIMACHAL PRADESH,Shillai,Shillai,works,Periodical renewal on Naya Kandi Sundrari road under Annual Maintenance Plan for Rural road ( other than PMGSY) for the year 2018-19,Providing and laying renewal coat in Km 0/00 to 1/00 and 3/00 to 3/500,2018-03-01 15:00:00,2018-03-28 17:00:00,2018-03-28 17:00:00,2018-03-01,1057100.0,1300266.0,INR,11,CONTRACTOR KIRPA RAM,ENT-SUP-E9AB6B1AAF,CONTRACTOR KIRPA RAM,"Himachal Pradesh, India",AWARDED,27.08333333333333,0,0,OPEN_TENDER,EXECUTIVE ENGINEER SHILLAI,HIMACHAL_PRADESH,https://hptenders.gov.in/,0,SYNTH-CTRL-00212,,
2018_MC_21262_1,2018_MC_21262_1,EXECUTIVE ENGINEER,Himachal Pradesh State Government,HIMACHAL PRADESH,Shimla,Shimla,works,Provision of sewerage Network to Improve the connectivity in various wards of Shimla city replacement of old damaged pipe SH Providing and Laying sewerage D I pipe line for left out area Indernagar Dhalli along the Dhalli Sanjauli bye pass road,Provision of sewerage Network to Improve the connectivity in various wards of Shimla city replacement of old damaged pipe SH Providing and Laying sewerage D I pipe line for left out area Indernagar Dhalli along the Dhalli Sanjauli bye pass road,2018-05-23 11:00:00,2018-06-11 11:00:00,2018-06-11 11:00:00,2018-05-23,7100373.0,10077885.03,INR,8,STUTI BUILDERS,ENT-SUP-128F436A33,STUTI BUILDERS,"Himachal Pradesh, India",AWARDED,19.0,0,0,OPEN_TENDER,EXECUTIVE ENGINEER,HIMACHAL_PRADESH,https://hptenders.gov.in/,1,SYNTH-INJ-00213,,
2017_PWD_17883_6,2017_PWD_17883_6,EXECUTIVE ENGINEER PUBLIC WORKS DEPARTMENT PAONTA SAHIB,Himachal Pradesh State Government,HIMACHAL PRADESH,Paonta Sahib,Paonta Sahib,works,"Improvement of Black spot on link road to village Chhachheti km 0/0 to 14/250 ( SH Construction of Retaining wall from RDs 1/039 to 1/051, 1/100 to 1/110,1/069 to 1/078, 1/155 to 1/158,and parapets in km 1/039 to 1/180)","Improvement of Black spot on link road to village Chhachheti km 0/0 to 14/250 ( SH Construction of Retaining wall from RDs 1/039 to 1/051, 1/100 to 1/110,1/069 to 1/078, 1/155 to 1/158,and parapets in km 1/039 to 1/180)",2017-08-29 17:00:00,2017-09-19 17:00:00,2017-09-19 17:00:00,2017-08-29,409432.0,340346.0,INR,8,KISHNA RAM,ENT-SUP-B728B21881,KISHNA RAM,"Himachal Pradesh, India",AWARDED,21.0,0,0,OPEN_TENDER,EXECUTIVE ENGINEER PUBLIC WORKS DEPARTMENT PAONTA SAHIB,HIMACHAL_PRADESH,https://hptenders.gov.in/,0,SYNTH-CTRL-00214,,
2019_PWD_27577_1,2019_PWD_27577_1,EXECUTIVE ENGINEER PUBLIC WORKS DEPARTMENT FATEHPUR,Himachal Pradesh State Government,HIMACHAL PRADESH,Near Fatehpur,Near Fatehpur,works,"Construction of Health Sub Centre building including doctors residence at Baroona in Tehsil Fatehpur, Distt. Kangra","Construction of Building portion, Providing and laying Water Supply , sanitary installation, construction of rain water harvesting system, construction of septic tank including soak pit, construction of boundary wall and construction of interlocking",2019-02-20 11:00:00,2019-03-11 17:00:00,2019-03-11 17:00:00,2019-02-20,1519412.0,2874618.0,INR,2,KARAN SINGH GULERIA,ENT-SUP-644B31C922,KARAN SINGH GULERIA,"Himachal Pradesh, India",AWARDED,19.25,0,0,OPEN_TENDER,EXECUTIVE ENGINEER PUBLIC WORKS DEPARTMENT FATEHPUR,HIMACHAL_PRADESH,https://hptenders.gov.in/,1,SYNTH-INJ-00215,Proprietary Model APEX-X900 patented optical sensor system with custom firmware 4.2.1 exclusive to Apex Systems.,Apex Systems APEX-X900 patented optical sensor system with custom firmware 4.2.1.
2017_PWD_15702_3,2017_PWD_15702_3,EXECUTIVE ENGINEER CHAMBA DIVISION HIMACHAL PRADESH PUBLIC WORKS DEPARTMENT CHAMBA,Himachal Pradesh State Government,HIMACHAL PRADESH,Chamba,Chamba,works,Periodic Maintenance of Sahu Padhar Parotha road Km. 2/500 to 5/0 under PMGSY for the year 2017-18 Providing and Laying Premix carpet with seal coat,Periodic Maintenance of Sahu Padhar Parotha road Km. 2/500 to 5/0 under PMGSY for the year 2017-18 Providing and Laying Premix carpet with seal coat,2017-04-05 17:00:00,2017-04-26 11:00:00,2017-04-26 11:00:00,2017-04-05,1496475.0,1960200.0,INR,2,MANESH MEHTA,ENT-SUP-D7ACE0431C,MANESH MEHTA,"Himachal Pradesh, India",AWARDED,20.75,0,0,OPEN_TENDER,EXECUTIVE ENGINEER CHAMBA DIVISION HIMACHAL PRADESH PUBLIC WORKS DEPARTMENT CHAMBA,HIMACHAL_PRADESH,https://hptenders.gov.in/,0,SYNTH-CTRL-00216,,
2020_HPIPH_34730_4,2020_HPIPH_34730_4,EXECUTIVE ENGINEER,Himachal Pradesh State Government,HIMACHAL PRADESH,PANDRANOO,PANDRANOO,works,Providing FHTC to left out house hold for Nal Se Jal under Jal Jeevan Mission under Jubbal Kotkhai Constituency in IPH Division jubbal Tehsil Jubbal and Kotkhai Distt Shimla HP Phase-4th,Providing FHTC to left out house hold for Nal Se Jal under Jal Jeevan Mission under Jubbal Kotkhai Constituency in IPH Division jubbal Tehsil Jubbal and Kotkhai Distt Shimla HP Phase-4th,2020-02-08 10:00:00,2020-02-22 11:00:00,2020-02-22 11:00:00,2020-02-08,6503955.0,5089478.0,INR,1,CHATEN CHAUHAN,ENT-SUP-FBB6DC7648,CHATEN CHAUHAN,"Himachal Pradesh, India",AWARDED,14.041666666666666,0,0,OPEN_TENDER,EXECUTIVE ENGINEER,HIMACHAL_PRADESH,https://hptenders.gov.in/,1,SYNTH-INJ-00217,,
2017_PWD_17564_1,2017_PWD_17564_1,EXECUTIVE ENGINEER,Himachal Pradesh State Government,HIMACHAL PRADESH,Rajgarh Division HPPWD Rajagrh,Rajgarh Division HPPWD Rajagrh,works,C/O Rajgarh Yashwant Nagar via Badgla road Km. 0/0 to 12/0(SH C/O existing width to 5/7 Mtr wide road in Km. 11/0 to 12/510).,C/O Rajgarh Yashwant Nagar via Badgla road Km. 0/0 to 12/0(SH C/O existing width to 5/7 Mtr wide road in Km. 11/0 to 12/510).,2017-08-05 17:00:00,2017-08-24 10:30:00,2017-08-24 10:30:00,2017-08-05,592527.0,1185750.0,INR,26,BHUPINDER SINGH,ENT-SUP-368A8D9C5B,BHUPINDER SINGH,"Himachal Pradesh, India",AWARDED,18.729166666666668,0,0,OPEN_TENDER,EXECUTIVE ENGINEER,HIMACHAL_PRADESH,https://hptenders.gov.in/,0,SYNTH-CTRL-00218,,
2017_PWD_15935_1,2017_PWD_15935_1,EXECUTIVE ENGINEER,Himachal Pradesh State Government,HIMACHAL PRADESH,Lad Bharol,Lad Bharol,works,Periodical Maintenance of Baijh Lad Bharol Kandhapattan road (MDR-43) Other than PMGSY Major District Road under Annual Maintenance Plan for the year 2017-18,Providing and laying built up spray grout and bitumenous concrete in Km.41/0 to 46/0,2017-04-19 17:00:00,2017-04-29 17:00:00,2017-04-29 17:00:00,2017-04-19,4934748.41,4837988.64,INR,2,GP ACHARYA,ENT-SUP-5F7C24C216,GP ACHARYA,"Himachal Pradesh, India",AWARDED,10.0,0,0,OPEN_TENDER,EXECUTIVE ENGINEER,HIMACHAL_PRADESH,https://hptenders.gov.in/,1,SYNTH-INJ-00219,,
2019_HPIPH_29429_1-1768,2019_HPIPH_29429_1-1768,IRRIGATION AND PUBLIC HEALTH DIVISION BILASPUR,Himachal Pradesh State Government,HIMACHAL PRADESH,Souli Khad under IPH Division Bilaspur,Souli Khad under IPH Division Bilaspur,works,Construction of Check dam at Souli Khad Node- A-33.00 M long and wire crates at RD 0/0 and RD 360 (55 and 60 mtr long),Construction of Check dam at Souli Khad Node- A-33.00 M long and wire crates at RD 0/0 and RD 360 (55 and 60 mtr long),2019-06-18 17:00:00,2019-07-22 11:00:00,2019-07-22 11:00:00,2019-06-18,2826464.0,2826464.0,INR,5,RATTAN LAL,ENT-SUP-A4570EA2EF,RATTAN LAL,"Himachal Pradesh, India",AWARDED,33.75,0,0,OPEN_TENDER,IRRIGATION AND PUBLIC HEALTH DIVISION BILASPUR,HIMACHAL_PRADESH,https://hptenders.gov.in/,0,SYNTH-CTRL-00220,,
2017_UDDHP_17927_1-3670,2017_UDDHP_17927_1-3670,EXECUTIVE ENGINEER DMC,Himachal Pradesh State Government,HIMACHAL PRADESH,DHARAMSHALA,DHARAMSHALA,works,Construction of smart street from Temple to Bhagsu road in ward no3,Construction of smart street from Temple to Bhagsu road in ward no3,2017-08-31 17:00:00,2017-09-16 11:00:00,2017-09-16 11:00:00,2017-08-31,1034751.0,1529448.0,INR,2,COLLUSIVE_FAVORITE_ENTERPRISE,ENT-SUP-COLLUSIVE-999,COLLUSIVE_FAVORITE_ENTERPRISE,"Himachal Pradesh, India",AWARDED,15.75,0,0,OPEN_TENDER,EXECUTIVE ENGINEER DMC,HIMACHAL_PRADESH,https://hptenders.gov.in/,1,SYNTH-INJ-00221,,
2018_HPIPH_24750_1,2018_HPIPH_24750_1,EXECUTIVE ENGINEER,Himachal Pradesh State Government,HIMACHAL PRADESH,Ghumarwin,Ghumarwin,works,Operation running and maintenance of Divisional water sample testing laboratory at Ghumarwin,Operation running and maintenance of Divisional water sample testing laboratory at Ghumarwin,2018-11-21 16:00:00,2018-12-07 11:00:00,2018-12-07 11:00:00,2018-11-21,643125.0,662000.0,INR,3,VINOD KUMAR,ENT-SUP-7E1AACB353,VINOD KUMAR,"Himachal Pradesh, India",AWARDED,15.791666666666666,0,0,OPEN_TENDER,EXECUTIVE ENGINEER,HIMACHAL_PRADESH,https://hptenders.gov.in/,0,SYNTH-CTRL-00222,,
2017_PWD_14218_1,2017_PWD_14218_1,EXECUTIVE ENGINEER SHILLAI,Himachal Pradesh State Government,HIMACHAL PRADESH,Shillai,Shillai,works,Construction of link road from Uttri to Kamarli via Patan in District Sirmour HP Km 00 to 2500,FC CD and PL Soling in Km 00 to 2500 SW FC 5 and 7 Mtrs wide road in Km 00 to 2500 and Co R.wall at RD 00 to 0020,2017-01-12 15:00:00,2017-01-27 17:00:00,2017-01-27 17:00:00,2017-01-12,3502082.0,2488414.0,INR,3,KHATTAR SINGH,ENT-SUP-9A7F32097E,KHATTAR SINGH,"Himachal Pradesh, India",AWARDED,15.083333333333334,3,180,OPEN_TENDER,EXECUTIVE ENGINEER SHILLAI,HIMACHAL_PRADESH,https://hptenders.gov.in/,1,SYNTH-INJ-00223,,
2017_HPIPH_17754_1,2017_HPIPH_17754_1,EXECUTIVE ENGINEER,Himachal Pradesh State Government,HIMACHAL PRADESH,Sunder Nagar,Sunder Nagar,works,AR MO Sewerage Scheme Sundernagar Town SH Operation repair Maintenance of STP of 3.55 MLD at Chandpur Sundernagar Distribution network 70.00 KM. for a period of One year.,AR MO Sewerage Scheme Sundernagar Town SH Operation repair Maintenance of STP of 3.55 MLD at Chandpur Sundernagar Distribution network 70.00 KM. for a period of One year.,2017-08-21 17:00:00,2017-09-07 17:00:00,2017-09-07 17:00:00,2017-08-21,4171334.0,4119995.0,INR,2,KISHORILAL,ENT-SUP-A50031EF30,KISHORILAL,"Himachal Pradesh, India",AWARDED,17.0,0,0,OPEN_TENDER,EXECUTIVE ENGINEER,HIMACHAL_PRADESH,https://hptenders.gov.in/,0,SYNTH-CTRL-00224,,
2017_HPIPH_17003_1-3658,2017_HPIPH_17003_1-3658,EXECUTIVE ENGINEER IRRIGATION AND PUBLIC HEALTH DIVISION BA,Himachal Pradesh State Government,HIMACHAL PRADESH,Sub division Barsar,Sub division Barsar,works,Improvement of water supply to Backward Panchyat undue LWSS Raily Jajari in Tehsil Barsar Distt. Hamirpur SH Excavation laying jointing and testing of parallel pipe line for distribution system,Improvement of water supply to Backward Panchyat undue LWSS Raily Jajari in Tehsil Barsar Distt. Hamirpur SH Excavation laying jointing and testing of parallel pipe line for distribution system,2017-06-27 10:00:00,2017-06-30 10:00:00,2017-07-03 16:00:00,2017-06-27,187688.0,267079.0,INR,3,SUNIL VERMA,ENT-SUP-50F9B52BF0,SUNIL VERMA,"Himachal Pradesh, India",AWARDED,3.0,0,0,OPEN_TENDER,EXECUTIVE ENGINEER IRRIGATION AND PUBLIC HEALTH DIVISION BA,HIMACHAL_PRADESH,https://hptenders.gov.in/,1,SYNTH-INJ-00225,,
2018_HPIPH_25296_1,2018_HPIPH_25296_1,EXECUTIVE ENGINEER IRRIGATION AND PUBLIC HEALTH DIVISION NO II UNA,Himachal Pradesh State Government,HIMACHAL PRADESH,Una,Una,works,LWSS to Garm Panchyats Dhanet Palta and Dheer in Tehsil Bangana Distt Una HP,"SH-C/O Pump house, boundary wall, RCC reservoir of capacity, 130000 ltrs, 252000 ltrs, 36000 ltrs, 47000 ltrs, 25000 ltrs, 20000 ltrs (7Nos.) 110000 ltrs and 135000 ltrs and site development)",2018-12-11 17:00:00,2018-12-20 17:00:00,2018-12-20 17:00:00,2018-12-11,4465072.0,3900142.0,INR,4,ABHISHEK DHIMAN,ENT-SUP-36032606B8,ABHISHEK DHIMAN,"Himachal Pradesh, India",AWARDED,9.0,0,0,OPEN_TENDER,EXECUTIVE ENGINEER IRRIGATION AND PUBLIC HEALTH DIVISION NO II UNA,HIMACHAL_PRADESH,https://hptenders.gov.in/,0,SYNTH-CTRL-00226,,
MAH-MA-2021-01167,REF-MAH-MA-2021-01167,MSEDCL POWER DISTRIBUTION,MAHARASHTRA State Government,MAHARASHTRA,Central District,"MAHARASHTRA, India",Civil Works & Infrastructure,Procurement of civil works & infrastructure for MSEDCL POWER DISTRIBUTION,Official public tender for supply of civil works & infrastructure under standard MAHARASHTRA state procurement guidelines.,2020-03-10 00:00:00,2020-04-09 00:00:00,2020-04-10 00:00:00,2020-04-24,23906456.58,38609140.47,INR,4,APEX MEDITECH SOLUTIONS,ENT-SUP-A750489DC1,APEX MEDITECH SOLUTIONS,"MAHARASHTRA, India",AWARDED,30.0,1,0,OPEN_TENDER,MSEDCL POWER DISTRIBUTION,MAHARASHTRA,https://mahatenders.gov.in/,1,SYNTH-INJ-00227,,
2017_PWD_14777_1,2017_PWD_14777_1,EXECUTIVE ENGINEER BILASPUR DIVISION NO 2 HIMACHAL PRADESH PUBLIC WORKS DEPARTMENT BILASPUR,Himachal Pradesh State Government,HIMACHAL PRADESH,Bilaspur,Bilaspur,works,Strengthening of existing school Infra Structure under RMSA in Govt. Senior Secondary School Tepra Khas in Distt. Bilaspur (HP)(SH- C/o Two rooms at ground floor and first floor with stair case and porch),Strengthening of existing school Infra Structure under RMSA in Govt. Senior Secondary School Tepra Khas in Distt. Bilaspur (HP)(SH- C/o Two rooms at ground floor and first floor with stair case and porch),2017-02-09 16:15:00,2017-02-21 10:30:00,2017-02-21 10:30:00,2017-02-09,4164772.0,5122816.0,INR,2,LEKH RAM,ENT-SUP-A59CA3B4DB,LEKH RAM,"Himachal Pradesh, India",AWARDED,11.760416666666666,0,0,OPEN_TENDER,EXECUTIVE ENGINEER BILASPUR DIVISION NO 2 HIMACHAL PRADESH PUBLIC WORKS DEPARTMENT BILASPUR,HIMACHAL_PRADESH,https://hptenders.gov.in/,0,SYNTH-CTRL-00228,,
2017_HO_16631_1-169,2017_HO_16631_1-169,MD HPSCSC,Himachal Pradesh State Government,HIMACHAL PRADESH,KINDLY REFER TO TENDER DOCUMENT,KINDLY REFER TO TENDER DOCUMENT,goods,PROCUREMENT OF PULSES,PROCUREMENT OF PULSES,2017-05-31 13:05:00,2017-06-21 17:00:00,2017-06-21 17:00:00,2017-05-31,654236626.0,654236626.0,INR,8,SHARP CORP LIMITED,ENT-SUP-3EBC287EAD,SHARP CORP LIMITED,"Himachal Pradesh, India",AWARDED,21.163194444444443,0,0,OPEN_TENDER,MD HPSCSC,HIMACHAL_PRADESH,https://hptenders.gov.in/,1,SYNTH-INJ-00229,Proprietary Model APEX-X900 patented optical sensor system with custom firmware 4.2.1 exclusive to Apex Systems.,Apex Systems APEX-X900 patented optical sensor system with custom firmware 4.2.1.
2017_HPIPH_16248_1-2951,2017_HPIPH_16248_1-2951,IRRIGATION AND PUBLIC HEALTH DIVISION BARSAR,Himachal Pradesh State Government,HIMACHAL PRADESH,IPH Sub Division Galore,IPH Sub Division Galore,works,Providing Drinking water supply to PC habitation to Ghardoh in G.P. Panyali in Tehsil Nadaun Distt. Hamirpur SH Excavation laying jointing and testing of GMS pipe line for distribution system,Providing Drinking water supply to PC habitation to Ghardoh in G.P. Panyali in Tehsil Nadaun Distt. Hamirpur SH Excavation laying jointing and testing of GMS pipe line for distribution system,2017-05-19 15:45:00,2017-05-25 16:00:00,2017-05-25 16:00:00,2017-05-19,630668.0,536080.0,INR,7,ASHWANI KUMAR,ENT-SUP-7F389D8482,ASHWANI KUMAR,"Himachal Pradesh, India",AWARDED,6.010416666666667,0,0,OPEN_TENDER,IRRIGATION AND PUBLIC HEALTH DIVISION BARSAR,HIMACHAL_PRADESH,https://hptenders.gov.in/,0,SYNTH-CTRL-00230,,
2017_PWD_14982_1,2017_PWD_14982_1,EXECUTIVE ENGINEER,Himachal Pradesh State Government,HIMACHAL PRADESH,Salooni,Salooni,works,"Periodic Maintenance of Pathankot Banikhet Chamba Tissa road K.M. 122/0 to 123/0, 125/0 to 126/0, 129/0 to 130/0, 134/0 to 135/0 and 145/0 to 146/0 under AMP (DRRP No. HP0201SH0033) for the Year 2017-2018",Providing renewal coat with bituminous concrete,2017-02-22 10:00:00,2017-03-15 11:00:00,2017-03-15 11:00:00,2017-02-22,4921127.0,5558279.0,INR,1,D S THAKUR,ENT-SUP-3B0DABA77D,D S THAKUR,"Himachal Pradesh, India",AWARDED,21.041666666666668,0,0,OPEN_TENDER,EXECUTIVE ENGINEER,HIMACHAL_PRADESH,https://hptenders.gov.in/,1,SYNTH-INJ-00231,,
2018_HPIPH_22864_1,2018_HPIPH_22864_1,EXECUTIVE ENGINEER,Himachal Pradesh State Government,HIMACHAL PRADESH,KARSOG,KARSOG,works,PLWSS PARLOG KHAD TO MAHUNAG BEHLIDHAR IN TEHSIL KARSOG DISTT MANDI HP,AS PER BOQ,2018-08-14 10:00:00,2018-08-27 17:00:00,2018-08-27 17:00:00,2018-08-14,5072696.0,3548795.0,INR,5,SATISH KUMAR,ENT-SUP-398B61139B,SATISH KUMAR,"Himachal Pradesh, India",AWARDED,13.291666666666666,0,0,OPEN_TENDER,EXECUTIVE ENGINEER,HIMACHAL_PRADESH,https://hptenders.gov.in/,0,SYNTH-CTRL-00232,,
2018_HPIPH_23060_1,2018_HPIPH_23060_1,EXECUTIVE ENGINEER RAMPUR,Himachal Pradesh State Government,HIMACHAL PRADESH,Rampur,Rampur,works,C/o FIS Khakhrola in GP Shingla etc,C/O FIS Khakhrola in GP Shingla etc,2018-08-24 17:00:00,2018-09-12 17:00:00,2018-09-12 17:00:00,2018-08-24,4916537.69,4820134.99,INR,3,DD SHARMA,ENT-SUP-3CE0D4041C,DD SHARMA,"Himachal Pradesh, India",AWARDED,19.0,0,0,OPEN_TENDER,EXECUTIVE ENGINEER RAMPUR,HIMACHAL_PRADESH,https://hptenders.gov.in/,1,SYNTH-INJ-00233,,
RAJ-RA-2021-01045,REF-RAJ-RA-2021-01045,RAJASTHAN PUBLIC WORKS DEPARTMENT,RAJASTHAN State Government,RAJASTHAN,Central District,"RAJASTHAN, India",Information Technology & Software,Procurement of information technology & software for RAJASTHAN PUBLIC WORKS DEPARTMENT,Official public tender for supply of information technology & software under standard RAJASTHAN state procurement guidelines.,2021-03-16 00:00:00,2021-03-30 00:00:00,2021-03-31 00:00:00,2021-04-14,4222562.32,4011434.2,INR,1,GUPTA AND SONS CONTRACTOR,ENT-SUP-7A3AE215B9,GUPTA AND SONS CONTRACTOR,"RAJASTHAN, India",AWARDED,14.0,1,0,OPEN_TENDER,RAJASTHAN PUBLIC WORKS DEPARTMENT,RAJASTHAN,https://eproc.rajasthan.gov.in/,0,SYNTH-CTRL-00234,,
2018_UDDHP_22618_1-658,2018_UDDHP_22618_1-658,EXECUTIVE OFFICER MC SOLAN,Himachal Pradesh State Government,HIMACHAL PRADESH,MC Solan,MC Solan,works,Hiring of Two Hydraulic Dumper placer vehicles for the disposal of garbage in Solan Town on annual basis.,Hiring of Two Hydraulic Dumper placer vehicles for the disposal of garbage in Solan Town on annual basis.,2018-07-31 14:00:00,2018-08-06 17:00:00,2018-08-06 17:00:00,2018-07-31,300000.0,81000.0,INR,10,COLLUSIVE_FAVORITE_ENTERPRISE,ENT-SUP-COLLUSIVE-999,COLLUSIVE_FAVORITE_ENTERPRISE,"Himachal Pradesh, India",AWARDED,6.125,0,0,OPEN_TENDER,EXECUTIVE OFFICER MC SOLAN,HIMACHAL_PRADESH,https://hptenders.gov.in/,1,SYNTH-INJ-00235,,
2018_PWD_19968_1,2018_PWD_19968_1,EXECUTIVE ENGINEER,Himachal Pradesh State Government,HIMACHAL PRADESH,JAWALI,JAWALI,works,Annual maintenance of Katholi Bantungli old Bassa Missing Link road km. 0/0 to 2/650 under AMP for the year 2018-19 for Rural road HP0409 NC0003,Providing and laying 25mm thick bitumenous concrete in km.1/0 to 2/650 ( 1.650 km.),2018-03-07 11:00:00,2018-03-28 10:00:00,2018-03-28 10:00:00,2018-03-07,1231499.0,1213551.0,INR,2,RAJAT THAKUR,ENT-SUP-B5EE7DE115,RAJAT THAKUR,"Himachal Pradesh, India",AWARDED,20.95833333333333,0,0,OPEN_TENDER,EXECUTIVE ENGINEER,HIMACHAL_PRADESH,https://hptenders.gov.in/,0,SYNTH-CTRL-00236,,
2017_BSMDA_18176_1,2017_BSMDA_18176_1,SR EXECUTIVE ENGINEER,Himachal Pradesh State Government,HIMACHAL PRADESH,Jassure,Jassure,works,Addition alteration Jassure workshop,Addition alteration of driving training building and C/o Bath room and W.C at Jassure,2017-09-16 16:20:00,2017-10-06 10:30:00,2017-10-06 10:30:00,2017-09-16,1228992.0,1389187.0,INR,4,PANKAJ MAHAJAN,ENT-SUP-2B33B273B7,PANKAJ MAHAJAN,"Himachal Pradesh, India",AWARDED,19.756944444444443,3,180,OPEN_TENDER,SR EXECUTIVE ENGINEER,HIMACHAL_PRADESH,https://hptenders.gov.in/,1,SYNTH-INJ-00237,,
RAJ-RA-2021-01164,REF-RAJ-RA-2021-01164,MEDICAL HEALTH SERVICES JAIPUR,RAJASTHAN State Government,RAJASTHAN,Central District,"RAJASTHAN, India",Electrical & Mechanical,Procurement of electrical & mechanical for MEDICAL HEALTH SERVICES JAIPUR,Official public tender for supply of electrical & mechanical under standard RAJASTHAN state procurement guidelines.,2021-09-01 00:00:00,2021-09-07 00:00:00,2021-09-08 00:00:00,2021-09-22,22687392.12,21553022.51,INR,1,TATA PROJECTS LIMITED,ENT-SUP-861D6E7011,TATA PROJECTS LIMITED,"RAJASTHAN, India",AWARDED,6.0,0,0,OPEN_TENDER,MEDICAL HEALTH SERVICES JAIPUR,RAJASTHAN,https://eproc.rajasthan.gov.in/,0,SYNTH-CTRL-00238,,
2018_MC_20116_6,2018_MC_20116_6,EXECUTIVE ENGINEER,Himachal Pradesh State Government,HIMACHAL PRADESH,Shimla,Shimla,works,Construction of car parking adjoining Tutikandi Rain shelter in ward No 10 Under AMRUT,Construction of car parking adjoining Tutikandi Rain shelter in ward No 10 Under AMRUT,2018-03-14 17:30:00,2018-03-17 17:30:00,2018-03-28 10:30:00,2018-03-14,1550000.0,1746317.0,INR,7,PIUESH,ENT-SUP-A651BFCE2D,PIUESH,"Himachal Pradesh, India",AWARDED,3.0,0,0,OPEN_TENDER,EXECUTIVE ENGINEER,HIMACHAL_PRADESH,https://hptenders.gov.in/,1,SYNTH-INJ-00239,,
MAH-MA-2021-01121,REF-MAH-MA-2021-01121,MSEDCL POWER DISTRIBUTION,MAHARASHTRA State Government,MAHARASHTRA,Central District,"MAHARASHTRA, India",Medical Equipment & Consumables,Procurement of medical equipment & consumables for MSEDCL POWER DISTRIBUTION,Official public tender for supply of medical equipment & consumables under standard MAHARASHTRA state procurement guidelines.,2019-04-21 00:00:00,2019-05-21 00:00:00,2019-05-22 00:00:00,2019-06-05,4912329.2,4666712.74,INR,5,APEX MEDITECH SOLUTIONS,ENT-SUP-A750489DC1,APEX MEDITECH SOLUTIONS,"MAHARASHTRA, India",AWARDED,30.0,2,0,OPEN_TENDER,MSEDCL POWER DISTRIBUTION,MAHARASHTRA,https://mahatenders.gov.in/,0,SYNTH-CTRL-00240,,
KAR-KA-2021-01160,REF-KAR-KA-2021-01160,KARNATAKA RURAL INFRASTRUCTURE,KARNATAKA State Government,KARNATAKA,Central District,"KARNATAKA, India",Civil Works & Infrastructure,Procurement of civil works & infrastructure for KARNATAKA RURAL INFRASTRUCTURE,Official public tender for supply of civil works & infrastructure under standard KARNATAKA state procurement guidelines.,2019-11-09 00:00:00,2019-11-13 00:00:00,2019-11-14 00:00:00,2019-11-28,251855649.77,360953640.24,INR,4,SHREE BALAJI ENTERPRISE,ENT-SUP-CA68E614E4,SHREE BALAJI ENTERPRISE,"KARNATAKA, India",AWARDED,4.0,2,0,OPEN_TENDER,KARNATAKA RURAL INFRASTRUCTURE,KARNATAKA,https://kppp.karnataka.gov.in/,1,SYNTH-INJ-00241,,
CEN-CE-2021-01332,REF-CEN-CE-2021-01332,CENTRAL PUBLIC WORKS DEPARTMENT,Government of India,CENTRAL,Central District,"CENTRAL, India",Medical Equipment & Consumables,Procurement of medical equipment & consumables for CENTRAL PUBLIC WORKS DEPARTMENT,Official public tender for supply of medical equipment & consumables under standard CENTRAL state procurement guidelines.,2021-09-25 00:00:00,2021-09-29 00:00:00,2021-09-30 00:00:00,2021-10-14,4990409.9,6737053.36,INR,3,ZENITH INFRASTRUCTURE PROJECTS,ENT-SUP-4F350A4CA1,ZENITH INFRASTRUCTURE PROJECTS,"CENTRAL, India",AWARDED,4.0,0,0,OPEN_TENDER,CENTRAL PUBLIC WORKS DEPARTMENT,CENTRAL_CPPP,https://eprocure.gov.in/cppp/,0,SYNTH-CTRL-00242,,
2018_HPIPH_23767_1,2018_HPIPH_23767_1,EXECUTIVE ENGINEER IRRIGATION AND PUBLIC HEALTH DIVISION NAHAN,Himachal Pradesh State Government,HIMACHAL PRADESH,Nahan,Nahan,works,Providing LWSS to village Kheri Shalyar and its adjointing habitations under GP Surla Janot in Tehsil Pachhad Distt Sirmour HP,"C/O pump house cum attendant Qtr, C/O RCC sumpwell 44000 ltrs cap. At Node NO. 6, C/O RCC main S/tank 33000 ltrs cap. At Node No. 8, C/O RCC sector S/tank 10000 ltrs cap. At Node No. 9, C/O Sector S/tank 21000 ltrs cap. At node No. 20, C/O Raw water",2018-09-26 14:00:00,2018-10-16 11:00:00,2018-10-16 11:00:00,2018-09-26,2317973.0,3023454.0,INR,4,ANIL SHARMA,ENT-SUP-F2A47C2B34,ANIL SHARMA,"Himachal Pradesh, India",AWARDED,19.875,0,0,OPEN_TENDER,EXECUTIVE ENGINEER IRRIGATION AND PUBLIC HEALTH DIVISION NAHAN,HIMACHAL_PRADESH,https://hptenders.gov.in/,1,SYNTH-INJ-00243,Proprietary Model APEX-X900 patented optical sensor system with custom firmware 4.2.1 exclusive to Apex Systems.,Apex Systems APEX-X900 patented optical sensor system with custom firmware 4.2.1.
2017_PWD_15091_3,2017_PWD_15091_3,EXECUTIVE ENGINEER DIVISION NO I HIMACHAL PRADESH PUBLIC WORKS DEPARTMENT SHIMLA 3,Himachal Pradesh State Government,HIMACHAL PRADESH,Shimla,Shimla,works,Widening and Improvement of MRR via Lakkar Bazar km 147/735 to 153/075 (SH- C/o Retaining wall at Rd 149/165 to 149/205),Widening and Improvement of MRR via Lakkar Bazar km 147/735 to 153/075 (SH- C/o Retaining wall at Rd 149/165 to 149/205),2017-03-03 18:00:00,2017-03-22 16:00:00,2017-03-22 16:00:00,2017-03-03,1269972.0,1472765.0,INR,2,KAPIL THAKUR,ENT-SUP-F4F06001A2,KAPIL THAKUR,"Himachal Pradesh, India",AWARDED,18.916666666666668,0,0,OPEN_TENDER,EXECUTIVE ENGINEER DIVISION NO I HIMACHAL PRADESH PUBLIC WORKS DEPARTMENT SHIMLA 3,HIMACHAL_PRADESH,https://hptenders.gov.in/,0,SYNTH-CTRL-00244,,
2018_HPIPH_21565_1,2018_HPIPH_21565_1,EXECUTIVE ENGINEER IRRIGATION AND PUBLIC HEALTH DIVISION CHAMBA,Himachal Pradesh State Government,HIMACHAL PRADESH,Executive Engineer IPH Division Chamba,Executive Engineer IPH Division Chamba,works,Tapping Additional source to WSS Letch Gowad math in GP Latch Tehsil and Distt. Chamba,SH Construction of RCC Sedmentation tank 4000 liter capacity RCC filter bed 9 Sqm Capacity and storage tank 11000 liter capacity,2018-06-12 10:30:00,2018-07-02 17:00:00,2018-07-02 17:00:00,2018-06-12,639509.0,816332.0,INR,1,RATAN CHAND,ENT-SUP-BC474B979E,RATAN CHAND,"Himachal Pradesh, India",AWARDED,20.27083333333333,0,0,OPEN_TENDER,EXECUTIVE ENGINEER IRRIGATION AND PUBLIC HEALTH DIVISION CHAMBA,HIMACHAL_PRADESH,https://hptenders.gov.in/,1,SYNTH-INJ-00245,,
2016_HPIPH_12001_1,2016_HPIPH_12001_1,EXECUTIVE ENGINEER IRRIGATION AND PUBLIC HEALTH DIVISION THURAL,Himachal Pradesh State Government,HIMACHAL PRADESH,A/R M/O Pumping Machinery with allied accessorie,A/R M/O Pumping Machinery with allied accessorie,services,A/R M/O Pumping Machinery with allied accessories upto 5 mtrs from the outer wall of the pump house for the various scheme under IPH Sub Division Lambagaon for 2 years ( Two Years) in Tehsil Palampur Districts Kangra Himachal Pradesh,A/R M/O Pumping Machinery with allied accessories upto 5 mtrs from the outer wall of the pump house for the various scheme under IPH Sub Division Lambagaon for 2 years ( Two Years) in Tehsil Palampur Districts Kangra Himachal Pradesh,2016-05-26 16:00:00,2016-06-25 11:00:00,2016-06-25 11:00:00,2016-05-26,1001200.0,1126350.0,INR,4,RAJESH ENGINEERING SERVICES,ENT-SUP-09B77123EA,RAJESH ENGINEERING SERVICES,"Himachal Pradesh, India",AWARDED,29.791666666666668,0,0,OPEN_TENDER,EXECUTIVE ENGINEER IRRIGATION AND PUBLIC HEALTH DIVISION THURAL,HIMACHAL_PRADESH,https://hptenders.gov.in/,0,SYNTH-CTRL-00246,,
CEN-CE-2021-01170,REF-CEN-CE-2021-01170,CENTRAL PUBLIC WORKS DEPARTMENT,Government of India,CENTRAL,Central District,"CENTRAL, India",Consultancy & Facility Management,Procurement of consultancy & facility management for CENTRAL PUBLIC WORKS DEPARTMENT,Official public tender for supply of consultancy & facility management under standard CENTRAL state procurement guidelines.,2020-02-16 00:00:00,2020-02-22 00:00:00,2020-02-23 00:00:00,2020-03-08,4975287.23,4877732.57,INR,2,ZENITH INFRASTRUCTURE PROJECTS,ENT-SUP-4F350A4CA1,ZENITH INFRASTRUCTURE PROJECTS,"CENTRAL, India",AWARDED,6.0,0,0,OPEN_TENDER,CENTRAL PUBLIC WORKS DEPARTMENT,CENTRAL_CPPP,https://eprocure.gov.in/cppp/,1,SYNTH-INJ-00247,,
2013_HPIPH_2569_2,2013_HPIPH_2569_2,EXECUTIVE ENGINEER IRRIGATION AND PUBLIC HEALTH DIVISION NO1 KULLU,Himachal Pradesh State Government,HIMACHAL PRADESH,Kullu,Kullu,works,Providing Sewerage Scheme Kullu Town Connectivity of House Connection beyond 6 mtr in Zone-I SH Laying and jointing D. I. Pipe C. I. Pipe C O Man Hole Cover Deep Square Job II,Providing Sewerage Scheme Kullu Town Connectivity of House Connection beyond 6 mtr in Zone-I SH Laying and jointing D. I. Pipe C. I. Pipe C O Man Hole Cover Deep Square Job II,2013-09-11 18:55:00,2013-09-30 18:30:00,2013-09-30 18:30:00,2013-09-11,14782670.0,1980181.52,INR,3,INDIVIDUAL,ENT-SUP-9AF06C634F,INDIVIDUAL,"Himachal Pradesh, India",AWARDED,18.98263888888889,0,0,OPEN_TENDER,EXECUTIVE ENGINEER IRRIGATION AND PUBLIC HEALTH DIVISION NO1 KULLU,HIMACHAL_PRADESH,https://hptenders.gov.in/,0,SYNTH-CTRL-00248,,
2018_HPIPH_24781_1,2018_HPIPH_24781_1,EXECUTIVE ENGINEER,Himachal Pradesh State Government,HIMACHAL PRADESH,Palampur,Palampur,works,"Construction of flow irrigation scheme Neuhal kuhl in gram panchayat Bharwana, Biara and Agojar in Tehsil Palampur District Kangra",Construction of reinforcement cement concrete channel form RD 1270 to 390 running metre and Construction of outlet 2 number.,2018-11-21 18:00:00,2018-12-12 11:00:00,2018-12-12 11:00:00,2018-11-21,725053.0,733034.0,INR,4,COLLUSIVE_FAVORITE_ENTERPRISE,ENT-SUP-COLLUSIVE-999,COLLUSIVE_FAVORITE_ENTERPRISE,"Himachal Pradesh, India",AWARDED,20.70833333333333,0,0,OPEN_TENDER,EXECUTIVE ENGINEER,HIMACHAL_PRADESH,https://hptenders.gov.in/,1,SYNTH-INJ-00249,,
2019_HPIPH_29302_1,2019_HPIPH_29302_1,EXECUTIVE ENGINEER,Himachal Pradesh State Government,HIMACHAL PRADESH,Palampur,Palampur,works,Construction of flow irrigation scheme Chhatral _Chhatrul_ kuhl in Tehsil Palampur District Kangra HP,SH_Construction of reinforcement cement concrete channel at RD 4523 to 5625 _1102 runningmetre and 2 Number Outlet chamber,2019-06-12 18:55:00,2019-06-26 11:00:00,2019-06-26 11:00:00,2019-06-12,2495442.0,2495117.0,INR,3,AJAY KUMAR,ENT-SUP-33BF79EBE0,AJAY KUMAR,"Himachal Pradesh, India",AWARDED,13.67013888888889,0,0,OPEN_TENDER,EXECUTIVE ENGINEER,HIMACHAL_PRADESH,https://hptenders.gov.in/,0,SYNTH-CTRL-00250,,
2018_PWD_23039_1,2018_PWD_23039_1,EXECUTIVE ENGINEER CHAMBA DIVISION HIMACHAL PRADESH PUBLIC WORKS DEPARTMENT CHAMBA,Himachal Pradesh State Government,HIMACHAL PRADESH,Chamba,Chamba,works,"Improvement of black spot on various roads of Chamba Sub Division No-1 ,Providing and Fixing sign boards","Improvement of black spot on various roads of Chamba Sub Division No-1 ,Providing and Fixing sign boards",2018-08-24 17:00:00,2018-09-06 17:00:00,2018-09-06 17:00:00,2018-08-24,247520.0,720000.0,INR,2,RAKESH GOVT CONTR,ENT-SUP-593E5C5EDF,RAKESH GOVT CONTR,"Himachal Pradesh, India",AWARDED,13.0,3,180,OPEN_TENDER,EXECUTIVE ENGINEER CHAMBA DIVISION HIMACHAL PRADESH PUBLIC WORKS DEPARTMENT CHAMBA,HIMACHAL_PRADESH,https://hptenders.gov.in/,1,SYNTH-INJ-00251,,
RAJ-RA-2021-01107,REF-RAJ-RA-2021-01107,JAIPUR DEVELOPMENT AUTHORITY,RAJASTHAN State Government,RAJASTHAN,Central District,"RAJASTHAN, India",Civil Works & Infrastructure,Procurement of civil works & infrastructure for JAIPUR DEVELOPMENT AUTHORITY,Official public tender for supply of civil works & infrastructure under standard RAJASTHAN state procurement guidelines.,2020-09-28 00:00:00,2020-10-02 00:00:00,2020-10-03 00:00:00,2020-10-17,179367410.87,170399040.33,INR,3,GUPTA AND SONS CONTRACTOR,ENT-SUP-7A3AE215B9,GUPTA AND SONS CONTRACTOR,"RAJASTHAN, India",AWARDED,4.0,1,0,OPEN_TENDER,JAIPUR DEVELOPMENT AUTHORITY,RAJASTHAN,https://eproc.rajasthan.gov.in/,0,SYNTH-CTRL-00252,,
2017_UDDHP_17946_1-2761,2017_UDDHP_17946_1-2761,EXECUTIVE ENGINEER DMC,Himachal Pradesh State Government,HIMACHAL PRADESH,DHARAMSHALA,DHARAMSHALA,works,Construction of smart Street form DIG residence road to foundation chowk in ward No 4 of Dharamshala Municipal Corporation,Construction of smart Street form DIG residence road to foundation chowk in ward No 4 of Dharamshala Municipal Corporation,2017-09-01 17:00:00,2017-09-03 17:00:00,2017-09-18 11:00:00,2017-09-01,2987549.0,6379239.0,INR,6,ASHOK KUMAR,ENT-SUP-AD7BD122A2,ASHOK KUMAR,"Himachal Pradesh, India",AWARDED,2.0,0,0,OPEN_TENDER,EXECUTIVE ENGINEER DMC,HIMACHAL_PRADESH,https://hptenders.gov.in/,1,SYNTH-INJ-00253,,
2018_PWD_19190_2,2018_PWD_19190_2,EXECUTIVE ENGINEER CHAMBA DIVISION HIMACHAL PRADESH PUBLIC WORKS DEPARTMENT CHAMBA,Himachal Pradesh State Government,HIMACHAL PRADESH,Chamba,Chamba,works,Construction of Govt. Accommodation to DPO / Staff at Chamba Construction of Boundary wall with Gate,Construction of Govt. Accommodation to DPO / Staff at Chamba Construction of Boundary wall with Gate,2018-01-16 16:30:00,2018-02-09 11:00:00,2018-02-09 11:00:00,2018-01-16,111060.0,131680.0,INR,4,GOVERNMENT CONTRACTOR,ENT-SUP-C49445A2C7,GOVERNMENT CONTRACTOR,"Himachal Pradesh, India",AWARDED,23.77083333333333,0,0,OPEN_TENDER,EXECUTIVE ENGINEER CHAMBA DIVISION HIMACHAL PRADESH PUBLIC WORKS DEPARTMENT CHAMBA,HIMACHAL_PRADESH,https://hptenders.gov.in/,0,SYNTH-CTRL-00254,,
2018_HPIPH_20016_1,2018_HPIPH_20016_1,EXECUTIVE ENGINEER,Himachal Pradesh State Government,HIMACHAL PRADESH,Shimla,Shimla,works,Construction of 44 Nos Deep Shallow wells Observation wells with ODEX Drilling Method,Construction of 44 Nos Deep Shallow wells Observation wells with ODEX Drilling Method,2018-03-08 18:00:00,2018-04-17 17:00:00,2018-04-17 17:00:00,2018-03-08,9397862.0,16331922.71,INR,3,SUPER DRILLERS,ENT-SUP-DD07975B66,SUPER DRILLERS,"Himachal Pradesh, India",AWARDED,39.958333333333336,0,0,OPEN_TENDER,EXECUTIVE ENGINEER,HIMACHAL_PRADESH,https://hptenders.gov.in/,1,SYNTH-INJ-00255,,
MAH-MA-2021-01006,REF-MAH-MA-2021-01006,PUBLIC HEALTH DEPT MUMBAI,MAHARASHTRA State Government,MAHARASHTRA,Central District,"MAHARASHTRA, India",Civil Works & Infrastructure,Procurement of civil works & infrastructure for PUBLIC HEALTH DEPT MUMBAI,Official public tender for supply of civil works & infrastructure under standard MAHARASHTRA state procurement guidelines.,2020-04-27 00:00:00,2020-05-11 00:00:00,2020-05-12 00:00:00,2020-05-26,115859839.2,125128626.34,INR,2,TATA PROJECTS LIMITED,ENT-SUP-861D6E7011,TATA PROJECTS LIMITED,"MAHARASHTRA, India",AWARDED,14.0,0,0,OPEN_TENDER,PUBLIC HEALTH DEPT MUMBAI,MAHARASHTRA,https://mahatenders.gov.in/,0,SYNTH-CTRL-00256,,
2017_HPIPH_17573_1,2017_HPIPH_17573_1,EXECUTIVE ENGINEER IRRIGATION AND PUBLIC HEALTH DIVN NO 1 UNA HP,Himachal Pradesh State Government,HIMACHAL PRADESH,LIS Panjwar Tehsil Haroli Distt Una HP,LIS Panjwar Tehsil Haroli Distt Una HP,works,Construction of LIS Panjawar ( Gujrera ) in Tehsil Haroli Distt. Una (HP),SH C O Pump house cum chowkidar Qtr C O Boundary wall and Internal wiring to Pump house cum chowkidar Qtr providing and laying of Rmain and Laying and jointing of HDPE pipe,2017-08-07 10:00:00,2017-08-28 17:00:00,2017-08-28 17:00:00,2017-08-07,3493558.0,3335349.0,INR,3,OM PARKASH GOVT CONTRATOR,ENT-SUP-728C702A5C,OM PARKASH GOVT CONTRATOR,"Himachal Pradesh, India",AWARDED,21.291666666666668,0,0,OPEN_TENDER,EXECUTIVE ENGINEER IRRIGATION AND PUBLIC HEALTH DIVN NO 1 UNA HP,HIMACHAL_PRADESH,https://hptenders.gov.in/,1,SYNTH-INJ-00257,Proprietary Model APEX-X900 patented optical sensor system with custom firmware 4.2.1 exclusive to Apex Systems.,Apex Systems APEX-X900 patented optical sensor system with custom firmware 4.2.1.
2018_MC_22507_8,2018_MC_22507_8,EXECUTIVE ENGINEER ROADS AND BUILDINGS MUNICIPAL CORPORATION SHIMLA,Himachal Pradesh State Government,HIMACHAL PRADESH,Shimla,Shimla,works,Construction of ambulance road from Cart road MC Nallah Parking to Bothwell,Construction of ambulance road from Cart road MC Nallah Parking to Bothwell,2018-07-26 11:00:00,2018-08-03 10:30:00,2018-08-03 10:30:00,2018-07-26,575852.0,766033.0,INR,2,BHAW SINGH CHAUHAN,ENT-SUP-2115B453AA,BHAW SINGH CHAUHAN,"Himachal Pradesh, India",AWARDED,7.979166666666667,0,0,OPEN_TENDER,EXECUTIVE ENGINEER ROADS AND BUILDINGS MUNICIPAL CORPORATION SHIMLA,HIMACHAL_PRADESH,https://hptenders.gov.in/,0,SYNTH-CTRL-00258,,
2017_PWD_15633_1,2017_PWD_15633_1,EXECUTIVE ENGINEER,Himachal Pradesh State Government,HIMACHAL PRADESH,Dharampur,Dharampur,works,Periodical maintenance of Darwar Garli (Pipli Garli) road Km 7/0 to 11/200 (VR0063) Under PMGSY Road AMP for the year 2017-18,Providing and laying built up spray grout bituminous concrete in Km 9/0 to 10/500,2017-04-01 16:00:00,2017-04-10 11:00:00,2017-04-10 11:00:00,2017-04-01,1068733.0,1367287.0,INR,1,VIPIN KUMAR HAZRI,ENT-SUP-4438981EB3,VIPIN KUMAR HAZRI,"Himachal Pradesh, India",AWARDED,8.791666666666666,0,0,OPEN_TENDER,EXECUTIVE ENGINEER,HIMACHAL_PRADESH,https://hptenders.gov.in/,1,SYNTH-INJ-00259,,
2018_PWD_19838_11-2032,2018_PWD_19838_11-2032,EXECUTIVE ENGINEER BILASPUR DIVISION NO 2 HIMACHAL PRADESH PUBLIC WORKS DEPARTMENT BILASPUR,Himachal Pradesh State Government,HIMACHAL PRADESH,Bilaspur,Bilaspur,works,"Annual Maintenance plan for the year -2018-19 for Rural roads on Harnora Panchyat Ghat to Kasol road km. 0/0 to 2/0 (SH-Providing and laying, 25mm thick Bituminous concrete and V-shape drain ).","Annual Maintenance plan for the year -2018-19 for Rural roads on Harnora Panchyat Ghat to Kasol road km. 0/0 to 2/0 (SH-Providing and laying, 25mm thick Bituminous concrete and V-shape drain ).",2018-03-01 17:00:00,2018-03-12 10:30:00,2018-03-12 10:30:00,2018-03-01,2994614.0,3403600.0,INR,1,M S STRIKER BROS,ENT-SUP-0323404D5F,M S STRIKER BROS,"Himachal Pradesh, India",AWARDED,10.729166666666666,0,0,OPEN_TENDER,EXECUTIVE ENGINEER BILASPUR DIVISION NO 2 HIMACHAL PRADESH PUBLIC WORKS DEPARTMENT BILASPUR,HIMACHAL_PRADESH,https://hptenders.gov.in/,0,SYNTH-CTRL-00260,,
2018_PWD_19943_1,2018_PWD_19943_1,E E SUNDER NAGAR DIVISION HIMACHAL PRADESH PUBLIC WORKS DEPARTMENT,Himachal Pradesh State Government,HIMACHAL PRADESH,Sundernagar,Sundernagar,works,C/O 63 mtr span PSC Box Girder bridge over Saul Seri Khad at KM 2/585 in Tehsil Sunder Nagar Distt Mandi HP,SH C/o Sub structures Super structure C/o approaches R/wall MT for approaches and essential parapets for approaches under NABARD RIDF-XXIII,2018-03-06 14:00:00,2018-03-26 09:00:00,2018-03-26 09:00:00,2018-03-06,5022892.98,4924404.89,INR,4,PARVEEN CONSTRUCTION,ENT-SUP-B47077A242,PARVEEN CONSTRUCTION,"Himachal Pradesh, India",AWARDED,19.791666666666668,0,0,OPEN_TENDER,E E SUNDER NAGAR DIVISION HIMACHAL PRADESH PUBLIC WORKS DEPARTMENT,HIMACHAL_PRADESH,https://hptenders.gov.in/,1,SYNTH-INJ-00261,,
2017_PWD_17377_5,2017_PWD_17377_5,EXECUTIVE ENGINEER,Himachal Pradesh State Government,HIMACHAL PRADESH,Nahan,Nahan,works,Construction of Tapper Chulli Narayan Drah via Dungi Kandyon Km 0/0 to 5/0 under SCSP,Formation Cutting 5/7 meter wide in Km 3/0 to 5/0,2017-07-21 17:00:00,2017-07-29 10:00:00,2017-07-29 10:00:00,2017-07-21,2642857.0,1276172.0,INR,8,SARWAN KUMAR,ENT-SUP-E90EB324F6,SARWAN KUMAR,"Himachal Pradesh, India",AWARDED,7.708333333333333,0,0,OPEN_TENDER,EXECUTIVE ENGINEER,HIMACHAL_PRADESH,https://hptenders.gov.in/,0,SYNTH-CTRL-00262,,
2018_PWD_19891_7,2018_PWD_19891_7,EXECUTIVE ENGINEER PUBLIC WORKS DEPARTMENT DIVISION FATEHPUR,Himachal Pradesh State Government,HIMACHAL PRADESH,Near Indora,Near Indora,works,Job No. 10 Periodic Renewal of PMGSY RURAL Roads Jassur Gangath Indora Road Annual Maintenance Plan for the year 2018-19,Providing and laying 25mm single layer bituminous concrete (L.B.C) (HP0405VR0001) km. 18/0 to 22/0),2018-03-07 10:30:00,2018-03-27 17:00:00,2018-03-27 17:00:00,2018-03-07,2953515.0,3442960.0,INR,2,COLLUSIVE_FAVORITE_ENTERPRISE,ENT-SUP-COLLUSIVE-999,COLLUSIVE_FAVORITE_ENTERPRISE,"Himachal Pradesh, India",AWARDED,20.27083333333333,0,0,OPEN_TENDER,EXECUTIVE ENGINEER PUBLIC WORKS DEPARTMENT DIVISION FATEHPUR,HIMACHAL_PRADESH,https://hptenders.gov.in/,1,SYNTH-INJ-00263,,
2020_HPIPH_35668_1-2781,2020_HPIPH_35668_1-2781,EXECUTIVE ENGINEER,Himachal Pradesh State Government,HIMACHAL PRADESH,Under IPH Sub Division Bilaspur,Under IPH Sub Division Bilaspur,works,Providing sewerage facility for New Bilaspur town in Tehsil Sadar District Bilaspur (SH Providing laying and jointing of DI pipe 200mm dia and C/o RCC pillar and brick masonrty manhole chamber from Durga Mata Temple to Mukti Dham (ii) Providing layi,Providing sewerage facility for New Bilaspur town in Tehsil Sadar District Bilaspur (SH Providing laying and jointing of DI pipe 200mm dia and C/o RCC pillar and brick masonrty manhole chamber from Durga Mata Temple to Mukti Dham (ii) Providing layi,2020-02-26 17:20:00,2020-03-12 11:00:00,2020-03-12 11:00:00,2020-02-26,793495.0,941482.0,INR,7,SANJAY SAINI,ENT-SUP-AC7BF780E3,SANJAY SAINI,"Himachal Pradesh, India",AWARDED,14.73611111111111,0,0,OPEN_TENDER,EXECUTIVE ENGINEER,HIMACHAL_PRADESH,https://hptenders.gov.in/,0,SYNTH-CTRL-00264,,
2018_HPIPH_21066_1,2018_HPIPH_21066_1,EXECUTIVE ENGINEER,Himachal Pradesh State Government,HIMACHAL PRADESH,Tehsil Jawali,Tehsil Jawali,works,CO 15 Nos Tube Well in Bharmar area in Tehsil Jawali Distt. Kangra HP,Co 4 Nos Tube wells for drilling lowering of assembly and development of Tube well 125 mtr deep and 140 mtr Tubewell Nial Near Poultry farm Tubewell Dhasoli Near Patwar Ghar Tube well Harnota The land of Sh. Jagdish Lal Sharma and Tubewell Bhagwal U,2018-05-08 18:00:00,2018-05-28 17:00:00,2018-05-28 17:00:00,2018-05-08,4437502.0,3920575.0,INR,7,ABTAR SINGH AND COMPANY,ENT-SUP-83712A2A1B,ABTAR SINGH AND COMPANY,"Himachal Pradesh, India",AWARDED,19.95833333333333,3,180,OPEN_TENDER,EXECUTIVE ENGINEER,HIMACHAL_PRADESH,https://hptenders.gov.in/,1,SYNTH-INJ-00265,,
2018_FDC_19569_1,2018_FDC_19569_1,DIVISIONAL MANAGER,Himachal Pradesh State Government,HIMACHAL PRADESH,Chowai Range,Chowai Range,works,"02-2018Ani, Extraction and carriage of Resin upto RSD Shamsher and further TT to R and T factory Nahan",Extraction and Carriage of Resin,2018-02-16 10:00:00,2018-02-24 14:00:00,2018-02-24 14:00:00,2018-02-16,477462.0,660069.0,INR,1,MADAN GOPAL,ENT-SUP-22DD07CF05,MADAN GOPAL,"Himachal Pradesh, India",AWARDED,8.166666666666666,0,0,OPEN_TENDER,DIVISIONAL MANAGER,HIMACHAL_PRADESH,https://hptenders.gov.in/,0,SYNTH-CTRL-00266,,
RAJ-RA-2021-01110,REF-RAJ-RA-2021-01110,PUBLIC HEALTH ENGINEERING DEPT RAJASTHAN,RAJASTHAN State Government,RAJASTHAN,Central District,"RAJASTHAN, India",Medical Equipment & Consumables,Procurement of medical equipment & consumables for PUBLIC HEALTH ENGINEERING DEPT RAJASTHAN,Official public tender for supply of medical equipment & consumables under standard RAJASTHAN state procurement guidelines.,2020-04-11 00:00:00,2020-04-14 00:00:00,2020-05-03 00:00:00,2020-05-17,4978350.63,6720773.35,INR,5,AHLUWALIA CONTRACTS INDIA LIMITED,ENT-SUP-28AFE50D95,AHLUWALIA CONTRACTS INDIA LIMITED,"RAJASTHAN, India",AWARDED,3.0,0,0,OPEN_TENDER,PUBLIC HEALTH ENGINEERING DEPT RAJASTHAN,RAJASTHAN,https://eproc.rajasthan.gov.in/,1,SYNTH-INJ-00267,,
2018_PWD_19775_1,2018_PWD_19775_1,EXECUTIVE ENGINEER,Himachal Pradesh State Government,HIMACHAL PRADESH,"Kangra, Tehsil and Distt. Kangra","Kangra, Tehsil and Distt. Kangra",works,"Construction of B1, B2, C1 and C2 Block in ional Institute of Fashion Technology Kangra at Chheb (HP) (SH- Providing E.I. therein)","Construction of B1, B2, C1 and C2 Block in ional Institute of Fashion Technology Kangra at Chheb (HP) (SH- Providing E.I. therein)",2018-02-28 10:00:00,2018-03-21 17:00:00,2018-03-21 17:00:00,2018-02-28,2920482.0,2738746.0,INR,4,TRILOCHAN SINGH,ENT-SUP-A80B8D69E2,TRILOCHAN SINGH,"Himachal Pradesh, India",AWARDED,21.291666666666668,0,0,OPEN_TENDER,EXECUTIVE ENGINEER,HIMACHAL_PRADESH,https://hptenders.gov.in/,0,SYNTH-CTRL-00268,,
2018_PWD_19400_1,2018_PWD_19400_1,EXECUTIVE ENGINEER KARSOG,Himachal Pradesh State Government,HIMACHAL PRADESH,KARSOG,KARSOG,works,"Construction of ITI Building at Karsog Tehsil Karsog Distt. Mandi HP (SHSite Development Co Civil works, W/S SI and rain water harvesting Tank)","Construction of ITI Building at Karsog Tehsil Karsog Distt. Mandi HP (SHSite Development Co Civil works, W/S SI and rain water harvesting Tank)",2018-02-01 10:30:00,2018-02-07 10:00:00,2018-02-07 10:00:00,2018-02-01,43122086.0,65030697.08,INR,3,RAJESH THAKUR,ENT-SUP-C896FE1C37,RAJESH THAKUR,"Himachal Pradesh, India",AWARDED,5.979166666666667,0,0,OPEN_TENDER,EXECUTIVE ENGINEER KARSOG,HIMACHAL_PRADESH,https://hptenders.gov.in/,1,SYNTH-INJ-00269,,
UTT-UT-2021-01241,REF-UTT-UT-2021-01241,UTTAR PRADESH PUBLIC WORKS DEPARTMENT,UTTAR PRADESH State Government,UTTAR PRADESH,Central District,"UTTAR PRADESH, India",Consultancy & Facility Management,Procurement of consultancy & facility management for UTTAR PRADESH PUBLIC WORKS DEPARTMENT,Official public tender for supply of consultancy & facility management under standard UTTAR PRADESH state procurement guidelines.,2020-08-13 00:00:00,2020-08-17 00:00:00,2020-08-18 00:00:00,2020-09-01,1220044.67,1073639.31,INR,2,TATA PROJECTS LIMITED,ENT-SUP-861D6E7011,TATA PROJECTS LIMITED,"UTTAR PRADESH, India",AWARDED,4.0,0,0,OPEN_TENDER,UTTAR PRADESH PUBLIC WORKS DEPARTMENT,UTTAR_PRADESH,https://etender.up.nic.in/,0,SYNTH-CTRL-00270,,
CEN-CE-2021-01232,REF-CEN-CE-2021-01232,MINISTRY OF HEALTH FAMILY WELFARE,Government of India,CENTRAL,Central District,"CENTRAL, India",Medical Equipment & Consumables,Procurement of medical equipment & consumables for MINISTRY OF HEALTH FAMILY WELFARE,Official public tender for supply of medical equipment & consumables under standard CENTRAL state procurement guidelines.,2019-06-15 00:00:00,2019-07-06 00:00:00,2019-07-07 00:00:00,2019-07-21,16700374.36,17034381.85,INR,4,VANGUARD POWER SERVICES,ENT-SUP-FBE5090586,VANGUARD POWER SERVICES,"CENTRAL, India",AWARDED,21.0,0,0,OPEN_TENDER,MINISTRY OF HEALTH FAMILY WELFARE,CENTRAL_CPPP,https://eprocure.gov.in/cppp/,1,SYNTH-INJ-00271,Proprietary Model APEX-X900 patented optical sensor system with custom firmware 4.2.1 exclusive to Apex Systems.,Apex Systems APEX-X900 patented optical sensor system with custom firmware 4.2.1.
2017_PWD_15752_1,2017_PWD_15752_1,EXECUTIVE ENGINEER,Himachal Pradesh State Government,HIMACHAL PRADESH,Dhami,Dhami,works,Construction of Rajiv Ghandi Multipurpose Sports Stadium at Katasani Tehsil and Distt. Shimla H.P.,"Construction of Rajiv Ghandi Multipurpose Sports Stadium at Katasani Tehsil and Distt. Shimla H.P. (Sh-Construction of building portion ,WS AND SI ,site development,R.H.tank ,septic tank,and approach road and C/o sitting steps )",2017-04-07 17:10:00,2017-04-20 09:00:00,2017-04-20 09:00:00,2017-04-07,219008771.0,247345623.0,INR,5,ASHOK CHAUHAN AND COMPANY,ENT-SUP-781598190B,ASHOK CHAUHAN AND COMPANY,"Himachal Pradesh, India",AWARDED,12.65972222222222,0,0,OPEN_TENDER,EXECUTIVE ENGINEER,HIMACHAL_PRADESH,https://hptenders.gov.in/,0,SYNTH-CTRL-00272,,
CEN-CE-2021-01063,REF-CEN-CE-2021-01063,CENTRAL PUBLIC WORKS DEPARTMENT,Government of India,CENTRAL,Central District,"CENTRAL, India",Consultancy & Facility Management,Procurement of consultancy & facility management for CENTRAL PUBLIC WORKS DEPARTMENT,Official public tender for supply of consultancy & facility management under standard CENTRAL state procurement guidelines.,2020-02-16 00:00:00,2020-02-20 00:00:00,2020-02-21 00:00:00,2020-03-06,4908292.35,4662877.73,INR,1,PNC INFRATECH LIMITED,ENT-SUP-4B3E89D111,PNC INFRATECH LIMITED,"CENTRAL, India",AWARDED,4.0,0,0,OPEN_TENDER,CENTRAL PUBLIC WORKS DEPARTMENT,CENTRAL_CPPP,https://eprocure.gov.in/cppp/,1,SYNTH-INJ-00273,,
2017_HPCDP_15665_1,2017_HPCDP_15665_1,DISTRICT PROJECT MANAGER,Himachal Pradesh State Government,HIMACHAL PRADESH,"G.P. Galore Khas, Tehsil Nadaun District Hamirpur","G.P. Galore Khas, Tehsil Nadaun District Hamirpur",works,"C/o Farm Access Road Guriah, G.P. Galore Khas, Tehsil Nadaun District Hamirpur (H.P)",Farm Access Road,2017-04-01 17:20:00,2017-04-12 10:00:00,2017-04-12 10:00:00,2017-04-01,265000.0,265836.0,INR,3,KULDEEP SINGH,ENT-SUP-1A532962F6,KULDEEP SINGH,"Himachal Pradesh, India",AWARDED,10.694444444444445,0,0,OPEN_TENDER,DISTRICT PROJECT MANAGER,HIMACHAL_PRADESH,https://hptenders.gov.in/,0,SYNTH-CTRL-00274,,
RAJ-RA-2021-01241,REF-RAJ-RA-2021-01241,MEDICAL HEALTH SERVICES JAIPUR,RAJASTHAN State Government,RAJASTHAN,Central District,"RAJASTHAN, India",Civil Works & Infrastructure,Procurement of civil works & infrastructure for MEDICAL HEALTH SERVICES JAIPUR,Official public tender for supply of civil works & infrastructure under standard RAJASTHAN state procurement guidelines.,2020-12-01 00:00:00,2020-12-22 00:00:00,2020-12-23 00:00:00,2021-01-06,5057668.21,4958498.24,INR,4,PNC INFRATECH LIMITED,ENT-SUP-4B3E89D111,PNC INFRATECH LIMITED,"RAJASTHAN, India",AWARDED,21.0,1,0,OPEN_TENDER,MEDICAL HEALTH SERVICES JAIPUR,RAJASTHAN,https://eproc.rajasthan.gov.in/,1,SYNTH-INJ-00275,,
2018_PWD_20196_1,2018_PWD_20196_1,E E SUNDER NAGAR DIVISION HIMACHAL PRADESH PUBLIC WORKS DEPARTMENT,Himachal Pradesh State Government,HIMACHAL PRADESH,Sunder Nagar,Sunder Nagar,works,Construction of MCH Centre at Civil Hospital Sundernagar Tehsil Sundernagar Distt Mandi HP,SH C/o Building portion site development W S and S I and Rain water Harvesting System,2018-03-17 17:00:00,2018-04-09 11:00:00,2018-04-09 11:00:00,2018-03-17,51810447.0,54155713.0,INR,4,UNIPRO,ENT-SUP-BAB1662E69,UNIPRO,"Himachal Pradesh, India",AWARDED,22.75,0,0,OPEN_TENDER,E E SUNDER NAGAR DIVISION HIMACHAL PRADESH PUBLIC WORKS DEPARTMENT,HIMACHAL_PRADESH,https://hptenders.gov.in/,0,SYNTH-CTRL-00276,,
2017_YSPU_17458_1,2017_YSPU_17458_1,EXECUTIVE ENGINEER,Himachal Pradesh State Government,HIMACHAL PRADESH,Nauni,Nauni,works,Construction of Boys Hostel VI at main campus Nauni Solan SH Providing Electrical Installation,Construction of Boys Hostel VI at main campus Nauni Solan SH Providing Electrical Installation,2017-07-28 17:30:00,2017-08-11 10:30:00,2017-08-11 10:30:00,2017-07-28,1392688.0,1053420.0,INR,5,COLLUSIVE_FAVORITE_ENTERPRISE,ENT-SUP-COLLUSIVE-999,COLLUSIVE_FAVORITE_ENTERPRISE,"Himachal Pradesh, India",AWARDED,13.708333333333334,0,0,OPEN_TENDER,EXECUTIVE ENGINEER,HIMACHAL_PRADESH,https://hptenders.gov.in/,1,SYNTH-INJ-00277,,
2017_HPIPH_17010_1,2017_HPIPH_17010_1,ER MOHD ARSHAD REHMAN,Himachal Pradesh State Government,HIMACHAL PRADESH,Nohradhar,Nohradhar,works,C/O LWSS Arloo in GP Bhattan Bhujand in Tehsil Nohradhar District Sirmour H.P,"Supply and Errection of centrifugal pumping machinery with allied accessories and providing, laying and jointing of Rising main)",2017-06-27 17:00:00,2017-07-04 11:00:00,2017-07-04 11:00:00,2017-06-27,1401287.0,2783449.0,INR,2,SAI AQUA MACHINES AND BUILDERS,ENT-SUP-C61C385B90,SAI AQUA MACHINES AND BUILDERS,"Himachal Pradesh, India",AWARDED,6.75,0,0,OPEN_TENDER,ER MOHD ARSHAD REHMAN,HIMACHAL_PRADESH,https://hptenders.gov.in/,0,SYNTH-CTRL-00278,,
2018_HPIPH_20620_1-4006,2018_HPIPH_20620_1-4006,EXECUTIVE ENGINEER,Himachal Pradesh State Government,HIMACHAL PRADESH,Talwar Datoh Jole Plakhin,Talwar Datoh Jole Plakhin,works,Providing LWSS to PC habitation Talwara Datoh Jole Plakhin in Tehsil Ghumarwin Distt Bilaspur (HP)(SH - Providing Laying Jointing testing of 200 mm Dia MSERW pipe for Ist stage (Balance work thereof),Providing LWSS to PC habitation Talwara Datoh Jole Plakhin in Tehsil Ghumarwin Distt. Bilaspur (HP)(SH - Providing Laying Jointing testing of 200 mm Dia MSERW pipe for Ist stage (Balance work thereof),2018-04-09 17:30:00,2018-04-25 11:00:00,2018-04-25 11:00:00,2018-04-09,2730797.0,2862786.0,INR,6,SHASHANK JAGOTA GOVERNMENT CONTRACTOR,ENT-SUP-E4283439CD,SHASHANK JAGOTA GOVERNMENT CONTRACTOR,"Himachal Pradesh, India",AWARDED,15.729166666666666,3,180,OPEN_TENDER,EXECUTIVE ENGINEER,HIMACHAL_PRADESH,https://hptenders.gov.in/,1,SYNTH-INJ-00279,,
2017_PWD_16379_1,2017_PWD_16379_1,EXECUTIVE ENGINEER,Himachal Pradesh State Government,HIMACHAL PRADESH,Palampur,Palampur,works,Periodical Maintenance of Ghuggar to Rodi under (PMGSY) incentive,Providing and laying 25mm thick bitumen concrete with paver finisher in Km. 1/000 to 2/000 and 3/00 to 4/00,2017-05-16 15:00:00,2017-05-24 11:00:00,2017-05-24 11:00:00,2017-05-16,1444559.0,1898050.0,INR,2,M S KAMLA ENTERPRISE,ENT-SUP-FE81370981,M S KAMLA ENTERPRISE,"Himachal Pradesh, India",AWARDED,7.833333333333333,0,0,OPEN_TENDER,EXECUTIVE ENGINEER,HIMACHAL_PRADESH,https://hptenders.gov.in/,0,SYNTH-CTRL-00280,,
2019_PWD_32033_1,2019_PWD_32033_1,EXECUTIVE ENGINEER UNA DIVISION HIMACHAL PRADESH PUBLIC WORKS DEPARTMENT UNA,Himachal Pradesh State Government,HIMACHAL PRADESH,Una,Una,works,"Job 2 Construction of Sub Centre building with residence at Teuri Distt. Una Sub Head C.o building portion WS and SI, Septic Tank, Soak pit , Rain Water Harvesting Tank and Boundary wall","Job 2 Construction of Sub Centre building with residence at Teuri Distt. Una Sub Head C.o building portion WS and SI, Septic Tank, Soak pit , Rain Water Harvesting Tank and Boundary wall",2019-10-14 15:30:00,2019-10-18 15:30:00,2019-10-22 17:00:00,2019-10-14,2331136.0,2635831.0,INR,2,MANOJ KUMAR,ENT-SUP-F18110587C,MANOJ KUMAR,"Himachal Pradesh, India",AWARDED,4.0,0,0,OPEN_TENDER,EXECUTIVE ENGINEER UNA DIVISION HIMACHAL PRADESH PUBLIC WORKS DEPARTMENT UNA,HIMACHAL_PRADESH,https://hptenders.gov.in/,1,SYNTH-INJ-00281,,
2017_NDTT_17685_1,2017_NDTT_17685_1,TEMPLE TRUST OFFICER SH NAINA DEVI JI,Himachal Pradesh State Government,HIMACHAL PRADESH,Bilaspur,Bilaspur,works,"Construction of Toilet block at the Kolan Walla Toba to Sh. Naina Devi Ji pedestrainpath at R.D.0/800 mt. near Gurdwara for Temple Trust Shri Naina Devi Ji, District Bilaspur (HP).","Construction of Toilet block at the Kolan Walla Toba to Sh. Naina Devi Ji pedestrainpath at R.D.0/800 mt. near Gurdwara for Temple Trust Shri Naina Devi Ji, District Bilaspur (HP).",2017-08-18 10:00:00,2017-09-12 10:25:00,2017-09-12 10:25:00,2017-08-18,1437281.0,1785454.0,INR,5,KRISHNA NAND,ENT-SUP-BB6FD4EDF2,KRISHNA NAND,"Himachal Pradesh, India",AWARDED,25.01736111111111,0,0,OPEN_TENDER,TEMPLE TRUST OFFICER SH NAINA DEVI JI,HIMACHAL_PRADESH,https://hptenders.gov.in/,0,SYNTH-CTRL-00282,,
MAH-MA-2021-01200,REF-MAH-MA-2021-01200,MAHARASHTRA PUBLIC WORKS DEPARTMENT,MAHARASHTRA State Government,MAHARASHTRA,Central District,"MAHARASHTRA, India",Civil Works & Infrastructure,Procurement of civil works & infrastructure for MAHARASHTRA PUBLIC WORKS DEPARTMENT,Official public tender for supply of civil works & infrastructure under standard MAHARASHTRA state procurement guidelines.,2021-09-08 00:00:00,2021-09-29 00:00:00,2021-09-30 00:00:00,2021-10-14,4903545.92,8427968.05,INR,2,VANGUARD POWER SERVICES,ENT-SUP-FBE5090586,VANGUARD POWER SERVICES,"MAHARASHTRA, India",AWARDED,21.0,0,0,OPEN_TENDER,MAHARASHTRA PUBLIC WORKS DEPARTMENT,MAHARASHTRA,https://mahatenders.gov.in/,1,SYNTH-INJ-00283,,
CEN-CE-2021-01056,REF-CEN-CE-2021-01056,NHAI HIGHWAYS,Government of India,CENTRAL,Central District,"CENTRAL, India",Electrical & Mechanical,Procurement of electrical & mechanical for NHAI HIGHWAYS,Official public tender for supply of electrical & mechanical under standard CENTRAL state procurement guidelines.,2019-10-22 00:00:00,2019-10-26 00:00:00,2019-10-27 00:00:00,2019-11-10,22635870.19,23088587.59,INR,1,VANGUARD POWER SERVICES,ENT-SUP-FBE5090586,VANGUARD POWER SERVICES,"CENTRAL, India",AWARDED,4.0,0,0,OPEN_TENDER,NHAI HIGHWAYS,CENTRAL_CPPP,https://eprocure.gov.in/cppp/,0,SYNTH-CTRL-00284,,
CEN-CE-2021-01147,REF-CEN-CE-2021-01147,NHAI HIGHWAYS,Government of India,CENTRAL,Central District,"CENTRAL, India",Civil Works & Infrastructure,Procurement of civil works & infrastructure for NHAI HIGHWAYS,Official public tender for supply of civil works & infrastructure under standard CENTRAL state procurement guidelines.,2020-03-02 00:00:00,2020-03-06 00:00:00,2020-03-07 00:00:00,2020-03-21,7847359.64,8004306.84,INR,2,GUPTA AND SONS CONTRACTOR,ENT-SUP-7A3AE215B9,GUPTA AND SONS CONTRACTOR,"CENTRAL, India",AWARDED,4.0,0,0,OPEN_TENDER,NHAI HIGHWAYS,CENTRAL_CPPP,https://eprocure.gov.in/cppp/,1,SYNTH-INJ-00285,Proprietary Model APEX-X900 patented optical sensor system with custom firmware 4.2.1 exclusive to Apex Systems.,Apex Systems APEX-X900 patented optical sensor system with custom firmware 4.2.1.
2017_PWD_18161_1,2017_PWD_18161_1,EXECUTIVE ENGINEER MANDI DIVN NO I HIMACHAL PRADESH PUBLIC WORKS DEPARTMENT MANDI,Himachal Pradesh State Government,HIMACHAL PRADESH,"Executive Engineer, Mandi Divn. No.I, HPPWD, Mandi","Executive Engineer, Mandi Divn. No.I, HPPWD, Mandi",works,Construction of Govt. High School building at Swar Tehsil Padhar Distt. Mandi (H.P.) Under execution of Civil works for strengthening of existing school infrastructure under RMSA,"C/O Science Lab, Computer room, Art, Craft and Culture room, Library and Stair case including site development",2017-09-15 15:30:00,2017-10-03 17:00:00,2017-10-03 17:00:00,2017-09-15,2732214.0,4226684.0,INR,2,MISSU RAM,ENT-SUP-419662E035,MISSU RAM,"Himachal Pradesh, India",AWARDED,18.0625,0,0,OPEN_TENDER,EXECUTIVE ENGINEER MANDI DIVN NO I HIMACHAL PRADESH PUBLIC WORKS DEPARTMENT MANDI,HIMACHAL_PRADESH,https://hptenders.gov.in/,0,SYNTH-CTRL-00286,,
MAH-MA-2021-01180,REF-MAH-MA-2021-01180,WATER RESOURCES DEPARTMENT MAHARASHTRA,MAHARASHTRA State Government,MAHARASHTRA,Central District,"MAHARASHTRA, India",Civil Works & Infrastructure,Procurement of civil works & infrastructure for WATER RESOURCES DEPARTMENT MAHARASHTRA,Official public tender for supply of civil works & infrastructure under standard MAHARASHTRA state procurement guidelines.,2020-07-05 00:00:00,2020-07-11 00:00:00,2020-07-12 00:00:00,2020-07-26,2931488.27,2784913.86,INR,1,ZENITH INFRASTRUCTURE PROJECTS,ENT-SUP-4F350A4CA1,ZENITH INFRASTRUCTURE PROJECTS,"MAHARASHTRA, India",AWARDED,6.0,0,0,OPEN_TENDER,WATER RESOURCES DEPARTMENT MAHARASHTRA,MAHARASHTRA,https://mahatenders.gov.in/,1,SYNTH-INJ-00287,,
2018_HPIPH_25501_1,2018_HPIPH_25501_1,EXECUTIVE ENGINEER,Himachal Pradesh State Government,HIMACHAL PRADESH,Shahpur,Shahpur,works,Remodeling of FIS Dhamul Kuhal,C/O RCC lining in distribution Kuhl from RD 1445/0 to 300 RD 1800/0 to 300 RD 2390/0 to 300 and RD 3100/0 to 210mtrs 1110mtrs),2018-12-21 18:00:00,2019-01-09 11:00:00,2019-01-09 11:00:00,2018-12-21,1346547.0,1696231.0,INR,8,BIKRAM SINGH GOVERNMENT CONTRACTOR,ENT-SUP-C919D93835,BIKRAM SINGH GOVERNMENT CONTRACTOR,"Himachal Pradesh, India",AWARDED,18.70833333333333,0,0,OPEN_TENDER,EXECUTIVE ENGINEER,HIMACHAL_PRADESH,https://hptenders.gov.in/,0,SYNTH-CTRL-00288,,
2017_NDTT_17684_1,2017_NDTT_17684_1,TEMPLE TRUST OFFICER SH NAINA DEVI JI,Himachal Pradesh State Government,HIMACHAL PRADESH,Bilaspur,Bilaspur,works,Construction of Toilets at the Mandialy Panchayat at Padoh Ka Pharo at pedestrian Path at RD 2/800m from Kolan Walla Toba to Sh. Naina Devi Ji Temple Trust Sh. Naina Devi Ji Distt. Bilaspur (HP),Construction of Toilets at the Mandialy Panchayat at Padoh Ka Pharo at pedestrian Path at RD 2/800m from Kolan Walla Toba to Sh. Naina Devi Ji Temple Trust Sh. Naina Devi Ji Distt. Bilaspur (HP),2017-08-18 10:00:00,2017-09-12 10:30:00,2017-09-12 10:30:00,2017-08-18,4865309.03,4769910.81,INR,4,SATISH KUMAR,ENT-SUP-398B61139B,SATISH KUMAR,"Himachal Pradesh, India",AWARDED,25.02083333333333,0,0,OPEN_TENDER,TEMPLE TRUST OFFICER SH NAINA DEVI JI,HIMACHAL_PRADESH,https://hptenders.gov.in/,1,SYNTH-INJ-00289,,
2018_BBNDA_22474_1,2018_BBNDA_22474_1,EXECUTIVE ENGINEER BBNDA BADDI,Himachal Pradesh State Government,HIMACHAL PRADESH,BADDI,BADDI,works,Providing Sanitation services in Sandholi and Bhud Panchayats (Zone-II) for the year 2018-19.,Providing Sanitation services in Sandholi and Bhud Panchayats (Zone-II) for the year 2018-19.,2018-07-24 11:30:00,2018-08-10 17:00:00,2018-08-10 17:00:00,2018-07-24,2500548.0,2916000.0,INR,4,AMARNATH,ENT-SUP-80BB36ABE2,AMARNATH,"Himachal Pradesh, India",AWARDED,17.229166666666668,0,0,OPEN_TENDER,EXECUTIVE ENGINEER BBNDA BADDI,HIMACHAL_PRADESH,https://hptenders.gov.in/,0,SYNTH-CTRL-00290,,
2018_PWD_24341_1,2018_PWD_24341_1,EXECUTIVE ENGINEER DIVISION NO III HIMACHAL PRADESH PUBLIC WORKS DEPARTMENT SHIMLA 3,Himachal Pradesh State Government,HIMACHAL PRADESH,Shimla,Shimla,works,C/O Expansion of Cancer Hospital Building at IGMC Shimla (SH C/O Civil work WS and SI work Rain harvesting tank and site development etc),C/O Expansion of Cancer Hospital Building at IGMC Shimla (SH C/O Civil work WS and SI work Rain harvesting tank and site development etc),2018-10-29 17:00:00,2018-11-12 10:30:00,2018-11-12 10:30:00,2018-10-29,53641483.0,57801674.0,INR,4,COLLUSIVE_FAVORITE_ENTERPRISE,ENT-SUP-COLLUSIVE-999,COLLUSIVE_FAVORITE_ENTERPRISE,"Himachal Pradesh, India",AWARDED,13.729166666666666,0,0,OPEN_TENDER,EXECUTIVE ENGINEER DIVISION NO III HIMACHAL PRADESH PUBLIC WORKS DEPARTMENT SHIMLA 3,HIMACHAL_PRADESH,https://hptenders.gov.in/,1,SYNTH-INJ-00291,,
2019_HPIPH_26067_1,2019_HPIPH_26067_1,EXECUTIVE ENGINEER,Himachal Pradesh State Government,HIMACHAL PRADESH,Chhatri,Chhatri,works,Construction of CAD of FIS Bethwan in GP Chhatri Tehsil Thunag Distt Mandi HP,Laying jointing and testing of HDPE pipe in distribution and C/O out lets chamber 62 Nos,2019-01-21 17:00:00,2019-02-06 17:00:00,2019-02-06 17:00:00,2019-01-21,2304974.0,2268165.0,INR,3,DEVENDER KUMAR,ENT-SUP-576AE6F29E,DEVENDER KUMAR,"Himachal Pradesh, India",AWARDED,16.0,0,0,OPEN_TENDER,EXECUTIVE ENGINEER,HIMACHAL_PRADESH,https://hptenders.gov.in/,0,SYNTH-CTRL-00292,,
2017_HPIPH_16453_1,2017_HPIPH_16453_1,EXECUTIVE ENGINEER,Himachal Pradesh State Government,HIMACHAL PRADESH,Padhar,Padhar,works,PLWSS to PC hab of Census Village Dhundha Area from Dhandhwal Khad in GP Kufri in Tehsil Padhar Distt Mandi,Laying jointing testing and carriage of GI pipe 40 mm dia of 3050 Rmt 32 mm dia of 3100 Rmt 25 mm dia of 4500 Rmt 20 mm dia of 7900 Rmt and 15 mm dia of 7500 Rmt Total Length 26050 Rmt Tank to tank all gravity lines and distribution networks,2017-05-20 17:00:00,2017-06-07 11:00:00,2017-06-07 11:00:00,2017-05-20,2650676.0,1618991.0,INR,7,SATISH KUMAR,ENT-SUP-398B61139B,SATISH KUMAR,"Himachal Pradesh, India",AWARDED,17.75,3,180,OPEN_TENDER,EXECUTIVE ENGINEER,HIMACHAL_PRADESH,https://hptenders.gov.in/,1,SYNTH-INJ-00293,,
2018_HPIPH_21641_1,2018_HPIPH_21641_1,EXECUTIVE ENGINEER,Himachal Pradesh State Government,HIMACHAL PRADESH,BAGGI,BAGGI,works,PLWSS TO REWALSAR TOWN URBAN IN DISTRIST MANDI HP,AS PER BOQ,2018-06-14 10:00:00,2018-07-05 17:00:00,2018-07-05 17:00:00,2018-06-14,34408734.0,48236699.0,INR,2,TEK SINGH RAGHAV,ENT-SUP-7E1D641D91,TEK SINGH RAGHAV,"Himachal Pradesh, India",AWARDED,21.291666666666668,0,0,OPEN_TENDER,EXECUTIVE ENGINEER,HIMACHAL_PRADESH,https://hptenders.gov.in/,0,SYNTH-CTRL-00294,,
CEN-CE-2021-01113,REF-CEN-CE-2021-01113,DEFENCE RESEARCH DEVELOPMENT ORG,Government of India,CENTRAL,Central District,"CENTRAL, India",Consultancy & Facility Management,Procurement of consultancy & facility management for DEFENCE RESEARCH DEVELOPMENT ORG,Official public tender for supply of consultancy & facility management under standard CENTRAL state procurement guidelines.,2019-07-21 00:00:00,2019-07-25 00:00:00,2019-08-05 00:00:00,2019-08-19,1678653.51,1712226.58,INR,1,APEX MEDITECH SOLUTIONS,ENT-SUP-A750489DC1,APEX MEDITECH SOLUTIONS,"CENTRAL, India",AWARDED,4.0,2,0,OPEN_TENDER,DEFENCE RESEARCH DEVELOPMENT ORG,CENTRAL_CPPP,https://eprocure.gov.in/cppp/,1,SYNTH-INJ-00295,,
MAH-MA-2021-01065,REF-MAH-MA-2021-01065,MMRDA URBAN TRANSPORT,MAHARASHTRA State Government,MAHARASHTRA,Central District,"MAHARASHTRA, India",Civil Works & Infrastructure,Procurement of civil works & infrastructure for MMRDA URBAN TRANSPORT,Official public tender for supply of civil works & infrastructure under standard MAHARASHTRA state procurement guidelines.,2020-03-06 00:00:00,2020-03-20 00:00:00,2020-03-21 00:00:00,2020-04-04,14284011.05,16426612.71,INR,3,ZENITH INFRASTRUCTURE PROJECTS,ENT-SUP-4F350A4CA1,ZENITH INFRASTRUCTURE PROJECTS,"MAHARASHTRA, India",AWARDED,14.0,2,0,OPEN_TENDER,MMRDA URBAN TRANSPORT,MAHARASHTRA,https://mahatenders.gov.in/,0,SYNTH-CTRL-00296,,
2018_HPIPH_20620_1-4009,2018_HPIPH_20620_1-4009,EXECUTIVE ENGINEER,Himachal Pradesh State Government,HIMACHAL PRADESH,Talwar Datoh Jole Plakhin,Talwar Datoh Jole Plakhin,works,Providing LWSS to PC habitation Talwara Datoh Jole Plakhin in Tehsil Ghumarwin Distt Bilaspur (HP)(SH - Providing Laying Jointing testing of 200 mm Dia MSERW pipe for Ist stage (Balance work thereof),Providing LWSS to PC habitation Talwara Datoh Jole Plakhin in Tehsil Ghumarwin Distt. Bilaspur (HP)(SH - Providing Laying Jointing testing of 200 mm Dia MSERW pipe for Ist stage (Balance work thereof),2018-04-09 17:30:00,2018-04-25 11:00:00,2018-04-25 11:00:00,2018-04-09,2730797.0,4255493.0,INR,6,MS KAMAL DEV SHARMA,ENT-SUP-54AD15690F,MS KAMAL DEV SHARMA,"Himachal Pradesh, India",AWARDED,15.729166666666666,0,0,OPEN_TENDER,EXECUTIVE ENGINEER,HIMACHAL_PRADESH,https://hptenders.gov.in/,1,SYNTH-INJ-00297,,
2017_UDDHP_17946_1-2763,2017_UDDHP_17946_1-2763,EXECUTIVE ENGINEER DMC,Himachal Pradesh State Government,HIMACHAL PRADESH,DHARAMSHALA,DHARAMSHALA,works,Construction of smart Street form DIG residence road to foundation chowk in ward No 4 of Dharamshala Municipal Corporation,Construction of smart Street form DIG residence road to foundation chowk in ward No 4 of Dharamshala Municipal Corporation,2017-09-01 17:00:00,2017-09-18 11:00:00,2017-09-18 11:00:00,2017-09-01,2987549.0,4557637.0,INR,6,ROHIT,ENT-SUP-1BCDA6BDAC,ROHIT,"Himachal Pradesh, India",AWARDED,16.75,0,0,OPEN_TENDER,EXECUTIVE ENGINEER DMC,HIMACHAL_PRADESH,https://hptenders.gov.in/,0,SYNTH-CTRL-00298,,
2017_HPAMB_15873_1,2017_HPAMB_15873_1,EXECUTIVE ENGINEER HPSAMB SHIMLA,Himachal Pradesh State Government,HIMACHAL PRADESH,Parwanoo Solan,Parwanoo Solan,works,"PL Interlocking Concrete Block Pavement at Terminal Market Parwanoo, Distt. Solan, H.P.","PL Interlocking Concrete Block Pavement at Terminal Market Parwanoo, Distt. Solan, H.P.",2017-04-18 18:00:00,2017-05-08 18:00:00,2017-05-08 18:00:00,2017-04-18,8838504.0,10056963.0,INR,4,RAM PAL SAINI,ENT-SUP-73384DA5C6,RAM PAL SAINI,"Himachal Pradesh, India",AWARDED,20.0,0,0,OPEN_TENDER,EXECUTIVE ENGINEER HPSAMB SHIMLA,HIMACHAL_PRADESH,https://hptenders.gov.in/,1,SYNTH-INJ-00299,Proprietary Model APEX-X900 patented optical sensor system with custom firmware 4.2.1 exclusive to Apex Systems.,Apex Systems APEX-X900 patented optical sensor system with custom firmware 4.2.1.
MAH-MA-2021-01072,REF-MAH-MA-2021-01072,MSEDCL POWER DISTRIBUTION,MAHARASHTRA State Government,MAHARASHTRA,Central District,"MAHARASHTRA, India",Civil Works & Infrastructure,Procurement of civil works & infrastructure for MSEDCL POWER DISTRIBUTION,Official public tender for supply of civil works & infrastructure under standard MAHARASHTRA state procurement guidelines.,2020-12-25 00:00:00,2021-01-15 00:00:00,2021-01-16 00:00:00,2021-01-30,16663128.71,14663553.26,INR,3,PNC INFRATECH LIMITED,ENT-SUP-4B3E89D111,PNC INFRATECH LIMITED,"MAHARASHTRA, India",AWARDED,21.0,2,0,OPEN_TENDER,MSEDCL POWER DISTRIBUTION,MAHARASHTRA,https://mahatenders.gov.in/,0,SYNTH-CTRL-00300,,
2017_PWD_17147_8,2017_PWD_17147_8,EXECUTIVE ENGINEER,Himachal Pradesh State Government,HIMACHAL PRADESH,Salooni,Salooni,works,Construction of link road to village Dol K.M. 0/0 to 1/340,"Formation cutting 2.75/5.00 mtrs wide Jeep-able road in K.M. 0/0 to 1/135, providing wire crates for dumping site and Construction of PCC Retaining wall at R.D. 0/010 to 0/040",2017-07-07 10:00:00,2017-07-28 11:00:00,2017-07-28 11:00:00,2017-07-07,1344815.0,951816.0,INR,1,SHIV KUMAR,ENT-SUP-383D7A7B26,SHIV KUMAR,"Himachal Pradesh, India",AWARDED,21.041666666666668,0,0,OPEN_TENDER,EXECUTIVE ENGINEER,HIMACHAL_PRADESH,https://hptenders.gov.in/,1,SYNTH-INJ-00301,,
2019_HPIPH_26477_1,2019_HPIPH_26477_1,EXECUTIVE ENGINEER,Himachal Pradesh State Government,HIMACHAL PRADESH,Nahan,Nahan,works,Providing WSS to PC habitation of Panota Katli Patia in GP Nehar Sawar in Tehsil Nahan Distt Sirmour HP,SH- C-O RCC storage tank 5000 ltrs 10000 ltrs 20000 ltrs 7 Nos intake and Laying and jointing of GMS pipes and 40 Nos Anchor Block,2019-02-01 09:00:00,2019-02-07 11:00:00,2019-02-07 11:00:00,2019-02-01,2471236.0,2229800.0,INR,3,VIJAY PAL SINGH,ENT-SUP-62FC3506AF,VIJAY PAL SINGH,"Himachal Pradesh, India",AWARDED,6.083333333333333,0,0,OPEN_TENDER,EXECUTIVE ENGINEER,HIMACHAL_PRADESH,https://hptenders.gov.in/,0,SYNTH-CTRL-00302,,
2017_PWD_17029_1,2017_PWD_17029_1,EXECUTIVE ENGINEER PUBLIC WORKS DEPARTMENT DIVISION FATEHPUR,Himachal Pradesh State Government,HIMACHAL PRADESH,Near Dhameta,Near Dhameta,works,Construction of Kudal-Jagnoli-Janjal-Nagal road,"Earth work, R/walls, B/wall, wire crates, C.D. work,M/T, Road side drains, parapets i/c2 Nos. Bridges i.e. Bridge over Jagnoli Khad at RD. 2/250 and Bridge over Chalal Khad at RD.6/267",2017-07-05 10:30:00,2017-07-29 17:00:00,2017-07-29 17:00:00,2017-07-05,5065588.98,4966263.71,INR,4,RAJAT THAKUR,ENT-SUP-B5EE7DE115,RAJAT THAKUR,"Himachal Pradesh, India",AWARDED,24.27083333333333,0,0,OPEN_TENDER,EXECUTIVE ENGINEER PUBLIC WORKS DEPARTMENT DIVISION FATEHPUR,HIMACHAL_PRADESH,https://hptenders.gov.in/,1,SYNTH-INJ-00303,,
2017_PWD_17122_1,2017_PWD_17122_1,EXECUTIVE ENGINEER MANDI DIVN NO I HIMACHAL PRADESH PUBLIC WORKS DEPARTMENT MANDI,Himachal Pradesh State Government,HIMACHAL PRADESH,"Executive Engineer, Mandi Divn. No.I, HPPWD, Mandi","Executive Engineer, Mandi Divn. No.I, HPPWD, Mandi",works,Special Repair to Bhiuli Chippanoo road km 0/0 to 4/0,Providing and laying soling in km 3/0 to 3/500 and wearing and tarring in km 3/0 to 4/0,2017-07-05 11:30:00,2017-07-24 17:00:00,2017-07-24 17:00:00,2017-07-05,1091870.0,1644524.0,INR,3,BALWANT SINGH THAKUR,ENT-SUP-74D3522518,BALWANT SINGH THAKUR,"Himachal Pradesh, India",AWARDED,19.229166666666668,0,0,OPEN_TENDER,EXECUTIVE ENGINEER MANDI DIVN NO I HIMACHAL PRADESH PUBLIC WORKS DEPARTMENT MANDI,HIMACHAL_PRADESH,https://hptenders.gov.in/,0,SYNTH-CTRL-00304,,
2017_HPIPH_16552_1-280,2017_HPIPH_16552_1-280,EXECUTIVE ENGINEER IRRIGATION AND PUBLIC HEALTH DIVISION BA,Himachal Pradesh State Government,HIMACHAL PRADESH,IPH Sub division Bhoranj,IPH Sub division Bhoranj,works,SH Repair of pump house Percolation well,Providing improvement of LWSS Tikker Ghuraian Jindwin Lanjiani Mahadev etc. in Tehsil Bhoranj Distt. Hamirpur SH Repair of pump house Percolation well,2017-05-26 10:00:00,2017-06-01 16:00:00,2017-06-01 16:00:00,2017-05-26,203170.0,279826.0,INR,3,COLLUSIVE_FAVORITE_ENTERPRISE,ENT-SUP-COLLUSIVE-999,COLLUSIVE_FAVORITE_ENTERPRISE,"Himachal Pradesh, India",AWARDED,6.25,0,0,OPEN_TENDER,EXECUTIVE ENGINEER IRRIGATION AND PUBLIC HEALTH DIVISION BA,HIMACHAL_PRADESH,https://hptenders.gov.in/,1,SYNTH-INJ-00305,,
2019_HPIPH_33172_1,2019_HPIPH_33172_1,EXECUTIVE ENGINEER,Himachal Pradesh State Government,HIMACHAL PRADESH,Palampur,Palampur,works,Augmentation and Improvement of water supply scheme Andretta Agojar Biara and LWSS Tikker Indora in Tehsil Palmapur Distt. Knagra HP.,"Drilling , lowering assembley and devlopment of tube well 80 meter deep at Govt. Primery School Batan",2019-12-06 18:55:00,2019-12-21 11:00:00,2019-12-21 11:00:00,2019-12-06,951725.0,1232300.0,INR,3,KAMLESH,ENT-SUP-ECE55B2E19,KAMLESH,"Himachal Pradesh, India",AWARDED,14.67013888888889,0,0,OPEN_TENDER,EXECUTIVE ENGINEER,HIMACHAL_PRADESH,https://hptenders.gov.in/,0,SYNTH-CTRL-00306,,
2018_HPIPH_25081_1,2018_HPIPH_25081_1,ER S C SHARMA,Himachal Pradesh State Government,HIMACHAL PRADESH,GP Noura Boura,GP Noura Boura,works,"Providing GWSS LWSS from Charoli Khad to Taprola Gar Charoli, Juru ahalal, Kulag and Chunduli Khad to Chadwan Ghar , Noura, Boura and Chundli in Tehsil Chopal Dist Shimla",CO intake tanks 18 No water storage tank of various capacity Excavation and laying of GMS tubes of various Dia for Gravity main and distribution system and Providing Barbed wire fencing around the civil works,2018-12-03 13:00:00,2018-12-18 18:00:00,2018-12-18 18:00:00,2018-12-03,9754035.0,10004117.0,INR,3,AKASH,ENT-SUP-839800429F,AKASH,"Himachal Pradesh, India",AWARDED,15.208333333333334,3,180,OPEN_TENDER,ER S C SHARMA,HIMACHAL_PRADESH,https://hptenders.gov.in/,1,SYNTH-INJ-00307,,
2017_PWD_18529_1,2017_PWD_18529_1,EXECUTIVE ENGINNER,Himachal Pradesh State Government,HIMACHAL PRADESH,Bilaspur,Bilaspur,works,Balance work for the Construction of ADR Cenre Bilaspur.,Balance work for the Construction of ADR Cenre Bilaspur,2017-10-03 15:50:00,2017-10-09 10:30:00,2017-10-09 10:30:00,2017-10-03,2904061.0,3239470.0,INR,4,DEEPAK SHARMA,ENT-SUP-FD4642CDBD,DEEPAK SHARMA,"Himachal Pradesh, India",AWARDED,5.777777777777778,0,0,OPEN_TENDER,EXECUTIVE ENGINNER,HIMACHAL_PRADESH,https://hptenders.gov.in/,0,SYNTH-CTRL-00308,,
KAR-KA-2021-01201,REF-KAR-KA-2021-01201,BRUHAT BENGALURU MAHANAGARA PALIKE BBMP,KARNATAKA State Government,KARNATAKA,Central District,"KARNATAKA, India",Electrical & Mechanical,Procurement of electrical & mechanical for BRUHAT BENGALURU MAHANAGARA PALIKE BBMP,Official public tender for supply of electrical & mechanical under standard KARNATAKA state procurement guidelines.,2020-04-10 00:00:00,2020-04-12 00:00:00,2020-04-25 00:00:00,2020-05-09,1878717.97,1653271.81,INR,1,TATA PROJECTS LIMITED,ENT-SUP-861D6E7011,TATA PROJECTS LIMITED,"KARNATAKA, India",AWARDED,2.0,0,0,OPEN_TENDER,BRUHAT BENGALURU MAHANAGARA PALIKE BBMP,KARNATAKA,https://kppp.karnataka.gov.in/,1,SYNTH-INJ-00309,,
2017_PWD_14518_1,2017_PWD_14518_1,EXECUTIVE ENGINEER,Himachal Pradesh State Government,HIMACHAL PRADESH,Kuh Manjhwar,Kuh Manjhwar,works,Construction of additional accommodation to Govt. Senior Secondary School at Kuh Manjhwar.,Construction of additional accommodation to Govt. Senior Secondary School at Kuh Manjhwar,2017-01-26 13:40:00,2017-02-08 10:30:00,2017-02-08 10:30:00,2017-01-26,1935607.0,2387198.0,INR,4,ASHISH DHILLON,ENT-SUP-D0EE4EC20B,ASHISH DHILLON,"Himachal Pradesh, India",AWARDED,12.868055555555555,0,0,OPEN_TENDER,EXECUTIVE ENGINEER,HIMACHAL_PRADESH,https://hptenders.gov.in/,0,SYNTH-CTRL-00310,,
2017_HPIPH_18203_4,2017_HPIPH_18203_4,EXECUTIVE ENGINEER,Himachal Pradesh State Government,HIMACHAL PRADESH,Salooni,Salooni,works,"Improvement of WSS Daloie Satoli in GP Pichla Diur, WSS Billa Saini in GP Kandhawara and WSS Diur Kothi in GP Diur Tehsil Salooni Distt. Chamba (HP)","C/O RCC Storage Tank 32000 ltrs. cap. 1 No. 6500 ltrs. cap. 1 No., barbed wire fencing and ELJ of GI Pipes of various dia at various RDs) (WSS Diur Kothi)",2017-09-18 10:00:00,2017-10-04 17:00:00,2017-10-04 17:00:00,2017-09-18,174835.0,263209.01,INR,5,POSHDEEN SONI,ENT-SUP-748DF2B832,POSHDEEN SONI,"Himachal Pradesh, India",AWARDED,16.291666666666668,0,0,OPEN_TENDER,EXECUTIVE ENGINEER,HIMACHAL_PRADESH,https://hptenders.gov.in/,1,SYNTH-INJ-00311,,
2018_HPIPH_25648_1-1382,2018_HPIPH_25648_1-1382,EXECUTIVE ENGINEER,Himachal Pradesh State Government,HIMACHAL PRADESH,Changawati,Changawati,works,Providing LIS for Horticulture Land from Changawati Khad to GP Kalbog Nagan and Ramnagar Tehsil Kotkhai Distt Shimla,Providing LIS for Horticulture Land from Changawati Khad to GP Kalbog Nagan and Ramnagar Tehsil Kotkhai Distt Shimla,2018-12-29 09:00:00,2019-01-11 18:00:00,2019-01-11 18:00:00,2018-12-29,63467600.0,63467600.0,INR,3,HILL CONSTRUCTION AND ENGINEERING COMPANY SOLAN,ENT-SUP-B2C33EDB3C,HILL CONSTRUCTION AND ENGINEERING COMPANY SOLAN,"Himachal Pradesh, India",AWARDED,13.375,0,0,OPEN_TENDER,EXECUTIVE ENGINEER,HIMACHAL_PRADESH,https://hptenders.gov.in/,0,SYNTH-CTRL-00312,,
2019_HPIPH_25730_1,2019_HPIPH_25730_1,EXECUTIVE ENGINEER,Himachal Pradesh State Government,HIMACHAL PRADESH,Kelodhar,Kelodhar,works,Irrigation scheme Latogli in GP Saroa in Tehsil Chachiot Distt Mandi HP,Laying jointing and testing of HDPE pipe in distribution system construction of outlet chamber 12 Nos BP tank 2 Nos and hydrant,2019-01-07 10:00:00,2019-01-21 17:00:00,2019-01-21 17:00:00,2019-01-07,532278.0,526660.0,INR,5,ASHISH RAWAT,ENT-SUP-268AC96CEC,ASHISH RAWAT,"Himachal Pradesh, India",AWARDED,14.291666666666666,0,0,OPEN_TENDER,EXECUTIVE ENGINEER,HIMACHAL_PRADESH,https://hptenders.gov.in/,1,SYNTH-INJ-00313,Proprietary Model APEX-X900 patented optical sensor system with custom firmware 4.2.1 exclusive to Apex Systems.,Apex Systems APEX-X900 patented optical sensor system with custom firmware 4.2.1.
RAJ-RA-2021-01182,REF-RAJ-RA-2021-01182,PUBLIC HEALTH ENGINEERING DEPT RAJASTHAN,RAJASTHAN State Government,RAJASTHAN,Central District,"RAJASTHAN, India",Consultancy & Facility Management,Procurement of consultancy & facility management for PUBLIC HEALTH ENGINEERING DEPT RAJASTHAN,Official public tender for supply of consultancy & facility management under standard RAJASTHAN state procurement guidelines.,2019-11-06 00:00:00,2019-11-20 00:00:00,2019-11-21 00:00:00,2019-12-05,6468245.41,8732131.3,INR,1,AFCONS INFRASTRUCTURE LIMITED,ENT-SUP-AC3B9A87E5,AFCONS INFRASTRUCTURE LIMITED,"RAJASTHAN, India",AWARDED,14.0,0,0,OPEN_TENDER,PUBLIC HEALTH ENGINEERING DEPT RAJASTHAN,RAJASTHAN,https://eproc.rajasthan.gov.in/,0,SYNTH-CTRL-00314,,
2019_HPIPH_27745_1,2019_HPIPH_27745_1,EXECUTIVE ENGINEER IRRIGATION AND PUBLIC HEALTH DIVISION THURAL,Himachal Pradesh State Government,HIMACHAL PRADESH,Improvement of distribution system of Lift Irr,Improvement of distribution system of Lift Irr,works,"Improvement of distribution system of Lift Irrigation Scheme Thural in Tehsil Palampur District Kangra HP SubHead Laying, Jointing testing of HDPE pipe of following dia P,F HDPE PVC control valve for chak No.7 from Node 32-33,33-3","Improvement of distribution system of Lift Irrigation Scheme Thural in Tehsil Palampur District Kangra HP SubHead Laying, Jointing testing of HDPE pipe of following dia P,F HDPE PVC control valve for chak No.7 from Node 32-33,33-3",2019-02-23 17:00:00,2019-03-07 17:00:00,2019-03-07 17:00:00,2019-02-23,1338708.0,1814618.53,INR,1,KUMERCHAND,ENT-SUP-D38A3E09B7,KUMERCHAND,"Himachal Pradesh, India",AWARDED,12.0,0,0,OPEN_TENDER,EXECUTIVE ENGINEER IRRIGATION AND PUBLIC HEALTH DIVISION THURAL,HIMACHAL_PRADESH,https://hptenders.gov.in/,1,SYNTH-INJ-00315,,
2019_HPIPH_29583_1,2019_HPIPH_29583_1,EXECUTIVE ENGINEER,Himachal Pradesh State Government,HIMACHAL PRADESH,Jawali,Jawali,works,.EE/IPH/Div./JWL/EA-I/2018 -1658-1707,Prov LWSS to PC habitation of village Matlahar Jaiser BhaloonKhas in GP Matlahar in Tehsil JawaliDistt Kangra HP SH- Laying jointing testing of GI pipe 100 mm dia in Rising main Prov Installation of submersible pumping machinery along with allied,2019-06-24 11:00:00,2019-07-08 11:00:00,2019-07-08 11:00:00,2019-06-24,593193.0,674554.0,INR,2,RAJESHWAR SINGH,ENT-SUP-528B611946,RAJESHWAR SINGH,"Himachal Pradesh, India",AWARDED,14.0,0,0,OPEN_TENDER,EXECUTIVE ENGINEER,HIMACHAL_PRADESH,https://hptenders.gov.in/,0,SYNTH-CTRL-00316,,
2018_PWD_20124_1,2018_PWD_20124_1,EXECUTIVE ENGINEER UNA DIVISION HIMACHAL PRADESH PUBLIC WORKS DEPARTMENT UNA,Himachal Pradesh State Government,HIMACHAL PRADESH,Una,Una,works,7 Annual surfacing on link road to village Santokhgarh to Sanoli km.1-0 to 2-200 and link road to village Sanoli via Majara km.1-0 to 1-500 HP-1205 VR0092 and HP-1205 VR0091 Under State Head,7 Annual surfacing on link road to village Santokhgarh to Sanoli km.1-0 to 2-200 and link road to village Sanoli via Majara km.1-0 to 1-500 HP-1205 VR0092 and HP-1205 VR0091 Under State Head,2018-03-15 10:30:00,2018-03-21 17:00:00,2018-03-21 17:00:00,2018-03-15,4907274.6,4811053.53,INR,3,SHIVALIK CONSTRUCTION COMPANY,ENT-SUP-4F160921CC,SHIVALIK CONSTRUCTION COMPANY,"Himachal Pradesh, India",AWARDED,6.270833333333333,0,0,OPEN_TENDER,EXECUTIVE ENGINEER UNA DIVISION HIMACHAL PRADESH PUBLIC WORKS DEPARTMENT UNA,HIMACHAL_PRADESH,https://hptenders.gov.in/,1,SYNTH-INJ-00317,,
2017_PWD_17350_6,2017_PWD_17350_6,EXECUTIVE ENGINEER HIMACHAL PRADESH PUBLIC WORKS DEPARTMENT DIVISION SANGRAH,Himachal Pradesh State Government,HIMACHAL PRADESH,Sangrah,Sangrah,works,C/O Charna Ghatti Lodhia road from Solan Meenus road from km. 0/0 to,"P/L Kharunja Soling in km. 0/600 to 0/900, 2/700 to 2/900,4/300 to 4/600 and 5/500 to 5/900",2017-07-20 14:00:00,2017-08-09 12:00:00,2017-08-09 12:00:00,2017-07-20,267900.0,348417.0,INR,2,BALI RAM,ENT-SUP-A0C0326569,BALI RAM,"Himachal Pradesh, India",AWARDED,19.916666666666668,0,0,OPEN_TENDER,EXECUTIVE ENGINEER HIMACHAL PRADESH PUBLIC WORKS DEPARTMENT DIVISION SANGRAH,HIMACHAL_PRADESH,https://hptenders.gov.in/,0,SYNTH-CTRL-00318,,
2019_HPIPH_32922_1,2019_HPIPH_32922_1,EXECUTIVE ENGINEER,Himachal Pradesh State Government,HIMACHAL PRADESH,Palampur,Palampur,works,"Augmentation of flow irrigation scheme Gajruhal, Charnamati, Lower Baijh, Jaduhl, Rainki, Chaloti, Bhattu, Dhanag, Uttrala and Taras in Tehsil Baijh District Kangra(HP)",SH)Construction of Head weir (Chaloti kuhl),2019-11-27 18:55:00,2019-12-12 11:00:00,2019-12-12 11:00:00,2019-11-27,2284822.0,1781675.0,INR,4,COLLUSIVE_FAVORITE_ENTERPRISE,ENT-SUP-COLLUSIVE-999,COLLUSIVE_FAVORITE_ENTERPRISE,"Himachal Pradesh, India",AWARDED,14.67013888888889,0,0,OPEN_TENDER,EXECUTIVE ENGINEER,HIMACHAL_PRADESH,https://hptenders.gov.in/,1,SYNTH-INJ-00319,,
KAR-KA-2021-01051,REF-KAR-KA-2021-01051,BRUHAT BENGALURU MAHANAGARA PALIKE BBMP,KARNATAKA State Government,KARNATAKA,Central District,"KARNATAKA, India",Civil Works & Infrastructure,Procurement of civil works & infrastructure for BRUHAT BENGALURU MAHANAGARA PALIKE BBMP,Official public tender for supply of civil works & infrastructure under standard KARNATAKA state procurement guidelines.,2021-04-29 00:00:00,2021-05-29 00:00:00,2021-05-30 00:00:00,2021-06-13,97037403.52,111593014.05,INR,3,DILIP BUILDCON LIMITED,ENT-SUP-55226FC7C8,DILIP BUILDCON LIMITED,"KARNATAKA, India",AWARDED,30.0,2,0,OPEN_TENDER,BRUHAT BENGALURU MAHANAGARA PALIKE BBMP,KARNATAKA,https://kppp.karnataka.gov.in/,0,SYNTH-CTRL-00320,,
2017_HPIPH_16878_1,2017_HPIPH_16878_1,EXECUTIVE ENGINEER,Himachal Pradesh State Government,HIMACHAL PRADESH,Kangra,Kangra,works,AR and MO sewerage System to Kangra Town,Operation and maintenance of 0.63MLD capacity sewage treatment plant and sewerage net work Zone No-3,2017-06-16 17:00:00,2017-07-07 11:00:00,2017-07-07 11:00:00,2017-06-16,1373573.0,1920000.0,INR,4,DOGRA CONSTRUCTION COMPANY PRIVATE LIMITED,ENT-SUP-D90F4DB835,DOGRA CONSTRUCTION COMPANY PRIVATE LIMITED,"Himachal Pradesh, India",AWARDED,20.75,3,180,OPEN_TENDER,EXECUTIVE ENGINEER,HIMACHAL_PRADESH,https://hptenders.gov.in/,1,SYNTH-INJ-00321,,
RAJ-RA-2021-01225,REF-RAJ-RA-2021-01225,MEDICAL HEALTH SERVICES JAIPUR,RAJASTHAN State Government,RAJASTHAN,Central District,"RAJASTHAN, India",Information Technology & Software,Procurement of information technology & software for MEDICAL HEALTH SERVICES JAIPUR,Official public tender for supply of information technology & software under standard RAJASTHAN state procurement guidelines.,2020-08-13 00:00:00,2020-08-17 00:00:00,2020-08-18 00:00:00,2020-09-01,4934852.74,6662051.19,INR,3,LARSEN AND TOUBRO CONSTRUCTION,ENT-SUP-6C6BEB7D6E,LARSEN AND TOUBRO CONSTRUCTION,"RAJASTHAN, India",AWARDED,4.0,0,0,OPEN_TENDER,MEDICAL HEALTH SERVICES JAIPUR,RAJASTHAN,https://eproc.rajasthan.gov.in/,0,SYNTH-CTRL-00322,,
CEN-CE-2021-01315,REF-CEN-CE-2021-01315,INDIAN RAILWAYS,Government of India,CENTRAL,Central District,"CENTRAL, India",Civil Works & Infrastructure,Procurement of civil works & infrastructure for INDIAN RAILWAYS,Official public tender for supply of civil works & infrastructure under standard CENTRAL state procurement guidelines.,2020-07-28 00:00:00,2020-07-30 00:00:00,2020-08-19 00:00:00,2020-09-02,14851505.81,13069325.12,INR,2,BHARAT DIAGNOSTIC SYSTEMS,ENT-SUP-C6B6FCD7BC,BHARAT DIAGNOSTIC SYSTEMS,"CENTRAL, India",AWARDED,2.0,0,0,OPEN_TENDER,INDIAN RAILWAYS,CENTRAL_CPPP,https://eprocure.gov.in/cppp/,1,SYNTH-INJ-00323,,
2017_PWD_17898_1,2017_PWD_17898_1,EXECUTIVE ENGINEER,Himachal Pradesh State Government,HIMACHAL PRADESH,Salooni,Salooni,works,Construction of link road to village Andresar K.M. 0/0 to 3/425,"Providing and laying soling, wearing, Tarring, drain and parapets in K.M. 1/250 to 2/0",2017-08-31 10:00:00,2017-09-21 11:00:00,2017-09-21 11:00:00,2017-08-31,1276689.0,2177389.0,INR,3,SURENDER SINGH,ENT-SUP-CF4E774EA5,SURENDER SINGH,"Himachal Pradesh, India",AWARDED,21.041666666666668,0,0,OPEN_TENDER,EXECUTIVE ENGINEER,HIMACHAL_PRADESH,https://hptenders.gov.in/,0,SYNTH-CTRL-00324,,
2017_PWD_16562_1,2017_PWD_16562_1,EXECUTIVE ENGINEER,Himachal Pradesh State Government,HIMACHAL PRADESH,Dharamshala,Dharamshala,works,Improvement of Sidhbari Matour road km 0/000 to 9/500 in Distt. Kangra H.P.,SUB HEAD Providing and Laying Soling and wearing in extended portion of road in km 0/000 to 2/500,2017-05-31 11:00:00,2017-06-12 11:00:00,2017-06-12 11:00:00,2017-05-31,1098813.0,1741289.47,INR,2,NAVNEET THAKUR,ENT-SUP-FDD64EBAE6,NAVNEET THAKUR,"Himachal Pradesh, India",AWARDED,12.0,0,0,OPEN_TENDER,EXECUTIVE ENGINEER,HIMACHAL_PRADESH,https://hptenders.gov.in/,1,SYNTH-INJ-00325,,
KAR-KA-2021-01013,REF-KAR-KA-2021-01013,KARNATAKA RURAL INFRASTRUCTURE,KARNATAKA State Government,KARNATAKA,Central District,"KARNATAKA, India",Consultancy & Facility Management,Procurement of consultancy & facility management for KARNATAKA RURAL INFRASTRUCTURE,Official public tender for supply of consultancy & facility management under standard KARNATAKA state procurement guidelines.,2019-07-27 00:00:00,2019-08-26 00:00:00,2019-08-27 00:00:00,2019-09-10,24918542.64,28656324.04,INR,3,APEX MEDITECH SOLUTIONS,ENT-SUP-A750489DC1,APEX MEDITECH SOLUTIONS,"KARNATAKA, India",AWARDED,30.0,1,0,OPEN_TENDER,KARNATAKA RURAL INFRASTRUCTURE,KARNATAKA,https://kppp.karnataka.gov.in/,0,SYNTH-CTRL-00326,,
2017_HPIPH_16816_1-1060,2017_HPIPH_16816_1-1060,EXECUTIVE ENGINEER IRRIGATION AND PUBLIC HEALTH DIVISION BARSAR,Himachal Pradesh State Government,HIMACHAL PRADESH,Bhoranj,Bhoranj,works,Improvement of water supply to Harizen Basti Kathalwin under LWSS Karotha in Bhoranj Distt. Hamirpur SH C O Raw Water tank sedimentation tank 10000 litters Filter bed 3 unit 11.80 Sqmt. Clear water tank 40000 litres Over Head storage Tank 38000 litte,Improvement of water supply to Harizen Basti Kathalwin under LWSS Karotha in Bhoranj Distt. Hamirpur SH C O Raw Water tank sedimentation tank 10000 litters Filter bed 3 unit 11.80 Sqmt. Clear water tank 40000 litres Over Head storage Tank 38000 litte,2017-06-13 10:00:00,2017-06-23 16:00:00,2017-06-23 16:00:00,2017-06-13,2493776.0,3866919.65,INR,6,SANJEEV KUMAR SHARMA,ENT-SUP-7EDD0CB8F9,SANJEEV KUMAR SHARMA,"Himachal Pradesh, India",AWARDED,10.25,0,0,OPEN_TENDER,EXECUTIVE ENGINEER IRRIGATION AND PUBLIC HEALTH DIVISION BARSAR,HIMACHAL_PRADESH,https://hptenders.gov.in/,1,SYNTH-INJ-00327,Proprietary Model APEX-X900 patented optical sensor system with custom firmware 4.2.1 exclusive to Apex Systems.,Apex Systems APEX-X900 patented optical sensor system with custom firmware 4.2.1.
2017_PWD_18731_1,2017_PWD_18731_1,E E SHIMLA DIVISION NO III HIMACHAL PRADESH PUBLIC WORKS DEPARTMENT SHIMLA 3,Himachal Pradesh State Government,HIMACHAL PRADESH,H.P. Secretariat Chotta Shimla,H.P. Secretariat Chotta Shimla,works,"Special Repair to Ellerslie main building at H.P. Secretariat Chotta Shimla-2 (SH - Providing and fixing Tiles work in Corridor of Ground Floor, Chequard Plate and Kota stone in Stairs.)","Special Repair to Ellerslie main building at H.P. Secretariat Chotta Shimla-2 (SH - Providing and fixing Tiles work in Corridor of Ground Floor, Chequard Plate and Kota stone in Stairs.)",2017-11-02 17:00:00,2017-11-16 10:30:00,2017-11-16 10:30:00,2017-11-02,1068398.0,1228799.0,INR,3,JIBACHH GOSAWAMI,ENT-SUP-8FC719D73A,JIBACHH GOSAWAMI,"Himachal Pradesh, India",AWARDED,13.729166666666666,0,0,OPEN_TENDER,E E SHIMLA DIVISION NO III HIMACHAL PRADESH PUBLIC WORKS DEPARTMENT SHIMLA 3,HIMACHAL_PRADESH,https://hptenders.gov.in/,0,SYNTH-CTRL-00328,,
2017_PWD_17942_1,2017_PWD_17942_1,EXECUTIVE ENGINEER NALAGARH,Himachal Pradesh State Government,HIMACHAL PRADESH,Nalagarh,Nalagarh,works,Construcrtion of 54.00 Mt. Long Prestressed Box Girder Bridge over Chikni Khad on Rajpura Dhang Road at Km 1/040 Along with both Side Approaches,Construcrtion of 54.00 Mt. Long Prestressed Box Girder Bridge over Chikni Khad on Rajpura Dhang Road at Km 1/040 Along with both Side Approaches,2017-09-01 15:30:00,2017-09-14 11:00:00,2017-09-14 11:00:00,2017-09-01,19917792.0,19154675.0,INR,1,GURMEET SINGH,ENT-SUP-43EBF242A3,GURMEET SINGH,"Himachal Pradesh, India",AWARDED,12.8125,0,0,OPEN_TENDER,EXECUTIVE ENGINEER NALAGARH,HIMACHAL_PRADESH,https://hptenders.gov.in/,1,SYNTH-INJ-00329,,
2017_HPIPH_16434_1,2017_HPIPH_16434_1,EXECUTIVE ENGINEER,Himachal Pradesh State Government,HIMACHAL PRADESH,Nagrota BAgwan,Nagrota BAgwan,works,"Providing, Laying, Jointing and Testing of MSERW pipe 250 mm dia for Rising Main","Providing, Laying, Jointing and Testing of MSERW pipe 250 mm dia for Rising Main",2017-05-18 17:00:00,2017-06-12 11:00:00,2017-06-12 11:00:00,2017-05-18,1462798.0,1508221.0,INR,7,SANJEEV KUMAR DHIMAN,ENT-SUP-FC3C6AB14B,SANJEEV KUMAR DHIMAN,"Himachal Pradesh, India",AWARDED,24.75,0,0,OPEN_TENDER,EXECUTIVE ENGINEER,HIMACHAL_PRADESH,https://hptenders.gov.in/,0,SYNTH-CTRL-00330,,
UTT-UT-2021-01212,REF-UTT-UT-2021-01212,UTTAR PRADESH PUBLIC WORKS DEPARTMENT,UTTAR PRADESH State Government,UTTAR PRADESH,Central District,"UTTAR PRADESH, India",Medical Equipment & Consumables,Procurement of medical equipment & consumables for UTTAR PRADESH PUBLIC WORKS DEPARTMENT,Official public tender for supply of medical equipment & consumables under standard UTTAR PRADESH state procurement guidelines.,2019-05-31 00:00:00,2019-06-21 00:00:00,2019-06-22 00:00:00,2019-07-06,5066526.09,4967182.44,INR,3,KNR CONSTRUCTION,ENT-SUP-6A86A67807,KNR CONSTRUCTION,"UTTAR PRADESH, India",AWARDED,21.0,0,0,OPEN_TENDER,UTTAR PRADESH PUBLIC WORKS DEPARTMENT,UTTAR_PRADESH,https://etender.up.nic.in/,1,SYNTH-INJ-00331,,
MAH-MA-2021-01148,REF-MAH-MA-2021-01148,MAHARASHTRA PUBLIC WORKS DEPARTMENT,MAHARASHTRA State Government,MAHARASHTRA,Central District,"MAHARASHTRA, India",Civil Works & Infrastructure,Procurement of civil works & infrastructure for MAHARASHTRA PUBLIC WORKS DEPARTMENT,Official public tender for supply of civil works & infrastructure under standard MAHARASHTRA state procurement guidelines.,2020-06-10 00:00:00,2020-06-24 00:00:00,2020-06-25 00:00:00,2020-07-09,4902322.58,5637670.97,INR,2,PNC INFRATECH LIMITED,ENT-SUP-4B3E89D111,PNC INFRATECH LIMITED,"MAHARASHTRA, India",AWARDED,14.0,0,0,OPEN_TENDER,MAHARASHTRA PUBLIC WORKS DEPARTMENT,MAHARASHTRA,https://mahatenders.gov.in/,0,SYNTH-CTRL-00332,,
2020_HPIPH_36895_1,2020_HPIPH_36895_1,EXECUTIVE ENGINEER JSV DIVISION BARSAR,Himachal Pradesh State Government,HIMACHAL PRADESH,JSV Sub Division Galore,JSV Sub Division Galore,works,Providing house hold connection by ministry of Jal Shakti Har Ghar Nal Se Jal under C O LWSS from River Beas for Aug. of Various Sources in Barsar area in Tehsil Barsar Distt. Hamirpur,"SH Providing house hold connection including laying jointing testing and commission of GMS pipe of various dia, providing and fixing of Gaseous Chloriion Plants",2020-05-02 15:00:00,2020-05-15 11:00:00,2020-05-15 11:00:00,2020-05-02,31400317.0,28790490.0,INR,5,COLLUSIVE_FAVORITE_ENTERPRISE,ENT-SUP-COLLUSIVE-999,COLLUSIVE_FAVORITE_ENTERPRISE,"Himachal Pradesh, India",AWARDED,12.833333333333334,0,0,OPEN_TENDER,EXECUTIVE ENGINEER JSV DIVISION BARSAR,HIMACHAL_PRADESH,https://hptenders.gov.in/,1,SYNTH-INJ-00333,,
2018_PWD_22660_1,2018_PWD_22660_1,EXECUTIVE ENGINEER MANDI DIVISION NO II HIMACHAL PRADESH PUBLIC WORKS DEPARTMENT MANDI,Himachal Pradesh State Government,HIMACHAL PRADESH,EE MANDI DIVISION NO-II HPPWD MANDI,EE MANDI DIVISION NO-II HPPWD MANDI,works,C/O Veterinary Hospital at Bir Tehsil Distt.Mandi,"C/O building portion, site development, WS and SI, Rain water harvesting tank and septic tank",2018-08-01 17:00:00,2018-08-14 10:45:00,2018-08-14 10:45:00,2018-08-01,4070876.0,4891365.0,INR,3,LABH CHAND,ENT-SUP-FE753A13B4,LABH CHAND,"Himachal Pradesh, India",AWARDED,12.739583333333334,0,0,OPEN_TENDER,EXECUTIVE ENGINEER MANDI DIVISION NO II HIMACHAL PRADESH PUBLIC WORKS DEPARTMENT MANDI,HIMACHAL_PRADESH,https://hptenders.gov.in/,0,SYNTH-CTRL-00334,,
2017_PWD_14580_1,2017_PWD_14580_1,EXECUTIVE ENGINEER,Himachal Pradesh State Government,HIMACHAL PRADESH,Salooni,Salooni,works,Construction of balance work including M/T on existing jeep-able road on existing grade to village Moura km 0/0 to 1/045,Construction of PCC Retaining wall at R.D. 0/0 to 0/025 and Providing and laying soling and wearing and tarring K.M. 0/0 to 1/045,2017-01-31 10:00:00,2017-02-22 10:00:00,2017-02-22 10:00:00,2017-01-31,896278.0,1568698.0,INR,3,CONSTRUCTION,ENT-SUP-9C4BCB75D5,CONSTRUCTION,"Himachal Pradesh, India",AWARDED,22.0,3,180,OPEN_TENDER,EXECUTIVE ENGINEER,HIMACHAL_PRADESH,https://hptenders.gov.in/,1,SYNTH-INJ-00335,,
2017_BBNDA_16947_1,2017_BBNDA_16947_1,EXECUTIVE ENGINEER BBNDA BADDI,Himachal Pradesh State Government,HIMACHAL PRADESH,NALAGARH,NALAGARH,works,IMPROVEMENT OF ROAD FROM GURUDWARA SOURI GHUGIAN TO GHANSOT SHIV MANDIR RD 0/0 TO 0/990.,IMPROVEMENT OF ROAD FROM GURUDWARA SOURI GHUGIAN TO GHANSOT SHIV MANDIR RD 0/0 TO 0/990,2017-06-26 11:00:00,2017-07-08 17:00:00,2017-07-08 17:00:00,2017-06-26,2398363.0,2208945.0,INR,3,GOBIND SAHIB ENTERPRISE,ENT-SUP-EDCE3BC90D,GOBIND SAHIB ENTERPRISE,"Himachal Pradesh, India",AWARDED,12.25,0,0,OPEN_TENDER,EXECUTIVE ENGINEER BBNDA BADDI,HIMACHAL_PRADESH,https://hptenders.gov.in/,0,SYNTH-CTRL-00336,,
2017_HPIPH_16798_5,2017_HPIPH_16798_5,EXECUTIVE ENGINEER,Himachal Pradesh State Government,HIMACHAL PRADESH,Sundli,Sundli,works,Providing GWSS to PC habitations of C.V Sundli Nehhar and Guntu in GP Jai Pidhi Mata Tehsil Jubbal Distt Shimla HP,CO RCC Intake 3 Nos RCC Storage Tank of 10000 Ltrs capacity 4 Nos 15000 Ltrs capacity 1 No and dismantling laying jointing testing of GI Pipes of various dia mtrs,2017-06-12 17:00:00,2017-06-14 17:00:00,2017-07-04 17:00:00,2017-06-12,2516152.0,2158303.0,INR,4,BALRAJ,ENT-SUP-F934FB104A,BALRAJ,"Himachal Pradesh, India",AWARDED,2.0,0,0,OPEN_TENDER,EXECUTIVE ENGINEER,HIMACHAL_PRADESH,https://hptenders.gov.in/,1,SYNTH-INJ-00337,,
2018_PWD_19298_1,2018_PWD_19298_1,EEHAMIRPUR,Himachal Pradesh State Government,HIMACHAL PRADESH,Hamirpur,Hamirpur,works,C O link road to village Tareti in GP Man Km 0 0 to 0 800,SH Formation cutting PL GSBGII Tarring CO Hpipe culverts V Shape drain in Km 0 105 to 0 745 MMGSY,2018-01-22 18:00:00,2018-02-02 10:30:00,2018-02-02 10:30:00,2018-01-22,567482.0,5597774.0,INR,8,TARA CHAND GOVERNMENT CONTRACTOR,ENT-SUP-C8E1E023B9,TARA CHAND GOVERNMENT CONTRACTOR,"Himachal Pradesh, India",AWARDED,10.6875,0,0,OPEN_TENDER,EEHAMIRPUR,HIMACHAL_PRADESH,https://hptenders.gov.in/,0,SYNTH-CTRL-00338,,
2019_HPIPH_26930_1,2019_HPIPH_26930_1,EXECUTIVE ENGINEER,Himachal Pradesh State Government,HIMACHAL PRADESH,Duslehra,Duslehra,works,LIS Duslehra Goacher in Tehsil Jhandutta Distt Bilaspur,LIS Duslehra Goacher in Tehsil Jhandutta Distt Bilaspur,2019-02-07 17:00:00,2019-02-20 17:00:00,2019-02-20 17:00:00,2019-02-07,4287263.0,6029476.74,INR,3,BEER DEEN,ENT-SUP-A8800A7285,BEER DEEN,"Himachal Pradesh, India",AWARDED,13.0,0,0,OPEN_TENDER,EXECUTIVE ENGINEER,HIMACHAL_PRADESH,https://hptenders.gov.in/,1,SYNTH-INJ-00339,,
2017_PWD_16711_1,2017_PWD_16711_1,EXECUTIVE ENGINEER HIMACHAL PRADESH PUBLIC WORKS DEPARTMENT DIVISION TAUNI DEVI,Himachal Pradesh State Government,HIMACHAL PRADESH,Tauni Devi Division,Tauni Devi Division,works,Periodical renewal on Lambloo Thankeri road km. 0/0 to 4/00 andlink road Panahar to Narsin km. 0/0 to 5/0.,P/L 2cm. thick premix carpet surfacing with seal coat in km. 3/0 to 4/0Under PMGSY andP/L 2cm. thick premix carpet surfacing with seal coat in km. 0/0 to 1/0 HP0302VR0057 Under PMGSY,2017-06-08 12:00:00,2017-06-27 18:00:00,2017-06-27 18:00:00,2017-06-08,1291825.0,1166350.0,INR,4,GOVERNMENT CONTRACTOR SUNNY CHOPRA,ENT-SUP-773B4C169D,GOVERNMENT CONTRACTOR SUNNY CHOPRA,"Himachal Pradesh, India",AWARDED,19.25,0,0,OPEN_TENDER,EXECUTIVE ENGINEER HIMACHAL PRADESH PUBLIC WORKS DEPARTMENT DIVISION TAUNI DEVI,HIMACHAL_PRADESH,https://hptenders.gov.in/,0,SYNTH-CTRL-00340,,
2017_PWD_15400_1,2017_PWD_15400_1,EXECUTIVE ENGINEER,Himachal Pradesh State Government,HIMACHAL PRADESH,Rajgarh Division,Rajgarh Division,works,Restoration of rain damages on Rajgarh Yashwant Nagar road via Badgla Km.0/0 to 12/0,C/O PCC R/wall at RD 0/310 to 0/318,2017-03-16 10:00:00,2017-04-05 17:00:00,2017-04-05 17:00:00,2017-03-16,218840.0,337048.0,INR,12,BHUPINDER SINGH,ENT-SUP-368A8D9C5B,BHUPINDER SINGH,"Himachal Pradesh, India",AWARDED,20.291666666666668,0,0,OPEN_TENDER,EXECUTIVE ENGINEER,HIMACHAL_PRADESH,https://hptenders.gov.in/,1,SYNTH-INJ-00341,Proprietary Model APEX-X900 patented optical sensor system with custom firmware 4.2.1 exclusive to Apex Systems.,Apex Systems APEX-X900 patented optical sensor system with custom firmware 4.2.1.
RAJ-RA-2021-01197,REF-RAJ-RA-2021-01197,MEDICAL HEALTH SERVICES JAIPUR,RAJASTHAN State Government,RAJASTHAN,Central District,"RAJASTHAN, India",Civil Works & Infrastructure,Procurement of civil works & infrastructure for MEDICAL HEALTH SERVICES JAIPUR,Official public tender for supply of civil works & infrastructure under standard RAJASTHAN state procurement guidelines.,2020-03-11 00:00:00,2020-04-10 00:00:00,2020-04-11 00:00:00,2020-04-25,1946267.78,2238207.95,INR,3,TATA PROJECTS LIMITED,ENT-SUP-861D6E7011,TATA PROJECTS LIMITED,"RAJASTHAN, India",AWARDED,30.0,0,0,OPEN_TENDER,MEDICAL HEALTH SERVICES JAIPUR,RAJASTHAN,https://eproc.rajasthan.gov.in/,0,SYNTH-CTRL-00342,,
MAH-MA-2021-01134,REF-MAH-MA-2021-01134,MAHARASHTRA PUBLIC WORKS DEPARTMENT,MAHARASHTRA State Government,MAHARASHTRA,Central District,"MAHARASHTRA, India",Civil Works & Infrastructure,Procurement of civil works & infrastructure for MAHARASHTRA PUBLIC WORKS DEPARTMENT,Official public tender for supply of civil works & infrastructure under standard MAHARASHTRA state procurement guidelines.,2020-05-26 00:00:00,2020-06-16 00:00:00,2020-06-17 00:00:00,2020-07-01,60859264.39,82160006.93,INR,1,GUPTA AND SONS CONTRACTOR,ENT-SUP-7A3AE215B9,GUPTA AND SONS CONTRACTOR,"MAHARASHTRA, India",AWARDED,21.0,0,0,OPEN_TENDER,MAHARASHTRA PUBLIC WORKS DEPARTMENT,MAHARASHTRA,https://mahatenders.gov.in/,1,SYNTH-INJ-00343,,
2018_PWD_19873_1,2018_PWD_19873_1,EXECUTIVE ENGINEER,Himachal Pradesh State Government,HIMACHAL PRADESH,Barsar,Barsar,works,AMP on Mundkhar Gainda road,P/L Bituminous concrete 25mm thick in km. 2/0 to 4/225,2018-03-05 10:30:00,2018-03-17 10:30:00,2018-03-17 10:30:00,2018-03-05,1536171.0,1777908.0,INR,3,S S CHAUHANS CONSTRUCTION PRIVATE LIMTED,ENT-SUP-0E57EBE006,S S CHAUHANS CONSTRUCTION PRIVATE LIMTED,"Himachal Pradesh, India",AWARDED,12.0,0,0,OPEN_TENDER,EXECUTIVE ENGINEER,HIMACHAL_PRADESH,https://hptenders.gov.in/,0,SYNTH-CTRL-00344,,
2018_PWD_19838_9,2018_PWD_19838_9,EXECUTIVE ENGINEER BILASPUR DIVISION NO 2 HIMACHAL PRADESH PUBLIC WORKS DEPARTMENT BILASPUR,Himachal Pradesh State Government,HIMACHAL PRADESH,Bilaspur,Bilaspur,works,"AMP for the year -2018-19 for Rural roads on (i) Baner Zakatkhana road km. 1/0 to 2/0 (ii)Behal to Swahan via Lakhala km. 1/0 to 2/0 ( SH-Providing and laying, 20mm thick premix carpet, Seal coat Type-B, and V-shape drain ).","AMP for the year -2018-19 for Rural roads on (i) Baner Zakatkhana road km. 1/0 to 2/0 (ii)Behal to Swahan via Lakhala km. 1/0 to 2/0 ( SH-Providing and laying, 20mm thick premix carpet, Seal coat Type-B, and V-shape drain ).",2018-03-01 17:00:00,2018-03-12 10:30:00,2018-03-12 10:30:00,2018-03-01,5029104.21,4930494.32,INR,3,M S GEETA RAM SUBHASH CHAND,ENT-SUP-032EEAABDD,M S GEETA RAM SUBHASH CHAND,"Himachal Pradesh, India",AWARDED,10.729166666666666,0,0,OPEN_TENDER,EXECUTIVE ENGINEER BILASPUR DIVISION NO 2 HIMACHAL PRADESH PUBLIC WORKS DEPARTMENT BILASPUR,HIMACHAL_PRADESH,https://hptenders.gov.in/,1,SYNTH-INJ-00345,,
2017_HPIPH_17572_1,2017_HPIPH_17572_1,EXECUTIVE ENGINEERIPH DIVN NO 1 UNA HP,Himachal Pradesh State Government,HIMACHAL PRADESH,Bathu Tehsil Haroli Distt Una HP,Bathu Tehsil Haroli Distt Una HP,works,Construction of T/well at Bathu in Tehsil Haroli Distt. Una (H.P.),SH C O Pump house cum chowkidar Qtr boundary wall intrnal wiring Providing and laying Rising main Supply and errection of Pumping Machinery and Laying and jointing of distribution system,2017-08-07 10:00:00,2017-08-28 17:00:00,2017-08-28 17:00:00,2017-08-07,3726482.0,4110297.0,INR,3,GAGAN OHRI,ENT-SUP-4DD6113C0D,GAGAN OHRI,"Himachal Pradesh, India",AWARDED,21.291666666666668,0,0,OPEN_TENDER,EXECUTIVE ENGINEERIPH DIVN NO 1 UNA HP,HIMACHAL_PRADESH,https://hptenders.gov.in/,0,SYNTH-CTRL-00346,,
2019_PWD_28626_1,2019_PWD_28626_1,EXECUTIVE ENGINEER HAMIRPUR,Himachal Pradesh State Government,HIMACHAL PRADESH,Hamirpur,Hamirpur,works,C/O Residential accommodation Type-II Qtr. 2 Nos for PWD employees near main Bazar Rest house Hamirpur,SH C/O building portion water and sanitary installation and rain water harvesting storage tank,2019-03-26 15:00:00,2019-04-10 10:30:00,2019-04-10 10:30:00,2019-03-26,3890093.0,4670053.0,INR,4,COLLUSIVE_FAVORITE_ENTERPRISE,ENT-SUP-COLLUSIVE-999,COLLUSIVE_FAVORITE_ENTERPRISE,"Himachal Pradesh, India",AWARDED,14.8125,0,0,OPEN_TENDER,EXECUTIVE ENGINEER HAMIRPUR,HIMACHAL_PRADESH,https://hptenders.gov.in/,1,SYNTH-INJ-00347,,
2017_PWD_17836_1,2017_PWD_17836_1,EXECUTIVE ENGINEER CHAMBA DIVISION HIMACHAL PRADESH PUBLIC WORKS DEPARTMENT CHAMBA,Himachal Pradesh State Government,HIMACHAL PRADESH,Chamba,Chamba,works,Construction of link road village Ghutnu Km. 0/0 to 1/500. Formation cutting in Km. 0/0 to 1/000,Construction of link road village Ghutnu Km. 0/0 to 1/500. Formation cutting in Km. 0/0 to 1/000,2017-08-25 17:00:00,2017-09-16 11:00:00,2017-09-16 11:00:00,2017-08-25,2189195.0,2957004.0,INR,3,RASHID KHAN GOVERNMENT CONTRACTOR,ENT-SUP-64AFC91C9D,RASHID KHAN GOVERNMENT CONTRACTOR,"Himachal Pradesh, India",AWARDED,21.75,0,0,OPEN_TENDER,EXECUTIVE ENGINEER CHAMBA DIVISION HIMACHAL PRADESH PUBLIC WORKS DEPARTMENT CHAMBA,HIMACHAL_PRADESH,https://hptenders.gov.in/,0,SYNTH-CTRL-00348,,
2017_PWD_18732_1,2017_PWD_18732_1,EXECUTIVE ENGINEER PUBLIC WORKS DEPARTMENT DIVISION FATEHPUR,Himachal Pradesh State Government,HIMACHAL PRADESH,Near Badukhar,Near Badukhar,works,Construction of Bridge over Khawaji khad on Badukhar- Riali -Bela Ludhiarchan road at R.D. 3/700,"Construction of Khawaji khad Bridge at R.D. 3/700, Retaining walls/Breast walls, earth filling, metalling and tarring and construction of parapets) Under NABARD",2017-11-02 16:30:00,2017-11-27 17:00:00,2017-11-27 17:00:00,2017-11-02,32163114.0,34975264.0,INR,5,SANJEEV SHARMA,ENT-SUP-6D86BDA8D0,SANJEEV SHARMA,"Himachal Pradesh, India",AWARDED,25.02083333333333,3,180,OPEN_TENDER,EXECUTIVE ENGINEER PUBLIC WORKS DEPARTMENT DIVISION FATEHPUR,HIMACHAL_PRADESH,https://hptenders.gov.in/,1,SYNTH-INJ-00349,,
2017_PWD_18093_1,2017_PWD_18093_1,EXECUTIVE ENGINEER,Himachal Pradesh State Government,HIMACHAL PRADESH,RAJGARH DIVISION HPPWD RAJGARH,RAJGARH DIVISION HPPWD RAJGARH,works,C/O Naina Tikker Degother road via Kanchi More Km. 0/0 to 12/0(SH C/O 5/7 mtr wide road km 5/660 to 7/0 portion Madhera to Nagol).,C/O Naina Tikker Degother road via Kanchi More Km. 0/0 to 12/0(SH C/O 5/7 mtr wide road km 5/660 to 7/0 portion Madhera to Nagol).,2017-09-12 11:00:00,2017-09-21 17:00:00,2017-09-21 17:00:00,2017-09-12,513909.0,714057.0,INR,40,GEETA RAM,ENT-SUP-97FE4AB877,GEETA RAM,"Himachal Pradesh, India",AWARDED,9.25,0,0,OPEN_TENDER,EXECUTIVE ENGINEER,HIMACHAL_PRADESH,https://hptenders.gov.in/,0,SYNTH-CTRL-00350,,
2018_HPIPH_22516_1-547,2018_HPIPH_22516_1-547,EXECUTIVE ENGINEER IRRIGATION AND PUBLIC HEALTH DIVISION BARSAR,Himachal Pradesh State Government,HIMACHAL PRADESH,IPH Sub division Bhota,IPH Sub division Bhota,works,Improvement and augmentation of LWSS Agahr Chowkar Phase 1st in Tehsil Distt. Hamirpur SH C O infiltration gallery 22 metres long,Improvement and augmentation of LWSS Agahr Chowkar Phase 1st in Tehsil Distt. Hamirpur SH C O infiltration gallery 22 metres long,2018-07-27 10:00:00,2018-07-29 10:00:00,2018-08-09 16:00:00,2018-07-27,996520.0,1104537.0,INR,5,NARESH KUMAR,ENT-SUP-70A7A4C8D0,NARESH KUMAR,"Himachal Pradesh, India",AWARDED,2.0,0,0,OPEN_TENDER,EXECUTIVE ENGINEER IRRIGATION AND PUBLIC HEALTH DIVISION BARSAR,HIMACHAL_PRADESH,https://hptenders.gov.in/,1,SYNTH-INJ-00351,,
CEN-CE-2021-01212,REF-CEN-CE-2021-01212,INDIAN RAILWAYS,Government of India,CENTRAL,Central District,"CENTRAL, India",Information Technology & Software,Procurement of information technology & software for INDIAN RAILWAYS,Official public tender for supply of information technology & software under standard CENTRAL state procurement guidelines.,2020-07-17 00:00:00,2020-07-23 00:00:00,2020-07-24 00:00:00,2020-08-07,201401837.56,271892480.71,INR,1,BHARAT DIAGNOSTIC SYSTEMS,ENT-SUP-C6B6FCD7BC,BHARAT DIAGNOSTIC SYSTEMS,"CENTRAL, India",AWARDED,6.0,0,0,OPEN_TENDER,INDIAN RAILWAYS,CENTRAL_CPPP,https://eprocure.gov.in/cppp/,0,SYNTH-CTRL-00352,,
2020_UDDHP_37864_1-3157,2020_UDDHP_37864_1-3157,EXECUTIVE OFFICER MUNICIPAL COUNCIL SUJANPUR,Himachal Pradesh State Government,HIMACHAL PRADESH,Municipal Council Sujanpur Area,Municipal Council Sujanpur Area,services,"Door to door garbage collection in segregated manner i.e. wet waste , dry waste and Hazardous Waste in separate manner from Residential,Commercial Others establishments as per provisions of SWM Rules 2016 ic Collection, Transportation, Processing","Door to door garbage collection in segregated manner i.e. wet waste , dry waste and Hazardous Waste in separate manner from Residential,Commercial Others establishments as per provisions of SWM Rules 2016 ic Collection, Transportation, Processing",2020-06-08 11:30:00,2020-06-29 15:00:00,2020-06-29 15:00:00,2020-06-08,450000.0,610314.55,INR,5,BADRI VISHAL AND COMPANY,ENT-SUP-BB18F9B65C,BADRI VISHAL AND COMPANY,"Himachal Pradesh, India",AWARDED,21.14583333333333,0,0,OPEN_TENDER,EXECUTIVE OFFICER MUNICIPAL COUNCIL SUJANPUR,HIMACHAL_PRADESH,https://hptenders.gov.in/,1,SYNTH-INJ-00353,,
KAR-KA-2021-01007,REF-KAR-KA-2021-01007,HEALTH FAMILY WELFARE KARNATAKA,KARNATAKA State Government,KARNATAKA,Central District,"KARNATAKA, India",Consultancy & Facility Management,Procurement of consultancy & facility management for HEALTH FAMILY WELFARE KARNATAKA,Official public tender for supply of consultancy & facility management under standard KARNATAKA state procurement guidelines.,2020-10-24 00:00:00,2020-10-30 00:00:00,2020-10-31 00:00:00,2020-11-14,95120667.57,97023080.92,INR,2,AFCONS INFRASTRUCTURE LIMITED,ENT-SUP-AC3B9A87E5,AFCONS INFRASTRUCTURE LIMITED,"KARNATAKA, India",AWARDED,6.0,0,0,OPEN_TENDER,HEALTH FAMILY WELFARE KARNATAKA,KARNATAKA,https://kppp.karnataka.gov.in/,0,SYNTH-CTRL-00354,,
2018_MC_23629_1,2018_MC_23629_1,EEWSPDMCSHIMLA,Himachal Pradesh State Government,HIMACHAL PRADESH,Gumma,Gumma,works,"Replacement of existing horizontal multi-stage centrifugal Ring Section Non-API Pump set-1No (pump make-KSB pump) with new pump set for Old Gumma, in irrigation and public health (IPH) Dept at Shimla.","Replacement of existing horizontal multi-stage centrifugal Ring Section Non-API Pump set-1No (pump make-KSB pump) with new pump set for Old Gumma, in irrigation and public health (IPH) Dept at Shimla.",2018-09-18 18:00:00,2018-09-28 11:00:00,2018-09-28 11:00:00,2018-09-18,3450000.0,4320000.0,INR,4,R K PROJECTS PRIVATE LIMITED,ENT-SUP-4523DDB152,R K PROJECTS PRIVATE LIMITED,"Himachal Pradesh, India",AWARDED,9.708333333333334,0,0,OPEN_TENDER,EEWSPDMCSHIMLA,HIMACHAL_PRADESH,https://hptenders.gov.in/,1,SYNTH-INJ-00355,Proprietary Model APEX-X900 patented optical sensor system with custom firmware 4.2.1 exclusive to Apex Systems.,Apex Systems APEX-X900 patented optical sensor system with custom firmware 4.2.1.
2018_UDDHP_22874_1,2018_UDDHP_22874_1,EXECUTIVE OFFICER,Himachal Pradesh State Government,HIMACHAL PRADESH,Nahan,Nahan,works,Provding M.S. Railing for park at Mohalla Gobindgarh in Nahan Town.,Provding M.S. Railing for park at Mohalla Gobindgarh in Nahan Town.,2018-08-20 09:00:00,2018-09-05 17:00:00,2018-09-05 17:00:00,2018-08-20,297000.0,317675.0,INR,4,MANOJ KUMAR,ENT-SUP-F18110587C,MANOJ KUMAR,"Himachal Pradesh, India",AWARDED,16.333333333333332,0,0,OPEN_TENDER,EXECUTIVE OFFICER,HIMACHAL_PRADESH,https://hptenders.gov.in/,0,SYNTH-CTRL-00356,,
2018_PWD_21170_3,2018_PWD_21170_3,EXECUTIVE ENGINEER DHAMI,Himachal Pradesh State Government,HIMACHAL PRADESH,Dhami,Dhami,works,Construction of P.H.C. (Health Institution level-II) at Kohbag Sub-tehsil Dhami Distt. Shimla H.P.,SH Construction of P.H.C. (Health Institution level-II) at Kohbag Sub-tehsil Dhami Distt. Shimla H.P. (SH Site Development),2018-05-16 16:00:00,2018-05-25 17:00:00,2018-05-25 17:00:00,2018-05-16,1798087.0,1655699.0,INR,1,MUKESH KUMAR,ENT-SUP-C4E73CA777,MUKESH KUMAR,"Himachal Pradesh, India",AWARDED,9.041666666666666,0,0,OPEN_TENDER,EXECUTIVE ENGINEER DHAMI,HIMACHAL_PRADESH,https://hptenders.gov.in/,1,SYNTH-INJ-00357,,
2017_HPIPH_17691_1,2017_HPIPH_17691_1,EXECUTIVE ENGINEER,Himachal Pradesh State Government,HIMACHAL PRADESH,Keylong,Keylong,works,Special repair of flow irrigation scheme to Rangio Bario in GP Darcha Tehsil Keylong Distt Lahual and Spiti,Construction of intake chamber inspection chamber 3 nos r eall at RD 670 to 675 and laying jointing and testing of HDPE pipe 160 mm OD PN 4 at RD 00 to 4250 etc,2017-08-18 10:00:00,2017-09-05 17:00:00,2017-09-05 17:00:00,2017-08-18,2017160.0,2234737.0,INR,4,BHIM SINGH,ENT-SUP-8E374C3EFC,BHIM SINGH,"Himachal Pradesh, India",AWARDED,18.291666666666668,0,0,OPEN_TENDER,EXECUTIVE ENGINEER,HIMACHAL_PRADESH,https://hptenders.gov.in/,0,SYNTH-CTRL-00358,,
2017_PWD_17865_1,2017_PWD_17865_1,EXECUTIVE ENGINEER,Himachal Pradesh State Government,HIMACHAL PRADESH,Dharamshala,Dharamshala,works,C/O link road from main road to Tapovan road in Ward No. 17 M.C. Dharamshala in Distt. Kangra HP,C/O link road from main road to Tapovan road in Ward No. 17 M.C. Dharamshala in Distt. Kangra HP M.C. Deposit Sub Head Balance work of C/O edge wall and P/L soling in Km 0/00 to 0/180,2017-08-29 13:30:00,2017-09-15 11:00:00,2017-09-15 11:00:00,2017-08-29,4942170.64,4845265.33,INR,2,SUNIL RANA,ENT-SUP-41E4CD1480,SUNIL RANA,"Himachal Pradesh, India",AWARDED,16.895833333333332,0,0,OPEN_TENDER,EXECUTIVE ENGINEER,HIMACHAL_PRADESH,https://hptenders.gov.in/,1,SYNTH-INJ-00359,,
2017_HPIPH_17748_1-3497,2017_HPIPH_17748_1-3497,EXECUTIVE ENGINEER IRRIGATION AND PUBLIC HEALTH DIVISION BA,Himachal Pradesh State Government,HIMACHAL PRADESH,IPH Sub division Barsar,IPH Sub division Barsar,works,Replacement of pumping machinery of LWSS Railly Jajari in Tehsil Barsar Distt. Hamirpur Supply erection of,Replacement of pumping machinery of LWSS Railly Jajari in Tehsil Barsar Distt. Hamirpur Supply erection of 2 Nos centrifugal pumping machinery of 60 H.P. each along with allied accessories,2017-08-19 14:00:00,2017-08-24 16:00:00,2017-08-24 16:00:00,2017-08-19,540000.0,803750.0,INR,4,VERMA ELECTRIC INDUSTRY,ENT-SUP-E0FD5D0F5F,VERMA ELECTRIC INDUSTRY,"Himachal Pradesh, India",AWARDED,5.083333333333333,0,0,OPEN_TENDER,EXECUTIVE ENGINEER IRRIGATION AND PUBLIC HEALTH DIVISION BA,HIMACHAL_PRADESH,https://hptenders.gov.in/,0,SYNTH-CTRL-00360,,
2018_HO_20597_1,2018_HO_20597_1,MD HPSCSC LTD,Himachal Pradesh State Government,HIMACHAL PRADESH,KINDLY REFER TO UPLOADED DOCUMENT,KINDLY REFER TO UPLOADED DOCUMENT,goods,SUPPLY OF PROPRIETARY AYURVEDIC MEDICINES TO H.P. GOVT. HEALTH INSTITUTIONS,SUPPLY OF PROPRIETARY AYURVEDIC MEDICINES TO H.P. GOVT. HEALTH INSTITUTIONS,2018-04-07 10:00:00,2018-04-27 17:00:00,2018-04-27 17:00:00,2018-04-07,4800000.0,607796.0,INR,6,COLLUSIVE_FAVORITE_ENTERPRISE,ENT-SUP-COLLUSIVE-999,COLLUSIVE_FAVORITE_ENTERPRISE,"Himachal Pradesh, India",AWARDED,20.291666666666668,0,0,OPEN_TENDER,MD HPSCSC LTD,HIMACHAL_PRADESH,https://hptenders.gov.in/,1,SYNTH-INJ-00361,,
2018_PWD_20249_1,2018_PWD_20249_1,EXECUTIVE ENGINEER,Himachal Pradesh State Government,HIMACHAL PRADESH,Lad Bharol,Lad Bharol,works,Periodical Maintenance of Baijh Padhar road (MDR-056) (other than PMGSY road) Major District road under Annual Maintenance Plan for the year 2018-19,"Providing and laying built up spray grout, 25mm thick bituminous concrete in Km.8 to 10",2018-03-19 14:00:00,2018-03-31 17:00:00,2018-03-31 17:00:00,2018-03-19,1293646.0,1763183.0,INR,4,YUDHVIR SINGH,ENT-SUP-CDC3A020CD,YUDHVIR SINGH,"Himachal Pradesh, India",AWARDED,12.125,0,0,OPEN_TENDER,EXECUTIVE ENGINEER,HIMACHAL_PRADESH,https://hptenders.gov.in/,0,SYNTH-CTRL-00362,,
2018_PWD_19891_10-3718,2018_PWD_19891_10-3718,EXECUTIVE ENGINEER PUBLIC WORKS DEPARTMENT DIVISION FATEHPUR,Himachal Pradesh State Government,HIMACHAL PRADESH,Near Indora,Near Indora,works,Job No. 13 Periodic Renewal of STATE RURAL Roads JGI Road to Dhantol road Annual Maintenance Plan for the year 2018-19,Providing and laying 25mm single layer bituminous concrete (L.B.C) (HP0405VR0030) km.1/0 to 2/0 and 4/0 to 5/0),2018-03-07 10:30:00,2018-03-27 17:00:00,2018-03-27 17:00:00,2018-03-07,1434474.0,1590091.0,INR,2,V S SAINI,ENT-SUP-447FF6F7F9,V S SAINI,"Himachal Pradesh, India",AWARDED,20.27083333333333,3,180,OPEN_TENDER,EXECUTIVE ENGINEER PUBLIC WORKS DEPARTMENT DIVISION FATEHPUR,HIMACHAL_PRADESH,https://hptenders.gov.in/,1,SYNTH-INJ-00363,,
2018_PWD_23791_12,2018_PWD_23791_12,EXECUTIVE ENGINEER,Himachal Pradesh State Government,HIMACHAL PRADESH,Dehra,Dehra,works,Construction of link road from Harbans Lal House to main road S.C Basti under Behar Km 0/0 to 0/490,Construction of Cement concrete pavement in Km 0/360 to 0/490 and C/o R/wall at various RD 0/325 to 0/337 and 0/390 to 0/402.50). Under SCSP,2018-09-27 10:00:00,2018-10-11 18:00:00,2018-10-11 18:00:00,2018-09-27,541285.0,557198.0,INR,1,VINKAL KANWAR,ENT-SUP-9BBA3624E8,VINKAL KANWAR,"Himachal Pradesh, India",AWARDED,14.333333333333334,0,0,OPEN_TENDER,EXECUTIVE ENGINEER,HIMACHAL_PRADESH,https://hptenders.gov.in/,0,SYNTH-CTRL-00364,,
2017_HPIPH_17745_1-466,2017_HPIPH_17745_1-466,EXECUTIVE ENGINEER IRRIGATION AND PUBLIC HEALTH DIVISION BA,Himachal Pradesh State Government,HIMACHAL PRADESH,IPH Sub division Barsar,IPH Sub division Barsar,works,Replacement of pumping machinery of LWSS Maharal Dakhyora in Tehsil Barsar Distt. Hamirpur Supply erection of,Replacement of pumping machinery of LWSS Maharal Dakhyora in Tehsil Barsar Distt. Hamirpur Supply erection of 2 Nos centrifugal pumping machinery of 60 H.P. each along with allied accessories,2017-08-19 13:00:00,2017-08-21 13:00:00,2017-08-24 16:00:00,2017-08-19,540000.0,676500.0,INR,5,SHARMA INTERPRISES,ENT-SUP-9F11FB9E31,SHARMA INTERPRISES,"Himachal Pradesh, India",AWARDED,2.0,0,0,OPEN_TENDER,EXECUTIVE ENGINEER IRRIGATION AND PUBLIC HEALTH DIVISION BA,HIMACHAL_PRADESH,https://hptenders.gov.in/,1,SYNTH-INJ-00365,,
2017_HPIPH_16745_1,2017_HPIPH_16745_1,EXECUTIVE ENGINEER IRRIGATION AND PUBLIC HEALTH DIVN NO 1 UNA HP,Himachal Pradesh State Government,HIMACHAL PRADESH,Santoshgarh Town Jattpur area,Santoshgarh Town Jattpur area,works,Providing Separate water Supply Scheme to newly settled abadi on the Out Skirts of village Ajouli and Santokhgarh Town Jattpur Area in Distt Una HP,SH C O RCC OHSR 327500 ltrs Capacity with 2000 mtrs staging height for Separate Water Supply Scheme to Santokhgarh Town Jattpur Area Under NABARD RIDF XX,2017-06-08 10:00:00,2017-06-27 17:00:00,2017-06-27 17:00:00,2017-06-08,2250781.0,2482660.0,INR,4,OM PARKASH GOVT CONTRATOR,ENT-SUP-728C702A5C,OM PARKASH GOVT CONTRATOR,"Himachal Pradesh, India",AWARDED,19.291666666666668,0,0,OPEN_TENDER,EXECUTIVE ENGINEER IRRIGATION AND PUBLIC HEALTH DIVN NO 1 UNA HP,HIMACHAL_PRADESH,https://hptenders.gov.in/,0,SYNTH-CTRL-00366,,
2019_HPIPH_29313_1,2019_HPIPH_29313_1,EXECUTIVE ENGINEER,Himachal Pradesh State Government,HIMACHAL PRADESH,Palampur,Palampur,works,"Augmentation and Extension of lift water supply scheme Ashapuri, Kosri and Thachru in Tehsil Jaisinghpur District Kangra_HP","SH_ Construction of reinforcement cement concrete under ground collection tank _90000 litres capacity at node 4 ,Sector storage under ground tank _10000 litres at node 8 , Sector storage under ground _ 40000 litres at node no.11 for Phase Ist and",2019-06-12 18:55:00,2019-06-26 11:00:00,2019-06-26 11:00:00,2019-06-12,2920750.0,4175172.03,INR,3,GANTANTAR THAKUR,ENT-SUP-F339A05EE4,GANTANTAR THAKUR,"Himachal Pradesh, India",AWARDED,13.67013888888889,0,0,OPEN_TENDER,EXECUTIVE ENGINEER,HIMACHAL_PRADESH,https://hptenders.gov.in/,1,SYNTH-INJ-00367,,
2019_HPIPH_32654_1,2019_HPIPH_32654_1,EXECUTIVE ENGINEER,Himachal Pradesh State Government,HIMACHAL PRADESH,Tehsil Fatehpur,Tehsil Fatehpur,works,"Providing Functional Household Tap (FHTC) connections in Villages Tatwali, Rajpalwan, Rehatpur, Dhoulpur etc. through proposed LWSS Tatwali Dhoukpur in Tehsil Fatehpur, District Kangra, HP under JAL JEEVAN MISSION","SH Drilling, Lowering and Development of 125 metrs. Deep Tube Well at Village Rajpalwan",2019-11-15 18:30:00,2019-11-28 11:00:00,2019-11-28 11:00:00,2019-11-15,1522655.0,1522355.0,INR,13,POPULAR PIPES,ENT-SUP-72BE68CB00,POPULAR PIPES,"Himachal Pradesh, India",AWARDED,12.6875,0,0,OPEN_TENDER,EXECUTIVE ENGINEER,HIMACHAL_PRADESH,https://hptenders.gov.in/,0,SYNTH-CTRL-00368,,
2018_HO_20307_1-1196,2018_HO_20307_1-1196,MD HPSCSC LTD,Himachal Pradesh State Government,HIMACHAL PRADESH,KINDLY REFER TO UPLOADED DOCUMENT,KINDLY REFER TO UPLOADED DOCUMENT,goods,SUPPLY OF AYURVEDIC MEDICINES TO H.P. GOVT. HEALTH INSTITUTIONS UNDER CENTRALLY SPONSORED SCHEME OF GOVERNMENT OF INDIA FOR THE TENDER YEAR 2017-18,SUPPLY OF AYURVEDIC MEDICINES TO H.P. GOVT. HEALTH INSTITUTIONS UNDER CENTRALLY SPONSORED SCHEME OF GOVERNMENT OF INDIA FOR THE TENDER YEAR 2017-18,2018-03-22 11:00:00,2018-04-11 17:00:00,2018-04-11 17:00:00,2018-03-22,12000000.0,453352.85,INR,9,UTTARAKHAND STATE MEDICIN AND PHARMCUETICAL LIMITED,ENT-SUP-19108387D2,UTTARAKHAND STATE MEDICIN AND PHARMCUETICAL LIMITED,"Himachal Pradesh, India",AWARDED,20.25,0,0,OPEN_TENDER,MD HPSCSC LTD,HIMACHAL_PRADESH,https://hptenders.gov.in/,1,SYNTH-INJ-00369,Proprietary Model APEX-X900 patented optical sensor system with custom firmware 4.2.1 exclusive to Apex Systems.,Apex Systems APEX-X900 patented optical sensor system with custom firmware 4.2.1.
2020_HPIPH_34467_1,2020_HPIPH_34467_1,EXECUTIVE ENGINEER,Himachal Pradesh State Government,HIMACHAL PRADESH,Bari Karangora,Bari Karangora,works,Retrofitting of LWSS of WSS Bari Badhu Karangora in Ghumarwin Constituency to Prov Functional Household Tap ConnectionFHTC to left-out household in Tehsil Ghumarwin DisttBLP Under Jal Jiwan Mission Har Ghar Nal Se Jal SH LJ testing and trenche,Retrofitting of LWSS of WSS Bari Badhu Karangora in Ghumarwin Constituency to Prov Functional Household Tap ConnectionFHTC to left-out household in Tehsil Ghumarwin DisttBLP Under Jal Jiwan Mission Har Ghar Nal Se Jal SH LJ testing and trenche,2020-01-30 17:00:00,2020-02-14 17:00:00,2020-02-14 17:00:00,2020-01-30,991981.0,399483.28,INR,8,KESHWA NAND SHARMA,ENT-SUP-DCBE46BC9D,KESHWA NAND SHARMA,"Himachal Pradesh, India",AWARDED,15.0,0,0,OPEN_TENDER,EXECUTIVE ENGINEER,HIMACHAL_PRADESH,https://hptenders.gov.in/,0,SYNTH-CTRL-00370,,
2019_HPIPH_33136_1,2019_HPIPH_33136_1,EXECUTIVE ENGINEER,Himachal Pradesh State Government,HIMACHAL PRADESH,Kandapattan,Kandapattan,works,"Providing LWSS PC Habitations Kot Dhawali and Bahri, Rathoun and Chakyana in Tehsil Dharampur District Mandi HP under Jal Jeevan Mission",Construction of 1 No percolation well 6 mtrs internal diameter and 10 mtr deep and 1 No pump house above percolation well for phase 2nd,2019-12-05 17:00:00,2019-12-19 17:00:00,2019-12-19 17:00:00,2019-12-05,2983016.0,3715570.0,INR,1,VINAY KUMAR GOVT CONT,ENT-SUP-53C67FFFFF,VINAY KUMAR GOVT CONT,"Himachal Pradesh, India",AWARDED,14.0,0,0,OPEN_TENDER,EXECUTIVE ENGINEER,HIMACHAL_PRADESH,https://hptenders.gov.in/,1,SYNTH-INJ-00371,,
CEN-CE-2021-01095,REF-CEN-CE-2021-01095,CENTRAL PUBLIC WORKS DEPARTMENT,Government of India,CENTRAL,Central District,"CENTRAL, India",Medical Equipment & Consumables,Procurement of medical equipment & consumables for CENTRAL PUBLIC WORKS DEPARTMENT,Official public tender for supply of medical equipment & consumables under standard CENTRAL state procurement guidelines.,2021-02-04 00:00:00,2021-02-25 00:00:00,2021-02-26 00:00:00,2021-03-12,8337557.94,11255703.21,INR,3,PNC INFRATECH LIMITED,ENT-SUP-4B3E89D111,PNC INFRATECH LIMITED,"CENTRAL, India",AWARDED,21.0,0,0,OPEN_TENDER,CENTRAL PUBLIC WORKS DEPARTMENT,CENTRAL_CPPP,https://eprocure.gov.in/cppp/,0,SYNTH-CTRL-00372,,
2018_PWD_19437_1-2326,2018_PWD_19437_1-2326,EXECUTIVE ENGINEER MANDI DIVISION NO 2 HIMACHAL PRADESH PUBLIC WORKS DEPARTMENT MANDI,Himachal Pradesh State Government,HIMACHAL PRADESH,EE MANDI DIVISION NO 2 HPPWD MANDI,EE MANDI DIVISION NO 2 HPPWD MANDI,works,C/O Additional Accommodation for Govt Senior Secondary School building at Meramasit in Tehsil Balh Distt.Mandi HP under RMSA,C/O ground floor and Ist floor including WS and SI,2018-02-03 17:00:00,2018-02-13 10:00:00,2018-02-13 10:00:00,2018-02-03,4846267.33,4751242.48,INR,5,VIJAY THAKUR,ENT-SUP-4F1D222290,VIJAY THAKUR,"Himachal Pradesh, India",AWARDED,9.708333333333334,0,0,OPEN_TENDER,EXECUTIVE ENGINEER MANDI DIVISION NO 2 HIMACHAL PRADESH PUBLIC WORKS DEPARTMENT MANDI,HIMACHAL_PRADESH,https://hptenders.gov.in/,1,SYNTH-INJ-00373,,
CEN-CE-2021-01286,REF-CEN-CE-2021-01286,CENTRAL PUBLIC WORKS DEPARTMENT,Government of India,CENTRAL,Central District,"CENTRAL, India",Medical Equipment & Consumables,Procurement of medical equipment & consumables for CENTRAL PUBLIC WORKS DEPARTMENT,Official public tender for supply of medical equipment & consumables under standard CENTRAL state procurement guidelines.,2019-03-13 00:00:00,2019-04-03 00:00:00,2019-04-04 00:00:00,2019-04-18,3052360.46,3113407.67,INR,3,NCC LIMITED INFRASTRUCTURE,ENT-SUP-0DFD916C8B,NCC LIMITED INFRASTRUCTURE,"CENTRAL, India",AWARDED,21.0,0,0,OPEN_TENDER,CENTRAL PUBLIC WORKS DEPARTMENT,CENTRAL_CPPP,https://eprocure.gov.in/cppp/,0,SYNTH-CTRL-00374,,
2017_PWD_14983_2,2017_PWD_14983_2,EXECUTIVE ENGINEER CHAMBA DIVISION HIMACHAL PRADESH PUBLIC WORKS DEPARTMENT CHAMBA,Himachal Pradesh State Government,HIMACHAL PRADESH,Chamba,Chamba,works,Providing Renewal coat on Chamba Tissa road Km. 35/0 to 36/0 for the year 2017-18 P/L Bitumenous concrete and profile correction,Providing Renewal coat on Chamba Tissa road Km. 35/0 to 36/0 for the year 2017-18 P/L Bitumenous concrete and profile correction,2017-02-21 17:00:00,2017-03-17 11:00:00,2017-03-17 11:00:00,2017-02-21,820756.0,11021288.0,INR,8,COLLUSIVE_FAVORITE_ENTERPRISE,ENT-SUP-COLLUSIVE-999,COLLUSIVE_FAVORITE_ENTERPRISE,"Himachal Pradesh, India",AWARDED,23.75,0,0,OPEN_TENDER,EXECUTIVE ENGINEER CHAMBA DIVISION HIMACHAL PRADESH PUBLIC WORKS DEPARTMENT CHAMBA,HIMACHAL_PRADESH,https://hptenders.gov.in/,1,SYNTH-INJ-00375,,
2018_PWD_19265_1,2018_PWD_19265_1,EXECUTIVE ENGINEER,Himachal Pradesh State Government,HIMACHAL PRADESH,Barsar,Barsar,works,Repair and Maintenance of Barsar Shahtali road km. 0/0 to 11/285,Extension of carriage way from single lane to double lane from km. 9/0 to 11/285,2018-01-24 10:30:00,2018-02-09 10:30:00,2018-02-09 10:30:00,2018-01-24,4350135.0,5351774.0,INR,3,VIJAY KUMAR,ENT-SUP-350ABE7526,VIJAY KUMAR,"Himachal Pradesh, India",AWARDED,16.0,0,0,OPEN_TENDER,EXECUTIVE ENGINEER,HIMACHAL_PRADESH,https://hptenders.gov.in/,0,SYNTH-CTRL-00376,,
CEN-CE-2021-01236,REF-CEN-CE-2021-01236,CENTRAL PUBLIC WORKS DEPARTMENT,Government of India,CENTRAL,Central District,"CENTRAL, India",Medical Equipment & Consumables,Procurement of medical equipment & consumables for CENTRAL PUBLIC WORKS DEPARTMENT,Official public tender for supply of medical equipment & consumables under standard CENTRAL state procurement guidelines.,2019-08-16 00:00:00,2019-08-20 00:00:00,2019-08-21 00:00:00,2019-09-04,4901918.26,5637205.99,INR,2,KNR CONSTRUCTION,ENT-SUP-6A86A67807,KNR CONSTRUCTION,"CENTRAL, India",AWARDED,4.0,3,180,OPEN_TENDER,CENTRAL PUBLIC WORKS DEPARTMENT,CENTRAL_CPPP,https://eprocure.gov.in/cppp/,1,SYNTH-INJ-00377,,
2019_PWD_32917_1,2019_PWD_32917_1,EXECUTIVE ENGINEER DIVISION NO I HIMACHAL PRADESH PUBLIC WORKS DEPARTMENT SHIMLA 3,Himachal Pradesh State Government,HIMACHAL PRADESH,Shimla,Shimla,works,C/O Ambulance road from APG University to village kawara km 0/00 to 0/450 (SH C/O Slab culvert at RD 0/160),C/O Ambulance road from APG University to village kawara km 0/00 to 0/450 (SH C/O Slab culvert at RD 0/160),2019-11-30 18:00:00,2019-12-12 16:00:00,2019-12-12 16:00:00,2019-11-30,1344600.0,1503592.0,INR,2,MAN MOHAN THAKUR,ENT-SUP-9468D75567,MAN MOHAN THAKUR,"Himachal Pradesh, India",AWARDED,11.916666666666666,0,0,OPEN_TENDER,EXECUTIVE ENGINEER DIVISION NO I HIMACHAL PRADESH PUBLIC WORKS DEPARTMENT SHIMLA 3,HIMACHAL_PRADESH,https://hptenders.gov.in/,0,SYNTH-CTRL-00378,,
CEN-CE-2021-01323,REF-CEN-CE-2021-01323,INDIAN RAILWAYS,Government of India,CENTRAL,Central District,"CENTRAL, India",Civil Works & Infrastructure,Procurement of civil works & infrastructure for INDIAN RAILWAYS,Official public tender for supply of civil works & infrastructure under standard CENTRAL state procurement guidelines.,2021-08-11 00:00:00,2021-08-15 00:00:00,2021-08-18 00:00:00,2021-09-01,14802629.38,15098681.97,INR,4,TATA PROJECTS LIMITED,ENT-SUP-861D6E7011,TATA PROJECTS LIMITED,"CENTRAL, India",AWARDED,4.0,2,0,OPEN_TENDER,INDIAN RAILWAYS,CENTRAL_CPPP,https://eprocure.gov.in/cppp/,1,SYNTH-INJ-00379,,
CEN-CE-2021-01043,REF-CEN-CE-2021-01043,NHAI HIGHWAYS,Government of India,CENTRAL,Central District,"CENTRAL, India",Consultancy & Facility Management,Procurement of consultancy & facility management for NHAI HIGHWAYS,Official public tender for supply of consultancy & facility management under standard CENTRAL state procurement guidelines.,2020-12-04 00:00:00,2020-12-25 00:00:00,2020-12-26 00:00:00,2021-01-09,228212199.94,246469175.94,INR,2,SHREE BALAJI ENTERPRISE,ENT-SUP-CA68E614E4,SHREE BALAJI ENTERPRISE,"CENTRAL, India",AWARDED,21.0,2,0,OPEN_TENDER,NHAI HIGHWAYS,CENTRAL_CPPP,https://eprocure.gov.in/cppp/,0,SYNTH-CTRL-00380,,
2017_PWD_16450_1,2017_PWD_16450_1,EXECUTIVE ENGINEER,Himachal Pradesh State Government,HIMACHAL PRADESH,Bilaspur,Bilaspur,works,Resdtoration of rain damages on Chandigarh Mani Manali road.,Resdtoration of rain damages on Chandigarh Mani Manali road,2017-05-20 09:00:00,2017-05-25 10:30:00,2017-05-25 10:30:00,2017-05-20,4194153.0,5995696.74,INR,3,PAWAN KUMAR,ENT-SUP-91ED9F4F04,PAWAN KUMAR,"Himachal Pradesh, India",AWARDED,5.0625,0,0,OPEN_TENDER,EXECUTIVE ENGINEER,HIMACHAL_PRADESH,https://hptenders.gov.in/,1,SYNTH-INJ-00381,,
2018_HAFMS_20322_1,2018_HAFMS_20322_1,CHIEF EXECUTIVE OFFICER HPAFMS BILASPUR H P,Himachal Pradesh State Government,HIMACHAL PRADESH,Dadsiba,Dadsiba,goods,Construction of Ice Plant at Dadasiba in Pong reservoir District Kangra HP SH Supply installation and commissioning of Ice Block machine 2.5 ton per day capacity and ice crusher machine,Construction of Ice Plant at Dadasiba in Pong reservoir District Kangra HP SH Supply installation and commissioning of Ice Block machine 2.5 ton per day capacity and ice crusher machine,2018-03-22 17:00:00,2018-04-11 11:00:00,2018-04-11 11:00:00,2018-03-22,1120000.0,1465500.0,INR,4,RAJ KUMAR,ENT-SUP-052C8378AF,RAJ KUMAR,"Himachal Pradesh, India",AWARDED,19.75,0,0,OPEN_TENDER,CHIEF EXECUTIVE OFFICER HPAFMS BILASPUR H P,HIMACHAL_PRADESH,https://hptenders.gov.in/,0,SYNTH-CTRL-00382,,
2017_UDDHP_17736_1,2017_UDDHP_17736_1,EXECUTIVE OFFICER MC SOLAN,Himachal Pradesh State Government,HIMACHAL PRADESH,MC Solan,MC Solan,works,Renovation of Cremation Ground Shamshanghat at Chambaghat sub head Sitting area and land development.,Renovation of Cremation Ground Shamshanghat at Chambaghat sub head Sitting area and land development.,2017-08-21 11:00:00,2017-08-28 09:00:00,2017-08-28 09:00:00,2017-08-21,384061.0,706630.0,INR,4,RAJESH KUMAR,ENT-SUP-44DF75021E,RAJESH KUMAR,"Himachal Pradesh, India",AWARDED,6.916666666666667,0,0,OPEN_TENDER,EXECUTIVE OFFICER MC SOLAN,HIMACHAL_PRADESH,https://hptenders.gov.in/,1,SYNTH-INJ-00383,Proprietary Model APEX-X900 patented optical sensor system with custom firmware 4.2.1 exclusive to Apex Systems.,Apex Systems APEX-X900 patented optical sensor system with custom firmware 4.2.1.
2017_PWD_18448_1,2017_PWD_18448_1,EXECUTIVE ENGINEER DHAMI,Himachal Pradesh State Government,HIMACHAL PRADESH,Dhami,Dhami,works,Construction of link road from Gharatnallaha to Kangri Pherneot via Banshva km 0/000 to 1/600,"SH Formation cutting 5/7 mtr wide in km i/c Retaining walls, RCC hume pipe culvert,Unlined drain,Kharanja stone soling and dumping site in km 0/000 to 1/600",2017-09-27 11:45:00,2017-10-06 17:00:00,2017-10-06 17:00:00,2017-09-27,5171272.0,5021180.0,INR,4,DINESH CHAUHAN,ENT-SUP-C7D3490382,DINESH CHAUHAN,"Himachal Pradesh, India",AWARDED,9.21875,0,0,OPEN_TENDER,EXECUTIVE ENGINEER DHAMI,HIMACHAL_PRADESH,https://hptenders.gov.in/,0,SYNTH-CTRL-00384,,
2020_HPIPH_34552_1,2020_HPIPH_34552_1,EXECUTIVE ENGINEER IRRIGATION AND PUBLIC HEALTH DIVISION ARKI,Himachal Pradesh State Government,HIMACHAL PRADESH,Arki,Arki,works,Providing LWSS to PC habitation in Arki Constituency from Gambar khad in Tehsil Arki Distt. Solan (HP),"Construction of percolation well 1 No., RCC sump well 1 No, Pump house cum attendant qtr. 1 No., C/O RCC main storage tank 2 Nos., C/O RCC sector storage tank 7 Nos., Providing laying an jointing API X-70L-485 150mm dia Main stage and 200mm dia",2020-02-04 11:00:00,2020-02-17 17:00:00,2020-02-17 17:00:00,2020-02-04,108823725.0,160386785.27,INR,1,A V RAMBABU INFRASTRUCTURE PRIVATE LIMITED,ENT-SUP-273966E5B9,A V RAMBABU INFRASTRUCTURE PRIVATE LIMITED,"Himachal Pradesh, India",AWARDED,13.25,0,0,OPEN_TENDER,EXECUTIVE ENGINEER IRRIGATION AND PUBLIC HEALTH DIVISION ARKI,HIMACHAL_PRADESH,https://hptenders.gov.in/,1,SYNTH-INJ-00385,,
2017_PWD_15698_1,2017_PWD_15698_1,EXECUTIVE ENGINEER UNA DIVISION HIMACHAL PRADESH PUBLIC WORKS DEPARTMENT UNA,Himachal Pradesh State Government,HIMACHAL PRADESH,Una,Una,works,Job 23 C.O 2 Nos. Rooms at GSSS lower Dehlan Una,Job 23 C.O 2 Nos. Rooms at GSSS lower Dehlan Una,2017-04-05 10:30:00,2017-04-17 17:00:00,2017-04-17 17:00:00,2017-04-05,1209408.0,1118743.31,INR,2,ARPIT PRASHAR,ENT-SUP-0BB23B6F10,ARPIT PRASHAR,"Himachal Pradesh, India",AWARDED,12.270833333333334,0,0,OPEN_TENDER,EXECUTIVE ENGINEER UNA DIVISION HIMACHAL PRADESH PUBLIC WORKS DEPARTMENT UNA,HIMACHAL_PRADESH,https://hptenders.gov.in/,0,SYNTH-CTRL-00386,,
2018_PWD_19817_10,2018_PWD_19817_10,EXECUTIVE ENGINEER,Himachal Pradesh State Government,HIMACHAL PRADESH,Salooni,Salooni,works,Periodic Maintenance of Lachori to Salwan road (DRRP No. HP0201VR0046) under AMP for the Year 2018-2019,Providing renewal coat with bituminous concrete K.M. 7/0 to 8/0 and 8/0 to 9/0,2018-03-01 10:00:00,2018-03-22 11:00:00,2018-03-22 11:00:00,2018-03-01,5008252.98,4910051.94,INR,2,MS R K MAHAJAN,ENT-SUP-437BBDF24C,MS R K MAHAJAN,"Himachal Pradesh, India",AWARDED,21.041666666666668,0,0,OPEN_TENDER,EXECUTIVE ENGINEER,HIMACHAL_PRADESH,https://hptenders.gov.in/,1,SYNTH-INJ-00387,,
2017_PWD_17732_2,2017_PWD_17732_2,EXECUTIVE ENGINEER KALPA DIVISION,Himachal Pradesh State Government,HIMACHAL PRADESH,Rekong Peo,Rekong Peo,works,"C/O Duty room, store and Garrage for Q.R. Home Guard at R/Peo in Distt. Kinnaur HP SH- Building portion WS and SI works and septic Tank","C/O Duty room, store and Garrage for Q.R. Home Guard at R/Peo in Distt. Kinnaur HP SH- Building portion WS and SI works and septic Tank",2017-08-21 13:20:00,2017-08-30 17:30:00,2017-08-30 17:30:00,2017-08-21,3540863.0,5116465.0,INR,3,SOHAN SINGH NEGI CONTRACTOR,ENT-SUP-FB1A45A20F,SOHAN SINGH NEGI CONTRACTOR,"Himachal Pradesh, India",AWARDED,9.17361111111111,0,0,OPEN_TENDER,EXECUTIVE ENGINEER KALPA DIVISION,HIMACHAL_PRADESH,https://hptenders.gov.in/,0,SYNTH-CTRL-00388,,
2018_HPIPH_23848_1,2018_HPIPH_23848_1,EXECUTIVE ENGINEER,Himachal Pradesh State Government,HIMACHAL PRADESH,Palampur,Palampur,works,"Construction of flow irrigation scheme Neuhal kuhl gram panchayat Bharwana, Biara and Agojar in Tehsil Palampur District Kangra",Construction of reinforce cement cement concrete channel from RD 1400 0 to 425,2018-09-28 18:00:00,2018-10-16 11:00:00,2018-10-16 11:00:00,2018-09-28,767515.0,762510.0,INR,6,COLLUSIVE_FAVORITE_ENTERPRISE,ENT-SUP-COLLUSIVE-999,COLLUSIVE_FAVORITE_ENTERPRISE,"Himachal Pradesh, India",AWARDED,17.708333333333332,0,0,OPEN_TENDER,EXECUTIVE ENGINEER,HIMACHAL_PRADESH,https://hptenders.gov.in/,1,SYNTH-INJ-00389,,
2018_PWD_21546_6,2018_PWD_21546_6,EXECUTIVE ENGINEER HP PUBLIC WORKS DEPARTMENT DIVISION KANGRA,Himachal Pradesh State Government,HIMACHAL PRADESH,Items,Items,works,C/O link road Rajiana Churan Surani Jhang road,C/O link road Rajiana Churan Surani Jhang road,2018-06-14 10:00:00,2018-07-09 11:00:00,2018-07-09 11:00:00,2018-06-14,546969.0,546261.2,INR,6,NEERAJ,ENT-SUP-6D91D57C13,NEERAJ,"Himachal Pradesh, India",AWARDED,25.041666666666668,0,0,OPEN_TENDER,EXECUTIVE ENGINEER HP PUBLIC WORKS DEPARTMENT DIVISION KANGRA,HIMACHAL_PRADESH,https://hptenders.gov.in/,0,SYNTH-CTRL-00390,,
2018_HPIPH_21327_1,2018_HPIPH_21327_1,ER MOHD ARSHAD REHMAN,Himachal Pradesh State Government,HIMACHAL PRADESH,Nohradhar,Nohradhar,works,Operation and General Running of LWSS Chaloga Bias in GP Kathli Bharan Tehsil Rajgarh Distt. Sirmour H.P.,Operation and General Running of LWSS Chaloga Bias in GP Kathli Bharan Tehsil Rajgarh Distt. Sirmour H.P.,2018-05-28 17:00:00,2018-06-18 09:00:00,2018-06-18 09:00:00,2018-05-28,682271.0,865000.0,INR,7,RANJEET SINGH,ENT-SUP-DB45F4C5F4,RANJEET SINGH,"Himachal Pradesh, India",AWARDED,20.666666666666668,3,180,OPEN_TENDER,ER MOHD ARSHAD REHMAN,HIMACHAL_PRADESH,https://hptenders.gov.in/,1,SYNTH-INJ-00391,,
2017_BBNDA_16946_1,2017_BBNDA_16946_1,EXECUTIVE ENGINEER BBNDA BADDI,Himachal Pradesh State Government,HIMACHAL PRADESH,NALAGARH,NALAGARH,works,"C/O LINK ROAD FROM SC BASTI GURDASPURA SHAMSHER SINGH HOUSE TO SH BUDHI RAM HOUSE RD 0/0 TO 0/500,C/O ROAD FROM RAMPUR GUJJRAN MIDDLE SCHOOL TO HAIJAN VASS RAMPURA RD 0/0 TO 1/200,C/O ROAD FROM KATIRADU MAJRA TALAB TO KALIBARI RD 0/0 TO 0/500 ETC.","C/O LINK ROAD FROM SC BASTI GURDASPURA SHAMSHER SINGH HOUSE TO SH BUDHI RAM HOUSE RD 0/0 TO 0/500,C/O ROAD FROM RAMPUR GUJJRAN MIDDLE SCHOOL TO HAIJAN VASS RAMPURA RD 0/0 TO 1/200,C/O ROAD FROM KATIRADU MAJRA TALAB TO KALIBARI RD 0/0 TO 0/500 ETC.",2017-06-26 11:00:00,2017-07-08 17:00:00,2017-07-08 17:00:00,2017-06-26,3096608.0,2832162.0,INR,6,SANJEEV KUMAR GOVERNMENT CONTRACTOR,ENT-SUP-82B7B90E66,SANJEEV KUMAR GOVERNMENT CONTRACTOR,"Himachal Pradesh, India",AWARDED,12.25,0,0,OPEN_TENDER,EXECUTIVE ENGINEER BBNDA BADDI,HIMACHAL_PRADESH,https://hptenders.gov.in/,0,SYNTH-CTRL-00392,,
2018_PWD_19815_1,2018_PWD_19815_1,EXECUTIVE ENGINEER,Himachal Pradesh State Government,HIMACHAL PRADESH,Bilaspur,Bilaspur,works,Providing periodical maintenance of various roads In NBT Main Market Bilaspur.,Providing periodical maintenance of various roads In NBT Main Market Bilaspur.,2018-02-28 16:05:00,2018-03-04 16:05:00,2018-03-12 10:30:00,2018-02-28,1106881.0,1329489.0,INR,4,VASU DEV SHARMA,ENT-SUP-24FE01CC09,VASU DEV SHARMA,"Himachal Pradesh, India",AWARDED,4.0,0,0,OPEN_TENDER,EXECUTIVE ENGINEER,HIMACHAL_PRADESH,https://hptenders.gov.in/,1,SYNTH-INJ-00393,,
KAR-KA-2021-01081,REF-KAR-KA-2021-01081,BRUHAT BENGALURU MAHANAGARA PALIKE BBMP,KARNATAKA State Government,KARNATAKA,Central District,"KARNATAKA, India",Medical Equipment & Consumables,Procurement of medical equipment & consumables for BRUHAT BENGALURU MAHANAGARA PALIKE BBMP,Official public tender for supply of medical equipment & consumables under standard KARNATAKA state procurement guidelines.,2021-08-14 00:00:00,2021-08-28 00:00:00,2021-08-29 00:00:00,2021-09-12,177438155.86,204053879.24,INR,1,AHLUWALIA CONTRACTS INDIA LIMITED,ENT-SUP-28AFE50D95,AHLUWALIA CONTRACTS INDIA LIMITED,"KARNATAKA, India",AWARDED,14.0,0,0,OPEN_TENDER,BRUHAT BENGALURU MAHANAGARA PALIKE BBMP,KARNATAKA,https://kppp.karnataka.gov.in/,0,SYNTH-CTRL-00394,,
2018_HO_20307_1-1197,2018_HO_20307_1-1197,MD HPSCSC LTD,Himachal Pradesh State Government,HIMACHAL PRADESH,KINDLY REFER TO UPLOADED DOCUMENT,KINDLY REFER TO UPLOADED DOCUMENT,goods,SUPPLY OF AYURVEDIC MEDICINES TO H.P. GOVT. HEALTH INSTITUTIONS UNDER CENTRALLY SPONSORED SCHEME OF GOVERNMENT OF INDIA FOR THE TENDER YEAR 2017-18,SUPPLY OF AYURVEDIC MEDICINES TO H.P. GOVT. HEALTH INSTITUTIONS UNDER CENTRALLY SPONSORED SCHEME OF GOVERNMENT OF INDIA FOR THE TENDER YEAR 2017-18,2018-03-22 11:00:00,2018-04-11 17:00:00,2018-04-11 17:00:00,2018-03-22,12000000.0,19902097.66,INR,9,SUVAPV,ENT-SUP-7B5C876EC2,SUVAPV,"Himachal Pradesh, India",AWARDED,20.25,0,0,OPEN_TENDER,MD HPSCSC LTD,HIMACHAL_PRADESH,https://hptenders.gov.in/,1,SYNTH-INJ-00395,,
2017_PWD_15933_2,2017_PWD_15933_2,EXECUTIVE ENGINEER SHILLAI,Himachal Pradesh State Government,HIMACHAL PRADESH,Shillai,Shillai,works,Periodical renewal on from Amboya to Nagheta PBAT road Km 16/0 to 34/0 under Annual Maintenance Plan for the rural road for the year 2017-18,Providing renewal coat in Km2/0 to 3/0,2017-04-21 15:00:00,2017-05-08 17:00:00,2017-05-08 17:00:00,2017-04-21,685752.0,759757.0,INR,4,NAKUL CHAUHAN,ENT-SUP-208B442148,NAKUL CHAUHAN,"Himachal Pradesh, India",AWARDED,17.083333333333332,0,0,OPEN_TENDER,EXECUTIVE ENGINEER SHILLAI,HIMACHAL_PRADESH,https://hptenders.gov.in/,0,SYNTH-CTRL-00396,,
2018_PWD_20212_1,2018_PWD_20212_1,EXECUTIVE ENGINEE,Himachal Pradesh State Government,HIMACHAL PRADESH,Bangana,Bangana,works,Periodical maintenance of Baba Rudru Dhamandri road SH Providing and laying 25mm thick semi dense bituminous concrete including profile correction in Km 5000 to 7500 Periodical maintenance of Dangoli Kuriyala via Dangera road SH Providing and laying,Periodical maintenance of Baba Rudru Dhamandri road SH Providing and laying 25mm thick semi dense bituminous concrete including profile correction in Km 5000 to 7500 Periodical maintenance of Dangoli Kuriyala via Dangera road SH Providing and laying,2018-03-19 11:30:00,2018-03-24 17:00:00,2018-03-24 17:00:00,2018-03-19,2464238.0,2453157.0,INR,3,M S SATISH KUMAR SHARMA,ENT-SUP-B6F3C32846,M S SATISH KUMAR SHARMA,"Himachal Pradesh, India",AWARDED,5.229166666666667,0,0,OPEN_TENDER,EXECUTIVE ENGINEE,HIMACHAL_PRADESH,https://hptenders.gov.in/,1,SYNTH-INJ-00397,Proprietary Model APEX-X900 patented optical sensor system with custom firmware 4.2.1 exclusive to Apex Systems.,Apex Systems APEX-X900 patented optical sensor system with custom firmware 4.2.1.
2017_HPIPH_16506_2,2017_HPIPH_16506_2,EXECUTIVE ENGINEER IRRIGATION AND PUBLIC HEALTH DIVISION MANDI,Himachal Pradesh State Government,HIMACHAL PRADESH,IPH DIVISION MANDI,IPH DIVISION MANDI,works,"PWSS to Harizan Basti Lagdhar Tehsil Sadar Distt Mandi HP. SH Development of Site for C O Civil works, C O Source intake chamber with sanitary protection, C O RCC Circular storage tank 13600 ltr cap dism of GI pipe 32mm dia 100 Rmt., 20mm dia 62","PWSS to Harizan Basti Lagdhar Tehsil Sadar Distt Mandi HP. SH Development of Site for C O Civil works, C O Source intake chamber with sanitary protection, C O RCC Circular storage tank 13600 ltr cap dism of GI pipe 32mm dia 100 Rmt., 20mm dia 62",2017-05-23 17:00:00,2017-06-12 17:00:00,2017-06-12 17:00:00,2017-05-23,714114.0,558301.0,INR,4,GULZARI LAL,ENT-SUP-F52821223D,GULZARI LAL,"Himachal Pradesh, India",AWARDED,20.0,0,0,OPEN_TENDER,EXECUTIVE ENGINEER IRRIGATION AND PUBLIC HEALTH DIVISION MANDI,HIMACHAL_PRADESH,https://hptenders.gov.in/,0,SYNTH-CTRL-00398,,
2017_PWD_17912_1,2017_PWD_17912_1,EXECUTIVE ENGINEER,Himachal Pradesh State Government,HIMACHAL PRADESH,Ghumarwin,Ghumarwin,works,Dohru Maryani road,Road work,2017-08-31 14:00:00,2017-09-20 10:00:00,2017-09-20 10:00:00,2017-08-31,25423528.0,34147195.0,INR,1,MANOHAR LAL GOVT CONT,ENT-SUP-1AB3A02775,MANOHAR LAL GOVT CONT,"Himachal Pradesh, India",AWARDED,19.83333333333333,0,0,OPEN_TENDER,EXECUTIVE ENGINEER,HIMACHAL_PRADESH,https://hptenders.gov.in/,1,SYNTH-INJ-00399,,
2018_PWD_19772_12,2018_PWD_19772_12,EXECUTIVE ENGINEER SHILLAI,Himachal Pradesh State Government,HIMACHAL PRADESH,EE Shillai,EE Shillai,works,Periodical renewal on Link road to village Shillai under Annual Maintenance Plan for Rural road ( other than PMGSY) for the year 2018-19,Providing and laying renewal coat in Km 0/00 to 1/500 and PCC road side drain,2018-03-01 15:00:00,2018-03-28 17:00:00,2018-03-28 17:00:00,2018-03-01,1179994.0,1474622.0,INR,15,GEETA RAM,ENT-SUP-97FE4AB877,GEETA RAM,"Himachal Pradesh, India",AWARDED,27.08333333333333,0,0,OPEN_TENDER,EXECUTIVE ENGINEER SHILLAI,HIMACHAL_PRADESH,https://hptenders.gov.in/,0,SYNTH-CTRL-00400,,
2017_PWD_16960_3,2017_PWD_16960_3,EXECUTIVE ENGINEER JUBBAL,Himachal Pradesh State Government,HIMACHAL PRADESH,Jubbal,Jubbal,works,Providing Periodical Maintenance to Kalbog Chuila Road Km 3/0 to 6/0 under Kalbog Sub Division,SH Providing Renewal Coat with 25mm thick Bitumenious Concrete in Km 3/0 to 6/0,2017-06-22 16:30:00,2017-07-03 18:00:00,2017-07-03 18:00:00,2017-06-22,4861993.25,4766660.05,INR,1,RAVINDER CHAUHAN,ENT-SUP-48EFFFA781,RAVINDER CHAUHAN,"Himachal Pradesh, India",AWARDED,11.0625,0,0,OPEN_TENDER,EXECUTIVE ENGINEER JUBBAL,HIMACHAL_PRADESH,https://hptenders.gov.in/,1,SYNTH-INJ-00401,,
2018_HPIPH_21651_1,2018_HPIPH_21651_1,EXECUTIVE ENGINEER IRRIGATION AND PUBLIC HEALTH DIVISION THURAL,Himachal Pradesh State Government,HIMACHAL PRADESH,Imp. Extension of LIS Lambagon in Tehsil Jaising,Imp. Extension of LIS Lambagon in Tehsil Jaising,works,"Imp. Extension of LIS Lambagon in Tehsil Jaisinghpur Distt. Kangra. HP S,Head C,O. Delivery Tank, Out let, Road X,ing, Foot Path, C,o. P,well Colection Tank , P,L,Exc, L,J testing of MSERW pipe for R,main S,E. of P,mach, L,J. of D/system","Imp. Extension of LIS Lambagon in Tehsil Jaisinghpur Distt. Kangra. HP S,Head C,O. Delivery Tank, Out let, Road X,ing, Foot Path, C,o. P,well Colection Tank , P,L,Exc, L,J testing of MSERW pipe for R,main S,E. of P,mach, L,J. of D/system",2018-06-14 17:00:00,2018-06-29 17:00:00,2018-06-29 17:00:00,2018-06-14,7188850.0,8876082.05,INR,2,SANJEEV,ENT-SUP-42A2348F27,SANJEEV,"Himachal Pradesh, India",AWARDED,15.0,0,0,OPEN_TENDER,EXECUTIVE ENGINEER IRRIGATION AND PUBLIC HEALTH DIVISION THURAL,HIMACHAL_PRADESH,https://hptenders.gov.in/,0,SYNTH-CTRL-00402,,
2017_UDDHP_15839_1,2017_UDDHP_15839_1,EXECUTIVE OFFICER MC SOLAN,Himachal Pradesh State Government,HIMACHAL PRADESH,MC Solan,MC Solan,works,Construction of R wall near the house of SS Panwar on Damrog road Ward No 10,Construction of R wall near the house of SS Panwar on Damrog road Ward No 10,2017-04-19 16:00:00,2017-04-26 18:00:00,2017-04-26 18:00:00,2017-04-19,134343.0,209991.0,INR,3,COLLUSIVE_FAVORITE_ENTERPRISE,ENT-SUP-COLLUSIVE-999,COLLUSIVE_FAVORITE_ENTERPRISE,"Himachal Pradesh, India",AWARDED,7.083333333333333,0,0,OPEN_TENDER,EXECUTIVE OFFICER MC SOLAN,HIMACHAL_PRADESH,https://hptenders.gov.in/,1,SYNTH-INJ-00403,,
2018_PWD_19740_6,2018_PWD_19740_6,EXECUTIVE ENGINEER DIVISION NO I HIMACHAL PRADESH PUBLIC WORKS DEPARTMENT SHIMLA 3,Himachal Pradesh State Government,HIMACHAL PRADESH,Shimla,Shimla,works,Annual surfacing on Nauti to Gumma road km 0/00 to 7/195 (Village road),SH Annual surfacing with Bitumen concrete 25mm thick in km 6/00 to 7/195)(Under AMP-2018-19),2018-03-06 18:00:00,2018-03-19 16:00:00,2018-03-19 16:00:00,2018-03-06,1143630.0,1312515.0,INR,6,LOV VIJ GOVERNMENT CONTRACTOR,ENT-SUP-D59012F952,LOV VIJ GOVERNMENT CONTRACTOR,"Himachal Pradesh, India",AWARDED,12.916666666666666,0,0,OPEN_TENDER,EXECUTIVE ENGINEER DIVISION NO I HIMACHAL PRADESH PUBLIC WORKS DEPARTMENT SHIMLA 3,HIMACHAL_PRADESH,https://hptenders.gov.in/,0,SYNTH-CTRL-00404,,
2016_PWD_13904_1,2016_PWD_13904_1,EXECUTIVE ENGINEER,Himachal Pradesh State Government,HIMACHAL PRADESH,Dhami,Dhami,works,Construction of ITI Jalog Tehsil sunni District Shimla H.P.,"SH- Construction of building portion, WS and SI, Site Development, Rain harvesting tank, septic tank etc.",2016-12-12 15:30:00,2017-01-04 17:00:00,2017-01-04 17:00:00,2016-12-12,28857424.0,35473489.0,INR,2,RATTAN LAL SHARMA,ENT-SUP-201D2ACF0B,RATTAN LAL SHARMA,"Himachal Pradesh, India",AWARDED,23.0625,3,180,OPEN_TENDER,EXECUTIVE ENGINEER,HIMACHAL_PRADESH,https://hptenders.gov.in/,1,SYNTH-INJ-00405,,
2018_PWD_20123_1,2018_PWD_20123_1,EXECUTIVE ENGINEER UNA DIVISION HIMACHAL PRADESH PUBLIC WORKS DEPARTMENT UNA,Himachal Pradesh State Government,HIMACHAL PRADESH,Una,Una,works,6 Annual surfacing link road Ispur Labana Majra road km. 0-0 to 1-0 and Panjawar Bathri road to Ispur Har Sainian km 1-0 to 1-700 HP-1203 VR0087 and VR0081 Under State Head,6 Annual surfacing link road Ispur Labana Majra road km. 0-0 to 1-0 and Panjawar Bathri road to Ispur Har Sainian km 1-0 to 1-700 HP-1203 VR0087 and VR0081 Under State Head,2018-03-15 10:30:00,2018-03-21 17:00:00,2018-03-21 17:00:00,2018-03-15,1174795.0,1157973.0,INR,3,M S SATISH KUMAR SHARMA,ENT-SUP-B6F3C32846,M S SATISH KUMAR SHARMA,"Himachal Pradesh, India",AWARDED,6.270833333333333,0,0,OPEN_TENDER,EXECUTIVE ENGINEER UNA DIVISION HIMACHAL PRADESH PUBLIC WORKS DEPARTMENT UNA,HIMACHAL_PRADESH,https://hptenders.gov.in/,0,SYNTH-CTRL-00406,,
MAH-MA-2021-01264,REF-MAH-MA-2021-01264,PUBLIC HEALTH DEPT MUMBAI,MAHARASHTRA State Government,MAHARASHTRA,Central District,"MAHARASHTRA, India",Electrical & Mechanical,Procurement of electrical & mechanical for PUBLIC HEALTH DEPT MUMBAI,Official public tender for supply of electrical & mechanical under standard MAHARASHTRA state procurement guidelines.,2020-03-29 00:00:00,2020-04-02 00:00:00,2020-04-29 00:00:00,2020-05-13,343580524.93,463833708.66,INR,5,VANGUARD POWER SERVICES,ENT-SUP-FBE5090586,VANGUARD POWER SERVICES,"MAHARASHTRA, India",AWARDED,4.0,0,0,OPEN_TENDER,PUBLIC HEALTH DEPT MUMBAI,MAHARASHTRA,https://mahatenders.gov.in/,1,SYNTH-INJ-00407,,
2018_PWD_18997_1,2018_PWD_18997_1,EXECUTIVE ENGINEER,Himachal Pradesh State Government,HIMACHAL PRADESH,JAWALI,JAWALI,works,Periodic maintenance of Upgradation of Lab to Jounta road km. 0/0 to 3/500 under performance based financial incentive for 2016-17 PMGSY road ( Package No. HP-04-84),Providing and laying 25mm thick bitumenous concrete in km. 13/0 to 14/0,2018-01-03 11:00:00,2018-01-27 10:00:00,2018-01-27 10:00:00,2018-01-03,772570.0,717796.0,INR,5,RAKESH MAHAJAN GOVERNMENT CONTRACTOR,ENT-SUP-6BFB4F8525,RAKESH MAHAJAN GOVERNMENT CONTRACTOR,"Himachal Pradesh, India",AWARDED,23.95833333333333,0,0,OPEN_TENDER,EXECUTIVE ENGINEER,HIMACHAL_PRADESH,https://hptenders.gov.in/,0,SYNTH-CTRL-00408,,
KAR-KA-2021-01125,REF-KAR-KA-2021-01125,KARNATAKA RURAL INFRASTRUCTURE,KARNATAKA State Government,KARNATAKA,Central District,"KARNATAKA, India",Electrical & Mechanical,Procurement of electrical & mechanical for KARNATAKA RURAL INFRASTRUCTURE,Official public tender for supply of electrical & mechanical under standard KARNATAKA state procurement guidelines.,2019-04-20 00:00:00,2019-04-24 00:00:00,2019-04-25 00:00:00,2019-05-09,18252014.73,29393606.87,INR,3,DILIP BUILDCON LIMITED,ENT-SUP-55226FC7C8,DILIP BUILDCON LIMITED,"KARNATAKA, India",AWARDED,4.0,1,0,OPEN_TENDER,KARNATAKA RURAL INFRASTRUCTURE,KARNATAKA,https://kppp.karnataka.gov.in/,1,SYNTH-INJ-00409,,
CEN-CE-2021-01111,REF-CEN-CE-2021-01111,DEFENCE RESEARCH DEVELOPMENT ORG,Government of India,CENTRAL,Central District,"CENTRAL, India",Consultancy & Facility Management,Procurement of consultancy & facility management for DEFENCE RESEARCH DEVELOPMENT ORG,Official public tender for supply of consultancy & facility management under standard CENTRAL state procurement guidelines.,2021-01-27 00:00:00,2021-02-26 00:00:00,2021-02-27 00:00:00,2021-03-13,4900454.21,4312399.7,INR,2,SHREE BALAJI ENTERPRISE,ENT-SUP-CA68E614E4,SHREE BALAJI ENTERPRISE,"CENTRAL, India",AWARDED,30.0,1,0,OPEN_TENDER,DEFENCE RESEARCH DEVELOPMENT ORG,CENTRAL_CPPP,https://eprocure.gov.in/cppp/,0,SYNTH-CTRL-00410,,
2017_PWD_15938_1,2017_PWD_15938_1,EXECUTIVE ENGINEER,Himachal Pradesh State Government,HIMACHAL PRADESH,Dharamshala,Dharamshala,works,Annual maintenance of PMGSY roads for the year 2017-18 in respect of HP PWD Division Dharamshala Distt. Kangra H.P,Sub Head Periodic maintenance of (i) Nagrota Bhatti road to village Ghorab Bhadreher Km 0/00 to 1/00 (ii) link road to village Matehar Km 0/00 to 0/500,2017-04-20 15:30:00,2017-05-08 11:00:00,2017-05-08 11:00:00,2017-04-20,943718.0,1163007.0,INR,2,P SINGH,ENT-SUP-30FA012CEE,P SINGH,"Himachal Pradesh, India",AWARDED,17.8125,0,0,OPEN_TENDER,EXECUTIVE ENGINEER,HIMACHAL_PRADESH,https://hptenders.gov.in/,1,SYNTH-INJ-00411,Proprietary Model APEX-X900 patented optical sensor system with custom firmware 4.2.1 exclusive to Apex Systems.,Apex Systems APEX-X900 patented optical sensor system with custom firmware 4.2.1.
2017_HIMUD_17456_1,2017_HIMUD_17456_1,EXECUTIVE ENGINEER,Himachal Pradesh State Government,HIMACHAL PRADESH,Bhoranj,Bhoranj,works,Govt. Industrial Training Institute at Bhoranj Distt. Hamirpur HP SH Construction of additional work for existing Block of Govt. I.T.I. at Bhoranj Distt. Hamirpur HP,Govt. Industrial Training Institute at Bhoranj Distt. Hamirpur HP SH Construction of additional work for existing Block of Govt. I.T.I. at Bhoranj Distt. Hamirpur HP,2017-07-28 17:00:00,2017-08-09 17:00:00,2017-08-09 17:00:00,2017-07-28,5181411.0,5744190.61,INR,3,NARAIN DASS NAIK,ENT-SUP-7827D047D9,NARAIN DASS NAIK,"Himachal Pradesh, India",AWARDED,12.0,0,0,OPEN_TENDER,EXECUTIVE ENGINEER,HIMACHAL_PRADESH,https://hptenders.gov.in/,0,SYNTH-CTRL-00412,,
2017_UDDHP_17267_1,2017_UDDHP_17267_1,EXECUTIVE ENGINEER,Himachal Pradesh State Government,HIMACHAL PRADESH,dharamshala,dharamshala,works,Construction of path from Electercity Complaint office to Harbans Lal Ward no 13,Construction of path from Electercity Complaint office to Harbans Lal Ward no 13,2017-07-15 17:00:00,2017-07-27 11:00:00,2017-07-27 11:00:00,2017-07-15,627319.0,1305000.0,INR,1,VIKAS,ENT-SUP-4F0586E985,VIKAS,"Himachal Pradesh, India",AWARDED,11.75,0,0,OPEN_TENDER,EXECUTIVE ENGINEER,HIMACHAL_PRADESH,https://hptenders.gov.in/,1,SYNTH-INJ-00413,,
UTT-UT-2021-01112,REF-UTT-UT-2021-01112,UP STATE HIGHWAY AUTHORITY,UTTAR PRADESH State Government,UTTAR PRADESH,Central District,"UTTAR PRADESH, India",Consultancy & Facility Management,Procurement of consultancy & facility management for UP STATE HIGHWAY AUTHORITY,Official public tender for supply of consultancy & facility management under standard UTTAR PRADESH state procurement guidelines.,2020-09-25 00:00:00,2020-10-25 00:00:00,2020-10-26 00:00:00,2020-11-09,16238031.2,14289467.45,INR,1,GUPTA AND SONS CONTRACTOR,ENT-SUP-7A3AE215B9,GUPTA AND SONS CONTRACTOR,"UTTAR PRADESH, India",AWARDED,30.0,0,0,OPEN_TENDER,UP STATE HIGHWAY AUTHORITY,UTTAR_PRADESH,https://etender.up.nic.in/,0,SYNTH-CTRL-00414,,
2018_HPIPH_25167_1,2018_HPIPH_25167_1,EXECUTIVE ENGINEER,Himachal Pradesh State Government,HIMACHAL PRADESH,Tehsil Fatehpur,Tehsil Fatehpur,works,Redrilling Improvement of 9 No Tubewell in Nurpur area Now Fatehpur area in Tehsil Fatehpur Distt Kangra HP Sub Head Supply and erection of submersible pumping machinery with allied accessories providing laying jointing and testing of Rising Main,Redrilling Improvement of 9 No Tubewell in Nurpur area Now Fatehpur area in Tehsil Fatehpur Distt Kangra HP Sub Head Supply and erection of submersible pumping machinery with allied accessories providing laying jointing and testing of Rising Main,2018-12-07 17:00:00,2018-12-20 11:00:00,2018-12-20 11:00:00,2018-12-07,5054983.25,4955865.93,INR,5,SADEEP KUMAR,ENT-SUP-26632A9FC2,SADEEP KUMAR,"Himachal Pradesh, India",AWARDED,12.75,0,0,OPEN_TENDER,EXECUTIVE ENGINEER,HIMACHAL_PRADESH,https://hptenders.gov.in/,1,SYNTH-INJ-00415,,
MAH-MA-2021-01248,REF-MAH-MA-2021-01248,MMRDA URBAN TRANSPORT,MAHARASHTRA State Government,MAHARASHTRA,Central District,"MAHARASHTRA, India",Information Technology & Software,Procurement of information technology & software for MMRDA URBAN TRANSPORT,Official public tender for supply of information technology & software under standard MAHARASHTRA state procurement guidelines.,2021-07-29 00:00:00,2021-08-12 00:00:00,2021-08-13 00:00:00,2021-08-27,7891799.12,10653928.82,INR,2,NCC LIMITED INFRASTRUCTURE,ENT-SUP-0DFD916C8B,NCC LIMITED INFRASTRUCTURE,"MAHARASHTRA, India",AWARDED,14.0,0,0,OPEN_TENDER,MMRDA URBAN TRANSPORT,MAHARASHTRA,https://mahatenders.gov.in/,0,SYNTH-CTRL-00416,,
2017_HPIPH_15020_1,2017_HPIPH_15020_1,EXECUTIVE ENGINEER,Himachal Pradesh State Government,HIMACHAL PRADESH,Nalagarh,Nalagarh,works,Providing LWSS to PC habitation Okhoo Panjli in Tehsil Nalagarh Distt Solan HP Sub Head Development of civil structures construction of retaining wall breast wall for protection of civil structures construction of 2 Nos pump houses cum attendant quar,Sub Head Development of civil structures construction of retaining wall breast wall for protection of civil structures construction of 2 Nos pump houses cum attendant quarters for 1st and 2nd stage and fencing work etc.,2017-02-22 11:00:00,2017-03-17 11:00:00,2017-03-17 11:00:00,2017-02-22,2077172.0,2202510.0,INR,2,COLLUSIVE_FAVORITE_ENTERPRISE,ENT-SUP-COLLUSIVE-999,COLLUSIVE_FAVORITE_ENTERPRISE,"Himachal Pradesh, India",AWARDED,23.0,0,0,OPEN_TENDER,EXECUTIVE ENGINEER,HIMACHAL_PRADESH,https://hptenders.gov.in/,1,SYNTH-INJ-00417,,
2018_FDC_19560_1,2018_FDC_19560_1,DIVISIONAL MANAGER,Himachal Pradesh State Government,HIMACHAL PRADESH,"Chowai Range,2-29 Alahtu","Chowai Range,2-29 Alahtu",works,"03-2018-19 Ani, Extraction and carriage of Timber and Fuelwood upto RSD Khanairnala and further TT timber to HSD Baddi",Extraction and carriage of timber and Fuelwood,2018-02-16 10:00:00,2018-02-21 11:00:00,2018-02-21 11:00:00,2018-02-16,1572316.0,1842760.0,INR,1,RAM LAL,ENT-SUP-5A446167E6,RAM LAL,"Himachal Pradesh, India",AWARDED,5.041666666666667,0,0,OPEN_TENDER,DIVISIONAL MANAGER,HIMACHAL_PRADESH,https://hptenders.gov.in/,0,SYNTH-CTRL-00418,,
2017_PWD_16911_8,2017_PWD_16911_8,EXECUTIVE ENGINEER NH NAHAN,Himachal Pradesh State Government,HIMACHAL PRADESH,Nahan,Nahan,works,Ordinary repair to Paonta Rajban Sataun Shillai Hatkoti road on NH 72 B (New No 707) Km 0/0 to 106/120 (SH Providing white washing from Km 0/0 to 65/0 i.e Badripur Chowk to Shillai),Ordinary repair to Paonta Rajban Sataun Shillai Hatkoti road on NH 72 B (New No 707) Km 0/0 to 106/120 (SH Providing white washing from Km 0/0 to 65/0 i.e Badripur Chowk to Shillai),2017-06-21 11:30:00,2017-07-12 10:30:00,2017-07-12 10:30:00,2017-06-21,182648.0,149579.0,INR,8,MANJEET SINGH CONTRACTOR,ENT-SUP-2A26969AD1,MANJEET SINGH CONTRACTOR,"Himachal Pradesh, India",AWARDED,20.95833333333333,3,180,OPEN_TENDER,EXECUTIVE ENGINEER NH NAHAN,HIMACHAL_PRADESH,https://hptenders.gov.in/,1,SYNTH-INJ-00419,,
2017_HPIPH_17580_1,2017_HPIPH_17580_1,EXECUTIVE ENGINEER,Himachal Pradesh State Government,HIMACHAL PRADESH,Baggi,Baggi,works,Augmentation of LWSS Tikker Behna in GP Behna Tehsil Balh Distt Mandi HP,Laying joinging and testing of GI pipe of distribution system and construction of public hydrant stand posts,2017-08-08 10:00:00,2017-08-28 17:00:00,2017-08-28 17:00:00,2017-08-08,1206330.0,698486.0,INR,7,SATISH KUMAR,ENT-SUP-398B61139B,SATISH KUMAR,"Himachal Pradesh, India",AWARDED,20.291666666666668,0,0,OPEN_TENDER,EXECUTIVE ENGINEER,HIMACHAL_PRADESH,https://hptenders.gov.in/,0,SYNTH-CTRL-00420,,
UTT-UT-2021-01101,REF-UTT-UT-2021-01101,MEDICAL HEALTH FAMILY WELFARE LUCKNOW,UTTAR PRADESH State Government,UTTAR PRADESH,Central District,"UTTAR PRADESH, India",Civil Works & Infrastructure,Procurement of civil works & infrastructure for MEDICAL HEALTH FAMILY WELFARE LUCKNOW,Official public tender for supply of civil works & infrastructure under standard UTTAR PRADESH state procurement guidelines.,2019-08-08 00:00:00,2019-08-10 00:00:00,2019-09-08 00:00:00,2019-09-22,2300821.84,2185780.75,INR,8,LARSEN AND TOUBRO CONSTRUCTION,ENT-SUP-6C6BEB7D6E,LARSEN AND TOUBRO CONSTRUCTION,"UTTAR PRADESH, India",AWARDED,2.0,1,0,OPEN_TENDER,MEDICAL HEALTH FAMILY WELFARE LUCKNOW,UTTAR_PRADESH,https://etender.up.nic.in/,1,SYNTH-INJ-00421,,
RAJ-RA-2021-01177,REF-RAJ-RA-2021-01177,JAIPUR DEVELOPMENT AUTHORITY,RAJASTHAN State Government,RAJASTHAN,Central District,"RAJASTHAN, India",Medical Equipment & Consumables,Procurement of medical equipment & consumables for JAIPUR DEVELOPMENT AUTHORITY,Official public tender for supply of medical equipment & consumables under standard RAJASTHAN state procurement guidelines.,2019-09-26 00:00:00,2019-10-17 00:00:00,2019-10-18 00:00:00,2019-11-01,16441796.83,14468781.21,INR,3,GUPTA AND SONS CONTRACTOR,ENT-SUP-7A3AE215B9,GUPTA AND SONS CONTRACTOR,"RAJASTHAN, India",AWARDED,21.0,0,0,OPEN_TENDER,JAIPUR DEVELOPMENT AUTHORITY,RAJASTHAN,https://eproc.rajasthan.gov.in/,0,SYNTH-CTRL-00422,,
2017_UDDHP_17311_1-2603,2017_UDDHP_17311_1-2603,EXECUTIVE ENGINEER DMC,Himachal Pradesh State Government,HIMACHAL PRADESH,DHARAMHSLA,DHARAMHSLA,works,"Development of park near Gorkha Bhawan Sub Head excavation, form work,cement concrete etc","Development of park near Gorkha Bhawan Sub Head excavation, form work,cement concrete etc",2017-07-17 18:00:00,2017-08-09 11:00:00,2017-08-09 11:00:00,2017-07-17,1291165.0,2064985.04,INR,2,BALWANT RANA,ENT-SUP-6E71DDAF07,BALWANT RANA,"Himachal Pradesh, India",AWARDED,22.70833333333333,0,0,OPEN_TENDER,EXECUTIVE ENGINEER DMC,HIMACHAL_PRADESH,https://hptenders.gov.in/,1,SYNTH-INJ-00423,,
2018_FDC_19129_1,2018_FDC_19129_1,DIVISIONAL MANAGER,Himachal Pradesh State Government,HIMACHAL PRADESH,Nither and Chowai range,Nither and Chowai range,goods,"Ani Unit Supply of Empty tins FOR Shamsher, Nore,Chowai",Empty Tins Supply,2018-01-12 10:00:00,2018-01-29 14:00:00,2018-01-29 14:00:00,2018-01-12,213500.0,234850.0,INR,1,CHAWLA TIN STORE,ENT-SUP-6ACF91056E,CHAWLA TIN STORE,"Himachal Pradesh, India",AWARDED,17.166666666666668,0,0,OPEN_TENDER,DIVISIONAL MANAGER,HIMACHAL_PRADESH,https://hptenders.gov.in/,0,SYNTH-CTRL-00424,,
2017_UDDHP_17049_1,2017_UDDHP_17049_1,EXECUTIVE OFFICER MC SOLAN,Himachal Pradesh State Government,HIMACHAL PRADESH,MC Solan,MC Solan,works,Const. of R.wall on Nallah near the house of Laxmi Ward No.15,Const. of R.wall on Nallah near the house of Laxmi Ward No.15,2017-06-30 12:00:00,2017-07-06 17:00:00,2017-07-06 17:00:00,2017-06-30,199975.0,302736.0,INR,4,RAMESH CHAND,ENT-SUP-33989E1897,RAMESH CHAND,"Himachal Pradesh, India",AWARDED,6.208333333333333,0,0,OPEN_TENDER,EXECUTIVE OFFICER MC SOLAN,HIMACHAL_PRADESH,https://hptenders.gov.in/,1,SYNTH-INJ-00425,Proprietary Model APEX-X900 patented optical sensor system with custom firmware 4.2.1 exclusive to Apex Systems.,Apex Systems APEX-X900 patented optical sensor system with custom firmware 4.2.1.
CEN-CE-2021-01240,REF-CEN-CE-2021-01240,MINISTRY OF HEALTH FAMILY WELFARE,Government of India,CENTRAL,Central District,"CENTRAL, India",Consultancy & Facility Management,Procurement of consultancy & facility management for MINISTRY OF HEALTH FAMILY WELFARE,Official public tender for supply of consultancy & facility management under standard CENTRAL state procurement guidelines.,2020-05-30 00:00:00,2020-06-13 00:00:00,2020-06-14 00:00:00,2020-06-28,9119873.12,12311828.71,INR,3,DILIP BUILDCON LIMITED,ENT-SUP-55226FC7C8,DILIP BUILDCON LIMITED,"CENTRAL, India",AWARDED,14.0,1,0,OPEN_TENDER,MINISTRY OF HEALTH FAMILY WELFARE,CENTRAL_CPPP,https://eprocure.gov.in/cppp/,0,SYNTH-CTRL-00426,,
RAJ-RA-2021-01028,REF-RAJ-RA-2021-01028,RAJASTHAN PUBLIC WORKS DEPARTMENT,RAJASTHAN State Government,RAJASTHAN,Central District,"RAJASTHAN, India",Consultancy & Facility Management,Procurement of consultancy & facility management for RAJASTHAN PUBLIC WORKS DEPARTMENT,Official public tender for supply of consultancy & facility management under standard RAJASTHAN state procurement guidelines.,2021-09-13 00:00:00,2021-09-27 00:00:00,2021-09-28 00:00:00,2021-10-12,11674000.93,11907480.95,INR,1,SHARMA ENGINEERING WORKS,ENT-SUP-9473B0CC3C,SHARMA ENGINEERING WORKS,"RAJASTHAN, India",AWARDED,14.0,0,0,OPEN_TENDER,RAJASTHAN PUBLIC WORKS DEPARTMENT,RAJASTHAN,https://eproc.rajasthan.gov.in/,1,SYNTH-INJ-00427,,
CEN-CE-2021-01045,REF-CEN-CE-2021-01045,CENTRAL PUBLIC WORKS DEPARTMENT,Government of India,CENTRAL,Central District,"CENTRAL, India",Consultancy & Facility Management,Procurement of consultancy & facility management for CENTRAL PUBLIC WORKS DEPARTMENT,Official public tender for supply of consultancy & facility management under standard CENTRAL state procurement guidelines.,2020-02-01 00:00:00,2020-03-02 00:00:00,2020-03-03 00:00:00,2020-03-17,11656857.64,10258034.72,INR,1,AHLUWALIA CONTRACTS INDIA LIMITED,ENT-SUP-28AFE50D95,AHLUWALIA CONTRACTS INDIA LIMITED,"CENTRAL, India",AWARDED,30.0,1,0,OPEN_TENDER,CENTRAL PUBLIC WORKS DEPARTMENT,CENTRAL_CPPP,https://eprocure.gov.in/cppp/,0,SYNTH-CTRL-00428,,
2019_DMEHP_30681_1,2019_DMEHP_30681_1,MEDICAL SUPERINTENDENT,Himachal Pradesh State Government,HIMACHAL PRADESH,SLBSGMCH Mandi at Nerchowk HP,SLBSGMCH Mandi at Nerchowk HP,services,Tender for Contract for Running Mechanized Laundry,Tender for Contract for Running Mechanized Laundry,2019-08-06 10:00:00,2019-09-04 17:00:00,2019-09-04 17:00:00,2019-08-06,4920941.1,4824452.06,INR,7,NUVISION COMMERCIAL ESCORT SERVICES,ENT-SUP-5BAE7B4B98,NUVISION COMMERCIAL ESCORT SERVICES,"Himachal Pradesh, India",AWARDED,29.291666666666668,0,0,OPEN_TENDER,MEDICAL SUPERINTENDENT,HIMACHAL_PRADESH,https://hptenders.gov.in/,1,SYNTH-INJ-00429,,
2017_MC_17869_1,2017_MC_17869_1,EXCEUTIVE ENGINEER,Himachal Pradesh State Government,HIMACHAL PRADESH,Shimla,Shimla,works,Implementation of sewerage system rehabilitation scheme for Shimla city SH Providing and laying 150mm dia sewer pipe line to providing sewerage facility for left out houses under STP Lalpani for Tara Devi area ward No 9 Part II,Implementation of sewerage system rehabilitation scheme for Shimla city SH Providing and laying 150mm dia sewer pipe line to providing sewerage facility for left out houses under STP Lalpani for Tara Devi area ward No 9 Part II,2017-08-29 10:00:00,2017-09-15 11:00:00,2017-09-15 11:00:00,2017-08-29,7485896.0,7963417.0,INR,6,HAMINDER PAL,ENT-SUP-F2B7803CF7,HAMINDER PAL,"Himachal Pradesh, India",AWARDED,17.041666666666668,0,0,OPEN_TENDER,EXCEUTIVE ENGINEER,HIMACHAL_PRADESH,https://hptenders.gov.in/,0,SYNTH-CTRL-00430,,
MAH-MA-2021-01152,REF-MAH-MA-2021-01152,PUBLIC HEALTH DEPT MUMBAI,MAHARASHTRA State Government,MAHARASHTRA,Central District,"MAHARASHTRA, India",Electrical & Mechanical,Procurement of electrical & mechanical for PUBLIC HEALTH DEPT MUMBAI,Official public tender for supply of electrical & mechanical under standard MAHARASHTRA state procurement guidelines.,2020-01-21 00:00:00,2020-02-11 00:00:00,2020-02-12 00:00:00,2020-02-26,4997815.67,5397640.93,INR,1,COLLUSIVE_FAVORITE_ENTERPRISE,ENT-SUP-COLLUSIVE-999,COLLUSIVE_FAVORITE_ENTERPRISE,"MAHARASHTRA, India",AWARDED,21.0,0,0,OPEN_TENDER,PUBLIC HEALTH DEPT MUMBAI,MAHARASHTRA,https://mahatenders.gov.in/,1,SYNTH-INJ-00431,,
2017_HPIPH_16816_1-1058,2017_HPIPH_16816_1-1058,EXECUTIVE ENGINEER IRRIGATION AND PUBLIC HEALTH DIVISION BARSAR,Himachal Pradesh State Government,HIMACHAL PRADESH,Bhoranj,Bhoranj,works,Improvement of water supply to Harizen Basti Kathalwin under LWSS Karotha in Bhoranj Distt. Hamirpur SH C O Raw Water tank sedimentation tank 10000 litters Filter bed 3 unit 11.80 Sqmt. Clear water tank 40000 litres Over Head storage Tank 38000 litte,Improvement of water supply to Harizen Basti Kathalwin under LWSS Karotha in Bhoranj Distt. Hamirpur SH C O Raw Water tank sedimentation tank 10000 litters Filter bed 3 unit 11.80 Sqmt. Clear water tank 40000 litres Over Head storage Tank 38000 litte,2017-06-13 10:00:00,2017-06-23 16:00:00,2017-06-23 16:00:00,2017-06-13,2493776.0,3776959.28,INR,6,RAMA SHANKAER,ENT-SUP-A8853D1FAD,RAMA SHANKAER,"Himachal Pradesh, India",AWARDED,10.25,0,0,OPEN_TENDER,EXECUTIVE ENGINEER IRRIGATION AND PUBLIC HEALTH DIVISION BARSAR,HIMACHAL_PRADESH,https://hptenders.gov.in/,0,SYNTH-CTRL-00432,,
2019_HPIPH_29436_1,2019_HPIPH_29436_1,EXECUTIVE ENGINEER,Himachal Pradesh State Government,HIMACHAL PRADESH,Talwara Datoh Jolplakhin under IPHDivisionBilaspur,Talwara Datoh Jolplakhin under IPHDivisionBilaspur,works,"Augmentation of LWSS Talwara Datoh Jolplakhin in Tehsil Ghumarwin District Bilaspur (SH Providing drinking water facility to Harizan Basti Bekal, Dharwar and Talwara, Construction of storage tank 25000litr capacity and P/f barbed wire fencing around","Augmentation of LWSS Talwara Datoh Jolplakhin in Tehsil Ghumarwin District Bilaspur (SH Providing drinking water facility to Harizan Basti Bekal, Dharwar and Talwara, Construction of storage tank 25000litr capacity and P/f barbed wire fencing around",2019-06-18 18:00:00,2019-07-22 11:00:00,2019-07-22 11:00:00,2019-06-18,999583.0,999583.0,INR,4,RAMESH SINGH CHAUHAN,ENT-SUP-2A4CB92658,RAMESH SINGH CHAUHAN,"Himachal Pradesh, India",AWARDED,33.708333333333336,3,180,OPEN_TENDER,EXECUTIVE ENGINEER,HIMACHAL_PRADESH,https://hptenders.gov.in/,1,SYNTH-INJ-00433,,
CEN-CE-2021-01275,REF-CEN-CE-2021-01275,DEFENCE RESEARCH DEVELOPMENT ORG,Government of India,CENTRAL,Central District,"CENTRAL, India",Consultancy & Facility Management,Procurement of consultancy & facility management for DEFENCE RESEARCH DEVELOPMENT ORG,Official public tender for supply of consultancy & facility management under standard CENTRAL state procurement guidelines.,2020-07-28 00:00:00,2020-08-03 00:00:00,2020-08-04 00:00:00,2020-08-18,15937737.49,15140850.62,INR,8,ZENITH INFRASTRUCTURE PROJECTS,ENT-SUP-4F350A4CA1,ZENITH INFRASTRUCTURE PROJECTS,"CENTRAL, India",AWARDED,6.0,2,0,OPEN_TENDER,DEFENCE RESEARCH DEVELOPMENT ORG,CENTRAL_CPPP,https://eprocure.gov.in/cppp/,0,SYNTH-CTRL-00434,,
2017_PWD_15550_1,2017_PWD_15550_1,EXECUTIVE ENGINEER BILASPUR DIVISION NO 2 HIMACHAL PRADESH PUBLIC WORKS DEPARTMENT BILASPUR,Himachal Pradesh State Government,HIMACHAL PRADESH,Bilaspur,Bilaspur,works,"AMP for the year 2017-18 for State Village Rural roads under PMGSY(SH- Providing and laying 20mm thick premix carpet, Seal coat type-B and V-Shape drain on Laraghat to Bholi road Km. 1/0 to 3/0 (HP0101VR0032).","AMP for the year 2017-18 for State Village Rural roads under PMGSY(SH- Providing and laying 20mm thick premix carpet, Seal coat type-B and V-Shape drain on Laraghat to Bholi road Km. 1/0 to 3/0 (HP0101VR0032).",2017-03-27 10:30:00,2017-03-31 10:30:00,2017-04-07 10:30:00,2017-03-27,1192366.0,1458341.0,INR,5,ASPHALT CARPET CONSTRUCTION COMPANY,ENT-SUP-F5B0F6AA42,ASPHALT CARPET CONSTRUCTION COMPANY,"Himachal Pradesh, India",AWARDED,4.0,0,0,OPEN_TENDER,EXECUTIVE ENGINEER BILASPUR DIVISION NO 2 HIMACHAL PRADESH PUBLIC WORKS DEPARTMENT BILASPUR,HIMACHAL_PRADESH,https://hptenders.gov.in/,1,SYNTH-INJ-00435,,
2018_HPIPH_22511_3,2018_HPIPH_22511_3,EXECUTIVE ENGINEER IRRIGATION AND PUBLIC HEALTH DIVISION NAHAN,Himachal Pradesh State Government,HIMACHAL PRADESH,Nahan,Nahan,works,Augmentation of LWSS Tikker Ser Bharal and Koti Charwag in GP Sarahan and Bag Pashog in Tehsil Pachhad Distt. Sirmour HP,"C/O RCC sumpwell 42500 ltrs capacity 1 No, Raw water tank 42500 ltrs capacity 1 No, Main Storage tank 42500 ltrs capacity 1 No., Sed Tank 8500 ltrs capacity 1 No. and Slow sand filter Bed 11.80 sqm each, Repair of existing pump house stage 1st etc",2018-07-26 17:00:00,2018-08-20 11:00:00,2018-08-20 11:00:00,2018-07-26,1432052.0,1967661.0,INR,2,BHAW SINGH,ENT-SUP-1903C7CB81,BHAW SINGH,"Himachal Pradesh, India",AWARDED,24.75,0,0,OPEN_TENDER,EXECUTIVE ENGINEER IRRIGATION AND PUBLIC HEALTH DIVISION NAHAN,HIMACHAL_PRADESH,https://hptenders.gov.in/,0,SYNTH-CTRL-00436,,
2017_MC_15191_1,2017_MC_15191_1,EXCEUTIVE ENGINEER,Himachal Pradesh State Government,HIMACHAL PRADESH,Shimla,Shimla,works,Provision and improvement of sewerage system in Shimla Sub Head Providing and fixing Complete diffuser system with all accessories at aeration tank 5 B at STP Sanjauli Malyana,Provision and improvement of sewerage system in Shimla Sub Head Providing and fixing Complete diffuser system with all accessories at aeration tank 5 B at STP Sanjauli Malyana,2017-03-03 17:00:00,2017-03-21 11:00:00,2017-03-21 11:00:00,2017-03-03,1650000.0,2432748.33,INR,2,MOHINDER SHARMA,ENT-SUP-90BB921C88,MOHINDER SHARMA,"Himachal Pradesh, India",AWARDED,17.75,0,0,OPEN_TENDER,EXCEUTIVE ENGINEER,HIMACHAL_PRADESH,https://hptenders.gov.in/,1,SYNTH-INJ-00437,,
2017_HPIPH_16798_4,2017_HPIPH_16798_4,EXECUTIVE ENGINEER,Himachal Pradesh State Government,HIMACHAL PRADESH,Shilli,Shilli,works,Providing GWSS to various PC Hab under GP Shilli Tehsil Jubbal Distt Shimla HP,CO Spring Intake 2 Nos Nallah Intake 2 Nos RCC Sed Tanks 3 Sqm 2 Nos RCC Filter bed 6poin06 Sqm for Phase 3rd 12point10 Sqm for Phase IV RCC S tanks of 10000 Ltrs Cap 4 Nos For Phase 1to4 of 15000 Ltrs for Phase 5th and dismantling L J testing,2017-06-12 17:00:00,2017-07-04 17:00:00,2017-07-04 17:00:00,2017-06-12,3474776.0,3400320.0,INR,3,SUSHIL CHAUHAN,ENT-SUP-1EB968DD63,SUSHIL CHAUHAN,"Himachal Pradesh, India",AWARDED,22.0,0,0,OPEN_TENDER,EXECUTIVE ENGINEER,HIMACHAL_PRADESH,https://hptenders.gov.in/,0,SYNTH-CTRL-00438,,
2018_PWD_20066_3,2018_PWD_20066_3,E E KALPA DIVISION,Himachal Pradesh State Government,HIMACHAL PRADESH,Namgia(Pooh),Namgia(Pooh),works,Periodic Maintenance of Khab to Namgia link road under annual maintenance plan for the year 2018-19 DRRP No. HP0502VR0063 Km. 0/00 to 2/00 (PMGSY) (SH- Annual surfacing from Km. 0/00 to 1/845,Periodic Maintenance of Khab to Namgia link road under annual maintenance plan for the year 2018-19 DRRP No. HP0502VR0063 Km. 0/00 to 2/00 (PMGSY) (SH- Annual surfacing from Km. 0/00 to 1/845,2018-03-12 16:00:00,2018-03-27 17:30:00,2018-03-27 17:30:00,2018-03-12,1194059.0,2088690.0,INR,1,SUMIT KUMAR,ENT-SUP-9C54BA79FF,SUMIT KUMAR,"Himachal Pradesh, India",AWARDED,15.0625,0,0,OPEN_TENDER,E E KALPA DIVISION,HIMACHAL_PRADESH,https://hptenders.gov.in/,1,SYNTH-INJ-00439,Proprietary Model APEX-X900 patented optical sensor system with custom firmware 4.2.1 exclusive to Apex Systems.,Apex Systems APEX-X900 patented optical sensor system with custom firmware 4.2.1.
2018_PWD_19903_1,2018_PWD_19903_1,EXECUTIVE ENGINEER,Himachal Pradesh State Government,HIMACHAL PRADESH,JAWALI,JAWALI,works,Annual maintenance of Katholi to Sugnara road km. 0/0 to 1/0 under AMP for the year 2018-19 for Rural road HP0409 NC0004,Providing and laying 25mm thick bitumenous concrete in km.0/0 to 1/0 ( 1.00 km.),2018-03-07 11:00:00,2018-03-28 10:00:00,2018-03-28 10:00:00,2018-03-07,739341.0,734690.0,INR,5,SANJEEV SHARMA,ENT-SUP-6D86BDA8D0,SANJEEV SHARMA,"Himachal Pradesh, India",AWARDED,20.95833333333333,0,0,OPEN_TENDER,EXECUTIVE ENGINEER,HIMACHAL_PRADESH,https://hptenders.gov.in/,0,SYNTH-CTRL-00440,,
RAJ-RA-2021-01099,REF-RAJ-RA-2021-01099,JAIPUR DEVELOPMENT AUTHORITY,RAJASTHAN State Government,RAJASTHAN,Central District,"RAJASTHAN, India",Information Technology & Software,Procurement of information technology & software for JAIPUR DEVELOPMENT AUTHORITY,Official public tender for supply of information technology & software under standard RAJASTHAN state procurement guidelines.,2019-12-05 00:00:00,2019-12-11 00:00:00,2019-12-12 00:00:00,2019-12-26,4993172.38,5093035.83,INR,1,AHLUWALIA CONTRACTS INDIA LIMITED,ENT-SUP-28AFE50D95,AHLUWALIA CONTRACTS INDIA LIMITED,"RAJASTHAN, India",AWARDED,6.0,0,0,OPEN_TENDER,JAIPUR DEVELOPMENT AUTHORITY,RAJASTHAN,https://eproc.rajasthan.gov.in/,1,SYNTH-INJ-00441,,
UTT-UT-2021-01097,REF-UTT-UT-2021-01097,UTTAR PRADESH JAL NIGAM,UTTAR PRADESH State Government,UTTAR PRADESH,Central District,"UTTAR PRADESH, India",Medical Equipment & Consumables,Procurement of medical equipment & consumables for UTTAR PRADESH JAL NIGAM,Official public tender for supply of medical equipment & consumables under standard UTTAR PRADESH state procurement guidelines.,2020-02-03 00:00:00,2020-02-24 00:00:00,2020-02-25 00:00:00,2020-03-10,273109608.52,278571800.69,INR,5,SHREE BALAJI ENTERPRISE,ENT-SUP-CA68E614E4,SHREE BALAJI ENTERPRISE,"UTTAR PRADESH, India",AWARDED,21.0,1,0,OPEN_TENDER,UTTAR PRADESH JAL NIGAM,UTTAR_PRADESH,https://etender.up.nic.in/,0,SYNTH-CTRL-00442,,
2017_PWD_14679_1-1451,2017_PWD_14679_1-1451,EXECUTIVE ENGINEER,Himachal Pradesh State Government,HIMACHAL PRADESH,Hamirpur Division,Hamirpur Division,works,S/R of Science Block at Govt. Degree College Hamirpur,Prov. and Fixing Vitrified tiles in Lab,2017-02-06 18:00:00,2017-02-13 10:30:00,2017-02-13 10:30:00,2017-02-06,4919629.57,4823166.25,INR,8,RAJIV THAKUR,ENT-SUP-BFA4E2B710,RAJIV THAKUR,"Himachal Pradesh, India",AWARDED,6.6875,0,0,OPEN_TENDER,EXECUTIVE ENGINEER,HIMACHAL_PRADESH,https://hptenders.gov.in/,1,SYNTH-INJ-00443,,
2017_PWD_16855_1,2017_PWD_16855_1,EXECUTIVE ENGINEER,Himachal Pradesh State Government,HIMACHAL PRADESH,Ghumarwin Division,Ghumarwin Division,works,AMP Rachhera to Dari-Bari,Rachhera to Bari -Bari,2017-06-15 18:00:00,2017-06-30 10:00:00,2017-06-30 10:00:00,2017-06-15,1968578.0,2192912.0,INR,6,MANOHAR LAL GOVT CONT,ENT-SUP-1AB3A02775,MANOHAR LAL GOVT CONT,"Himachal Pradesh, India",AWARDED,14.666666666666666,0,0,OPEN_TENDER,EXECUTIVE ENGINEER,HIMACHAL_PRADESH,https://hptenders.gov.in/,0,SYNTH-CTRL-00444,,
2018_HPIPH_20620_1,2018_HPIPH_20620_1,EXECUTIVE ENGINEER,Himachal Pradesh State Government,HIMACHAL PRADESH,Talwar Datoh Jole Plakhin,Talwar Datoh Jole Plakhin,works,Providing LWSS to PC habitation Talwara Datoh Jole Plakhin in Tehsil Ghumarwin Distt Bilaspur (HP)(SH - Providing Laying Jointing testing of 200 mm Dia MSERW pipe for Ist stage (Balance work thereof),Providing LWSS to PC habitation Talwara Datoh Jole Plakhin in Tehsil Ghumarwin Distt. Bilaspur (HP)(SH - Providing Laying Jointing testing of 200 mm Dia MSERW pipe for Ist stage (Balance work thereof),2018-04-09 17:30:00,2018-04-25 11:00:00,2018-04-25 11:00:00,2018-04-09,2730797.0,2730797.0,INR,6,COLLUSIVE_FAVORITE_ENTERPRISE,ENT-SUP-COLLUSIVE-999,COLLUSIVE_FAVORITE_ENTERPRISE,"Himachal Pradesh, India",AWARDED,15.729166666666666,0,0,OPEN_TENDER,EXECUTIVE ENGINEER,HIMACHAL_PRADESH,https://hptenders.gov.in/,1,SYNTH-INJ-00445,,
2018_PWD_21777_1,2018_PWD_21777_1,EXECUTIVE ENGINEER ELECT DIVN NO II HIMACHAL PRADESH PUBLIC WORKS DEPARTMENT SHIMLA 2,Himachal Pradesh State Government,HIMACHAL PRADESH,IGMC Shimla,IGMC Shimla,works,Providing 100KVA DG set in Himachal hospital of Mental health and rehablitation centre at Shimla,Providing 100KVA DG set,2018-06-20 17:30:00,2018-07-11 17:00:00,2018-07-11 17:00:00,2018-06-20,1491478.0,1506000.0,INR,3,KALRA HARDWARE AND ELECTRIC STORE,ENT-SUP-6D8D71512C,KALRA HARDWARE AND ELECTRIC STORE,"Himachal Pradesh, India",AWARDED,20.979166666666668,0,0,OPEN_TENDER,EXECUTIVE ENGINEER ELECT DIVN NO II HIMACHAL PRADESH PUBLIC WORKS DEPARTMENT SHIMLA 2,HIMACHAL_PRADESH,https://hptenders.gov.in/,0,SYNTH-CTRL-00446,,
2018_HPIPH_21237_1,2018_HPIPH_21237_1,EXECUTIVE ENGINEER,Himachal Pradesh State Government,HIMACHAL PRADESH,Rampur,Rampur,works,Prov. GWSS to PC hab Sheela Jatral (Job-4),Prov. GWSS to PC Hab. Sheela Jatral (Job-4),2018-05-21 10:00:00,2018-06-08 17:00:00,2018-06-08 17:00:00,2018-05-21,617527.0,663445.0,INR,6,SANDESH KUMAR,ENT-SUP-7DD3AA01D9,SANDESH KUMAR,"Himachal Pradesh, India",AWARDED,18.291666666666668,3,180,OPEN_TENDER,EXECUTIVE ENGINEER,HIMACHAL_PRADESH,https://hptenders.gov.in/,1,SYNTH-INJ-00447,,
2017_PWD_16223_1,2017_PWD_16223_1,EXECUTIVE ENGINEER,Himachal Pradesh State Government,HIMACHAL PRADESH,Joginder Nagar,Joginder Nagar,works,Periodical Maintenance of Majharnu to Syuri Kufroo road (VR-0135) Other than PMGSY under Annual Maintenance Plan for the year 2017-18,"Providing and laying built up spray grout, premix carpet with seal coat in km.0/0 to 1/500 by using cold mix technology",2017-05-06 14:00:00,2017-05-15 09:00:00,2017-05-15 09:00:00,2017-05-06,964621.0,1411341.0,INR,2,VISHAL RAJPUT,ENT-SUP-2A3F54AF87,VISHAL RAJPUT,"Himachal Pradesh, India",AWARDED,8.791666666666666,0,0,OPEN_TENDER,EXECUTIVE ENGINEER,HIMACHAL_PRADESH,https://hptenders.gov.in/,0,SYNTH-CTRL-00448,,
2018_HPAMB_21503_1,2018_HPAMB_21503_1,EXECUTIVE ENGINEER HPSAMB SHIMLA,Himachal Pradesh State Government,HIMACHAL PRADESH,Annu Jubbal,Annu Jubbal,works,"C/O R.M. Sub Yard at Annu, Distt. Shimla, H.P. SH- Providing Water Supply and Sanitary Installation work.","C/O R.M. Sub Yard at Annu, Distt. Shimla, H.P. SH- Providing Water Supply and Sanitary Installation work.",2018-06-07 18:00:00,2018-06-11 18:00:00,2018-06-29 18:00:00,2018-06-07,455404.0,581198.0,INR,2,ROOP SINGH DHIRTA,ENT-SUP-8DCD457F8B,ROOP SINGH DHIRTA,"Himachal Pradesh, India",AWARDED,4.0,0,0,OPEN_TENDER,EXECUTIVE ENGINEER HPSAMB SHIMLA,HIMACHAL_PRADESH,https://hptenders.gov.in/,1,SYNTH-INJ-00449,,
2016_HPIPH_14004_1-972,2016_HPIPH_14004_1-972,EXECUTIVE ENGINEER IRRIGATION AND PUBLIC HEALTH DIVISION,Himachal Pradesh State Government,HIMACHAL PRADESH,Dharamshala,Dharamshala,works,Construction of Over head tank 100000 ltr capacity 9 mtr staging height at Fatehpur near Chadein Mata temple,Construction of Over head tank 100000 ltr capacity 9 mtr staging height at Fatehpur near Chadein Mata temple,2016-12-20 17:00:00,2017-01-12 11:00:00,2017-01-12 11:00:00,2016-12-20,997893.0,1536314.11,INR,3,RAJIVSHAKTI,ENT-SUP-933CF55D74,RAJIVSHAKTI,"Himachal Pradesh, India",AWARDED,22.75,0,0,OPEN_TENDER,EXECUTIVE ENGINEER IRRIGATION AND PUBLIC HEALTH DIVISION,HIMACHAL_PRADESH,https://hptenders.gov.in/,0,SYNTH-CTRL-00450,,
MAH-MA-2021-01146,REF-MAH-MA-2021-01146,PUBLIC HEALTH DEPT MUMBAI,MAHARASHTRA State Government,MAHARASHTRA,Central District,"MAHARASHTRA, India",Information Technology & Software,Procurement of information technology & software for PUBLIC HEALTH DEPT MUMBAI,Official public tender for supply of information technology & software under standard MAHARASHTRA state procurement guidelines.,2019-05-13 00:00:00,2019-05-27 00:00:00,2019-05-28 00:00:00,2019-06-11,4985375.61,7909393.7,INR,2,VANGUARD POWER SERVICES,ENT-SUP-FBE5090586,VANGUARD POWER SERVICES,"MAHARASHTRA, India",AWARDED,14.0,2,0,OPEN_TENDER,PUBLIC HEALTH DEPT MUMBAI,MAHARASHTRA,https://mahatenders.gov.in/,1,SYNTH-INJ-00451,,
2018_HPIPH_23174_1,2018_HPIPH_23174_1,EXECUTIVE ENGINEER,Himachal Pradesh State Government,HIMACHAL PRADESH,Rohru,Rohru,works,R R of LWSS to village Bhamnoli and its surrounding area in G P Bhamnoli Tehsil Rohru Distt Shimla HP,SH C O R Wall at back side of pump house and filter bed at RD 0 0 to 0 30,2018-08-29 13:40:00,2018-09-18 10:00:00,2018-09-18 10:00:00,2018-08-29,602598.0,1124695.0,INR,2,VIKUL THAKUR,ENT-SUP-6E07D3F704,VIKUL THAKUR,"Himachal Pradesh, India",AWARDED,19.84722222222222,0,0,OPEN_TENDER,EXECUTIVE ENGINEER,HIMACHAL_PRADESH,https://hptenders.gov.in/,0,SYNTH-CTRL-00452,,
CEN-CE-2021-01298,REF-CEN-CE-2021-01298,DEFENCE RESEARCH DEVELOPMENT ORG,Government of India,CENTRAL,Central District,"CENTRAL, India",Civil Works & Infrastructure,Procurement of civil works & infrastructure for DEFENCE RESEARCH DEVELOPMENT ORG,Official public tender for supply of civil works & infrastructure under standard CENTRAL state procurement guidelines.,2019-07-21 00:00:00,2019-08-20 00:00:00,2019-08-21 00:00:00,2019-09-04,304078501.21,349690276.39,INR,5,APEX MEDITECH SOLUTIONS,ENT-SUP-A750489DC1,APEX MEDITECH SOLUTIONS,"CENTRAL, India",AWARDED,30.0,2,0,OPEN_TENDER,DEFENCE RESEARCH DEVELOPMENT ORG,CENTRAL_CPPP,https://eprocure.gov.in/cppp/,1,SYNTH-INJ-00453,Proprietary Model APEX-X900 patented optical sensor system with custom firmware 4.2.1 exclusive to Apex Systems.,Apex Systems APEX-X900 patented optical sensor system with custom firmware 4.2.1.
2016_PWD_12998_1,2016_PWD_12998_1,EXECUTIVE ENGINEER NH DIVISION NAHAN,Himachal Pradesh State Government,HIMACHAL PRADESH,Dhaulakuan,Dhaulakuan,works,"Ordinary repair to NH 72 New N.H. 07 on Kala Amb Paonta Sahib, Dehradun road km 46.0 to 103.0 SH Repair of pot holes in various reaches between km 52.0 to 83.0","Ordinary repair to NH 72 New N.H. 07 on Kala Amb Paonta Sahib, Dehradun road km 46.0 to 103.0 SH Repair of pot holes in various reaches between km 52.0 to 83.0",2016-09-15 13:15:00,2016-10-05 11:00:00,2016-10-05 11:00:00,2016-09-15,1554441.0,1846960.0,INR,4,M S SARVJEET SINGH,ENT-SUP-CA744C12A8,M S SARVJEET SINGH,"Himachal Pradesh, India",AWARDED,19.90625,0,0,OPEN_TENDER,EXECUTIVE ENGINEER NH DIVISION NAHAN,HIMACHAL_PRADESH,https://hptenders.gov.in/,0,SYNTH-CTRL-00454,,
2017_PWD_15743_1,2017_PWD_15743_1,EXECUTIVE ENGINEER,Himachal Pradesh State Government,HIMACHAL PRADESH,Kandrour,Kandrour,works,Providing periodical maintenance of roads with cold bitumen on Kandrour Salnoo Barmana Road.,Providing periodical maintenance of roads with cold bitumen on Kandrour Salnoo Barmana Road,2017-04-07 12:05:00,2017-04-17 10:30:00,2017-04-17 10:30:00,2017-04-07,1617756.0,2506540.0,INR,1,PRADEEP KUMAR,ENT-SUP-3FA5F3F346,PRADEEP KUMAR,"Himachal Pradesh, India",AWARDED,9.93402777777778,0,0,OPEN_TENDER,EXECUTIVE ENGINEER,HIMACHAL_PRADESH,https://hptenders.gov.in/,1,SYNTH-INJ-00455,,
UTT-UT-2021-01206,REF-UTT-UT-2021-01206,MEDICAL HEALTH FAMILY WELFARE LUCKNOW,UTTAR PRADESH State Government,UTTAR PRADESH,Central District,"UTTAR PRADESH, India",Civil Works & Infrastructure,Procurement of civil works & infrastructure for MEDICAL HEALTH FAMILY WELFARE LUCKNOW,Official public tender for supply of civil works & infrastructure under standard UTTAR PRADESH state procurement guidelines.,2019-02-05 00:00:00,2019-02-09 00:00:00,2019-02-10 00:00:00,2019-02-24,293651391.62,278968822.03,INR,3,SHARMA ENGINEERING WORKS,ENT-SUP-9473B0CC3C,SHARMA ENGINEERING WORKS,"UTTAR PRADESH, India",AWARDED,4.0,2,0,OPEN_TENDER,MEDICAL HEALTH FAMILY WELFARE LUCKNOW,UTTAR_PRADESH,https://etender.up.nic.in/,0,SYNTH-CTRL-00456,,
KAR-KA-2021-01049,REF-KAR-KA-2021-01049,KARNATAKA PUBLIC WORKS PORTS INLAND WATER,KARNATAKA State Government,KARNATAKA,Central District,"KARNATAKA, India",Electrical & Mechanical,Procurement of electrical & mechanical for KARNATAKA PUBLIC WORKS PORTS INLAND WATER,Official public tender for supply of electrical & mechanical under standard KARNATAKA state procurement guidelines.,2021-08-12 00:00:00,2021-09-11 00:00:00,2021-09-12 00:00:00,2021-09-26,4908048.65,4811812.4,INR,5,BHARAT DIAGNOSTIC SYSTEMS,ENT-SUP-C6B6FCD7BC,BHARAT DIAGNOSTIC SYSTEMS,"KARNATAKA, India",AWARDED,30.0,0,0,OPEN_TENDER,KARNATAKA PUBLIC WORKS PORTS INLAND WATER,KARNATAKA,https://kppp.karnataka.gov.in/,1,SYNTH-INJ-00457,,
2017_PWD_18892_1,2017_PWD_18892_1,EEHAMIRPUR,Himachal Pradesh State Government,HIMACHAL PRADESH,Hamirpur,Hamirpur,works,Additional alteration of NCC office at Hamirpur,C O building portion W S S I and rain water harvesting tank,2017-12-23 18:00:00,2018-01-02 10:30:00,2018-01-02 10:30:00,2017-12-23,3381806.0,3644110.0,INR,3,PARBHAT SINGH,ENT-SUP-3EF225E5A6,PARBHAT SINGH,"Himachal Pradesh, India",AWARDED,9.6875,0,0,OPEN_TENDER,EEHAMIRPUR,HIMACHAL_PRADESH,https://hptenders.gov.in/,0,SYNTH-CTRL-00458,,
RAJ-RA-2021-01221,REF-RAJ-RA-2021-01221,RAJASTHAN RAJYA VIDYUT PRASARAN,RAJASTHAN State Government,RAJASTHAN,Central District,"RAJASTHAN, India",Information Technology & Software,Procurement of information technology & software for RAJASTHAN RAJYA VIDYUT PRASARAN,Official public tender for supply of information technology & software under standard RAJASTHAN state procurement guidelines.,2020-01-05 00:00:00,2020-01-26 00:00:00,2020-01-27 00:00:00,2020-02-10,321297886.39,369492569.35,INR,1,COLLUSIVE_FAVORITE_ENTERPRISE,ENT-SUP-COLLUSIVE-999,COLLUSIVE_FAVORITE_ENTERPRISE,"RAJASTHAN, India",AWARDED,21.0,1,0,OPEN_TENDER,RAJASTHAN RAJYA VIDYUT PRASARAN,RAJASTHAN,https://eproc.rajasthan.gov.in/,1,SYNTH-INJ-00459,,
RAJ-RA-2021-01136,REF-RAJ-RA-2021-01136,JAIPUR DEVELOPMENT AUTHORITY,RAJASTHAN State Government,RAJASTHAN,Central District,"RAJASTHAN, India",Civil Works & Infrastructure,Procurement of civil works & infrastructure for JAIPUR DEVELOPMENT AUTHORITY,Official public tender for supply of civil works & infrastructure under standard RAJASTHAN state procurement guidelines.,2019-02-25 00:00:00,2019-03-27 00:00:00,2019-03-28 00:00:00,2019-04-11,3477691.23,3547245.06,INR,2,AHLUWALIA CONTRACTS INDIA LIMITED,ENT-SUP-28AFE50D95,AHLUWALIA CONTRACTS INDIA LIMITED,"RAJASTHAN, India",AWARDED,30.0,0,0,OPEN_TENDER,JAIPUR DEVELOPMENT AUTHORITY,RAJASTHAN,https://eproc.rajasthan.gov.in/,0,SYNTH-CTRL-00460,,
2017_PWD_14764_1,2017_PWD_14764_1,EXECUTIVE ENGINEER BILASPUR DIVISION NO 2 HIMACHAL PRADESH PUBLIC WORKS DEPARTMENT BILASPUR,Himachal Pradesh State Government,HIMACHAL PRADESH,Bilaspur,Bilaspur,works,Strengthening of existing school Infra Structure under RMSA in Govt. High School Bholi in Distt. Bilaspur (HP)(SH- C/o Two rooms at ground floor and first floor with stair case and porch),Strengthening of existing school Infra Structure under RMSA in Govt. High School Bholi in Distt. Bilaspur (HP)(SH- C/o Two rooms at ground floor and first floor with stair case and porch),2017-02-09 14:00:00,2017-02-21 10:30:00,2017-02-21 10:30:00,2017-02-09,3915234.0,4728369.0,INR,2,MAHENDER KUMAR,ENT-SUP-8578984B13,MAHENDER KUMAR,"Himachal Pradesh, India",AWARDED,11.854166666666666,3,180,OPEN_TENDER,EXECUTIVE ENGINEER BILASPUR DIVISION NO 2 HIMACHAL PRADESH PUBLIC WORKS DEPARTMENT BILASPUR,HIMACHAL_PRADESH,https://hptenders.gov.in/,1,SYNTH-INJ-00461,,
RAJ-RA-2021-01151,REF-RAJ-RA-2021-01151,JAIPUR DEVELOPMENT AUTHORITY,RAJASTHAN State Government,RAJASTHAN,Central District,"RAJASTHAN, India",Consultancy & Facility Management,Procurement of consultancy & facility management for JAIPUR DEVELOPMENT AUTHORITY,Official public tender for supply of consultancy & facility management under standard RAJASTHAN state procurement guidelines.,2019-01-16 00:00:00,2019-01-22 00:00:00,2019-01-23 00:00:00,2019-02-06,9330687.63,10730290.77,INR,3,GUPTA AND SONS CONTRACTOR,ENT-SUP-7A3AE215B9,GUPTA AND SONS CONTRACTOR,"RAJASTHAN, India",AWARDED,6.0,0,0,OPEN_TENDER,JAIPUR DEVELOPMENT AUTHORITY,RAJASTHAN,https://eproc.rajasthan.gov.in/,0,SYNTH-CTRL-00462,,
2017_UDDHP_16125_1,2017_UDDHP_16125_1,EXECUTIVE OFFICER MC SOLAN,Himachal Pradesh State Government,HIMACHAL PRADESH,MC Solan,MC Solan,works,Repair and maint. of path from Pardeep to Nand lal House various parts at Ward No.3,Repair and maint. of path from Pardeep to Nand lal House various parts at Ward No.3,2017-05-03 14:00:00,2017-05-07 14:00:00,2017-05-08 18:00:00,2017-05-03,224329.0,268926.0,INR,3,NAIN SINGH,ENT-SUP-85B66106FF,NAIN SINGH,"Himachal Pradesh, India",AWARDED,4.0,0,0,OPEN_TENDER,EXECUTIVE OFFICER MC SOLAN,HIMACHAL_PRADESH,https://hptenders.gov.in/,1,SYNTH-INJ-00463,,
2017_PWD_17765_1,2017_PWD_17765_1,EXECUTIVE ENGINEER,Himachal Pradesh State Government,HIMACHAL PRADESH,Theog,Theog,works,Construction of Sub Treasury Building at Theog in Tehsil,Construction of Sub Treasury Building at Theog in Tehsil Theog Distt. Shimla HP SH C O building portion Civil Work Water supply and sanitory installation C.O Rain water harvesting,2017-08-21 17:00:00,2017-09-01 18:00:00,2017-09-01 18:00:00,2017-08-21,6663781.0,7859304.0,INR,3,BRIJESH KANWAR,ENT-SUP-B310765E13,BRIJESH KANWAR,"Himachal Pradesh, India",AWARDED,11.041666666666666,0,0,OPEN_TENDER,EXECUTIVE ENGINEER,HIMACHAL_PRADESH,https://hptenders.gov.in/,0,SYNTH-CTRL-00464,,
2018_PWD_21242_1,2018_PWD_21242_1,EXECUTIVE ENGINEER MC DIVISION HIMACHAL PRADESH PUBLIC WORKS DEPARTMENT TANDA,Himachal Pradesh State Government,HIMACHAL PRADESH,Executive Engineer MC Division HPPWD Tanda,Executive Engineer MC Division HPPWD Tanda,works,Periodic maintenance of Charjan Di Dehri Haryat road Km 0/000 to 5/1000 Under annual maintenance plan for the year 2018-19 (HP0408VR066) in Distt. Kangra (HP).,Providing and laying 25mm thick bitumen concrete with paver finisher complete in Km 4/000 to 4/600,2018-05-23 17:00:00,2018-06-18 17:00:00,2018-06-18 17:00:00,2018-05-23,456209.0,702053.63,INR,2,GARG,ENT-SUP-6B3FCE9239,GARG,"Himachal Pradesh, India",AWARDED,26.0,0,0,OPEN_TENDER,EXECUTIVE ENGINEER MC DIVISION HIMACHAL PRADESH PUBLIC WORKS DEPARTMENT TANDA,HIMACHAL_PRADESH,https://hptenders.gov.in/,1,SYNTH-INJ-00465,,
2018_HPIPH_22823_1-2353,2018_HPIPH_22823_1-2353,EXECUTIVE ENGINEER,Himachal Pradesh State Government,HIMACHAL PRADESH,Sikroha under IPH Sub Division Jukhala,Sikroha under IPH Sub Division Jukhala,works,Augmentation of LIS Sikroha Chandpur in Tehsil Sadar District Bilaspur,(SH Supply and Erection of submersible /centrifugal pumping machinery with all allied accessories at booster 1st stage and Providing laying jointing and testing of MSERW pipe 300mm dia for rising main booster Ist stage C/o Thrust blocks 1.40x,2018-08-09 17:30:00,2018-08-24 11:00:00,2018-08-24 11:00:00,2018-08-09,4184100.0,6337726.0,INR,4,HYDRAULIC ENGINEERING COMPANY,ENT-SUP-FD46BE7066,HYDRAULIC ENGINEERING COMPANY,"Himachal Pradesh, India",AWARDED,14.729166666666666,0,0,OPEN_TENDER,EXECUTIVE ENGINEER,HIMACHAL_PRADESH,https://hptenders.gov.in/,0,SYNTH-CTRL-00466,,
2018_HPIPH_23767_7,2018_HPIPH_23767_7,EXECUTIVE ENGINEER IRRIGATION AND PUBLIC HEALTH DIVISION NAHAN,Himachal Pradesh State Government,HIMACHAL PRADESH,Nahan,Nahan,works,Water Quality Monitoring and Surveillance under NRDWP programme under Sirmour Distt. HP,Supplying and installation of various apparatus and chemicals for water testing Lab. in Nahan,2018-09-26 14:00:00,2018-10-16 11:00:00,2018-10-16 11:00:00,2018-09-26,376070.0,396175.0,INR,9,JYOTI TRADING COMPANY,ENT-SUP-E09AA50324,JYOTI TRADING COMPANY,"Himachal Pradesh, India",AWARDED,19.875,0,0,OPEN_TENDER,EXECUTIVE ENGINEER IRRIGATION AND PUBLIC HEALTH DIVISION NAHAN,HIMACHAL_PRADESH,https://hptenders.gov.in/,1,SYNTH-INJ-00467,Proprietary Model APEX-X900 patented optical sensor system with custom firmware 4.2.1 exclusive to Apex Systems.,Apex Systems APEX-X900 patented optical sensor system with custom firmware 4.2.1.
2017_HPIPH_15553_1,2017_HPIPH_15553_1,EXECUTIVE ENGINEER,Himachal Pradesh State Government,HIMACHAL PRADESH,Nalagarh,Nalagarh,works,Construction of 7 Nos 6 Nos Tubewell Banyala Joghon Baruna Raipur Souri Gujjran Jhajhra Ambwala (Khowala) in Nalagarh Area in Tehsil Nalagarh Distt. Solan (HP),"Sub Head Drilling, lowering of assembly and development of 5 Nos. Tubewells at village Banyala, Baruna Raipur, Souri Gujjran, Jhajhra and Ambwala(Khowala) 125 mtrs. depth each and 1 No. Tubewell at village Joghon 150 mtrs. depth each)",2017-03-27 15:00:00,2017-04-20 11:00:00,2017-04-20 11:00:00,2017-03-27,8282775.0,8123950.0,INR,3,POPULAR PIPES,ENT-SUP-72BE68CB00,POPULAR PIPES,"Himachal Pradesh, India",AWARDED,23.83333333333333,0,0,OPEN_TENDER,EXECUTIVE ENGINEER,HIMACHAL_PRADESH,https://hptenders.gov.in/,0,SYNTH-CTRL-00468,,
2019_HPIPH_27364_1,2019_HPIPH_27364_1,EXECUTIVE ENGINEER RAMPUR,Himachal Pradesh State Government,HIMACHAL PRADESH,Rampur,Rampur,works,Aug/Rem of GWSS Jahoo Juni Banibasa and Gahan Ph-1,Aug/Rem of GWSS Jahoo Juni Banibasa and Gahan Ph-1,2019-02-15 15:00:00,2019-02-27 17:00:00,2019-02-27 17:00:00,2019-02-15,3185164.0,4123611.76,INR,1,DUSHANT SHARMA,ENT-SUP-3BF71CE658,DUSHANT SHARMA,"Himachal Pradesh, India",AWARDED,12.083333333333334,0,0,OPEN_TENDER,EXECUTIVE ENGINEER RAMPUR,HIMACHAL_PRADESH,https://hptenders.gov.in/,1,SYNTH-INJ-00469,,
2018_HPIPH_21545_1,2018_HPIPH_21545_1,EXECUTIVE ENGINEER,Himachal Pradesh State Government,HIMACHAL PRADESH,IPH Division Padhar,IPH Division Padhar,works,CAD work for LIS Kataula Nandal in GP Kataula in Tehsil SadarDistt Mandi,As per BOQ,2018-06-09 10:00:00,2018-06-21 17:00:00,2018-06-21 17:00:00,2018-06-09,924102.0,690962.0,INR,3,ZAKIR HUSSAIN,ENT-SUP-9530FE9F83,ZAKIR HUSSAIN,"Himachal Pradesh, India",AWARDED,12.291666666666666,0,0,OPEN_TENDER,EXECUTIVE ENGINEER,HIMACHAL_PRADESH,https://hptenders.gov.in/,0,SYNTH-CTRL-00470,,
UTT-UT-2021-01248,REF-UTT-UT-2021-01248,MEDICAL HEALTH FAMILY WELFARE LUCKNOW,UTTAR PRADESH State Government,UTTAR PRADESH,Central District,"UTTAR PRADESH, India",Civil Works & Infrastructure,Procurement of civil works & infrastructure for MEDICAL HEALTH FAMILY WELFARE LUCKNOW,Official public tender for supply of civil works & infrastructure under standard UTTAR PRADESH state procurement guidelines.,2021-02-15 00:00:00,2021-03-08 00:00:00,2021-03-09 00:00:00,2021-03-23,4872446.88,4776908.71,INR,4,DILIP BUILDCON LIMITED,ENT-SUP-55226FC7C8,DILIP BUILDCON LIMITED,"UTTAR PRADESH, India",AWARDED,21.0,0,0,OPEN_TENDER,MEDICAL HEALTH FAMILY WELFARE LUCKNOW,UTTAR_PRADESH,https://etender.up.nic.in/,1,SYNTH-INJ-00471,,
2017_HPIPH_15835_1,2017_HPIPH_15835_1,EXECUTIVE ENGINEER IRRIGATION AND PUBLIC HEALTH DIVISION BARSAR,Himachal Pradesh State Government,HIMACHAL PRADESH,IPH Sub division Bhoranj,IPH Sub division Bhoranj,works,Prov LWSS to NC PC hab LWSS Aman,Providing LWSS to NC PC habitation under LWSS Aman LWSS Kachoti and LWSS Ser Mehal in Tehsil Bhoranj Distt. Hamirpur SH Excavation laying jointing and testing of distribution line of LWSS Aman,2017-04-18 11:00:00,2017-05-09 16:00:00,2017-05-09 16:00:00,2017-04-18,3817950.0,3725744.0,INR,9,SANJEEV KUMAR GOVERNMENT CONTRACTOR,ENT-SUP-82B7B90E66,SANJEEV KUMAR GOVERNMENT CONTRACTOR,"Himachal Pradesh, India",AWARDED,21.20833333333333,0,0,OPEN_TENDER,EXECUTIVE ENGINEER IRRIGATION AND PUBLIC HEALTH DIVISION BARSAR,HIMACHAL_PRADESH,https://hptenders.gov.in/,0,SYNTH-CTRL-00472,,
2017_PWD_16668_1,2017_PWD_16668_1,EXECUTIVE ENGINEER CHAMBA DIVISION HIMACHAL PRADESH PUBLIC WORKS DEPARTMENT CHAMBA,Himachal Pradesh State Government,HIMACHAL PRADESH,Chamba,Chamba,works,Metalling and Tarring on Nakrot Tikri Bhagei road Km. 15/0 to 15/300,Metalling and Tarring on Nakrot Tikri Bhagei road Km. 15/0 to 15/300,2017-06-02 11:00:00,2017-06-23 11:00:00,2017-06-23 11:00:00,2017-06-02,386305.0,814308.0,INR,2,COLLUSIVE_FAVORITE_ENTERPRISE,ENT-SUP-COLLUSIVE-999,COLLUSIVE_FAVORITE_ENTERPRISE,"Himachal Pradesh, India",AWARDED,21.0,0,0,OPEN_TENDER,EXECUTIVE ENGINEER CHAMBA DIVISION HIMACHAL PRADESH PUBLIC WORKS DEPARTMENT CHAMBA,HIMACHAL_PRADESH,https://hptenders.gov.in/,1,SYNTH-INJ-00473,,
CEN-CE-2021-01314,REF-CEN-CE-2021-01314,MINISTRY OF HEALTH FAMILY WELFARE,Government of India,CENTRAL,Central District,"CENTRAL, India",Information Technology & Software,Procurement of information technology & software for MINISTRY OF HEALTH FAMILY WELFARE,Official public tender for supply of information technology & software under standard CENTRAL state procurement guidelines.,2021-06-10 00:00:00,2021-06-14 00:00:00,2021-06-15 00:00:00,2021-06-29,4934853.85,5675081.92,INR,3,ZENITH INFRASTRUCTURE PROJECTS,ENT-SUP-4F350A4CA1,ZENITH INFRASTRUCTURE PROJECTS,"CENTRAL, India",AWARDED,4.0,0,0,OPEN_TENDER,MINISTRY OF HEALTH FAMILY WELFARE,CENTRAL_CPPP,https://eprocure.gov.in/cppp/,0,SYNTH-CTRL-00474,,
CEN-CE-2021-01098,REF-CEN-CE-2021-01098,CENTRAL PUBLIC WORKS DEPARTMENT,Government of India,CENTRAL,Central District,"CENTRAL, India",Electrical & Mechanical,Procurement of electrical & mechanical for CENTRAL PUBLIC WORKS DEPARTMENT,Official public tender for supply of electrical & mechanical under standard CENTRAL state procurement guidelines.,2020-01-23 00:00:00,2020-01-27 00:00:00,2020-01-28 00:00:00,2020-02-11,4737145.38,4500288.11,INR,4,LARSEN AND TOUBRO CONSTRUCTION,ENT-SUP-6C6BEB7D6E,LARSEN AND TOUBRO CONSTRUCTION,"CENTRAL, India",AWARDED,4.0,3,180,OPEN_TENDER,CENTRAL PUBLIC WORKS DEPARTMENT,CENTRAL_CPPP,https://eprocure.gov.in/cppp/,1,SYNTH-INJ-00475,,
2018_HPIPH_19765_1,2018_HPIPH_19765_1,EXECUTIVE ENGINEER,Himachal Pradesh State Government,HIMACHAL PRADESH,Dehra,Dehra,works,Rain Harvesting structure in Khundian,Check dam at Bhagat Nallah near village Barota,2018-02-28 14:00:00,2018-03-20 11:00:00,2018-03-20 11:00:00,2018-02-28,1365152.0,3001000.0,INR,4,RAJNEESH KUMAR GOVERNMENT CONTRACTOR,ENT-SUP-C5A73A6607,RAJNEESH KUMAR GOVERNMENT CONTRACTOR,"Himachal Pradesh, India",AWARDED,19.875,0,0,OPEN_TENDER,EXECUTIVE ENGINEER,HIMACHAL_PRADESH,https://hptenders.gov.in/,0,SYNTH-CTRL-00476,,
CEN-CE-2021-01066,REF-CEN-CE-2021-01066,INDIAN RAILWAYS,Government of India,CENTRAL,Central District,"CENTRAL, India",Medical Equipment & Consumables,Procurement of medical equipment & consumables for INDIAN RAILWAYS,Official public tender for supply of medical equipment & consumables under standard CENTRAL state procurement guidelines.,2021-05-13 00:00:00,2021-05-16 00:00:00,2021-06-04 00:00:00,2021-06-18,100692171.51,135934431.54,INR,3,AHLUWALIA CONTRACTS INDIA LIMITED,ENT-SUP-28AFE50D95,AHLUWALIA CONTRACTS INDIA LIMITED,"CENTRAL, India",AWARDED,3.0,1,0,OPEN_TENDER,INDIAN RAILWAYS,CENTRAL_CPPP,https://eprocure.gov.in/cppp/,1,SYNTH-INJ-00477,,
MAH-MA-2021-01156,REF-MAH-MA-2021-01156,WATER RESOURCES DEPARTMENT MAHARASHTRA,MAHARASHTRA State Government,MAHARASHTRA,Central District,"MAHARASHTRA, India",Medical Equipment & Consumables,Procurement of medical equipment & consumables for WATER RESOURCES DEPARTMENT MAHARASHTRA,Official public tender for supply of medical equipment & consumables under standard MAHARASHTRA state procurement guidelines.,2019-01-20 00:00:00,2019-02-10 00:00:00,2019-02-11 00:00:00,2019-02-25,61886998.03,83547447.35,INR,3,SHARMA ENGINEERING WORKS,ENT-SUP-9473B0CC3C,SHARMA ENGINEERING WORKS,"MAHARASHTRA, India",AWARDED,21.0,2,0,OPEN_TENDER,WATER RESOURCES DEPARTMENT MAHARASHTRA,MAHARASHTRA,https://mahatenders.gov.in/,0,SYNTH-CTRL-00478,,
2017_PWD_14921_1,2017_PWD_14921_1,EXECUTIVE ENGINEER,Himachal Pradesh State Government,HIMACHAL PRADESH,Salooni,Salooni,works,Special repair to Police Station building at Kihar,"Repair and maintenance of building by providing painting, distempering, plastering in patches, sanitary work including septic tank and flooring work outside gate etc",2017-02-20 10:00:00,2017-03-14 11:00:00,2017-03-14 11:00:00,2017-02-20,215893.0,364765.37,INR,2,SUBHAN MOHD,ENT-SUP-69636C0D4F,SUBHAN MOHD,"Himachal Pradesh, India",AWARDED,22.041666666666668,0,0,OPEN_TENDER,EXECUTIVE ENGINEER,HIMACHAL_PRADESH,https://hptenders.gov.in/,1,SYNTH-INJ-00479,,
2014_HPIPH_4957_1-2468,2014_HPIPH_4957_1-2468,EXECUTIVE ENGINEER,Himachal Pradesh State Government,HIMACHAL PRADESH,Dari Dharamshala,Dari Dharamshala,works,Renovation of water body/C/o Rain water Harvesting Structure near Mela ground Dari in Tehsil Dharamshala Distt Kangra,Renovation of water body Cons Rain water Harvesting Structure near Mela ground Dari in Tehsil Dharamshala Distt Kangra,2014-08-23 17:00:00,2014-09-20 11:00:00,2014-09-20 11:00:00,2014-08-23,1879505.0,1879505.0,INR,5,KRISHAN CHAND,ENT-SUP-9FC7C74EFE,KRISHAN CHAND,"Himachal Pradesh, India",AWARDED,27.75,0,0,OPEN_TENDER,EXECUTIVE ENGINEER,HIMACHAL_PRADESH,https://hptenders.gov.in/,0,SYNTH-CTRL-00480,,
2015_HPIPH_9560_2,2015_HPIPH_9560_2,EXECUTIVE ENGINEER IRRIGATION AND PUBLIC HEALTH JUBBAL,Himachal Pradesh State Government,HIMACHAL PRADESH,Saraswatinagar,Saraswatinagar,works,Annual repair running operation and maintenance of LWSS to NC PC Hab in G.P S Nagar Teh Jubbal Distt Shimla SH O M of pumping machinery i c R M of all distribution network and centrifugal submersible pump sets and its allied accessories including co,Annual repair running operation and maintenance of LWSS to NC PC Hab in G.P S Nagar Teh Jubbal Distt Shimla SH O M of pumping machinery i c R M of all distribution network and centrifugal submersible pump sets and its allied accessories including co,2015-11-12 18:00:00,2015-11-18 11:30:00,2015-11-18 11:30:00,2015-11-12,2825045.0,2221671.0,INR,5,M S PARDEEP SUBLAIK,ENT-SUP-10D167FBED,M S PARDEEP SUBLAIK,"Himachal Pradesh, India",AWARDED,5.729166666666667,0,0,OPEN_TENDER,EXECUTIVE ENGINEER IRRIGATION AND PUBLIC HEALTH JUBBAL,HIMACHAL_PRADESH,https://hptenders.gov.in/,1,SYNTH-INJ-00481,Proprietary Model APEX-X900 patented optical sensor system with custom firmware 4.2.1 exclusive to Apex Systems.,Apex Systems APEX-X900 patented optical sensor system with custom firmware 4.2.1.
2018_UDDHP_20484_1,2018_UDDHP_20484_1,EXECUTIVE OFFICER MC SOLAN,Himachal Pradesh State Government,HIMACHAL PRADESH,MC Solan,MC Solan,works,Construction of parking near Badminton Hall and removal of slip behind Badminton Hall Ward NO.7,Construction of parking near Badminton Hall and removal of slip behind Badminton Hall Ward NO.7,2018-03-30 10:00:00,2018-04-06 18:00:00,2018-04-06 18:00:00,2018-03-30,350000.0,599095.0,INR,3,JEEVAN SINGH,ENT-SUP-19E07D3B1A,JEEVAN SINGH,"Himachal Pradesh, India",AWARDED,7.333333333333333,0,0,OPEN_TENDER,EXECUTIVE OFFICER MC SOLAN,HIMACHAL_PRADESH,https://hptenders.gov.in/,0,SYNTH-CTRL-00482,,
2018_PWD_19627_5,2018_PWD_19627_5,EXECUTIVE ENGINEER NH DIVISION HIMACHAL PRADESH PUBLIC WORKS DEPARTMENT NAHAN,Himachal Pradesh State Government,HIMACHAL PRADESH,Nahan,Nahan,works,Ordinary repair to Paonta Sahib Meenus Hatkoti Road NH-72B (New NH - 707) KM 0/0 to 161/715 (SH Providing and fixing drainage spot on various bridges),Ordinary repair to Paonta Sahib Meenus Hatkoti Road NH-72B (New NH - 707) KM 0/0 to 161/715 (SH Providing and fixing drainage spot on various bridges),2018-02-21 11:30:00,2018-03-15 10:30:00,2018-03-15 10:30:00,2018-02-21,580970.0,487500.0,INR,1,M S HIND CONSTRUCTION,ENT-SUP-8C5593F835,M S HIND CONSTRUCTION,"Himachal Pradesh, India",AWARDED,21.95833333333333,0,0,OPEN_TENDER,EXECUTIVE ENGINEER NH DIVISION HIMACHAL PRADESH PUBLIC WORKS DEPARTMENT NAHAN,HIMACHAL_PRADESH,https://hptenders.gov.in/,1,SYNTH-INJ-00483,,
2018_HPIPH_23813_1,2018_HPIPH_23813_1,EXECUTIVE ENGINEER,Himachal Pradesh State Government,HIMACHAL PRADESH,LIS Chilla Under IPH Sub Division Jukhala,LIS Chilla Under IPH Sub Division Jukhala,works,Construction of CAD works under IPH Circle Bilaspur for minor irrigation scheme LIS Chilla in Tehsil Sadar District Bilaspur (SH Laying jointing and testing in trenches HDPE pipe providing and fixing Hydrants with plate form at various locations),Construction of CAD works under IPH Circle Bilaspur for minor irrigation scheme LIS Chilla in Tehsil Sadar District Bilaspur (SH Laying jointing and testing in trenches HDPE pipe providing and fixing Hydrants with plate form at various locations,2018-09-26 17:40:00,2018-10-11 11:00:00,2018-10-11 11:00:00,2018-09-26,656920.0,656920.0,INR,2,RAMESH SINGH CHAUHAN,ENT-SUP-2A4CB92658,RAMESH SINGH CHAUHAN,"Himachal Pradesh, India",AWARDED,14.72222222222222,0,0,OPEN_TENDER,EXECUTIVE ENGINEER,HIMACHAL_PRADESH,https://hptenders.gov.in/,0,SYNTH-CTRL-00484,,
2018_HIMUD_20111_1,2018_HIMUD_20111_1,EXECUTIVE ENGINEER HIMUDA DIVISION MANDI,Himachal Pradesh State Government,HIMACHAL PRADESH,Mandi,Mandi,works,Distt Ayurvedic Hospital at Mandi HP SH Construction of Additional Accommodation including internal WS SI,Distt Ayurvedic Hospital at Mandi HP SH Construction of Additional Accommodation including internal WS SI,2018-03-14 10:30:00,2018-04-03 17:00:00,2018-04-03 17:00:00,2018-03-14,5010636.93,4912389.14,INR,2,CHETAN VAIDYA,ENT-SUP-7E483AE996,CHETAN VAIDYA,"Himachal Pradesh, India",AWARDED,20.27083333333333,0,0,OPEN_TENDER,EXECUTIVE ENGINEER HIMUDA DIVISION MANDI,HIMACHAL_PRADESH,https://hptenders.gov.in/,1,SYNTH-INJ-00485,,
2017_HPIPH_16579_1,2017_HPIPH_16579_1,EXECUTIVE ENGINEER,Himachal Pradesh State Government,HIMACHAL PRADESH,Swarghat,Swarghat,works,Augmentation of LWSS Sh Naina Devi Ji,Augmentation of LWSS Sh Naina Devi Ji,2017-05-27 16:00:00,2017-06-19 11:15:00,2017-06-19 11:15:00,2017-05-27,1139036.0,1833425.0,INR,4,RAMAN THAKUR GOVT CONT,ENT-SUP-4B005A0EF8,RAMAN THAKUR GOVT CONT,"Himachal Pradesh, India",AWARDED,22.80208333333333,0,0,OPEN_TENDER,EXECUTIVE ENGINEER,HIMACHAL_PRADESH,https://hptenders.gov.in/,0,SYNTH-CTRL-00486,,
MAH-MA-2021-01114,REF-MAH-MA-2021-01114,MAHARASHTRA PUBLIC WORKS DEPARTMENT,MAHARASHTRA State Government,MAHARASHTRA,Central District,"MAHARASHTRA, India",Electrical & Mechanical,Procurement of electrical & mechanical for MAHARASHTRA PUBLIC WORKS DEPARTMENT,Official public tender for supply of electrical & mechanical under standard MAHARASHTRA state procurement guidelines.,2020-02-13 00:00:00,2020-03-05 00:00:00,2020-03-06 00:00:00,2020-03-20,4919347.55,5312895.35,INR,2,COLLUSIVE_FAVORITE_ENTERPRISE,ENT-SUP-COLLUSIVE-999,COLLUSIVE_FAVORITE_ENTERPRISE,"MAHARASHTRA, India",AWARDED,21.0,2,0,OPEN_TENDER,MAHARASHTRA PUBLIC WORKS DEPARTMENT,MAHARASHTRA,https://mahatenders.gov.in/,1,SYNTH-INJ-00487,,
2017_HIMUD_18303_1,2017_HIMUD_18303_1,EXECUTIVE ENGINEER,Himachal Pradesh State Government,HIMACHAL PRADESH,Nalagarh,Nalagarh,works,Construction of Sub Jail at Nalagarh Distt Solan HP,Co Male Barrack No.II including Internal WS SI Development of site I e C o Plum concrete R Wall Enclousure Wall Steps and 4500 Litres Capacity Rain Water Harvesting Tank,2017-09-21 12:30:00,2017-09-28 16:00:00,2017-09-28 16:00:00,2017-09-21,11883079.0,13812416.13,INR,3,SURESH KUMAR,ENT-SUP-5AC8571C22,SURESH KUMAR,"Himachal Pradesh, India",AWARDED,7.145833333333333,0,0,OPEN_TENDER,EXECUTIVE ENGINEER,HIMACHAL_PRADESH,https://hptenders.gov.in/,0,SYNTH-CTRL-00488,,
2019_HPIPH_31482_1,2019_HPIPH_31482_1,EXECUTIVE ENGINEER,Himachal Pradesh State Government,HIMACHAL PRADESH,Shahpur,Shahpur,works,Providing separate LWSS to village Durgella Basnoor and Thamba,"Providing separate LWSS to village Durgella, Basnoor and Thamba",2019-09-12 17:00:00,2019-09-27 11:00:00,2019-09-27 11:00:00,2019-09-12,3035671.0,5074502.0,INR,5,DOGRA CONSTRUCTION COMPANY PRIVATE LIMITED,ENT-SUP-D90F4DB835,DOGRA CONSTRUCTION COMPANY PRIVATE LIMITED,"Himachal Pradesh, India",AWARDED,14.75,3,180,OPEN_TENDER,EXECUTIVE ENGINEER,HIMACHAL_PRADESH,https://hptenders.gov.in/,1,SYNTH-INJ-00489,,
2020_HPIPH_37316_1,2020_HPIPH_37316_1,EXECUTIVE ENGINEER JAL SHAKTI DIVISION NAHAN,Himachal Pradesh State Government,HIMACHAL PRADESH,Nahan,Nahan,works,Improvement/Augmentation of WSS Own Khadri from LWSS Panjahal 1st stage in Tehsil Nahan Distt. Sirmour HP,"C/O Pump house and Toilet, Main Storage tank 25000 ltr, sumpwell 10000 ltrs and 2 No. public Hydrant post, Protection work nd Laying, Jointing and testing of GMS pipe in Distribution system",2020-05-21 09:00:00,2020-06-08 11:00:00,2020-06-08 11:00:00,2020-05-21,1546447.0,1107622.0,INR,4,PREM SINGH,ENT-SUP-46ADD0E862,PREM SINGH,"Himachal Pradesh, India",AWARDED,18.08333333333333,0,0,OPEN_TENDER,EXECUTIVE ENGINEER JAL SHAKTI DIVISION NAHAN,HIMACHAL_PRADESH,https://hptenders.gov.in/,0,SYNTH-CTRL-00490,,
2018_PWD_19896_1,2018_PWD_19896_1,EXECUTIVE ENGINEER,Himachal Pradesh State Government,HIMACHAL PRADESH,Barsar,Barsar,works,AMP on Barsar Dhaneta road 4/0 to 6/0,P/L BC 25mm thick in km. 4/0 to 6/0,2018-03-05 10:30:00,2018-03-09 10:30:00,2018-03-17 10:30:00,2018-03-05,1380860.0,1598157.0,INR,2,VIPAN KUMAR,ENT-SUP-F8CA264AE9,VIPAN KUMAR,"Himachal Pradesh, India",AWARDED,4.0,0,0,OPEN_TENDER,EXECUTIVE ENGINEER,HIMACHAL_PRADESH,https://hptenders.gov.in/,1,SYNTH-INJ-00491,,
2018_HPIPH_19649_1,2018_HPIPH_19649_1,EXECUTIVE ENGINEER,Himachal Pradesh State Government,HIMACHAL PRADESH,Dehra,Dehra,works,Imp of L IS Bharoli Phase 1,Laying jointing and testing of HDPE pipe for distribution system,2018-02-22 14:00:00,2018-03-14 11:00:00,2018-03-14 11:00:00,2018-02-22,3931254.0,4795943.0,INR,7,SANJEEV KUMAR,ENT-SUP-82B7B90E66,SANJEEV KUMAR,"Himachal Pradesh, India",AWARDED,19.875,0,0,OPEN_TENDER,EXECUTIVE ENGINEER,HIMACHAL_PRADESH,https://hptenders.gov.in/,0,SYNTH-CTRL-00492,,
KAR-KA-2021-01196,REF-KAR-KA-2021-01196,KARNATAKA RURAL INFRASTRUCTURE,KARNATAKA State Government,KARNATAKA,Central District,"KARNATAKA, India",Consultancy & Facility Management,Procurement of consultancy & facility management for KARNATAKA RURAL INFRASTRUCTURE,Official public tender for supply of consultancy & facility management under standard KARNATAKA state procurement guidelines.,2019-05-06 00:00:00,2019-05-12 00:00:00,2019-05-13 00:00:00,2019-05-27,6388583.42,10594742.87,INR,1,BHARAT DIAGNOSTIC SYSTEMS,ENT-SUP-C6B6FCD7BC,BHARAT DIAGNOSTIC SYSTEMS,"KARNATAKA, India",AWARDED,6.0,2,0,OPEN_TENDER,KARNATAKA RURAL INFRASTRUCTURE,KARNATAKA,https://kppp.karnataka.gov.in/,1,SYNTH-INJ-00493,,
KAR-KA-2021-01177,REF-KAR-KA-2021-01177,BRUHAT BENGALURU MAHANAGARA PALIKE BBMP,KARNATAKA State Government,KARNATAKA,Central District,"KARNATAKA, India",Civil Works & Infrastructure,Procurement of civil works & infrastructure for BRUHAT BENGALURU MAHANAGARA PALIKE BBMP,Official public tender for supply of civil works & infrastructure under standard KARNATAKA state procurement guidelines.,2019-05-27 00:00:00,2019-06-02 00:00:00,2019-06-03 00:00:00,2019-06-17,253240269.39,273499490.94,INR,1,SHARMA ENGINEERING WORKS,ENT-SUP-9473B0CC3C,SHARMA ENGINEERING WORKS,"KARNATAKA, India",AWARDED,6.0,1,0,OPEN_TENDER,BRUHAT BENGALURU MAHANAGARA PALIKE BBMP,KARNATAKA,https://kppp.karnataka.gov.in/,0,SYNTH-CTRL-00494,,
2017_UDDHP_17263_1-1132,2017_UDDHP_17263_1-1132,EXECUTIVE ENGINEER,Himachal Pradesh State Government,HIMACHAL PRADESH,dharamshala,dharamshala,works,"Construction of path from Gagan Chand Kabir Panth House towards Hanuman Mandir,ward 9","Construction of path from Gagan Chand Kabir Panth House towards Hanuman Mandir,ward 9",2017-07-15 17:00:00,2017-07-27 11:00:00,2017-07-27 11:00:00,2017-07-15,750778.0,1348500.0,INR,2,SUNIL KUMAR CHANDEL,ENT-SUP-B199F0FBBD,SUNIL KUMAR CHANDEL,"Himachal Pradesh, India",AWARDED,11.75,0,0,OPEN_TENDER,EXECUTIVE ENGINEER,HIMACHAL_PRADESH,https://hptenders.gov.in/,1,SYNTH-INJ-00495,Proprietary Model APEX-X900 patented optical sensor system with custom firmware 4.2.1 exclusive to Apex Systems.,Apex Systems APEX-X900 patented optical sensor system with custom firmware 4.2.1.
2019_HPIPH_26639_4,2019_HPIPH_26639_4,EXECUTIVE ENGINEER,Himachal Pradesh State Government,HIMACHAL PRADESH,Anti Khad,Anti Khad,works,Providing LIS Now FIS for HL from Anti Khad to Dhadi Shangri in GP Anti Tehsil Jubbal Distt. Shimla HP SH Phase 4th CO RCC Storage Tank 50000 ltrs cap 22 Nos PF Sanitory Protection and L and J GI pipes of various dia 16340 Rmt and CO Distribution cha,Providing LIS Now FIS for HL from Anti Khad to Dhadi Shangri in GP Anti Tehsil Jubbal Distt. Shimla HP SH Phase 4th CO RCC Storage Tank 50000 ltrs cap 22 Nos PF Sanitory Protection and L and J GI pipes of various dia 16340 Rmt and CO Distribution cha,2019-02-04 09:00:00,2019-03-02 11:00:00,2019-03-02 11:00:00,2019-02-04,6359114.0,6514337.0,INR,10,BIJENDER SINGH JUSTA,ENT-SUP-7037A1B2E1,BIJENDER SINGH JUSTA,"Himachal Pradesh, India",AWARDED,26.08333333333333,0,0,OPEN_TENDER,EXECUTIVE ENGINEER,HIMACHAL_PRADESH,https://hptenders.gov.in/,0,SYNTH-CTRL-00496,,
2017_PWD_15210_1,2017_PWD_15210_1,EXECUTIVE ENGINEER,Himachal Pradesh State Government,HIMACHAL PRADESH,Salooni,Salooni,works,Construction of link road from Shalla Mod to village Jatota K.M. 0/0 to 2/310 in Tehsil Salooni under SCSP Head,Formation cutting 5/7 mtrs. Wide road K.M. 0/0 to 2/180 and protection work at dumping site,2017-03-06 10:00:00,2017-03-27 11:00:00,2017-03-27 11:00:00,2017-03-06,3729851.0,2217725.0,INR,1,SARWAR SHAH,ENT-SUP-5AEB781BFB,SARWAR SHAH,"Himachal Pradesh, India",AWARDED,21.041666666666668,0,0,OPEN_TENDER,EXECUTIVE ENGINEER,HIMACHAL_PRADESH,https://hptenders.gov.in/,1,SYNTH-INJ-00497,,
2017_PWD_17430_1,2017_PWD_17430_1,EXECUTIVE ENGINEER BILASPUR DIVISION NO 2 HIMACHAL PRADESH PUBLIC WORKS DEPARTMENT BILASPUR,Himachal Pradesh State Government,HIMACHAL PRADESH,Bilaspur,Bilaspur,works,C/o Link road to Harijan Basti Nai Sarli Km. 0/0 to 3/500,"SH-C/o Essential R/W at Km 2/005 to 2/010, 2/070 to 2/080,2/150 to 2/160,B/wall at RD 2/020 to 2/083,RCC hume pipe culvert at RD 2/305 and 2/500,P/L Soiling Gr-I, Gr-II,20mm thick premix carpet at Km 2/0 to 2/750,C/o V-Shape drain in Km 2/0 to 2/750",2017-07-29 10:00:00,2017-08-11 10:30:00,2017-08-11 10:30:00,2017-07-29,1758189.0,2066933.34,INR,3,RAJ PAL THAKUR,ENT-SUP-78464D69CC,RAJ PAL THAKUR,"Himachal Pradesh, India",AWARDED,13.020833333333334,0,0,OPEN_TENDER,EXECUTIVE ENGINEER BILASPUR DIVISION NO 2 HIMACHAL PRADESH PUBLIC WORKS DEPARTMENT BILASPUR,HIMACHAL_PRADESH,https://hptenders.gov.in/,0,SYNTH-CTRL-00498,,
2018_PWD_18980_1,2018_PWD_18980_1,EXECUTIVE ENGINEER NH DIVISION HIMACHAL PRADESH PUBLIC WORKS DEPARTMENT NAHAN,Himachal Pradesh State Government,HIMACHAL PRADESH,Sarahan,Sarahan,works,"Ordinary repair to Nahan Sahrahan Kumarhatti road NH 907A km 0/0 to 78/0. (SH Providing and laying cement concrete paver block in km 2/330 to 2/380, 2/610 to 2/685, 3/130 to 3/215, (Correction in between Rd 2/380 to 2/610) and 4/670 to 4/775) Against","Ordinary repair to Nahan Sahrahan Kumarhatti road NH 907A km 0/0 to 78/0. (SH Providing and laying cement concrete paver block in km 2/330 to 2/380, 2/610 to 2/685, 3/130 to 3/215, (Correction in between Rd 2/380 to 2/610) and 4/670 to 4/775) Against",2018-01-03 11:30:00,2018-01-29 10:30:00,2018-01-29 10:30:00,2018-01-03,4958326.09,4861104.01,INR,10,MONIKA,ENT-SUP-5BA28B1638,MONIKA,"Himachal Pradesh, India",AWARDED,25.95833333333333,0,0,OPEN_TENDER,EXECUTIVE ENGINEER NH DIVISION HIMACHAL PRADESH PUBLIC WORKS DEPARTMENT NAHAN,HIMACHAL_PRADESH,https://hptenders.gov.in/,1,SYNTH-INJ-00499,,
